﻿<?xml version="1.0" encoding="utf-8"?>
<?xml-stylesheet href="cuadernoestudio/dtd/libro.xslt" type="text/xsl"?>
<!DOCTYPE libro SYSTEM "cuadernoestudio/dtd/libro.dtd"[]>
<libro id="CN_10_14_CO">
  <libroTitulo>Los sólidos y los gases</libroTitulo>
  <seccion1 id="S1_CN_10_14_CO_5EA1EB4FCB704E159D17D125CFDB8DFE">
    <seccion1Titulo>Los sólidos</seccion1Titulo>
    <seccion1Texto>
      <p>Aquí escribiré el párrafo de la sección</p>
      <p>Aquí va un PÁRRAFO</p>
      <imagen src="CN_10_14_CO_img_01_small.png">
        <p>Aquí escribiré el pie de foto</p>
      </imagen>
      <recuerda>
        <recuerdaTexto>
          <p>Aquí va un RECUERDA</p>
        </recuerdaTexto>
      </recuerda>
      <destacado>
        <destacadoTitulo>Aquí va el título de un DESTACADO</destacadoTitulo>
        <destacadoTexto>
          <p>Aquí va el texto de un DESTACADO</p>
        </destacadoTexto>
      </destacado>
      <profundiza>
        <enlace destino="/LoIdRedirect.aspx?LoId=CN_10_14_CO_Recurso010&amp;IdRecurso=RES-3DC923DB1CC94DC58FF0FDE09122FE98">Diaporama F1-01</enlace>
      </profundiza>
      <seccion2 id="S2_CN_10_14_CO_C77CBD05AF774E99AE53119FACCE6F96">
        <seccion2Titulo>Las propiedades de los sólidos</seccion2Titulo>
        <seccion2Texto>
          <p>Aquí escribiré el párrafo de la sección</p>
          <p>Aquí va un PÁRRAFO</p>
          <imagen src="CN_10_14_CO_img_02_small.png">
            <p>Aquí escribiré el pie de foto</p>
          </imagen>
          <recuerda>
            <recuerdaTexto>
              <p>Aquí va un RECUERDA</p>
            </recuerdaTexto>
          </recuerda>
          <destacado>
            <destacadoTitulo>Aquí va el título de un DESTACADO</destacadoTitulo>
            <destacadoTexto>
              <p>Aquí va el texto de un DESTACADO</p>
            </destacadoTexto>
          </destacado>
        </seccion2Texto>
      </seccion2>
      <seccion2 id="S2_CN_10_14_CO_DFAA73A760B945BEAF79C67B36631C2A">
        <seccion2Titulo>Las clases de sólidos</seccion2Titulo>
        <seccion2Texto>
          <p>Aquí escribiré el párrafo de la sección</p>
          <p>Aquí va un PÁRRAFO</p>
          <imagen src="CN_10_14_CO_img_03_small.png">
            <p>Aquí escribiré el pie de foto</p>
          </imagen>
          <recuerda>
            <recuerdaTexto>
              <p>Aquí va un RECUERDA</p>
            </recuerdaTexto>
          </recuerda>
          <destacado>
            <destacadoTitulo>Aquí va el título de un DESTACADO</destacadoTitulo>
            <destacadoTexto>
              <p>Aquí va el texto de un DESTACADO</p>
            </destacadoTexto>
          </destacado>
        </seccion2Texto>
      </seccion2>
      <seccion2 id="S2_CN_10_14_CO_67511413611B46C8BD52801A6317A355">
        <seccion2Titulo>Los sistemas cristalinos</seccion2Titulo>
        <seccion2Texto>
          <p>Aquí escribiré el párrafo de la sección</p>
          <p>Aquí va un PÁRRAFO</p>
          <imagen src="CN_10_14_CO_img_04_small.png">
            <p>Aquí escribiré el pie de foto</p>
          </imagen>
          <recuerda>
            <recuerdaTexto>
              <p>Aquí va un RECUERDA</p>
            </recuerdaTexto>
          </recuerda>
          <destacado>
            <destacadoTitulo>Aquí va el título de un DESTACADO</destacadoTitulo>
            <destacadoTexto>
              <p>Aquí va el texto de un DESTACADO</p>
            </destacadoTexto>
          </destacado>
        </seccion2Texto>
      </seccion2>
      <seccion2 id="S2_CN_10_14_CO_71A1316249394AFF83F3668975CB5369">
        <seccion2Titulo>Los tipos de cristales</seccion2Titulo>
        <seccion2Texto>
          <p>Aquí escribiré el párrafo de la sección</p>
          <p>Aquí va un PÁRRAFO</p>
          <imagen src="CN_10_14_CO_img_05_small.png">
            <p>Aquí escribiré el pie de foto</p>
          </imagen>
          <recuerda>
            <recuerdaTexto>
              <p>Aquí va un RECUERDA</p>
            </recuerdaTexto>
          </recuerda>
          <destacado>
            <destacadoTitulo>Aquí va el título de un DESTACADO</destacadoTitulo>
            <destacadoTexto>
              <p>Aquí va el texto de un DESTACADO</p>
            </destacadoTexto>
          </destacado>
          <p>Aquí va un PÁRRAFO</p>
          <imagen src="CN_10_14_CO_img_06_small.png">
            <p>Aquí escribiré el pie de foto</p>
          </imagen>
          <recuerda>
            <recuerdaTexto>
              <p>Aquí va un RECUERDA</p>
            </recuerdaTexto>
          </recuerda>
          <destacado>
            <destacadoTitulo>Aquí va el título de un DESTACADO</destacadoTitulo>
            <destacadoTexto>
              <p>Aquí va el texto de un DESTACADO</p>
            </destacadoTexto>
          </destacado>
          <practica>
            <enlace destino="/LoIdRedirect.aspx?LoId=CN_10_14_CO_Recurso030&amp;IdRecurso=RES-475E7635A2DE4B9FBD9CA04E602EAA4F">Recurso M1B-01</enlace>
          </practica>
        </seccion2Texto>
      </seccion2>
      <seccion2 id="S2_CN_10_14_CO_5C11A1FA8222497CA53DD8FDA742C0E0">
        <seccion2Titulo>Consolidación</seccion2Titulo>
        <seccion2Texto>
          <p>Aquí escribiré el párrafo de la sección</p>
          <p>Aquí va un PÁRRAFO</p>
          <imagen src="CN_10_14_CO_img_07_small.png">
            <p>Aquí escribiré el pie de foto</p>
          </imagen>
          <recuerda>
            <recuerdaTexto>
              <p>Aquí va un RECUERDA</p>
            </recuerdaTexto>
          </recuerda>
          <destacado>
            <destacadoTitulo>Aquí va el título de un DESTACADO</destacadoTitulo>
            <destacadoTexto>
              <p>Aquí va el texto de un DESTACADO</p>
            </destacadoTexto>
          </destacado>
          <practica>
            <enlace destino="/LoIdRedirect.aspx?LoId=CN_10_14_CO_Recurso040&amp;IdRecurso=RES-3A9CCAD534C245DE8A617B3CD1B4E95F">Recurso M101A-01</enlace>
          </practica>
        </seccion2Texto>
      </seccion2>
    </seccion1Texto>
  </seccion1>
  <seccion1 id="S1_CN_10_14_CO_629CA4F81F5C4CAFA532C9E9822097EB">
    <seccion1Titulo>Los gases</seccion1Titulo>
    <seccion1Texto>
      <p>Aquí escribiré el párrafo de la sección</p>
      <p>Aquí va un PÁRRAFO</p>
      <imagen src="CN_10_14_CO_img_08_small.png">
        <p>Aquí escribiré el pie de foto</p>
      </imagen>
      <recuerda>
        <recuerdaTexto>
          <p>Aquí va un RECUERDA</p>
        </recuerdaTexto>
      </recuerda>
      <destacado>
        <destacadoTitulo>Aquí va el título de un DESTACADO</destacadoTitulo>
        <destacadoTexto>
          <p>Aquí va el texto de un DESTACADO</p>
        </destacadoTexto>
      </destacado>
      <profundiza>
        <enlace destino="/LoIdRedirect.aspx?LoId=CN_10_14_CO_Recurso050&amp;IdRecurso=RES-C35589CA01B44203ADA0F3AA91CD2C9B">Recurso F6-01</enlace>
      </profundiza>
      <seccion2 id="S2_CN_10_14_CO_B545ADE9512B4234B0A3C1911D9B4021">
        <seccion2Titulo>Las propiedades de los gases</seccion2Titulo>
        <seccion2Texto>
          <p>Aquí escribiré el párrafo de la sección</p>
          <p>Aquí va un PÁRRAFO</p>
          <imagen src="CN_10_14_CO_img_09_small.png">
            <p>Aquí escribiré el pie de foto</p>
          </imagen>
          <recuerda>
            <recuerdaTexto>
              <p>Aquí va un RECUERDA</p>
            </recuerdaTexto>
          </recuerda>
          <destacado>
            <destacadoTitulo>Aquí va el título de un DESTACADO</destacadoTitulo>
            <destacadoTexto>
              <p>Aquí va el texto de un DESTACADO</p>
            </destacadoTexto>
          </destacado>
        </seccion2Texto>
      </seccion2>
      <seccion2 id="S2_CN_10_14_CO_9CDC920C04C2444DA9BC1AEF49E675BE">
        <seccion2Titulo>La teoría cinética-molecular de los gases</seccion2Titulo>
        <seccion2Texto>
          <p>Aquí escribiré el párrafo de la sección</p>
          <p>Aquí va un PÁRRAFO</p>
          <imagen src="CN_10_14_CO_img_10_small.png">
            <p>Aquí escribiré el pie de foto</p>
          </imagen>
          <recuerda>
            <recuerdaTexto>
              <p>Aquí va un RECUERDA</p>
            </recuerdaTexto>
          </recuerda>
          <destacado>
            <destacadoTitulo>Aquí va el título de un DESTACADO</destacadoTitulo>
            <destacadoTexto>
              <p>Aquí va el texto de un DESTACADO</p>
            </destacadoTexto>
          </destacado>
          <practica>
            <enlace destino="/LoIdRedirect.aspx?LoId=CN_10_14_CO_Recurso060&amp;IdRecurso=RES-4EC4874023EB472F8E27ACF76B989E42">Recurso M2A-01</enlace>
          </practica>
          <p>Aquí va un PÁRRAFO</p>
          <imagen src="CN_10_14_CO_img_11_small.png">
            <p>Aquí escribiré el pie de foto</p>
          </imagen>
          <recuerda>
            <recuerdaTexto>
              <p>Aquí va un RECUERDA</p>
            </recuerdaTexto>
          </recuerda>
          <destacado>
            <destacadoTitulo>Aquí va el título de un DESTACADO</destacadoTitulo>
            <destacadoTexto>
              <p>Aquí va el texto de un DESTACADO</p>
            </destacadoTexto>
          </destacado>
          <practica>
            <enlace destino="/LoIdRedirect.aspx?LoId=CN_10_14_CO_Recurso070&amp;IdRecurso=RES-3B0D1DE23D7345D38780C79F1229E86A">Recurso M101A-02</enlace>
          </practica>
        </seccion2Texto>
      </seccion2>
    </seccion1Texto>
  </seccion1>
  <seccion1 id="S1_CN_10_14_CO_EEA50AEDEF7E4D2995AE344EA0834A3D">
    <seccion1Titulo>Las leyes de los gases</seccion1Titulo>
    <seccion1Texto>
      <p>Aquí escribiré el párrafo de la sección</p>
      <p>Aquí va un PÁRRAFO</p>
      <imagen src="CN_10_14_CO_img_12_small.png">
        <p>Aquí escribiré el pie de foto</p>
      </imagen>
      <recuerda>
        <recuerdaTexto>
          <p>Aquí va un RECUERDA</p>
        </recuerdaTexto>
      </recuerda>
      <destacado>
        <destacadoTitulo>Aquí va el título de un DESTACADO</destacadoTitulo>
        <destacadoTexto>
          <p>Aquí va el texto de un DESTACADO</p>
        </destacadoTexto>
      </destacado>
      <profundiza>
        <enlace destino="/LoIdRedirect.aspx?LoId=CN_10_14_CO_Recurso080&amp;IdRecurso=RES-1A1E9FA8A90D4226B8C8A57E3071CE8C">Recurso F7-01</enlace>
      </profundiza>
      <seccion2 id="S2_CN_10_14_CO_F9B9FE2E84AD4477B0EBF54AF3D95901">
        <seccion2Titulo>La ley de Boyle-Mariotte</seccion2Titulo>
        <seccion2Texto>
          <p>Aquí escribiré el párrafo de la sección</p>
          <p>Aquí va un PÁRRAFO</p>
          <imagen src="CN_10_14_CO_img_13_small.png">
            <p>Aquí escribiré el pie de foto</p>
          </imagen>
          <recuerda>
            <recuerdaTexto>
              <p>Aquí va un RECUERDA</p>
            </recuerdaTexto>
          </recuerda>
          <destacado>
            <destacadoTitulo>Aquí va el título de un DESTACADO</destacadoTitulo>
            <destacadoTexto>
              <p>Aquí va el texto de un DESTACADO</p>
            </destacadoTexto>
          </destacado>
        </seccion2Texto>
      </seccion2>
      <seccion2 id="S2_CN_10_14_CO_E4ECAF0DD4C644AAADF55974D09A966B">
        <seccion2Titulo>La ley de Charles</seccion2Titulo>
        <seccion2Texto>
          <p>Aquí escribiré el párrafo de la sección</p>
          <p>Aquí va un PÁRRAFO</p>
          <imagen src="CN_10_14_CO_img_14_small.png">
            <p>Aquí escribiré el pie de foto</p>
          </imagen>
          <recuerda>
            <recuerdaTexto>
              <p>Aquí va un RECUERDA</p>
            </recuerdaTexto>
          </recuerda>
          <destacado>
            <destacadoTitulo>Aquí va el título de un DESTACADO</destacadoTitulo>
            <destacadoTexto>
              <p>Aquí va el texto de un DESTACADO</p>
            </destacadoTexto>
          </destacado>
        </seccion2Texto>
      </seccion2>
      <seccion2 id="S2_CN_10_14_CO_99313E63203140B4A9DC5F54145DEAA0">
        <seccion2Titulo>La ley de Gay–Lussac</seccion2Titulo>
        <seccion2Texto>
          <p>Aquí escribiré el párrafo de la sección</p>
          <p>Aquí va un PÁRRAFO</p>
          <imagen src="CN_10_14_CO_img_15_small.png">
            <p>Aquí escribiré el pie de foto</p>
          </imagen>
          <recuerda>
            <recuerdaTexto>
              <p>Aquí va un RECUERDA</p>
            </recuerdaTexto>
          </recuerda>
          <destacado>
            <destacadoTitulo>Aquí va el título de un DESTACADO</destacadoTitulo>
            <destacadoTexto>
              <p>Aquí va el texto de un DESTACADO</p>
            </destacadoTexto>
          </destacado>
        </seccion2Texto>
      </seccion2>
      <seccion2 id="S2_CN_10_14_CO_580B049570C6435287CE4F6B6CF1AD0F">
        <seccion2Titulo>La ley combinada de los gases</seccion2Titulo>
        <seccion2Texto>
          <p>Aquí escribiré el párrafo de la sección</p>
          <p>Aquí va un PÁRRAFO</p>
          <imagen src="CN_10_14_CO_img_16_small.png">
            <p>Aquí escribiré el pie de foto</p>
          </imagen>
          <recuerda>
            <recuerdaTexto>
              <p>Aquí va un RECUERDA</p>
            </recuerdaTexto>
          </recuerda>
          <destacado>
            <destacadoTitulo>Aquí va el título de un DESTACADO</destacadoTitulo>
            <destacadoTexto>
              <p>Aquí va el texto de un DESTACADO</p>
            </destacadoTexto>
          </destacado>
        </seccion2Texto>
      </seccion2>
      <seccion2 id="S2_CN_10_14_CO_FEC6CC588B30400C9E7B61CF1C326286">
        <seccion2Titulo>La ley de Avogadro</seccion2Titulo>
        <seccion2Texto>
          <p>Aquí escribiré el párrafo de la sección</p>
          <seccion3 id="S3_CN_10_14_CO_D6F4D8CBBC0C4116A2C1CC050533FED3">
            <seccion3Titulo>El volumen molar</seccion3Titulo>
            <seccion3Texto>
              <p>Aquí escribiré el párrafo de la sección</p>
              <p>Aquí va un PÁRRAFO</p>
              <imagen src="CN_10_14_CO_img_17_small.png">
                <p>Aquí escribiré el pie de foto</p>
              </imagen>
              <recuerda>
                <recuerdaTexto>
                  <p>Aquí va un RECUERDA</p>
                </recuerdaTexto>
              </recuerda>
              <destacado>
                <destacadoTitulo>Aquí va el título de un DESTACADO</destacadoTitulo>
                <destacadoTexto>
                  <p>Aquí va el texto de un DESTACADO</p>
                </destacadoTexto>
              </destacado>
            </seccion3Texto>
          </seccion3>
        </seccion2Texto>
      </seccion2>
      <seccion2 id="S2_CN_10_14_CO_A70C4EFAFA5A4B21BB0356EFADE82CCD">
        <seccion2Titulo>La ley de Dalton</seccion2Titulo>
        <seccion2Texto>
          <p>Aquí escribiré el párrafo de la sección</p>
          <p>Aquí va un PÁRRAFO</p>
          <imagen src="CN_10_14_CO_img_18_small.png">
            <p>Aquí escribiré el pie de foto</p>
          </imagen>
          <recuerda>
            <recuerdaTexto>
              <p>Aquí va un RECUERDA</p>
            </recuerdaTexto>
          </recuerda>
          <destacado>
            <destacadoTitulo>Aquí va el título de un DESTACADO</destacadoTitulo>
            <destacadoTexto>
              <p>Aquí va el texto de un DESTACADO</p>
            </destacadoTexto>
          </destacado>
          <p>Aquí va un PÁRRAFO</p>
          <imagen src="CN_10_14_CO_img_19_small.png">
            <p>Aquí escribiré el pie de foto</p>
          </imagen>
          <recuerda>
            <recuerdaTexto>
              <p>Aquí va un RECUERDA</p>
            </recuerdaTexto>
          </recuerda>
          <destacado>
            <destacadoTitulo>Aquí va el título de un DESTACADO</destacadoTitulo>
            <destacadoTexto>
              <p>Aquí va el texto de un DESTACADO</p>
            </destacadoTexto>
          </destacado>
          <practica>
            <enlace destino="/LoIdRedirect.aspx?LoId=CN_10_14_CO_Recurso090&amp;IdRecurso=RES-419D6CB45D0F4443B2D091777D8FAA8D">Recurso M4A-01</enlace>
          </practica>
          <p>Aquí va un PÁRRAFO</p>
          <imagen src="CN_10_14_CO_img_20_small.png">
            <p>Aquí escribiré el pie de foto</p>
          </imagen>
          <recuerda>
            <recuerdaTexto>
              <p>Aquí va un RECUERDA</p>
            </recuerdaTexto>
          </recuerda>
          <destacado>
            <destacadoTitulo>Aquí va el título de un DESTACADO</destacadoTitulo>
            <destacadoTexto>
              <p>Aquí va el texto de un DESTACADO</p>
            </destacadoTexto>
          </destacado>
          <practica>
            <enlace destino="/LoIdRedirect.aspx?LoId=CN_10_14_CO_Recurso100&amp;IdRecurso=RES-A5E9E567FC044ACE8D2D77BE49003415">Recurso M5A-01</enlace>
          </practica>
          <p>Aquí va un PÁRRAFO</p>
          <imagen src="CN_10_14_CO_img_21_small.png">
            <p>Aquí escribiré el pie de foto</p>
          </imagen>
          <recuerda>
            <recuerdaTexto>
              <p>Aquí va un RECUERDA</p>
            </recuerdaTexto>
          </recuerda>
          <destacado>
            <destacadoTitulo>Aquí va el título de un DESTACADO</destacadoTitulo>
            <destacadoTexto>
              <p>Aquí va el texto de un DESTACADO</p>
            </destacadoTexto>
          </destacado>
          <p>Aquí va un PÁRRAFO</p>
          <imagen src="CN_10_14_CO_img_22_small.png">
            <p>Aquí escribiré el pie de foto</p>
          </imagen>
          <recuerda>
            <recuerdaTexto>
              <p>Aquí va un RECUERDA</p>
            </recuerdaTexto>
          </recuerda>
          <destacado>
            <destacadoTitulo>Aquí va el título de un DESTACADO</destacadoTitulo>
            <destacadoTexto>
              <p>Aquí va el texto de un DESTACADO</p>
            </destacadoTexto>
          </destacado>
          <practica>
            <enlace destino="/LoIdRedirect.aspx?LoId=CN_10_14_CO_Recurso120&amp;IdRecurso=RES-D94917DCF77D41AAAAF941F0433D3D6E">Recurso M101A-03</enlace>
          </practica>
        </seccion2Texto>
      </seccion2>
    </seccion1Texto>
  </seccion1>
  <seccion1 id="S1_CN_10_14_CO_A57F4506D8054E15A2D552C7781E1411">
    <seccion1Titulo>La ley de los gases ideales</seccion1Titulo>
    <seccion1Texto>
      <p>Aquí escribiré el párrafo de la sección</p>
      <p>Aquí va un PÁRRAFO</p>
      <imagen src="CN_10_14_CO_img_23_small.png">
        <p>Aquí escribiré el pie de foto</p>
      </imagen>
      <recuerda>
        <recuerdaTexto>
          <p>Aquí va un RECUERDA</p>
        </recuerdaTexto>
      </recuerda>
      <destacado>
        <destacadoTitulo>Aquí va el título de un DESTACADO</destacadoTitulo>
        <destacadoTexto>
          <p>Aquí va el texto de un DESTACADO</p>
        </destacadoTexto>
      </destacado>
      <profundiza>
        <enlace destino="/LoIdRedirect.aspx?LoId=CN_10_14_CO_Recurso130&amp;IdRecurso=RES-6C90B1FCE4B24BF5B5369612C7A97B14">Diaporama F1-02</enlace>
      </profundiza>
      <p>Aquí va un PÁRRAFO</p>
      <imagen src="CN_10_14_CO_img_24_small.png">
        <p>Aquí escribiré el pie de foto</p>
      </imagen>
      <recuerda>
        <recuerdaTexto>
          <p>Aquí va un RECUERDA</p>
        </recuerdaTexto>
      </recuerda>
      <destacado>
        <destacadoTitulo>Aquí va el título de un DESTACADO</destacadoTitulo>
        <destacadoTexto>
          <p>Aquí va el texto de un DESTACADO</p>
        </destacadoTexto>
      </destacado>
      <practica>
        <enlace destino="/LoIdRedirect.aspx?LoId=CN_10_14_CO_Recurso140&amp;IdRecurso=RES-5F9E4BCD184849798F50963DA73C5D1E">Recurso M4A-03</enlace>
      </practica>
      <seccion2 id="S2_CN_10_14_CO_9670C47CD5014A4EB3D4DEC8EE6E915E">
        <seccion2Titulo>Relación entre masa molar y densidad de un gas</seccion2Titulo>
        <seccion2Texto>
          <p>Aquí escribiré el párrafo de la sección</p>
          <p>Aquí va un PÁRRAFO</p>
          <imagen src="CN_10_14_CO_img_25_small.png">
            <p>Aquí escribiré el pie de foto</p>
          </imagen>
          <recuerda>
            <recuerdaTexto>
              <p>Aquí va un RECUERDA</p>
            </recuerdaTexto>
          </recuerda>
          <destacado>
            <destacadoTitulo>Aquí va el título de un DESTACADO</destacadoTitulo>
            <destacadoTexto>
              <p>Aquí va el texto de un DESTACADO</p>
            </destacadoTexto>
          </destacado>
          <practica>
            <enlace destino="/LoIdRedirect.aspx?LoId=CN_10_14_CO_Recurso150&amp;IdRecurso=RES-2A3DB9F2DB064B3480D1B14DDFC283EC">Recurso M5A-02</enlace>
          </practica>
          <p>Aquí va un PÁRRAFO</p>
          <imagen src="CN_10_14_CO_img_26_small.png">
            <p>Aquí escribiré el pie de foto</p>
          </imagen>
          <recuerda>
            <recuerdaTexto>
              <p>Aquí va un RECUERDA</p>
            </recuerdaTexto>
          </recuerda>
          <destacado>
            <destacadoTitulo>Aquí va el título de un DESTACADO</destacadoTitulo>
            <destacadoTexto>
              <p>Aquí va el texto de un DESTACADO</p>
            </destacadoTexto>
          </destacado>
          <p>Aquí va un PÁRRAFO</p>
          <imagen src="CN_10_14_CO_img_27_small.png">
            <p>Aquí escribiré el pie de foto</p>
          </imagen>
          <recuerda>
            <recuerdaTexto>
              <p>Aquí va un RECUERDA</p>
            </recuerdaTexto>
          </recuerda>
          <destacado>
            <destacadoTitulo>Aquí va el título de un DESTACADO</destacadoTitulo>
            <destacadoTexto>
              <p>Aquí va el texto de un DESTACADO</p>
            </destacadoTexto>
          </destacado>
          <practica>
            <enlace destino="/LoIdRedirect.aspx?LoId=CN_10_14_CO_Recurso170&amp;IdRecurso=RES-5654650817B840FD8011575D9E7C232F">Recurso M101A-04</enlace>
          </practica>
        </seccion2Texto>
      </seccion2>
    </seccion1Texto>
  </seccion1>
  <seccion1 id="S1_CN_10_14_CO_65A59B88A2144F6C86894ED6F43FB2DB">
    <seccion1Titulo>La estequiometría de gases</seccion1Titulo>
    <seccion1Texto>
      <p>Aquí escribiré el párrafo de la sección</p>
      <p>Aquí va un PÁRRAFO</p>
      <imagen src="CN_10_14_CO_img_28_small.png">
        <p>Aquí escribiré el pie de foto</p>
      </imagen>
      <recuerda>
        <recuerdaTexto>
          <p>Aquí va un RECUERDA</p>
        </recuerdaTexto>
      </recuerda>
      <destacado>
        <destacadoTitulo>Aquí va el título de un DESTACADO</destacadoTitulo>
        <destacadoTexto>
          <p>Aquí va el texto de un DESTACADO</p>
        </destacadoTexto>
      </destacado>
      <profundiza>
        <enlace destino="/LoIdRedirect.aspx?LoId=CN_10_14_CO_Recurso180&amp;IdRecurso=RES-8BA74A122FBE4BA098074EC5F8548CC0">Recurso F6B-01</enlace>
      </profundiza>
      <seccion2 id="S2_CN_10_14_CO_B62B8F63D4CA4D029CA343EB2113ADD8">
        <seccion2Titulo>Cálculos en masa</seccion2Titulo>
        <seccion2Texto>
          <p>Aquí escribiré el párrafo de la sección</p>
          <p>Aquí va un PÁRRAFO</p>
          <imagen src="CN_10_14_CO_img_29_small.png">
            <p>Aquí escribiré el pie de foto</p>
          </imagen>
          <recuerda>
            <recuerdaTexto>
              <p>Aquí va un RECUERDA</p>
            </recuerdaTexto>
          </recuerda>
          <destacado>
            <destacadoTitulo>Aquí va el título de un DESTACADO</destacadoTitulo>
            <destacadoTexto>
              <p>Aquí va el texto de un DESTACADO</p>
            </destacadoTexto>
          </destacado>
        </seccion2Texto>
      </seccion2>
      <seccion2 id="S2_CN_10_14_CO_ABD72D041AD349CD9341A60514071A40">
        <seccion2Titulo>Cálculos en moles</seccion2Titulo>
        <seccion2Texto>
          <p>Aquí escribiré el párrafo de la sección</p>
          <p>Aquí va un PÁRRAFO</p>
          <imagen src="CN_10_14_CO_img_30_small.png">
            <p>Aquí escribiré el pie de foto</p>
          </imagen>
          <recuerda>
            <recuerdaTexto>
              <p>Aquí va un RECUERDA</p>
            </recuerdaTexto>
          </recuerda>
          <destacado>
            <destacadoTitulo>Aquí va el título de un DESTACADO</destacadoTitulo>
            <destacadoTexto>
              <p>Aquí va el texto de un DESTACADO</p>
            </destacadoTexto>
          </destacado>
        </seccion2Texto>
      </seccion2>
      <seccion2 id="S2_CN_10_14_CO_B495C5F34131449BB579F5E376F07820">
        <seccion2Titulo>Cálculos en volumen</seccion2Titulo>
        <seccion2Texto>
          <p>Aquí escribiré el párrafo de la sección</p>
          <p>Aquí va un PÁRRAFO</p>
          <imagen src="CN_10_14_CO_img_31_small.png">
            <p>Aquí escribiré el pie de foto</p>
          </imagen>
          <recuerda>
            <recuerdaTexto>
              <p>Aquí va un RECUERDA</p>
            </recuerdaTexto>
          </recuerda>
          <destacado>
            <destacadoTitulo>Aquí va el título de un DESTACADO</destacadoTitulo>
            <destacadoTexto>
              <p>Aquí va el texto de un DESTACADO</p>
            </destacadoTexto>
          </destacado>
          <practica>
            <enlace destino="/LoIdRedirect.aspx?LoId=CN_10_14_CO_Recurso190&amp;IdRecurso=RES-FFA16AC364EF44EEAD6EB1061FD954D1">Recurso M5A-03</enlace>
          </practica>
          <p>Aquí va un PÁRRAFO</p>
          <imagen src="CN_10_14_CO_img_32_small.png">
            <p>Aquí escribiré el pie de foto</p>
          </imagen>
          <recuerda>
            <recuerdaTexto>
              <p>Aquí va un RECUERDA</p>
            </recuerdaTexto>
          </recuerda>
          <destacado>
            <destacadoTitulo>Aquí va el título de un DESTACADO</destacadoTitulo>
            <destacadoTexto>
              <p>Aquí va el texto de un DESTACADO</p>
            </destacadoTexto>
          </destacado>
          <p>Aquí va un PÁRRAFO</p>
          <imagen src="CN_10_14_CO_img_33_small.png">
            <p>Aquí escribiré el pie de foto</p>
          </imagen>
          <recuerda>
            <recuerdaTexto>
              <p>Aquí va un RECUERDA</p>
            </recuerdaTexto>
          </recuerda>
          <destacado>
            <destacadoTitulo>Aquí va el título de un DESTACADO</destacadoTitulo>
            <destacadoTexto>
              <p>Aquí va el texto de un DESTACADO</p>
            </destacadoTexto>
          </destacado>
          <practica>
            <enlace destino="/LoIdRedirect.aspx?LoId=CN_10_14_CO_Recurso210&amp;IdRecurso=RES-6D1793BA2F0D4BB7BB5CB40738D3A185">Recurso M101A-05</enlace>
          </practica>
        </seccion2Texto>
      </seccion2>
    </seccion1Texto>
  </seccion1>
  <seccion1 id="S1_CN_10_14_CO_8D90AF2E9BE64BAC9F1106CC1B521575">
    <seccion1Titulo>La ley de Graham y los gases reales</seccion1Titulo>
    <seccion1Texto>
      <p>Aquí escribiré el párrafo de la sección</p>
      <p>Aquí va un PÁRRAFO</p>
      <imagen src="CN_10_14_CO_img_34_small.png">
        <p>Aquí escribiré el pie de foto</p>
      </imagen>
      <recuerda>
        <recuerdaTexto>
          <p>Aquí va un RECUERDA</p>
        </recuerdaTexto>
      </recuerda>
      <destacado>
        <destacadoTitulo>Aquí va el título de un DESTACADO</destacadoTitulo>
        <destacadoTexto>
          <p>Aquí va el texto de un DESTACADO</p>
        </destacadoTexto>
      </destacado>
      <profundiza>
        <enlace destino="/LoIdRedirect.aspx?LoId=CN_10_14_CO_Recurso220&amp;IdRecurso=RES-D188789EC4214712ABAA567D0C6CCF2D">Recurso F6-02</enlace>
      </profundiza>
      <seccion2 id="S2_CN_10_14_CO_52037FB279AD463AB0BDEC52B84C3E77">
        <seccion2Titulo>La ley de la difusión de Graham</seccion2Titulo>
        <seccion2Texto>
          <p>Aquí escribiré el párrafo de la sección</p>
          <p>Aquí va un PÁRRAFO</p>
          <imagen src="CN_10_14_CO_img_35_small.png">
            <p>Aquí escribiré el pie de foto</p>
          </imagen>
          <recuerda>
            <recuerdaTexto>
              <p>Aquí va un RECUERDA</p>
            </recuerdaTexto>
          </recuerda>
          <destacado>
            <destacadoTitulo>Aquí va el título de un DESTACADO</destacadoTitulo>
            <destacadoTexto>
              <p>Aquí va el texto de un DESTACADO</p>
            </destacadoTexto>
          </destacado>
        </seccion2Texto>
      </seccion2>
      <seccion2 id="S2_CN_10_14_CO_87B9BA4CB32144EBA0C2C43E06A74EB9">
        <seccion2Titulo>Los gases reales</seccion2Titulo>
        <seccion2Texto>
          <p>Aquí escribiré el párrafo de la sección</p>
          <p>Aquí va un PÁRRAFO</p>
          <imagen src="CN_10_14_CO_img_36_small.png">
            <p>Aquí escribiré el pie de foto</p>
          </imagen>
          <recuerda>
            <recuerdaTexto>
              <p>Aquí va un RECUERDA</p>
            </recuerdaTexto>
          </recuerda>
          <destacado>
            <destacadoTitulo>Aquí va el título de un DESTACADO</destacadoTitulo>
            <destacadoTexto>
              <p>Aquí va el texto de un DESTACADO</p>
            </destacadoTexto>
          </destacado>
          <p>Aquí va un PÁRRAFO</p>
          <imagen src="CN_10_14_CO_img_37_small.png">
            <p>Aquí escribiré el pie de foto</p>
          </imagen>
          <recuerda>
            <recuerdaTexto>
              <p>Aquí va un RECUERDA</p>
            </recuerdaTexto>
          </recuerda>
          <destacado>
            <destacadoTitulo>Aquí va el título de un DESTACADO</destacadoTitulo>
            <destacadoTexto>
              <p>Aquí va el texto de un DESTACADO</p>
            </destacadoTexto>
          </destacado>
          <practica>
            <enlace destino="/LoIdRedirect.aspx?LoId=CN_10_14_CO_Recurso230&amp;IdRecurso=RES-AB7095E4A81D417DA158A1EDC6C91ACB">Recurso M101A-06</enlace>
          </practica>
        </seccion2Texto>
      </seccion2>
    </seccion1Texto>
  </seccion1>
  <seccion1 id="S1_CN_10_14_CO_A51A8993492C487CB18E15FE3ADDC5DB">
    <seccion1Titulo>Competencias</seccion1Titulo>
    <seccion1Texto>
      <p>Aquí escribiré el párrafo de la sección</p>
      <p>Aquí va un PÁRRAFO</p>
      <imagen src="CN_10_14_CO_img_38_small.png">
        <p>Aquí escribiré el pie de foto</p>
      </imagen>
      <recuerda>
        <recuerdaTexto>
          <p>Aquí va un RECUERDA</p>
        </recuerdaTexto>
      </recuerda>
      <destacado>
        <destacadoTitulo>Aquí va el título de un DESTACADO</destacadoTitulo>
        <destacadoTexto>
          <p>Aquí va el texto de un DESTACADO</p>
        </destacadoTexto>
      </destacado>
      <practica>
        <enlace destino="/LoIdRedirect.aspx?LoId=CN_10_14_CO_Recurso240&amp;IdRecurso=RES-635BE73EC74547B8A0D6C69E4332920C">Recurso M102AB-01</enlace>
      </practica>
      <p>Aquí va un PÁRRAFO</p>
      <imagen src="CN_10_14_CO_img_39_small.png">
        <p>Aquí escribiré el pie de foto</p>
      </imagen>
      <recuerda>
        <recuerdaTexto>
          <p>Aquí va un RECUERDA</p>
        </recuerdaTexto>
      </recuerda>
      <destacado>
        <destacadoTitulo>Aquí va el título de un DESTACADO</destacadoTitulo>
        <destacadoTexto>
          <p>Aquí va el texto de un DESTACADO</p>
        </destacadoTexto>
      </destacado>
      <practica>
        <enlace destino="/LoIdRedirect.aspx?LoId=CN_10_14_CO_Recurso250&amp;IdRecurso=RES-1DF55425180F4D4480969D033D49F564">Recurso M102AB-02</enlace>
      </practica>
      <p>Aquí va un PÁRRAFO</p>
      <imagen src="CN_10_14_CO_img_40_small.png">
        <p>Aquí escribiré el pie de foto</p>
      </imagen>
      <recuerda>
        <recuerdaTexto>
          <p>Aquí va un RECUERDA</p>
        </recuerdaTexto>
      </recuerda>
      <destacado>
        <destacadoTitulo>Aquí va el título de un DESTACADO</destacadoTitulo>
        <destacadoTexto>
          <p>Aquí va el texto de un DESTACADO</p>
        </destacadoTexto>
      </destacado>
      <practica>
        <enlace destino="/LoIdRedirect.aspx?LoId=CN_10_14_CO_Recurso260&amp;IdRecurso=RES-D2779C34AB0C4FAC94A2E2AB99E8CED3">Recurso M102AB-03</enlace>
      </practica>
      <p>Aquí va un PÁRRAFO</p>
      <imagen src="CN_10_14_CO_img_41_small.png">
        <p>Aquí escribiré el pie de foto</p>
      </imagen>
      <recuerda>
        <recuerdaTexto>
          <p>Aquí va un RECUERDA</p>
        </recuerdaTexto>
      </recuerda>
      <destacado>
        <destacadoTitulo>Aquí va el título de un DESTACADO</destacadoTitulo>
        <destacadoTexto>
          <p>Aquí va el texto de un DESTACADO</p>
        </destacadoTexto>
      </destacado>
      <practica>
        <enlace destino="/LoIdRedirect.aspx?LoId=CN_10_14_CO_Recurso270&amp;IdRecurso=RES-7F581487EE464809A522CBE18D3E9B29">Recurso M102AB-04</enlace>
      </practica>
    </seccion1Texto>
  </seccion1>
  <masinformacion id="MI_CN_10_14_CO_D58A005D28B44587B2666CD756447C2C">
    <mapaconceptual>
      <enlace destino="/LoIdRedirect.aspx?LoId=CN_10_14_CO_Recurso290&amp;IdRecurso=RES-E809313E316342B9BBA7C3E15031BA97">Mapa Conceptual</enlace>
    </mapaconceptual>
    <autoevaluate>
      <enlace destino="/LoIdRedirect.aspx?LoId=CN_10_14_CO_Recurso300&amp;IdRecurso=RES-751DF63A5D41435580DE59AF2851DA19">Evaluación</enlace>
    </autoevaluate>
    <enlacesreferencia>
      <enlace destino="http://www.aulaplaneta.com">AulaPlaneta</enlace>
    </enlacesreferencia>
  </masinformacion>
</libro>