<?xml version='1.0' encoding='UTF-8'?><motor tipo="5" clase="d" aprid="m5d">
  <plataforma>
    <grado><![CDATA[2]]></grado>
    <titulo>Parámetros que cambian el tamaño poblacional</titulo>
    <area>0</area>
    <nivel>1</nivel>
    <referencia/>
    <idreg><![CDATA[0]]></idreg>
    <motor><![CDATA[M5D]]></motor>
    <lang>es</lang>
  </plataforma>
  <enunciado><![CDATA[Responde las preguntas sobre los parámetros que inciden en los cambios de tamaño de la población.]]></enunciado>
  <masinfo inicio="0"/>
  <sinaleatoriedad><![CDATA[1]]></sinaleatoriedad>
  <calc><![CDATA[0]]></calc>
  <respuestaunica><![CDATA[1]]></respuestaunica>
  <test cantidad="7">
    <cuestion>
      <enunciado><![CDATA[Si en una finca hay diez gallinas y diez patos, ¿se puede decir que hay una población?]]></enunciado>
      <explicacion><![CDATA[Una población se conforma de organismos de la misma especie. Un pato y una gallina, a pesar de ser aves, son distintas especies por lo cual serían 2 poblaciones distintas]]></explicacion>
      <texto><![CDATA[Los individuos que conforman una población son ecológicamente equivalentes, es decir, tienen los mismos procesos genéticos, metabólicos y morfológicos, y los mismos ciclos de vida. Estos conviven al mismo tiempo, en un espacio determinado y bajo las condiciones que les ofrece el ambiente para procurarse alimento y reproducirse asegurando la preservación de su especie.]]></texto>
      <respuestas>
        <respuesta contestacion="Si, hay una población de 20 individuos" correcta="0"/>
        <respuesta contestacion="No alcanza a ser población porque son pocos individuos" correcta="0"/>
        <respuesta contestacion="Hay dos poblaciones, una de gallinas y otra de patos" correcta="1"/>
      </respuestas>
    </cuestion>
    <cuestion>
      <enunciado><![CDATA[¿Cuáles se consideran que son parámetros para medir el tamaño poblacional?]]></enunciado>
      <explicacion><![CDATA[Los parámetros se pueden medir numéricamente y permiten estudiar la dinámica poblacional]]></explicacion>
      <texto><![CDATA[Al observar un conjunto de individuos, se pueden estudiar comportamientos a nivel del colectivo, es decir, que en la agrupación se puede notar el aumento o la disminución de individuos, la variación entre machos y hembras, o las diferencias de edades, entre otros procesos poblaciones.]]></texto>
      <respuestas>
        <respuesta contestacion="Densidad, distribución de edades, proporción de sexos" correcta="1"/>
        <respuesta contestacion="Distribución espacial, procesos genéticos, enfermedades" correcta="0"/>
        <respuesta contestacion="Condiciones ambientales, mortalidad, recursos" correcta="0"/>
      </respuestas>
    </cuestion>
    <cuestion>
      <enunciado><![CDATA[¿A qué se debe el aumento en la densidad de una población?]]></enunciado>
      <explicacion><![CDATA[La densidad aumenta por los nacimientos y la llegada de individuos. Por el contrario, disminuye por las muertes y por la salida de individuos de la población.]]></explicacion>
      <texto><![CDATA[La densidad es un parámetro que nos indica cómo está compuesta la población y permite saber cómo es su dinámica. La densidad poblacional depende de los cambios que se dan a nivel de individuos de una misma especie dentro de las poblaciones naturales, ya que está definida por el número de individuos en un área y un tiempo determinados.]]></texto>
      <respuestas>
        <respuesta contestacion="Se debe a la mortalidad y la emigración" correcta="0"/>
        <respuesta contestacion="Se debe a la natalidad y la mortalidad" correcta="0"/>
        <respuesta contestacion="Se debe a la natalidad y la inmigración" correcta="1"/>
      </respuestas>
    </cuestion>
    <cuestion>
      <enunciado><![CDATA[¿Cómo se mide la natalidad?]]></enunciado>
      <explicacion><![CDATA[La natalidad se refiere al número de nacimientos en una población, es el número de individuos nacidos en un intervalo de tiempo.]]></explicacion>
      <texto><![CDATA[La natalidad es un componente de la densidad poblacional. Como este factor no es estático en el tiempo, podemos analizar los cambios que genera el aumento de individuos nuevos dentro de la misma población. Estos eventos cambian la proporción de individuos aumentando la población]]></texto>
      <respuestas>
        <respuesta contestacion="Por el número de individuos que hay en una población" correcta="0"/>
        <respuesta contestacion="Por el número de individuos que nacen en una población" correcta="1"/>
        <respuesta contestacion="Por el número de individuos que mueren en una población" correcta="0"/>
      </respuestas>
    </cuestion>
    <cuestion>
      <enunciado><![CDATA[¿Cuáles pueden ser algunos factores que afectan la mortalidad de individuos en una población?]]></enunciado>
      <explicacion><![CDATA[La mortalidad depende de los factores bióticos y abióticos del ecosistema como la cantidad de alimento, la presencia de depredadores, la muerte de las crías, etc.]]></explicacion>
      <texto><![CDATA[La mortalidad es un factor determinante de la densidad, y está relacionada con el número de individuos que dejan de existir en un grupo poblacional. ]]></texto>
      <respuestas>
        <respuesta contestacion="La natalidad y la densidad" correcta="0"/>
        <respuesta contestacion="La emigración e inmigración" correcta="0"/>
        <respuesta contestacion="Los depredadores y las enfermedades" correcta="1"/>
      </respuestas>
    </cuestion>
    <cuestion>
      <enunciado><![CDATA[La inmigración y la emigración se refieren, respectivamente a]]></enunciado>
      <explicacion><![CDATA[Las migraciones son factores que aumentan o disminuyen la densidad de una población debido al movimiento desde y hacia una población]]></explicacion>
      <texto><![CDATA[La inmigración y la emigración son parámetros que se refieren al movimiento de organismos de una población a otra. Existen individuos que salen de una población y se van a otra en busca de mejores condiciones o con la intención de poder consolidar una nueva población. Las migraciones modifican la distribución de las poblaciones en el espacio, y favorecen el intercambio genético entre individuos de una misma especie. ]]></texto>
      <respuestas>
        <respuesta contestacion="Individuos que llegan e individuos que salen." correcta="1"/>
        <respuesta contestacion="Individuos que se mueven e individuos que desaparecen." correcta="0"/>
        <respuesta contestacion="Individuos que nacen e individuos que mueren." correcta="0"/>
      </respuestas>
    </cuestion>
    <cuestion>
      <enunciado><![CDATA[¿Si hay un bajo número de nacimientos y de muertes qué pasa con la población?]]></enunciado>
      <explicacion><![CDATA[Si el número de muertes es bajo, hay mayor esperanza de vida y los adultos viven más años. Si el número de nacimientos también es bajo, la población envejece.]]></explicacion>
      <texto><![CDATA[Existen diferentes proporciones de individuos en cada grupo de edad respecto al tamaño total de la población. La relación entre el número de nacimientos y el número de muertes determina la distribución por edades.]]></texto>
      <respuestas>
        <respuesta contestacion="Hay una mayor proporción de adultos y muy pocos niños" correcta="1"/>
        <respuesta contestacion="Hay muchos niños y pocos adultos" correcta="0"/>
        <respuesta contestacion="Hay una mayor proporción de niños y pocos adultos" correcta="0"/>
      </respuestas>
    </cuestion>
  </test>
  <temps>20</temps>
</motor>