<?xml version='1.0' encoding='UTF-8'?><engine copy="Editorial Planeta" version="1" aprid="f13" title="Otros aportes de la física a la medicina " >
<section title="Presentación" path="cn_07_13_rec140_img02n.jpg" pathAmp="cn_07_13_rec140_img02a.jpg" image1Text="" zoom1="true" zoom2a="false" zoom2b="false" layout="0" >
<![CDATA[
<p>Dentro de los aportes de la f&iacute;sica a la medicina existe un buen n&uacute;mero de t&eacute;cnicas que contribuyen al diagn&oacute;stico, el tratamiento y la prevenci&oacute;n de enfermedades.</p>

<p><strong>El objetivo de esta actividad es que conozcas algunas t&eacute;cnicas desarrolladas por la f&iacute;sica que le han hecho aportes importantes a la medicina.</strong></p>

<p>Antes de comenzar la actividad lee la siguiente informaci&oacute;n sobre algunas de estas t&eacute;cnicas y su aplicaci&oacute;n.&nbsp;</p>

<p><strong>Para tratamiento</strong></p>

<ul>
	<li>La <strong>desfibrilaci&oacute;n</strong>: consiste en aplicar un choque el&eacute;ctrico al coraz&oacute;n para reactivar sus latidos, cuando se presenta&nbsp;un paro cardiaco.</li>
	<li>El <strong>rayo l&aacute;ser</strong>: consiste en un haz de luz monocrom&aacute;tica, que permite hacer cortes muy delgados y precisos, lo que facilita operaciones delicadas, como las que se practican en las arterias o&nbsp;los&nbsp;ojos.</li>
	<li>Las <strong>incubadoras</strong>: son c&aacute;maras con atm&oacute;sferas con humedad y temperatura controladas,&nbsp;se utilizan como unidades de cuidado para los beb&eacute;s prematuros.</li>
	<li>La <strong>radioterapia</strong>: emplea la radiaci&oacute;n ionizante, cercana a los l&iacute;mites de resistencia de las c&eacute;lulas normales, para destruir&nbsp;tumores cancerosos.</li>
</ul>

<p><strong>Para diagn&oacute;stico</strong></p>

<ul>
	<li>El <strong>estetoscopio</strong>: permite a los m&eacute;dicos evaluar el estado del coraz&oacute;n, de forma sencilla, segura, r&aacute;pida y econ&oacute;mica. Este aparato se basa en los principios de la ac&uacute;stica.</li>
	<li>La ultrasonograf&iacute;a o <strong>ecograf&iacute;a</strong>: funciona al generar ondas sonoras de alta frecuencia que pueden penetrar&nbsp;los&nbsp;tejidos;&nbsp;el eco de estas ondas se registra y con &eacute;l se&nbsp;elabora&nbsp;una imagen del interior del cuerpo.</li>
	<li>Las <strong>radiograf&iacute;as</strong>: utilizan rayos X que atraviesan el cuerpo y llegan hasta un detector. Seg&uacute;n la densidad y la composici&oacute;n de cada tejido, los rayos pasan con mayor o menor facilidad, por lo que en la imagen que se forma se aprecian zonas claras y oscuras, que corresponden a los distintos tejidos.</li>
</ul>

<p><strong>Para prevenci&oacute;n</strong></p>

<ul>
	<li>Los <strong>rayos ultravioleta</strong> o radiaci&oacute;n UV: su estudio ha permitido desarrollar&nbsp;formas de protecci&oacute;n, como los filtros de rayos UV, que impiden el paso de la radiaci&oacute;n ultravioleta, nociva para el ser humano.</li>
	<li>Los rayos <strong>X</strong>, <strong>rayos gamma</strong> o haces de electrones: se utilizan para esterilizar los alimentos, es decir, para destruir los microorganismos que se encuentran en ellos.</li>
</ul>
]]></section>
<section title="Tarea" path="" pathAmp="" image1Text="" zoom1="false" zoom2a="false" zoom2b="false" layout="2" >
<![CDATA[
<p>Para realizar esta tarea, desarrolla el procedimiento.</p>

<p><strong>Procedimiento</strong></p>

<p>1. &deg; Consulta en Internet sobre &nbsp;otros aportes hechos por la f&iacute;sica a la medicina. Puedes ayudarte copiando en el buscador las siguientes frases: &ldquo;diagn&oacute;stico de enfermedades&rdquo;, &ldquo;prevenci&oacute;n de enfermedades&rdquo; y &ldquo;tratamiento de enfermedades&rdquo;.</p>

<p>2. &deg; Selecciona ejemplos de aquellas t&eacute;cnicas que te llamen la atenci&oacute;n, ya sea porque has oido hablar de ellas o porque te parezcan novedosas, y relaciona cada una con su utilidad.</p>

<p>3.&deg; Elabora un &nbsp;folleto en el que describas las t&eacute;cnicas seleccionadas. &nbsp;Debes incluir ejemplos de&nbsp;<strong>diagn&oacute;stico</strong>, de&nbsp;<strong>prevenci&oacute;n</strong> y&nbsp;de&nbsp;<strong>tratamiento.</strong></p>

<p>&nbsp;</p>

<p>&nbsp;</p>
]]></section>
</engine>