﻿<?xml version="1.0" encoding="UTF-8"?>
<motor tipo="101" clase="ap" aprid="M101ap">
  <plataforma>
    <grado><![CDATA[2]]></grado>
    <titulo>Banco de actividades: La materia: características</titulo>
    <area>1</area>
    <nivel>2</nivel>
    <referencia><![CDATA[CN_07_11]]></referencia>
    <idreg><![CDATA[3906]]></idreg>
    <motor><![CDATA[M101A]]></motor>
    <lang>es</lang>
  </plataforma>
  <enunciado><![CDATA[Realiza la siguiente actividad. Cuando termines haz clic en Enviar. Si es necesario, entrega las respuestas en mano o por email a tu profesor para que pueda validarlas.]]></enunciado>
  <masinfo inicio="0" />
  <calc><![CDATA[0]]></calc>
  <preguntas cantidad="32">
    <pregunta>
      <enunciado><![CDATA[Resume las características que definen la materia y pon tres ejemplos de cuerpos formados por materia.]]></enunciado>
      <explicacion />
      <nivel><![CDATA[1]]></nivel>
      <tipo />
      <imagen />
      <ampliacion />
    </pregunta>
    <pregunta>
      <enunciado><![CDATA[Indica en qué estados podemos encontrar la materia en la naturaleza.]]></enunciado>
      <explicacion />
      <nivel><![CDATA[1]]></nivel>
      <tipo />
      <imagen />
      <ampliacion />
    </pregunta>
    <pregunta>
      <enunciado><![CDATA[Analiza la imagen y describe cómo es un átomo y qué partículas lo constituyen.]]></enunciado>
      <explicacion />
      <nivel><![CDATA[1]]></nivel>
      <tipo />
      <imagen><![CDATA[CN_07_11_18_T1_img1_small.jpg]]></imagen>
      <ampliacion><![CDATA[CN_07_11_18_T1_img1_zoom.jpg]]></ampliacion>
    </pregunta>
    <pregunta>
      <enunciado><![CDATA[Justifica por qué los electrones se mantienen en órbita alrededor del núcleo del átomo.]]></enunciado>
      <explicacion />
      <nivel><![CDATA[2]]></nivel>
      <tipo />
      <imagen />
      <ampliacion />
    </pregunta>
    <pregunta>
      <enunciado><![CDATA[Define qué es una molécula.]]></enunciado>
      <explicacion />
      <nivel><![CDATA[1]]></nivel>
      <tipo />
      <imagen />
      <ampliacion />
    </pregunta>
    <pregunta>
      <enunciado><![CDATA[Pon dos ejemplos de moléculas y explica qué las constituye en cada ejemplo.]]></enunciado>
      <explicacion />
      <nivel><![CDATA[1]]></nivel>
      <tipo />
      <imagen />
      <ampliacion />
    </pregunta>
    <pregunta>
      <enunciado><![CDATA[Enumera los diferentes estados en que encontramos la materia y pon un ejemplo de materia en cada uno de ellos.]]></enunciado>
      <explicacion />
      <nivel><![CDATA[1]]></nivel>
      <tipo />
      <imagen />
      <ampliacion />
    </pregunta>
    <pregunta>
      <enunciado><![CDATA[Lista los diferentes estados de la materia y las propiedades de cada uno.]]></enunciado>
      <explicacion />
      <nivel><![CDATA[1]]></nivel>
      <tipo />
      <imagen />
      <ampliacion />
    </pregunta>
    <pregunta>
      <enunciado><![CDATA[Argumenta por qué la materia en estado líquido puede fluir y la materia en estado sólido no.]]></enunciado>
      <explicacion />
      <nivel><![CDATA[2]]></nivel>
      <tipo />
      <imagen />
      <ampliacion />
    </pregunta>
    <pregunta>
      <enunciado><![CDATA[Explica cómo es posible que un sólido mantenga una forma fija.]]></enunciado>
      <explicacion />
      <nivel><![CDATA[1]]></nivel>
      <tipo />
      <imagen />
      <ampliacion />
    </pregunta>
    <pregunta>
      <enunciado><![CDATA[Indica qué magnitudes o condiciones provocan un cambio de estado en la materia.]]></enunciado>
      <explicacion />
      <nivel><![CDATA[2]]></nivel>
      <tipo />
      <imagen />
      <ampliacion />
    </pregunta>
    <pregunta>
      <enunciado><![CDATA[Describe qué ocurre a nivel molecular cuando se aumenta la temperatura de un sólido hasta convertirlo en líquido.]]></enunciado>
      <explicacion />
      <nivel><![CDATA[2]]></nivel>
      <tipo />
      <imagen />
      <ampliacion />
    </pregunta>
    <pregunta>
      <enunciado><![CDATA[Determina el punto de fusión y el punto de ebullición del agua y explica qué es cada uno.]]></enunciado>
      <explicacion />
      <nivel><![CDATA[1]]></nivel>
      <tipo />
      <imagen />
      <ampliacion />
    </pregunta>
    <pregunta>
      <enunciado><![CDATA[Estima si el punto de fusión de cualquier tipo de sustancia es igual al punto de fusión del agua o no. Justifica tu respuesta.]]></enunciado>
      <explicacion />
      <nivel><![CDATA[2]]></nivel>
      <tipo />
      <imagen />
      <ampliacion />
    </pregunta>
    <pregunta>
      <enunciado><![CDATA[Lista los cambios de estado e indica entre qué estados suceden: líquido, sólido o gaseoso.]]></enunciado>
      <explicacion />
      <nivel><![CDATA[1]]></nivel>
      <tipo />
      <imagen />
      <ampliacion />
    </pregunta>
    <pregunta>
      <enunciado><![CDATA[Explica las principales diferencias que existen entre sustancias puras y mezclas.]]></enunciado>
      <explicacion />
      <nivel><![CDATA[1]]></nivel>
      <tipo />
      <imagen />
      <ampliacion />
    </pregunta>
    <pregunta>
      <enunciado><![CDATA[Nombra una sustancia pura que se pueda descomponer en sustancias más simples y explica en qué elementos se descompondría.]]></enunciado>
      <explicacion />
      <nivel><![CDATA[1]]></nivel>
      <tipo />
      <imagen />
      <ampliacion />
    </pregunta>
    <pregunta>
      <enunciado><![CDATA[Clasifica las siguientes mezclas en homogéneas o heterogéneas y explica cómo las separarías: agua y aceite; agua y arena; agua y sal común; aire de la atmósfera.]]></enunciado>
      <explicacion />
      <nivel><![CDATA[2]]></nivel>
      <tipo />
      <imagen />
      <ampliacion />
    </pregunta>
    <pregunta>
      <enunciado><![CDATA[Identifica el disolvente y el soluto en una mezcla de agua y azúcar. Razona tu respuesta. ]]></enunciado>
      <explicacion />
      <nivel><![CDATA[1]]></nivel>
      <tipo />
      <imagen />
      <ampliacion />
    </pregunta>
    <pregunta>
      <enunciado><![CDATA[Especifica qué técnicas de separación conoces que impliquen un cambio de estado en algún componente de la mezcla y explícalas brevemente.]]></enunciado>
      <explicacion />
      <nivel><![CDATA[2]]></nivel>
      <tipo />
      <imagen />
      <ampliacion />
    </pregunta>
    <pregunta>
      <enunciado><![CDATA[Explica en qué consiste el proceso de centrifugación y para qué sirve.]]></enunciado>
      <explicacion />
      <nivel><![CDATA[1]]></nivel>
      <tipo />
      <imagen />
      <ampliacion />
    </pregunta>
    <pregunta>
      <enunciado><![CDATA[Propón un ejemplo de una mezcla que pueda separarse mediante una cromatografía y relata en qué consiste este proceso.]]></enunciado>
      <explicacion />
      <nivel><![CDATA[2]]></nivel>
      <tipo />
      <imagen />
      <ampliacion />
    </pregunta>
    <pregunta>
      <enunciado><![CDATA[Pon un ejemplo de una mezcla heterogénea que pueda separarse mediante un proceso magnético. Justifica tu respuesta.]]></enunciado>
      <explicacion />
      <nivel><![CDATA[1]]></nivel>
      <tipo />
      <imagen />
      <ampliacion />
    </pregunta>
    <pregunta>
      <enunciado><![CDATA[Lista cinco materiales de uso industrial y clasifícalos en pétreos y cerámicos, orgánicos, metálicos o sintéticos. Razona tu respuesta.]]></enunciado>
      <explicacion />
      <nivel><![CDATA[1]]></nivel>
      <tipo />
      <imagen />
      <ampliacion />
    </pregunta>
    <pregunta>
      <enunciado><![CDATA[Justifica por qué se usa el hormigón en la construcción.]]></enunciado>
      <explicacion />
      <nivel><![CDATA[2]]></nivel>
      <tipo />
      <imagen />
      <ampliacion />
    </pregunta>
    <pregunta>
      <enunciado><![CDATA[Busca qué usos pueden tener materiales sintéticos como el caucho, el nailon o la gomaespuma en la industria.]]></enunciado>
      <explicacion />
      <nivel><![CDATA[2]]></nivel>
      <tipo />
      <imagen />
      <ampliacion />
    </pregunta>
    <pregunta>
      <enunciado><![CDATA[Indica los componentes que forman la materia.]]></enunciado>
      <explicacion />
      <nivel><![CDATA[1]]></nivel>
      <tipo />
      <imagen />
      <ampliacion />
    </pregunta>
    <pregunta>
      <enunciado><![CDATA[Nombra tres elementos formados por materia y tres elementos inmateriales.]]></enunciado>
      <explicacion />
      <nivel><![CDATA[2]]></nivel>
      <tipo />
      <imagen />
      <ampliacion />
    </pregunta>
    <pregunta>
      <enunciado><![CDATA[Observa la imagen y descríbela usando los siguientes conceptos: partículas, desplazamiento, unión, volumen, espacio, débil.]]></enunciado>
      <explicacion />
      <nivel><![CDATA[2]]></nivel>
      <tipo />
      <imagen><![CDATA[CN_07_11_18_T1_img2_small.jpg]]></imagen>
      <ampliacion><![CDATA[CN_07_11_18_T1_img2_zoom.jpg]]></ampliacion>
    </pregunta>
    <pregunta>
      <enunciado><![CDATA[Pon dos ejemplos de sustancias puras. Di en cada caso si son un elemento químico o un compuesto químico razonando tu respuesta.]]></enunciado>
      <explicacion />
      <nivel><![CDATA[3]]></nivel>
      <tipo />
      <imagen />
      <ampliacion />
    </pregunta>
    <pregunta>
      <enunciado><![CDATA[Define qué es una mezcla y enumera qué tipos de mezclas existen.]]></enunciado>
      <explicacion />
      <nivel><![CDATA[1]]></nivel>
      <tipo />
      <imagen />
      <ampliacion />
    </pregunta>
    <pregunta>
      <enunciado><![CDATA[Identifica los materiales más comunes que se usan en la confección de telas.]]></enunciado>
      <explicacion />
      <nivel><![CDATA[2]]></nivel>
      <tipo />
      <imagen />
      <ampliacion />
    </pregunta>
  </preguntas>
</motor>