<?xml version="1.0" encoding="UTF-8"?>
<engine title="Estudio de las aplicaciones del conocimiento del genoma humano" copy="Editorial Planeta" version="1" aprid="F13">
  <section title="Presentación" zoom1="false" zoom2a="false" zoom2b="false" layout="2"><![CDATA[<TextFlow><p textAlign="center"><img fontSize="12" height="171" width="551" source="medias/0.swf"/><span fontSize="12"></span></p><p textAlign="center"><span fontSize="20">¿Qué aplicaciones tiene el conocimiento del genoma</span></p><p textAlign="center"><span fontSize="20">humano y qué utilidades puede tener en el futuro?</span></p></TextFlow>]]></section>
  <section title="Conceptos" path2a="medias/2a_section1.jpg" image2aText="" path2b="medias/2b_section1.jpg" image2bText="" zoom1="false" zoom2a="false" zoom2b="false" layout="4"><![CDATA[<TextFlow><p><span fontSize="12">Antes de preparar el proyecto os recomendamos que repaséis algunos conceptos que habéis visto en clase y que os pueden resultar útiles:</span></p><p><span fontSize="12"></span></p><p><span fontSize="12" fontWeight="bold">El ADN:</span></p><p><span></span></p><p paragraphStartIndent="20" styleName="bullet"><span>Gen</span></p><p paragraphStartIndent="20" styleName="bullet"><span>Estructura</span></p><p paragraphStartIndent="20" styleName="bullet"><span>Transcripción</span></p><p paragraphStartIndent="20" styleName="bullet"><span>Traducción</span></p><p paragraphStartIndent="20" styleName="bullet"><span>Código genético</span></p><p><span></span></p><p><span fontSize="12" fontWeight="bold">Biotecnología:</span></p><p><span></span></p><p paragraphStartIndent="20" styleName="bullet"><span>Ingeniería genética.</span></p><p paragraphStartIndent="20" styleName="bullet"><span>Aplicaciones: </span></p><p><span><tab/>- Medicina.</span></p><p><span><tab/>- Agricultura y ganadería.</span></p><p><span fontSize="12"><tab/>- Investigación científica.</span></p><p><span fontSize="12"></span></p></TextFlow>]]></section>
  <section title="Objetivos " path="medias/section2.jpg" image1Text="" zoom1="false" zoom2a="false" zoom2b="false" layout="1"><![CDATA[<TextFlow><p><span fontSize="12" fontWeight="bold">Objetivo:</span><span> realizar un estudio sobre las aplicaciones que tiene el conocimiento del genoma humano.</span></p><p><span fontSize="12" fontWeight="bold">Organización:</span><span> grupos de un máximo de cinco personas.</span></p><p><span fontSize="12" fontWeight="bold">Presentación:</span><span> texto escrito y exposición oral.</span></p><p><span fontSize="12" fontWeight="bold">Plazo:</span><span> tres semanas.</span></p><p><span></span></p><p><span fontSize="12" fontWeight="bold">Punto de partida:</span><span> para llevar a cabo el proyecto y dar respuesta a la pregunta propuesta debéis pensar en lo que sabemos del genoma humano y en las aplicaciones actuales que tiene este conocimiento. Podéis hacer una lluvia de ideas y proponer motivos por los que es importante conocer el genoma y avances que puede implicar en el ámbito científico y sanitario, tanto ahora como dentro de unos años. </span></p><p><span></span></p><p><span>Tras la reflexión, plantead una hipótesis de respuesta a la pregunta inicial. El desarrollo del proyecto servirá para que la comprobéis o rechacéis con datos e información útiles.</span></p></TextFlow>]]></section>
  <section title="Planificación" path2a="medias/2a_section3.jpg" image2aText="&lt;TextFlow&gt;&lt;p&gt;&lt;span&gt;Modelo de tabla que os ayudará a realizar la planificación.&lt;/span&gt;&lt;/p&gt;&lt;/TextFlow&gt;" path2b="medias/2b_section3.jpg" image2bText="&lt;TextFlow&gt;&lt;p&gt;&lt;span&gt;Ejemplo de planificación que os puede ayudar a organizar el proyecto.&lt;/span&gt;&lt;/p&gt;&lt;/TextFlow&gt;" zoom1="true" zoom2a="true" zoom2b="true" layout="4"><![CDATA[<TextFlow><p><span>Para realizar el proyecto es importante que comencéis por organizar el trabajo. Para ello, os sugerimos que sigáis estos pasos:</span></p><p><span></span></p><p><span>1.º Identificar las </span><span fontSize="12" fontWeight="bold">tareas</span><span> que tendréis que llevar a cabo para completar el proyecto. Para ello, leed todos los apartados y anotad los pasos que tendréis que seguir en cada uno de ellos. Tened en cuenta todos los trabajos que incluye cada fase, por ejemplo, la síntesis incluirá analizar los datos recopilados, resumirlos en un texto y preparar la presentación oral. </span></p><p><span>  </span></p><p><span>3.º </span><span fontSize="12" fontWeight="bold">Distribuir</span><span> las tareas entre los diferentes miembros de grupo y establecer qué </span><span fontSize="12" fontWeight="bold">tiempo</span><span> se dedicará a cada tarea. </span></p><p><span></span></p><p><span>4.º Establecer </span><span fontSize="12" fontWeight="bold">cuándo</span><span> y </span><span fontSize="12" fontWeight="bold">cómo</span><span> se pondrá en común la información recopilada para elaborar el texto y la presentación oral.</span></p><p><span></span></p><p><span>Para planificar las tareas que realizaréis os recomendamos usar una tabla como las que os adjuntamos. La primera imagen es un modelo en blanco y la segunda es una tabla completa en la que se incluyen tareas de un proyecto similar y que os puede servir de ejemplo para elaborar la vuestra. </span></p></TextFlow>]]></section>
  <section title="Investigación" path="medias/section4.jpg" image1Text="" zoom1="false" zoom2a="false" zoom2b="false" layout="1"><![CDATA[<TextFlow><p><span>A la hora de realizar la investigación es importante que penséis qué recursos y fuentes de información pueden resultaros interesantes y apliquéis ciertos criterios para buscar y seleccionar los datos. Os recomendamos:</span></p><p><span></span></p><p paragraphStartIndent="20" styleName="bullet"><span>Definir qué temas o conceptos queréis investigar. Para ello, podéis hacer un listado de palabras claves o plantearos preguntas que os ayuden a definir qué queréis averiguar, como:</span></p><p><span color="#ffffff" fontSize="12" fontWeight="bold">· · · · · </span><span>- ¿Sobre qué trata el Proyecto Genoma Humano?</span></p><p><span color="#ffffff" fontSize="12" fontWeight="bold">· · · · · </span><span>- ¿Por qué era importante conocer el genoma humano?</span></p><p><span color="#ffffff" fontSize="12" fontWeight="bold">· · · · · </span><span>- ¿Cómo se representa gráficamente el genoma?</span></p><p><span color="#ffffff" fontSize="12" fontWeight="bold">· · · · · </span><span>- ¿Para qué ha servido el conocimiento del genoma?</span></p><p><span></span></p><p paragraphStartIndent="20" styleName="bullet"><span>Recurrir a diversas fuentes para comparar datos. Podéis consultar bibliografía, realizar búsquedas por Internet y leer artículos científicos o noticias de periódicos que hablen sobre el tema, pero debéis aseguraros de contrastar las informaciones. Por ejemplo, habrá opiniones controvertidas sobre el uso que se le puede dar al conocimiento del genoma humano, por eso es importante que tratéis de reflejar todas las posturas y seáis objetivos. </span></p><p paragraphStartIndent="20" styleName="bullet"><span>Elegir fuentes fiables y con credibilidad. Es recomendable que consultéis páginas oficiales, como la web del </span><a href="http://www.genome.gov/" target="_blank"><span>Instituto Nacional de Investigación del Genoma Humano</span></a><span> u otras organizaciones científicas relacionadas con este tema. </span></p><p paragraphStartIndent="20" styleName="bullet"><span>Seleccionar la información que os sirva para responder a la pregunta del proyecto y descartar el resto.</span></p><p paragraphStartIndent="20" styleName="bullet"><span>Resumir las ideas con vuestras propias palabras. Podéis utilizar algún texto interesante de forma literal, pero en ese caso deberéis citarlo entre comillas e indicar la fuente.</span></p><p paragraphStartIndent="20" styleName="bullet"><span>Elaborar un listado de todas las fuentes consultadas.</span></p></TextFlow>]]></section>
  <section title="Análisis" path="medias/section5.jpg" image1Text="" zoom1="false" zoom2a="false" zoom2b="false" layout="1"><![CDATA[<TextFlow><p><span>Utilizad la información que habéis recopilado para elaborar una </span><span fontSize="12" fontWeight="bold">mapa conceptual</span><span fontSize="12"> en el que relacionéis lo que se conoce del genoma con las posibilidades que esto genera. </span><span>En él debéis incluir:</span></p><p><span></span></p><p paragraphStartIndent="20" styleName="bullet"><span>Elementos o datos que se conocen del genoma humano.</span></p><p paragraphStartIndent="20" styleName="bullet"><span>Aplicaciones que tiene actualmente el conocimiento del genoma.</span></p><p paragraphStartIndent="20" styleName="bullet"><span>Aplicaciones en las que se está trabajando o que pueden surgir más adelante. </span></p><p paragraphStartIndent="20" styleName="bullet"><span>Problemas éticos derivados de estas aplicaciones. </span></p></TextFlow>]]></section>
  <section title="Síntesis" path="medias/section6.jpg" image1Text="" zoom1="false" zoom2a="false" zoom2b="false" layout="1"><![CDATA[<TextFlow><p><span>Usad la información que habéis reunido y el mapa conceptual elaborado en el análisis para responder a la pregunta propuesta, confirmar o rechazar la hipótesis previa y preparar el </span><span fontSize="12" fontWeight="bold">texto</span><span> resumen del proyecto y l</span><span fontSize="12">a </span><span fontSize="12" fontWeight="bold">exposición oral</span><span fontSize="12"> del mismo</span><span>. Os recomendamos:</span></p><p><span></span></p><p><span>1.º Redactar un </span><span fontSize="12" fontWeight="bold">texto</span><span> </span><span fontSize="12" fontWeight="bold">argumentativo</span><span> en el que respondáis a la pregunta del proyecto. Debéis resumir los objetivos, el proceso y los datos obtenidos en la investigación. Debéis organizar la información de forma coherente y estructurarla en varios apartados, como: </span></p><p paragraphStartIndent="20" styleName="bullet"><span>Introducción.</span></p><p paragraphStartIndent="20" styleName="bullet"><span>Métodos y proceso de investigación.</span></p><p paragraphStartIndent="20" styleName="bullet"><span>Resultados.</span></p><p paragraphStartIndent="20" styleName="bullet"><span>Conclusión.</span></p><p><span></span></p><p><span>2.º Extraer del texto las ideas principales para preparar un </span><span fontSize="12" fontWeight="bold">guión</span><span> de la </span><span fontSize="12" fontWeight="bold">presentación</span><span>. Debéis repartir los apartados del texto y establecer un orden de exposición para que todos los miembros del equipo intervengan durante un tiempo similar. </span></p><p><span></span></p><p><span>3.º Preparar algún</span><span fontSize="12" fontWeight="bold"> recurso visual</span><span>, como imágenes, esquemas o gráficos para apoyar la presentación y hacerla más amena y comprensible. </span></p><p><span></span></p><p><span>4.º Llevar a cabo la </span><span fontSize="12" fontWeight="bold">exposición oral</span><span> y, al finalizar, abrir un turno de preguntas y debate sobre el proyecto.</span></p><p><span></span></p><p><span>Tras la exposición, debéis entregar al profesor el </span><span fontSize="12" fontWeight="bold">texto</span><span>, los </span><span fontSize="12" fontWeight="bold">recursos visuales </span><span>usados para la presentación oral, el </span><span fontSize="12" fontWeight="bold">mapa conceptua</span><span>l y el </span><span fontSize="12" fontWeight="bold">listado de fuentes</span><span> consultadas durante la investigación.</span></p></TextFlow>]]></section>
  <section title="Evaluación" zoom1="false" zoom2a="false" zoom2b="false" layout="2"><![CDATA[<TextFlow><p><span>Al acabar, podéis autoevaluaros vosotros mismos para comprobar qué tareas habéis hecho mejor o peor y si el proyecto se ha realizado correctamente.</span></p><p><span></span></p><p><span fontSize="12" fontStyle="italic">Valorad de 1 a 5, siendo 1 muy mal y 5 muy bien. </span></p><p><span></span></p><p><span></span></p><p><span fontSize="12" fontWeight="bold">ÍTEMS DE VALORACIÓN<tab/></span></p><p><span fontSize="12">________________________________________________________________________<tab/><tab/><tab/><tab/><tab/><tab/></span></p><p><span fontSize="12" fontWeight="bold"><tab/><tab/><tab/><tab/><tab/><tab/><tab/>1<tab/>2<tab/>3<tab/>4<tab/>5</span><span><tab/></span></p><p><span fontSize="12" fontWeight="bold">Objetivos</span><span><tab/><tab/><tab/><tab/></span></p><p><span fontSize="12" fontWeight="bold">· </span><span>Has comprendido el objetivo del proyecto.<tab/><tab/><tab/><tab/><tab/><tab/><tab/></span></p><p><span fontSize="12" fontWeight="bold">· </span><span>Has propuesto posibles respuestas a la pregunta.<tab/></span></p><p><span fontSize="12" fontWeight="bold">· </span><span>Has participado en la lluvia de ideas</span></p><p><span color="#ffffff" fontSize="12" fontWeight="bold">· </span><span>para elaborar la hipótesis.<tab/><tab/><tab/><tab/></span></p><p><span fontSize="12" fontWeight="bold">· </span><span>Has previsto aspectos que después habéis</span></p><p><span color="#ffffff" fontSize="12" fontWeight="bold">· </span><span>necesitado para el desarrollo de la investigación.</span></p><p><span fontSize="12">________________________________________________________________________<tab/><tab/><tab/><tab/><tab/><tab/></span></p><p><span fontSize="12" fontWeight="bold"><tab/><tab/><tab/><tab/><tab/><tab/><tab/>1<tab/>2<tab/>3<tab/>4<tab/>5</span><span><tab/></span></p><p><span fontSize="12" fontWeight="bold">Planificación del proyecto<tab/></span><span><tab/><tab/><tab/><tab/><tab/><tab/><tab/><tab/></span></p><p><span fontSize="12" fontWeight="bold">·</span><span fontSize="12"> Has participado en la planificación del proyecto.</span></p><p><span fontSize="12" fontWeight="bold">·</span><span> Has contribuido en la distribución de tareas.</span></p><p><span fontSize="12" fontWeight="bold">·</span><span> Habéis calculado correctamente el tiempo</span></p><p><span color="#ffffff" fontSize="12" fontWeight="bold">· </span><span>necesario para desarrollar cada tarea.<tab/><tab/><tab/><tab/><tab/><tab/><tab/></span></p><p><span fontSize="12" fontWeight="bold">· </span><span fontSize="12">H</span><span>as desempeñado correctamente las tareas que </span></p><p><span color="#ffffff" fontSize="12" fontWeight="bold">· </span><span>te han sido asignadas.<tab/><tab/><tab/><tab/><tab/><tab/><tab/><tab/></span></p><p><span fontSize="12" fontWeight="bold">· </span><span>Habéis distribuido de forma equitativa las tareas</span></p><p><span color="#ffffff" fontSize="12" fontWeight="bold">· </span><span>entre los miembros del grupo.</span></p><p><span fontSize="12" fontWeight="bold">· </span><span fontSize="12">Has realizado las tareas asignadas en el tiempo</span></p><p><span color="#ffffff" fontSize="12" fontWeight="bold">· </span><span fontSize="12">previsto.</span></p><p><span fontSize="12" fontWeight="bold">· </span><span fontSize="12">Todos los miembros del grupo han participado</span></p><p><span color="#ffffff" fontSize="12" fontWeight="bold">· </span><span fontSize="12">según lo previsto.</span></p><p><span fontSize="12">________________________________________________________________________<tab/><tab/><tab/><tab/><tab/><tab/></span></p><p><span fontSize="12" fontWeight="bold"><tab/><tab/><tab/><tab/><tab/><tab/><tab/>1<tab/>2<tab/>3<tab/>4<tab/>5</span><span><tab/></span></p><p><span fontSize="12" fontWeight="bold">Investigación<tab/></span><span><tab/><tab/><tab/><tab/><tab/></span></p><p><span fontSize="12" fontWeight="bold">· </span><span>Has propuesto fuentes de información en</span></p><p><span color="#ffffff" fontSize="12" fontWeight="bold">· </span><span>las que encontrar los datos que necesitabais.<tab/><tab/><tab/><tab/><tab/></span></p><p><span fontSize="12" fontWeight="bold">· </span><span fontSize="12">L</span><span>a metodología propuesta ha sido la adecuada </span></p><p><span color="#ffffff" fontSize="12" fontWeight="bold">· </span><span>para recabar la información</span><span color="#ffffff" fontSize="12" fontWeight="bold"> </span><span>que os hacía falta.<tab/><tab/><tab/><tab/><tab/></span></p><p><span fontSize="12" fontWeight="bold">· </span><span>Habéis valorado los criterios necesarios para </span></p><p><span color="#ffffff" fontSize="12" fontWeight="bold">· </span><span>seleccionar la información.</span></p><p><span fontSize="12" fontWeight="bold">· </span><span>Has participado activamente en la búsqueda</span></p><p><span color="#ffffff" fontSize="12" fontWeight="bold">· </span><span>de información.</span></p><p><span fontSize="12" fontWeight="bold">· </span><span fontSize="12">Has hecho uso de diferentes fuentes de información. </span></p><p><span fontSize="12" fontWeight="bold">· </span><span fontSize="12">Has contrastado los datos recopilados.</span></p><p><span fontSize="12">________________________________________________________________________<tab/><tab/><tab/><tab/><tab/><tab/></span></p><p><span fontSize="12" fontWeight="bold"><tab/><tab/><tab/><tab/><tab/><tab/><tab/>1<tab/>2<tab/>3<tab/>4<tab/>5</span><span><tab/></span></p><p><span fontSize="12" fontWeight="bold">Análisis de la información<tab/></span><span><tab/><tab/><tab/><tab/><tab/></span></p><p><span fontSize="12" fontWeight="bold">· </span><span fontSize="12">Has sabido distinguir la información importante </span></p><p><span color="#ffffff" fontSize="12" fontWeight="bold">· </span><span fontSize="12">de la superflua.<tab/></span><span><tab/><tab/><tab/><tab/><tab/></span></p><p><span fontSize="12" fontWeight="bold">· </span><span fontSize="12">Has ordenado todos los datos antes de analizarlos.</span></p><p><span fontSize="12" fontWeight="bold">· </span><span fontSize="12">Has sabido trasladar los datos al mapa conceptual</span></p><p><span color="#ffffff" fontSize="12" fontWeight="bold">· </span><span fontSize="12">como se requería.</span></p><p><span fontSize="12">________________________________________________________________________<tab/><tab/><tab/><tab/><tab/><tab/></span></p><p><span fontSize="12" fontWeight="bold"><tab/><tab/><tab/><tab/><tab/><tab/><tab/>1<tab/>2<tab/>3<tab/>4<tab/>5</span><span><tab/></span></p><p><span fontSize="12" fontWeight="bold">Síntesis</span><span><tab/><tab/><tab/></span></p><p><span fontSize="12" fontWeight="bold">·</span><span fontSize="12"> Has dado respuesta a la pregunta principal</span></p><p><span color="#ffffff" fontSize="12" fontWeight="bold">· </span><span fontSize="12">del proyecto.</span></p><p><span fontSize="12" fontWeight="bold">·</span><span fontSize="12"> </span><span>Has sabido interpretar el mapa conceptual y sintetizar</span></p><p><span color="#ffffff" fontSize="12" fontWeight="bold">· </span><span>la información en el texto.<tab/><tab/><tab/></span></p><p><span fontSize="12" fontWeight="bold">· </span><span>Has participado en la extracción de </span></p><p><span color="#ffffff" fontSize="12" fontWeight="bold">· </span><span>conclusiones.</span></p><p><span fontSize="12" fontWeight="bold">· </span><span>Has sabido incorporar el contenido visual</span></p><p><span color="#ffffff" fontSize="12" fontWeight="bold">· </span><span>adecuado para la exposición oral.</span></p><p><span fontSize="12" fontWeight="bold">· </span><span fontSize="12">Has sido creativo.</span><span><tab/><tab/><tab/><tab/><tab/></span></p><p><span fontSize="12" fontWeight="bold">· </span><span fontSize="12">Has presentado oralmente correctamente.</span></p><p><span fontSize="12" fontWeight="bold">· </span><span fontSize="12">Ha quedado clara la información expuesta.</span></p><p><span fontSize="12" fontWeight="bold">· </span><span fontSize="12">Has sabido argumentar las afirmaciones y</span></p><p><span color="#ffffff" fontSize="12" fontWeight="bold">· </span><span fontSize="12">responder a las preguntas durante la exposición</span></p><p><span color="#ffffff" fontSize="12" fontWeight="bold">· </span><span fontSize="12">y el debate.<tab/></span></p><p><span fontSize="12">________________________________________________________________________<tab/><tab/><tab/><tab/><tab/><tab/></span></p><p><span fontSize="12" fontWeight="bold"><tab/><tab/><tab/><tab/><tab/><tab/><tab/>1<tab/>2<tab/>3<tab/>4<tab/>5</span><span><tab/></span></p><p><span fontSize="12" fontWeight="bold">VALORACIÓN GLOBAL</span></p><p><span fontSize="12" fontWeight="bold">·</span><span fontSize="12"> Del trabajo desarrollado.</span></p><p><span fontSize="12" fontWeight="bold">·</span><span fontSize="12"> De los documentos entregados.</span></p><p><span fontSize="12" fontWeight="bold">·</span><span fontSize="12"> Del trabajo en equipo.</span></p><p><span fontSize="12" fontWeight="bold">·</span><span fontSize="12"> De la exposición y defensa del trabajo.</span><span><tab/><tab/> <tab/><tab/><tab/><tab/></span></p><p><span fontSize="8"></span></p></TextFlow>]]></section>
</engine>
