﻿<?xml version="1.0" encoding="utf-8"?><motor tipo="1" clase="d" aprid="m1d"><plataforma><grado><![CDATA[1]]></grado><titulo>Practica la nomenclatura de las cetonas</titulo><area>0</area><nivel>1</nivel><referencia /><idreg><![CDATA[0]]></idreg><motor><![CDATA[M1D]]></motor><lang>es</lang></plataforma><enunciado><![CDATA[Escribe el nombre correcto de las cetonas, relacionando los grupos alquilo.]]></enunciado><masinfo inicio="0" /><sinaleatoriedad><![CDATA[0]]></sinaleatoriedad><calc><![CDATA[0]]></calc><textoatexto cantidad="5"><cuestion correccionSinMayusculas="1" correccionSinPuntuacion="1" correccionSinPuntuacionFinal="1"><pregunta><![CDATA[CH{{sub}}3{{normal}}-CO-CH{{sub}}3{{normal}}  ]]></pregunta><respuesta><![CDATA[Dimetil cetona]]></respuesta></cuestion><cuestion correccionSinMayusculas="1" correccionSinPuntuacion="1" correccionSinPuntuacionFinal="1"><pregunta><![CDATA[CH{{sub}}3{{normal}}-CH{{sub}}2{{normal}}-CO-CH{{sub}}3{{normal}}]]></pregunta><respuesta><![CDATA[Etil metil cetona]]></respuesta></cuestion><cuestion correccionSinMayusculas="1" correccionSinPuntuacion="1" correccionSinPuntuacionFinal="1"><pregunta><![CDATA[CH{{sub}}3{{normal}}-CH{{sub}}2{{normal}}-CH{{sub}}3{{normal}}-CO-CH{{sub}}2{{normal}}-CH{{sub}}3{{normal}}]]></pregunta><respuesta><![CDATA[Etil propil cetona]]></respuesta></cuestion><cuestion correccionSinMayusculas="1" correccionSinPuntuacion="1" correccionSinPuntuacionFinal="1"><pregunta><![CDATA[CH{{sub}}3{{normal}}-CH{{sub}}2{{normal}}-CH{{sub}}2{{normal}}-CH{{sub}}2{{normal}}-CO-CH(CH{{sub}}3{{normal}}){{sub}}2{{normal}} ]]></pregunta><respuesta><![CDATA[Butil isopropil cetona]]></respuesta></cuestion><cuestion correccionSinMayusculas="1" correccionSinPuntuacion="1" correccionSinPuntuacionFinal="1"><pregunta><![CDATA[CH{{sub}}3{{normal}}-CO-C{{sub}}6{{normal}}H{{sub}}5{{normal}}  ]]></pregunta><respuesta><![CDATA[Fenil metil cetona]]></respuesta></cuestion></textoatexto><textofalso cantidad="0" /></motor>