﻿<?xml version="1.0" encoding="utf-8"?>
<motor tipo="4" clase="a" aprid="m4a">
  <plataforma>
    <grado><![CDATA[2]]></grado>
    <titulo>Evaluación</titulo>
    <area>0</area>
    <nivel>2</nivel>
    <referencia />
    <idreg><![CDATA[0]]></idreg>
    <motor><![CDATA[M4A]]></motor>
    <lang>es</lang>
  </plataforma>
  <enunciado><![CDATA[Escoge la opción u opciones correctas que respondan a cada instrucción.]]></enunciado>
  <masinfo inicio="0" />
  <sinaleatoriedad><![CDATA[0]]></sinaleatoriedad>
  <calc><![CDATA[0]]></calc>
  <respuestaunica><![CDATA[0]]></respuestaunica>
  <test cantidad="10">
    <cuestion>
      <enunciado><![CDATA[La medicina se encarga de...]]></enunciado>
      <explicacion />
      <imagen />
      <respuestas>
        <respuesta contestacion="mejorar la salud y calidad de vida de las personas." correcta="1" />
        <respuesta contestacion="estudiar los seres vivos, incluido el ser humano." correcta="0" />
        <respuesta contestacion="construir instrumentos para el diagnóstico de enfermedades." correcta="0" />
      </respuestas>
    </cuestion>
    <cuestion>
      <enunciado><![CDATA[Señala los aportes más importantes de la biología a la medicina.]]></enunciado>
      <explicacion />
      <imagen />
      <respuestas>
        <respuesta contestacion="El descubrimiento de los microbios." correcta="1" />
        <respuesta contestacion="El desarrollo del rayo láser." correcta="0" />
        <respuesta contestacion="El desarrollo de la técnica del ultrasonido." correcta="0" />
        <respuesta contestacion="El descubrimiento de los antibióticos." correcta="1" />
      </respuestas>
    </cuestion>
    <cuestion>
      <enunciado><![CDATA[Señala las afirmaciónes correctas.]]></enunciado>
      <explicacion />
      <imagen />
      <respuestas>
        <respuesta contestacion="Las características hereditarias se encuentran en los cromosomas." correcta="1" />
        <respuesta contestacion="Las enfermedades hereditarias se transmiten de padres a hijos." correcta="1" />
        <respuesta contestacion="Los cromosomas no cumplen función alguna en la reproducción." correcta="0" />
        <respuesta contestacion="Gregor Mendel estableció las leyes de la herencia." correcta="1" />
      </respuestas>
    </cuestion>
    <cuestion>
      <enunciado><![CDATA[Señala los aportes más importantes de la química a la medicina.]]></enunciado>
      <explicacion />
      <imagen />
      <respuestas>
        <respuesta contestacion="El desarrollo de medicinas sintéticas." correcta="1" />
        <respuesta contestacion="El descubrimiento de los virus." correcta="0" />
        <respuesta contestacion="El estudio de los procesos bioquímicos del organismo." correcta="1" />
        <respuesta contestacion="El diseño de máquinas para la elaboración medicamentos." correcta="0" />
      </respuestas>
    </cuestion>
    <cuestion>
      <enunciado><![CDATA[Señala los aportes de la química al diagnóstico médico.]]></enunciado>
      <explicacion />
      <imagen />
      <respuestas>
        <respuesta contestacion="Métodos de valoración de niveles de alcohol o azúcar en la sangre." correcta="1" />
        <respuesta contestacion="Técnicas de irradiación para eliminar tumores cancerígenos." correcta="0" />
        <respuesta contestacion="Técnicas para la medición del tamaño fetal durante el embarazo." correcta="0" />
        <respuesta contestacion="Desarrollo de test químicos para confirmar estados de embarazo." correcta="1" />
      </respuestas>
    </cuestion>
    <cuestion>
      <enunciado><![CDATA[Señala la afirmación correcta.]]></enunciado>
      <explicacion />
      <imagen />
      <respuestas>
        <respuesta contestacion="El marcapasos es un aporte de la física a la medicina." correcta="1" />
        <respuesta contestacion="El marcapasos es un aporte de la biología a la medicina." correcta="0" />
        <respuesta contestacion="El marcapasos fue desarrollado directamente por la medicina." correcta="0" />
        <respuesta contestacion="El marcapasos es un aporte de la química a la medicina." correcta="0" />
      </respuestas>
    </cuestion>
    <cuestion>
      <enunciado><![CDATA[Señala la afirmación correcta.]]></enunciado>
      <explicacion />
      <imagen />
      <respuestas>
        <respuesta contestacion="El estetoscopio amplifica los sonidos internos del cuerpo." correcta="1" />
        <respuesta contestacion="El estetoscopio amplifica los sonidos del medio ambiente." correcta="0" />
        <respuesta contestacion="La ecografía utiliza infrasonidos para explorar el interior del cuerpo." correcta="0" />
        <respuesta contestacion="La ecografía utiliza ultrasonidos para explorar el interior del cuerpo." correcta="1" />
      </respuestas>
    </cuestion>
    <cuestion>
      <enunciado><![CDATA[Señala falso o verdadero. El estudio de los minerales volcánicos tóxicos es un aporte de la geología a la medicina.]]></enunciado>
      <explicacion />
      <imagen />
      <respuestas>
        <respuesta contestacion="Falso." correcta="0" />
        <respuesta contestacion="Verdadero." correcta="1" />
      </respuestas>
    </cuestion>
    <cuestion>
      <enunciado><![CDATA[El análisis de imágenes de alta resolución que ahora se utiliza en medicina es un aporte de... ]]></enunciado>
      <explicacion />
      <imagen />
      <respuestas>
        <respuesta contestacion="la química." correcta="1" />
        <respuesta contestacion="la astronomía." correcta="1" />
        <respuesta contestacion="la física." correcta="1" />
        <respuesta contestacion="la geología" correcta="0" />
        <respuesta contestacion="la microbiología" correcta="0" />
      </respuestas>
    </cuestion>
    <cuestion>
      <enunciado><![CDATA[Señala el grupo de palabras correcto que se relaciona con el descubrimiento de los antibióticos.]]></enunciado>
      <explicacion />
      <imagen />
      <respuestas>
        <respuesta contestacion="Microbios, microscopio y penicilina." correcta="1" />
        <respuesta contestacion="Microbios, microscopio y ácido salicílico." correcta="0" />
        <respuesta contestacion="Microbios, rayos X y penicilina." correcta="0" />
        <respuesta contestacion="Minerales tóxicos, microscopio y penicilina." correcta="0" />
      </respuestas>
    </cuestion>
  </test>
  <temps>
  </temps>
</motor>