<?xml version="1.0" encoding="utf-8"?><motor tipo="1" clase="b" aprid="m1b">
  <plataforma>
    <grado><![CDATA[2]]></grado>
    <titulo>Conoce algunas glándulas y las hormonas que producen</titulo>
    <area>0</area>
    <nivel>2</nivel>
    <referencia/>
    <idreg><![CDATA[0]]></idreg>
    <motor><![CDATA[M1B]]></motor>
    <lang>es</lang>
  </plataforma>
  <enunciado><![CDATA[Relaciona cada glándula endocrina con las hormonas que secreta.]]></enunciado>
  <masinfo inicio="0"/>
  <sinaleatoriedad><![CDATA[0]]></sinaleatoriedad>
  <calc><![CDATA[0]]></calc>
  <textoatexto cantidad="5">
    <cuestion>
      <pregunta><![CDATA[Hipotálamo]]></pregunta>
      <respuesta><![CDATA[Libera oxitocina y ADH que llegan a la hipófisis y, a través de esta, afectan la función de otras glándulas.]]></respuesta>
    </cuestion>
    <cuestion>
      <pregunta><![CDATA[Timo]]></pregunta>
      <respuesta><![CDATA[Secreta timosina, la cual estimula el desarrollo de células sanguíneas que participan en la defensa del organismo.]]></respuesta>
    </cuestion>
    <cuestion>
      <pregunta><![CDATA[Glándula pineal]]></pregunta>
      <respuesta><![CDATA[Produce melatonina, una hormona que participa en la regulación del sueño. ]]></respuesta>
    </cuestion>
    <cuestion>
      <pregunta><![CDATA[Glándulas suprarrenales]]></pregunta>
      <respuesta><![CDATA[Liberan hormonas como la adrenalina y la noradrenalina, relacionadas con la respuesta al estrés.]]></respuesta>
    </cuestion>
    <cuestion>
      <pregunta><![CDATA[Ovarios]]></pregunta>
      <respuesta><![CDATA[Secretan estrógenos y progesterona, hormonas que controlan el ciclo menstrual y los cambios durante el embarazo.]]></respuesta>
    </cuestion>
  </textoatexto>
  <textofalso cantidad="0"/>
</motor>