﻿<?xml version="1.0" encoding="UTF-8"?><XMLDatos aprid="F"><titulo>Historia de la electricidad</titulo><btnselec><![CDATA[Selecciona una imagen]]></btnselec><btnquien><![CDATA[¿Quién fue el inventor?]]></btnquien><tit_para><![CDATA[Pararrayos]]></tit_para><text_para><![CDATA[<ul><li> Dispositivo que consiste en una barra metálica,colocada en un punto elevado de una construcción y conectada a tierra mediante un cable de poca resistencia, destinada a preservar las construcciones de las descargas eléctricas atmosféricas y de los rayos.</li><li>Fue inventado en 1752.</li></ul>]]></text_para><tit_radio><![CDATA[Radio]]></tit_radio><text_radio><![CDATA[<ul><li>Aparato de comunicación que envía señales de audio a través de ondas electromagnéticas.</li><li>Se hizo una demostración de comunicación inalámbrica por medio de ondas de radio en 1894.</li><li>Desde su descubrimiento se ha ido perfeccionando.</li></ul>]]></text_radio><tit_bomb><![CDATA[Bombilla]]></tit_bomb><text_bomb><![CDATA[<ul><li>Lámpara incandescente.</li><li>En su interior hay un filamento que es el que produce la iluminación al calentarse.</li><li>Aunque había modelos anteriores, fue presentada en 1879 en una lámpara que brilló durante 48 horas seguidas. </li></ul>]]></text_bomb><tit_gen><![CDATA[Generador eléctrico]]></tit_gen><text_gen><![CDATA[<ul><li>Máquina que transforma la energía mecánica en energía eléctrica.</li><li>Se consigue por la acción de un campo magnético.</li><li>Está basado en las leyes de un famoso investigador.</li></ul>]]></text_gen><tit_tel><![CDATA[Telégrafo]]></tit_tel><text_tel><![CDATA[<ul><li> Aparato de telecomunicación.</li><li>Sirve para transmitir señales a distancia.</li><li>Fue inventado en 1832.</li></ul>]]></text_tel><tit_telef><![CDATA[Teléfono]]></tit_telef><text_telef><![CDATA[<ul><li> Aparato de telecomunicación.</li><li>Sirve para transmitir señales acústicas a distancia.</li><li>Fue construido originalmente por Antonio Meucci en 1860.</li><li>Fue patentado en 1876 por quien se ha considerado su inventor.</li><li>Desde su creación ha sido perfeccionado por muchos inventores. </li></ul>]]></text_telef><tit_mosaico><![CDATA[Inventores]]></tit_mosaico><btnmosaico_1><![CDATA[Benjamin Franklin]]></btnmosaico_1><btnmosaico_2><![CDATA[Nikola Tesla]]></btnmosaico_2><btnmosaico_3><![CDATA[Thomas Alva Edison]]></btnmosaico_3><btnmosaico_4><![CDATA[Michael Faraday]]></btnmosaico_4><btnmosaico_5><![CDATA[Samuel Morse]]></btnmosaico_5><btnmosaico_6><![CDATA[Alexander Graham Bell]]></btnmosaico_6><text_incorrect><![CDATA[Respuesta incorrecta.
Vuelve a consultar la ficha.]]></text_incorrect><tit_benj><![CDATA[Benjamin Franklin]]></tit_benj><text_benj_1><![CDATA[Boston, 17 de enero de 1706 – Filadelfia, 17 de abril de 1790]]></text_benj_1><text_benj_2><![CDATA[<ul><li>Político, científico e inventor estadounidense.</li><li>En 1752 lleva a cabo en Filadelfia su famoso experimento con la cometa.</li><li>Gracias a esto inventó el pararrayos.</li></ul>]]></text_benj_2><tit_nik><![CDATA[Nikola Tesla]]></tit_nik><text_nik_1><![CDATA[Croacia, 10 de julio de 1856 – Nueva York, 7 de enero de 1943]]></text_nik_1><text_nik_2><![CDATA[<ul><li>Inventor, ingeniero mecánico e ingeniero eléctrico.</li><li>Famoso por sus invenciones en el campo del electromagnetismo.</li><li>Es muy conocida su enemistad con Thomas Edison.</li><li>Entre otros muchos aparatos, inventó la radio.</li></ul>]]></text_nik_2><tit_edis><![CDATA[Thomas Alva Edison]]></tit_edis><text_edis_1><![CDATA[Estados Unidos, 11 de febrero de 1847 – Estados Unidos, 18 de octubre de 1931]]></text_edis_1><text_edis_2><![CDATA[<ul><li>Inventor que patentó más de mil inventos.</li><li>Aunque no descubrió la bombilla fue quien consiguió un filamento que alcanzara la incandescencia sin fundirse.</li><li>Patentó y comercializó la bombilla.</li></ul>]]></text_edis_2><tit_farad><![CDATA[Michael Faraday]]></tit_farad><text_farad_1><![CDATA[Londres, 22 de septiembre de 1791 – Londres, 25 de agosto de 1867]]></text_farad_1><text_farad_2><![CDATA[<ul><li>
Físico y químico miembro de la Royal Society.</li><li>
Descubrió la inducción electromagnética.</li><li>Su invento permitió la construcción de generadores y motores eléctricos.</li><li> En su honor se llama Faradio a la unidad de capacidad eléctrica del Sistema Internacional.</li></ul>]]></text_farad_2><tit_mor><![CDATA[Samuel Morse]]></tit_mor><text_mor_1><![CDATA[Boston, 27 de abril de 1791 – Nueva York, 2 de abril de 1872]]></text_mor_1><text_mor_2><![CDATA[<ul><li>Inventor y pintor estadounidense.</li><li>Inventó el telégrafo en 1837.</li><li>Años más tarde desarrolló el código Morse.</li></ul>]]></text_mor_2><tit_bell><![CDATA[Alexander Graham Bell]]></tit_bell><text_bell_1><![CDATA[Edimburgo, 3 de marzo de 1847 – Canadá, 2 de agosto de 1922]]></text_bell_1><text_bell_2><![CDATA[<ul><li>Científico, inventor y logopeda.</li><li>Contribuyó al desarrollo de las telecomunicaciones y la tecnología de la aviación.</li><li>Consiguió la patente del teléfono el 1876, que se ha ido perfeccionando hasta llegar a los actuales teléfonos móviles.
</li></ul>]]></text_bell_2><tit_rel><![CDATA[Relaciona cada inventor con su invento]]></tit_rel><text_rel1_1><![CDATA[Bombilla]]></text_rel1_1><text_rel1_2><![CDATA[Benjamin Franklin]]></text_rel1_2><text_rel2_1><![CDATA[Generador eléctrico]]></text_rel2_1><text_rel2_2><![CDATA[Nikola Tesla]]></text_rel2_2><text_rel3_1><![CDATA[Pararrayos]]></text_rel3_1><text_rel3_2><![CDATA[Thomas Alva Edison]]></text_rel3_2><text_rel4_1><![CDATA[Radio]]></text_rel4_1><text_rel4_2><![CDATA[Michael Faraday]]></text_rel4_2><text_rel5_1><![CDATA[Teléfono]]></text_rel5_1><text_rel5_2><![CDATA[Samuel Morse]]></text_rel5_2><text_rel6_1><![CDATA[Telégrafo]]></text_rel6_1><text_rel6_2><![CDATA[Alexander Graham Bell]]></text_rel6_2><btnpractica><![CDATA[PRACTICA]]></btnpractica><btnsolucion><![CDATA[SOLUCIÓN]]></btnsolucion></XMLDatos>