﻿<?xml version="1.0" encoding="UTF-8"?>
<motor tipo="2" clase="c" aprid="m2c">
  <plataforma>
    <grado><![CDATA[2]]></grado>
    <titulo>Las fuerzas eléctricas y magnéticas</titulo>
    <area>0</area>
    <nivel>1</nivel>
    <referencia />
    <idreg><![CDATA[0]]></idreg>
    <motor><![CDATA[M2C]]></motor>
    <lang>es</lang>
  </plataforma>
  <enunciado><![CDATA[Prueba tus conocimientos acerca de las fuerzas eléctricas y magnéticas ]]></enunciado>
  <masinfo inicio="0" />
  <calc><![CDATA[0]]></calc>
  <sonido />
  <textoacategoria>
    <cuestion>
      <pregunta><![CDATA[La fuerza eléctrica es una interacción [*] producida por objetos con [*]. Esta depende de la cantidad de [*] que le sobren o le falten al objeto. Si el objeto tiene un exceso de [*], se dice que tiene [*], y si le hacen falta, se dice que tiene [*] . Si la fuerza eléctrica se produce entre cargas de signos opuestos, la fuerza es de [*], pero si las cargas son de igual signo, la fuerza es de [*]. Por otro lado, la fuerza magnética es la causada por [*] y los afecta tanto a ellos mismos como a algunos materiales [*]. Los materiales atraidos fuertemente por la fuerza magnética son conocidos como [*], mientras que los materiales conocidos como [*] son repelidos por esta misma fuerza. ]]></pregunta>
      <respuestas>
        <respuesta orden="1">
          <opcion correcta="0"><![CDATA[débil]]></opcion>
          <opcion correcta="0"><![CDATA[de contacto]]></opcion>
          <opcion correcta="0"><![CDATA[gravitacional]]></opcion>
          <opcion correcta="1"><![CDATA[a distancia]]></opcion>
        </respuesta>
        <respuesta orden="2">
          <opcion correcta="0"><![CDATA[masa]]></opcion>
          <opcion correcta="0"><![CDATA[densidad]]></opcion>
          <opcion correcta="1"><![CDATA[carga]]></opcion>
          <opcion correcta="0"><![CDATA[volumen]]></opcion>
        </respuesta>
        <respuesta orden="3">
          <opcion correcta="0"><![CDATA[protones]]></opcion>
          <opcion correcta="1"><![CDATA[electrones]]></opcion>
          <opcion correcta="0"><![CDATA[neutrones ]]></opcion>
          <opcion correcta="0"><![CDATA[positrones]]></opcion>
        </respuesta>
        <respuesta orden="4">
          <opcion correcta="0"><![CDATA[neutrones]]></opcion>
          <opcion correcta="0"><![CDATA[protones]]></opcion>
          <opcion correcta="1"><![CDATA[electrones]]></opcion>
          <opcion correcta="0"><![CDATA[positrones]]></opcion>
        </respuesta>
        <respuesta orden="5">
          <opcion correcta="1"><![CDATA[carga negativa]]></opcion>
          <opcion correcta="0"><![CDATA[carga positiva]]></opcion>
          <opcion correcta="0"><![CDATA[carga neutra]]></opcion>
          <opcion correcta="0"><![CDATA[carga inercial]]></opcion>
        </respuesta>
        <respuesta orden="6">
          <opcion correcta="0"><![CDATA[carga neutra]]></opcion>
          <opcion correcta="0"><![CDATA[carga inercial]]></opcion>
          <opcion correcta="0"><![CDATA[carga negativa]]></opcion>
          <opcion correcta="1"><![CDATA[carga positiva]]></opcion>
        </respuesta>
        <respuesta orden="7">
          <opcion correcta="0"><![CDATA[repulsión]]></opcion>
          <opcion correcta="1"><![CDATA[atracción]]></opcion>
          <opcion correcta="0"><![CDATA[arrastre]]></opcion>
          <opcion correcta="0"><![CDATA[contacto]]></opcion>
        </respuesta>
        <respuesta orden="8">
          <opcion correcta="0"><![CDATA[atracción]]></opcion>
          <opcion correcta="1"><![CDATA[repulsión]]></opcion>
          <opcion correcta="0"><![CDATA[contacto]]></opcion>
          <opcion correcta="0"><![CDATA[arrastre]]></opcion>
        </respuesta>
        <respuesta orden="9">
          <opcion correcta="0"><![CDATA[metales]]></opcion>
          <opcion correcta="0"><![CDATA[plásticos]]></opcion>
          <opcion correcta="1"><![CDATA[imanes]]></opcion>
          <opcion correcta="0"><![CDATA[aislantes]]></opcion>
        </respuesta>
        <respuesta orden="10">
          <opcion correcta="0"><![CDATA[cerámicos]]></opcion>
          <opcion correcta="1"><![CDATA[metálicos]]></opcion>
          <opcion correcta="0"><![CDATA[aislantes]]></opcion>
          <opcion correcta="0"><![CDATA[orgánicos]]></opcion>
        </respuesta>
        <respuesta orden="11">
          <opcion correcta="0"><![CDATA[diamagnéticos]]></opcion>
          <opcion correcta="0"><![CDATA[dieléctricos]]></opcion>
          <opcion correcta="0"><![CDATA[paramgnéticos]]></opcion>
          <opcion correcta="1"><![CDATA[ferromagnéticos]]></opcion>
        </respuesta>
        <respuesta orden="12">
          <opcion correcta="0"><![CDATA[ferromagnéticos]]></opcion>
          <opcion correcta="0"><![CDATA[aislantes]]></opcion>
          <opcion correcta="1"><![CDATA[diamagnéticos]]></opcion>
          <opcion correcta="0"><![CDATA[paramagnéticos]]></opcion>
        </respuesta>
      </respuestas>
    </cuestion>
  </textoacategoria>
  <temps>20</temps>
</motor>