<?xml version='1.0' encoding='UTF-8'?><engine copy="Editorial Planeta" version="1" aprid="f13" title="Estudio del proceso de solidificación de la materia" >
<section title="Presentación" path="section0.jpg" pathAmp="" image1Text="" zoom1="false" zoom2a="false" zoom2b="false" layout="1" >
<![CDATA[
<p>La materia puede pasar de un estado a otro al ceder o recibir energ&iacute;a calor&iacute;fica. En la pr&aacute;ctica, esto se logra aumentando o disminuyendo la temperatura.</p>

<p>Cuando la materia se encuentra en estado s&oacute;lido, sus part&iacute;culas&nbsp;permanecen fuertemente unidas y esto impide que se separen. Cuando la temperatura aumenta, la energ&iacute;a calor&iacute;fica debilita los enlaces existentes entre las part&iacute;culas, de manera que estas pueden adquirir mayor libertad de movimiento y el s&oacute;lido se transforma en l&iacute;quido.</p>

<p>En la naturaleza se dan procesos de solidificaci&oacute;n que pueden reproducirse artificialmente para el estudio de sus caracter&iacute;sticas.</p>

<p><strong>El objetivo de esta actividad es que aprendas a identificar el proceso de solidificaci&oacute;n de la materia a partir de la observaci&oacute;n de diferentes situaciones.</strong></p>

<p>Antes de comenzar la tarea, es interesante que respondas a las siguientes preguntas para tener claros los conceptos te&oacute;ricos que aplicar&aacute;s:</p>

<ul>
	<li>&iquest;Qu&eacute; estados de la materia conoces?</li>
</ul>

<ul>
	<li>&iquest;La materia puede pasar de un estado a otro? &iquest;C&oacute;mo? &iquest;Es un proceso reversible?</li>
</ul>

<ul>
	<li>&iquest;Qu&eacute; es el punto de fusi&oacute;n de una sustancia?</li>
</ul>
]]></section>
<section title="Tarea" path="" pathAmp="" image1Text="" zoom1="false" zoom2a="false" zoom2b="false" layout="2" >
<![CDATA[
<p>Para realizar esta tarea consigue el material que te indicamos y sigue los pasos del procedimiento.</p>

<p><strong>Materiales:</strong></p>

<ul>
	<li>Tres tubos de ensayo.</li>
</ul>

<ul>
	<li>Agua.</li>
</ul>

<ul>
	<li>Alcohol et&iacute;lico.</li>
</ul>

<ul>
	<li>Agua con sal.</li>
</ul>

<ul>
	<li>Un term&oacute;metro o un sensor de temperatura.</li>
</ul>

<ul>
	<li>Un vaso grande de precipitados con una mezcla frigor&iacute;fica (hielo y sal).</li>
</ul>

<ul>
	<li>Un cron&oacute;metro.</li>
</ul>

<p><strong>Procedimiento:</strong></p>

<p>1.&nbsp;Vierte un volumen igual de los siguientes componentes en tres tubos de ensayo diferentes:</p>

<ul>
	<li>Agua.</li>
</ul>

<ul>
	<li>Alcohol et&iacute;lico.</li>
</ul>

<ul>
	<li>Disoluci&oacute;n de agua con sal.</li>
</ul>

<p>2.&nbsp;Mide con un term&oacute;metro o sensor de temperatura la temperatura a la que se encuentra cada l&iacute;quido y an&oacute;tala.</p>

<p>3.&nbsp;Coloca cada tubo de ensayo con su term&oacute;metro o sensor en la mezcla frigor&iacute;fica. Si no dispones de tres term&oacute;metros o sensores, realiza el procedimiento de uno en uno.</p>

<p>4.&nbsp;Anota la temperatura y el estado de la materia cada dos&nbsp;minutos, hasta que cada uno de los tres l&iacute;quidos se solidifique.</p>

<p>5.&nbsp;Construye una tabla con las temperaturas de solidificaci&oacute;n de cada l&iacute;quido.</p>

<p>6.&nbsp;Realiza un gr&aacute;fico a partir de los datos de tu tabla.</p>

<p>Observa&nbsp;la tabla y el gr&aacute;fico, y valora las diferencias entre los cambios de estado del agua, el alcohol et&iacute;lico y la disoluci&oacute;n de agua con sal; justifica los resultados que has obtenido.</p>
]]></section>
</engine>