﻿<?xml version="1.0" encoding="utf-8"?><motor tipo="3" clase="a" aprid="M3a">
  <plataforma>
    <grado><![CDATA[2]]></grado>
    <titulo>Identifica el significado de los pictogramas de seguridad</titulo>
    <area>6</area>
    <nivel><![CDATA[1]]></nivel>
    <referencia><![CDATA[FQ_09_01_12]]></referencia>
    <idreg><![CDATA[1222]]></idreg>
    <motor><![CDATA[M3A]]></motor>
    <lang>es</lang>
  </plataforma>
  <enunciado><![CDATA[Relaciona las frases con el significado de cada uno de los pictogramas de seguridad que se muestran a continuación.]]></enunciado>
  <masinfo inicio="0"/>
  <sinaleatoriedad><![CDATA[0]]></sinaleatoriedad>
  <calc><![CDATA[0]]></calc>
  <sonidoaimagen cantidad="6">
    <cuestion>
      <imagen etiqueta="1"><![CDATA[FQ_09_01_12_01.jpg]]></imagen>
      <respuestas>
        <respuesta etiqueta="Inflamable"/>
        <respuesta etiqueta="Arde fácilmente."/>
      </respuestas>
    </cuestion>
    <cuestion>
      <imagen etiqueta="2"><![CDATA[FQ_09_01_12_02.jpg]]></imagen>
      <respuestas>
        <respuesta etiqueta="Comburente"/>
        <respuesta etiqueta="Aviva un incendio."/>
      </respuestas>
    </cuestion>
    <cuestion>
      <imagen etiqueta="3"><![CDATA[FQ_09_01_12_03.jpg]]></imagen>
      <respuestas>
        <respuesta etiqueta="Gas bajo presión"/>
        <respuesta etiqueta="Puede provocar heridas."/>
      </respuestas>
    </cuestion>
    <cuestion>
      <imagen etiqueta="4"><![CDATA[FQ_09_01_12_04.jpg]]></imagen>
      <respuestas>
        <respuesta etiqueta="Corrosivo"/>
        <respuesta etiqueta="Ataca la piel y los metales."/>
      </respuestas>
    </cuestion>
    <cuestion>
      <imagen etiqueta="5"><![CDATA[FQ_09_01_12_05.jpg]]></imagen>
      <respuestas>
        <respuesta etiqueta="Tóxico"/>
        <respuesta etiqueta="Puede resultar mortal."/>
      </respuestas>
    </cuestion>
    <cuestion>
      <imagen etiqueta="6"><![CDATA[FQ_09_01_12_06.jpg]]></imagen>
      <respuestas>
        <respuesta etiqueta="Irritante"/>
        <respuesta etiqueta="Afecta los ojos, la piel, etc."/>
      </respuestas>
    </cuestion>
  </sonidoaimagen>
</motor>