﻿<?xml version="1.0" encoding="utf-8"?><motor tipo="2" clase="a" aprid="M2a">
  <plataforma>
    <grado><![CDATA[2]]></grado>
    <titulo>Conoce el método científico</titulo>
    <area>6</area>
    <nivel><![CDATA[1]]></nivel>
    <referencia><![CDATA[FQ_09_01_02]]></referencia>
    <idreg><![CDATA[406]]></idreg>
    <motor><![CDATA[M2A]]></motor>
    <lang>es</lang>
  </plataforma>
  <enunciado><![CDATA[Rellena los espacios en blanco del texto con las palabras que correspondan.]]></enunciado>
  <masinfo inicio="0"/>
  <calc><![CDATA[0]]></calc>
  <sonido/>
  <textoacategoria>
    <cuestion>
      <pregunta><![CDATA[Los científicos llevan a cabo sus investigaciones mediante el conocido método [*], basado en la [*] y en la creación de [*]. Para comprobar si dichas hipótesis son ciertas se realizan una serie de [*] en los cuales se irá variando la [*] y se observará el [*] que ello produce. Existen dos tipos de [*]: la que modifica el propio científico, o variable dependiente, y  la  que  cambia  según  la  anterior, o variable independiente. Los [*] obtenidos deben recogerse en una tabla o ser representados en un gráfico, para facilitar su [*]. Si los resultados obtenidos confirman las hipótesis, estas se considerarán ciertas y las [*] deducidas serán válidas. ]]></pregunta>
      <respuestas>
        <respuesta orden="1"><![CDATA[experimental]]></respuesta>
        <respuesta orden="2"><![CDATA[observación]]></respuesta>
        <respuesta orden="3"><![CDATA[hipótesis]]></respuesta>
        <respuesta orden="4"><![CDATA[experimentos]]></respuesta>
        <respuesta orden="5"><![CDATA[causa]]></respuesta>
        <respuesta orden="6"><![CDATA[efecto]]></respuesta>
        <respuesta orden="7"><![CDATA[variables]]></respuesta>
        <respuesta orden="8"><![CDATA[datos]]></respuesta>
        <respuesta orden="9"><![CDATA[interpretación]]></respuesta>
        <respuesta orden="10"><![CDATA[teorías]]></respuesta>
      </respuestas>
    </cuestion>
  </textoacategoria>
  <textofalso cantidad="0"/>
</motor>