﻿<?xml version="1.0" encoding="utf-8"?><engine copy="Editorial Planeta" version="1" aprid="f7b"><main layout="5">
<title>La energía y sus transformaciones </title>
<footer>Selecciona una imagen</footer>
</main>
<sections>
<section i="0" star="false" hasSubsections="false">
<menuImage path="CN_07_07_CO_REC10_img01.jpg" border="0">
<title><![CDATA[Lumínica]]></title>
</menuImage>
<pages>
<page i="0" visible="true" color="">
<title>La energía solar</title>
<description><![CDATA[<p>Es la principal&nbsp;fuente&nbsp;de energ&iacute;a para&nbsp;la Tierra. Es una forma de <strong>energ&iacute;a radiante</strong> que al absorberse en la superficie o rebotar en la atm&oacute;sfera se convierte en <strong>energ&iacute;a cal&oacute;rica</strong>.</p>

<p>La <strong>energ&iacute;a</strong> <strong>solar</strong>, lum&iacute;nica,<strong>&nbsp;</strong>se&nbsp;transforma&nbsp;en <strong>energ&iacute;a</strong> <strong>qu&iacute;mica</strong> a trav&eacute;s del proceso de&nbsp;fotos&iacute;ntesis de las plantas y otros organismos fotosint&eacute;ticos.</p>

<p>Por medio de paneles solares se puede captar la <strong>energ&iacute;a solar</strong>&nbsp;para calentar agua o para&nbsp;generar&nbsp;<strong>energ&iacute;a el&eacute;ctrica</strong>.&nbsp;</p>
]]></description>
<images>
<image path="CN_07_07_CO_REC10_img08n.jpg" border = "0" pathbig="CN_07_07_CO_REC10_img08a.jpg">
<title><![CDATA[]]></title>
</image>
</images>
</page>
<page i="0" visible="true" color="">
<title>La energía solar</title>
<description><![CDATA[<p><span style="font-family:verdana,geneva,sans-serif">Al igual que las plantas, los animales&nbsp;requieren energ&iacute;a solar. Muchos la&nbsp;necesitan para <strong>regular la temperatura</strong> corporal; los animales poiquilotermos, como los reptiles y los anfibios, tienen la temperatura del medio por no tener la capacidad de regular la temperatura de su cuerpo.</span></p>

<p><span style="font-family:verdana,geneva,sans-serif">Otros animales, como el ser humano, necesitan una dosis de irradiaci&oacute;n solar para activar la&nbsp;producci&oacute;n de<strong> vitamina</strong> <strong>D </strong>en su piel.</span></p>

<p>&nbsp;</p>
]]></description>
<images>
<image path="CN_07_07_CO_REC10_img09n.jpg" border = "0" pathbig="CN_07_07_CO_REC10_img09a.jpg">
<title><![CDATA[]]></title>
</image>
</images>
</page>
</pages>
</section><section i="0" star="false" hasSubsections="false">
<menuImage path="CN_07_07_CO_REC10_img02.jpg" border="0">
<title><![CDATA[Térmica]]></title>
</menuImage>
<pages>
<page i="0" visible="true" color="">
<title>La energía térmica</title>
<description><![CDATA[<p><span style="font-family:verdana,geneva,sans-serif">La <strong>energ&iacute;a</strong>&nbsp;<strong>t&eacute;rmica </strong>proviene&nbsp;de la <strong>energ&iacute;a solar</strong> que llega a la Tierra y es absorbida por la superficie de la Tierra o es retenida por la atm&oacute;sfera.</span></p>

<p><span style="font-family:verdana,geneva,sans-serif">En la Tierra, la energ&iacute;a t&eacute;rmica activa la formaci&oacute;n de vientos,&nbsp;la evaporaci&oacute;n del agua y con esto el <strong>ciclo del agua</strong>.</span></p>

<p><span style="font-family:verdana,geneva,sans-serif">La energ&iacute;a t&eacute;rmica es&nbsp;absorbida&nbsp;por los cuerpos, y se transfiere&nbsp;de un&nbsp;cuerpo&nbsp;con mayor temperatura a otro con menor&nbsp;temperatura.&nbsp;</span></p>

<p>&nbsp;</p>
]]></description>
<images>
<image path="CN_07_07_CO_REC10_img10n.jpg" border = "0" pathbig="CN_07_07_CO_REC10_img10a.jpg">
<title><![CDATA[Ondas de radiación solar que calientan la Tierra.]]></title>
</image>
<image path="CN_07_07_CO_REC10_img11n.jpg" border = "0" pathbig="CN_07_07_CO_REC10_img11a.jpg">
<title><![CDATA[Calor captado en la superficie de una casa.]]></title>
</image>
<image path="CN_07_07_CO_REC10_img12n.jpg" border = "0" pathbig="CN_07_07_CO_REC10_img12a.jpg">
<title><![CDATA[Energía térmica en los seres vivos.]]></title>
</image>
</images>
</page>
<page i="0" visible="true" color="">
<title>La energía térmica</title>
<description><![CDATA[<p><span style="font-family:verdana,geneva,sans-serif">Existen fuentes de energ&iacute;a&nbsp;llamadas&nbsp;<strong>geot&eacute;rmicas,&nbsp;</strong>que provienen del subsuelo terrestre, y que se deben&nbsp;a las altas temperaturas. Si se inyecta agua varios kil&oacute;metros hacia abajo,&nbsp;esta regresa en forma de vapor&nbsp;que sirve para activar turbinas.</span></p>

<p><span style="font-family:verdana,geneva,sans-serif">Las&nbsp;<em>aguas termales </em>son aguas<em>&nbsp;</em>cargadas de minerales<em>&nbsp;</em>que&nbsp;afloran de manera natural a la superficie terrestre. </span></p>

<p><span style="font-family:verdana,geneva,sans-serif">El&nbsp;macaco japon&eacute;s se ba&ntilde;a en estas aguas para soportar&nbsp;el fr&iacute;o de la monta&ntilde;a.</span></p>
]]></description>
<images>
<image path="CN_07_07_CO_REC10_img13n.jpg" border = "0" pathbig="CN_07_07_CO_REC10_img13a.jpg">
<title><![CDATA[Vapor proveniente de la Tierra.]]></title>
</image>
<image path="CN_07_07_CO_REC10_img14n.jpg" border = "0" pathbig="CN_07_07_CO_REC10_img14a.jpg">
<title><![CDATA[Macaco japonés utilizando aguas termales.]]></title>
</image>
</images>
</page>
</pages>
</section><section i="0" star="false" hasSubsections="false">
<menuImage path="CN_07_07_CO_REC10_img03.jpg" border="0">
<title><![CDATA[Química]]></title>
</menuImage>
<pages>
<page i="0" visible="true" color="">
<title>La energía química</title>
<description><![CDATA[<p><span style="font-family:verdana,geneva,sans-serif">En los organismos, la&nbsp;<strong>energ&iacute;a</strong>&nbsp;<strong>qu&iacute;mica&nbsp;</strong>se obtiene mediante el proceso de respiraci&oacute;n celular; en las plantas,&nbsp;a partir de los az&uacute;cares sintetizados durante la fotos&iacute;ntesis, y en los animales,&nbsp;a partir de los alimentos consumidos.</span></p>

<p><span style="font-family:verdana,geneva,sans-serif">Durante la fotos&iacute;ntesis, se producen az&uacute;cares como la glucosa que almacenan energ&iacute;a. La energ&iacute;a contenida en estos az&uacute;cares, y otros nutrientes,&nbsp;fluye a trav&eacute;s de las <strong>cadenas tr&oacute;ficas</strong>.</span></p>

<p>&nbsp;</p>
]]></description>
<images>
<image path="CN_07_07_CO_REC10_img15n.jpg" border = "0" pathbig="CN_07_07_CO_REC10_img15a.jpg">
<title><![CDATA[Producción de glucosa (azúcares) en plantas.]]></title>
</image>
<image path="CN_07_07_CO_REC10_img16n.jpg" border = "1" pathbig="CN_07_07_CO_REC10_img16a.jpg">
<title><![CDATA[]]></title>
</image>
</images>
</page>
<page i="0" visible="true" color="">
<title>La energía química</title>
<description><![CDATA[<p><span style="font-family:verdana,geneva,sans-serif">La <strong>energ&iacute;a qu&iacute;mica</strong>&nbsp;contenida en los alimentos se&nbsp;transforma&nbsp;en los organismos en <strong>energ&iacute;a cin&eacute;tica</strong>, con el movimiento de estos, y en <strong>energ&iacute;a cal&oacute;rica,&nbsp;</strong>que mantiene la temperatura de sus cuerpos y despu&eacute;s se disipa.</span></p>

<p><span style="font-family:verdana,geneva,sans-serif">La <strong>energ&iacute;a qu&iacute;mica</strong>&nbsp;se puede transformar en <strong>energ&iacute;a lum&iacute;nica</strong> y <strong>sonora</strong>, por ejemplo, en los fuegos artificiales.</span></p>

<p><span style="font-family:verdana,geneva,sans-serif">Durante la&nbsp;<strong>combusti&oacute;n</strong> de la gasolina en los motores se transforma la <strong>energ&iacute;a</strong> <strong>qu&iacute;mica</strong> en <strong>energ&iacute;a mec&aacute;nica</strong>.</span></p>
]]></description>
<images>
<image path="CN_07_07_CO_REC10_img17n.jpg" border = "0" pathbig="CN_07_07_CO_REC10_img17a.jpg">
<title><![CDATA[Energía lumínica y sonora de fuegos artificiales]]></title>
</image>
<image path="CN_07_07_CO_REC10_img18n.jpg" border = "0" pathbig="CN_07_07_CO_REC10_img18a.jpg">
<title><![CDATA[Combustión de gasolina.]]></title>
</image>
</images>
</page>
</pages>
</section><section i="0" star="false" hasSubsections="false">
<menuImage path="CN_07_07_CO_REC10_img04.jpg" border="0">
<title><![CDATA[Eléctrica]]></title>
</menuImage>
<pages>
<page i="0" visible="true" color="">
<title>La energía eléctrica</title>
<description><![CDATA[<p><span style="font-family:verdana,geneva,sans-serif">La&nbsp;<strong>energ&iacute;a</strong>&nbsp;<strong>el&eacute;ctrica</strong>,<strong>&nbsp;</strong>puede producirse a partir de distintas fuentes.&nbsp;Se obtiene a partir de la energ&iacute;a solar, la nuclear, la geot&eacute;rmica, la mec&aacute;nica en las hidroel&eacute;ctricas, la qu&iacute;mica, la e&oacute;lica, la de las mareas.</span></p>

<p><span style="font-family:verdana,geneva,sans-serif">Esta energ&iacute;a es la m&aacute;s evidente para la poblaci&oacute;n humana debido a su constante uso en las actividades diarias.</span></p>

<p><span style="font-family:verdana,geneva,sans-serif">Se transforma en energ&iacute;a mec&aacute;nica, t&eacute;rmica, lum&iacute;nica y sonora.&nbsp;</span></p>
]]></description>
<images>
<image path="CN_07_07_CO_REC10_img19n.jpg" border = "1" pathbig="CN_07_07_CO_REC10_img19a.jpg">
<title><![CDATA[Fuentes de energía eléctrica.]]></title>
</image>
</images>
</page>
</pages>
</section><section i="0" star="false" hasSubsections="false">
<menuImage path="CN_07_07_CO_REC10_img05.jpg" border="0">
<title><![CDATA[Mecánica]]></title>
</menuImage>
<pages>
<page i="0" visible="true" color="">
<title>La energía mecánica</title>
<description><![CDATA[<p><span style="font-family:verdana,geneva,sans-serif">La energ&iacute;a&nbsp;<strong>cin&eacute;tica </strong>o<strong> mec&aacute;nica&nbsp;</strong>est&aacute; asociada al movimiento de los organismos y las m&aacute;quinas, que permiten&nbsp;el uso de otras formas&nbsp;de energ&iacute;a para realizar actividades que requieren&nbsp;<strong>fuerza</strong>.</span></p>

<p><span style="font-family:verdana,geneva,sans-serif">La <strong>energ&iacute;a el&eacute;ctrica</strong> y la <strong>energ&iacute;a&nbsp;qu&iacute;mica</strong> se transforman en <strong>energ&iacute;a mec&aacute;nica</strong>&nbsp;en los veh&iacute;culos motorizados.</span></p>

<p><span style="font-family:verdana,geneva,sans-serif">A su vez, la <strong>energ&iacute;a mec&aacute;nica</strong> se puede transformar en energ&iacute;a <strong>t&eacute;rmica</strong>, <strong>sonora</strong> y <strong>el&eacute;ctrica</strong>.</span></p>
]]></description>
<images>
<image path="CN_07_07_CO_REC10_img20n.jpg" border = "0" pathbig="CN_07_07_CO_REC10_img20a.jpg">
<title><![CDATA[Energía mecánica en una persona.]]></title>
</image>
<image path="CN_07_07_CO_REC10_img21n.jpg" border = "0" pathbig="CN_07_07_CO_REC10_img21a.jpg">
<title><![CDATA[Energía mecánica en un vehículo.]]></title>
</image>
</images>
</page>
</pages>
</section><section i="0" star="false" hasSubsections="false">
<menuImage path="CN_07_07_CO_REC10_img06.jpg" border="0">
<title><![CDATA[Sonora]]></title>
</menuImage>
<pages>
<page i="0" visible="true" color="">
<title>La energía sonora</title>
<description><![CDATA[<p><span style="font-family:verdana,geneva,sans-serif">La <strong>energ&iacute;a</strong>&nbsp;<strong>sonora&nbsp;</strong>se puede obtener&nbsp;a partir de energ&iacute;a el&eacute;ctrica, mec&aacute;nica y qu&iacute;mica.&nbsp;</span></p>

<p><span style="font-family:verdana,geneva,sans-serif">Por ejemplo, un m&uacute;sico gasta la&nbsp;<strong>energ&iacute;a qu&iacute;mica</strong> contenida en los alimentos que ha consumido, y la&nbsp;transforma en <strong>energ&iacute;a cin&eacute;tica,</strong> al mover sus manos, y <strong>cal&oacute;rica,</strong> que disipa su cuerpo.&nbsp;La energ&iacute;a cin&eacute;tica trasmitida a las cuerdas se convierte en sonido.</span></p>

<p>&nbsp;</p>
]]></description>
<images>
<image path="CN_07_07_CO_REC10_img22n.jpg" border = "0" pathbig="CN_07_07_CO_REC10_img22a.jpg">
<title><![CDATA[]]></title>
</image>
</images>
</page>
</pages>
</section><section i="0" star="false" hasSubsections="false">
<menuImage path="CN_07_07_CO_REC10_img07.jpg" border="0">
<title><![CDATA[Nuclear]]></title>
</menuImage>
<pages>
<page i="0" visible="true" color="">
<title>La energía nuclear</title>
<description><![CDATA[<p><span style="font-family:verdana,geneva,sans-serif">La <strong>energ&iacute;a</strong>&nbsp;<strong>nuclear&nbsp;</strong>se obtiene a partir de la <strong>fisi&oacute;n</strong> de los n&uacute;cleos at&oacute;micos de ciertos elementos qu&iacute;micos, como el uranio 235, y libera una gran cantidad de <strong>energ&iacute;a t&eacute;rmica</strong>. Tambi&eacute;n restan desechos radiactivos que deben aislarse de manera apropiada hasta que su actividad decaiga.</span></p>

<p><span style="font-family:verdana,geneva,sans-serif">Esta <strong>energ&iacute;a t&eacute;rmica</strong> se transforma en <strong>energ&iacute;a&nbsp;el&eacute;ctrica</strong> y <strong>mec&aacute;nica</strong>.</span></p>

<p><span style="font-family:verdana,geneva,sans-serif">La <strong>energ&iacute;a nuclear</strong> se utiliza,&nbsp;de manera controlada, en&nbsp;centrales el&eacute;ctricas, en medicina nuclear y dataci&oacute;n arqueol&oacute;gica.</span></p>

<p><span style="font-family:verdana,geneva,sans-serif">Es tan impredecible, que en las reacciones descontroladas llega a tener efectos devastadores en los ecosistemas.</span></p>
]]></description>
<images>
<image path="CN_07_07_CO_REC10_img23n.jpg" border = "0" pathbig="CN_07_07_CO_REC10_img23a.jpg">
<title><![CDATA[Máquina de medicina nuclear.]]></title>
</image>
<image path="CN_07_07_CO_REC10_img24n.jpg" border = "0" pathbig="CN_07_07_CO_REC10_img24a.jpg">
<title><![CDATA[Bomba atómica.]]></title>
</image>
</images>
</page>
</pages>
</section></sections>
</engine>