﻿<?xml version="1.0" encoding="utf-8"?><motor tipo="1" clase="c" aprid="M1c">
  <plataforma>
    <grado><![CDATA[2]]></grado>
    <titulo>Resuelve problemas sobre el movimiento circular</titulo>
    <area>6</area>
    <nivel><![CDATA[2]]></nivel>
    <referencia><![CDATA[FQ_10_01_15]]></referencia>
    <idreg><![CDATA[1769]]></idreg>
    <motor><![CDATA[M1C]]></motor>
    <lang>es</lang>
  </plataforma>
  <enunciado><![CDATA[Resuelve los siguientes problemas utilizando las fórmulas correspondientes al movimiento circular uniformemente acelerado.]]></enunciado>
  <masinfo inicio="0"/>
  <sinaleatoriedad><![CDATA[0]]></sinaleatoriedad>
  <calc><![CDATA[1]]></calc>
  <textoatexto cantidad="5">
    <cuestion>
      <pregunta><![CDATA[Una rueda que gira a 10 rad/s con una aceleración angular de 3 rad/s{{sup}}2{{normal}} durante 5 s ...]]></pregunta>
      <respuesta><![CDATA[alcanzará una velocidad angular de 25 rad/s.]]></respuesta>
    </cuestion>
    <cuestion>
      <pregunta><![CDATA[Una rueda que inicia su movimiento a 3 rad/s con una aceleración angular de 1,5 rad/s{{sup}}2{{normal}} hasta detenerse 8 s después ...]]></pregunta>
      <respuesta><![CDATA[habrá recorrido un ángulo de 72 rad.]]></respuesta>
    </cuestion>
    <cuestion>
      <pregunta><![CDATA[Una rueda que gira a 12 rad/s y tarda 10 s en detenerse ...]]></pregunta>
      <respuesta><![CDATA[presenta una aceleración angular de –1,2 rad/s{{sup}}2{{normal}}.]]></respuesta>
    </cuestion>
    <cuestion>
      <pregunta><![CDATA[Una rueda que gira a 18 rad/s y tarda 7 s en detenerse ...]]></pregunta>
      <respuesta><![CDATA[sufre una aceleración de –2,6 rad/s{{sup}}2{{normal}}.]]></respuesta>
    </cuestion>
    <cuestion>
      <pregunta><![CDATA[Para que una rueda aumente su velocidad de 12 rad/s a 20 rad/s con una aceleración angular de 2 rad/s{{sup}}2{{normal}} ...]]></pregunta>
      <respuesta><![CDATA[deberán transcurrir 4 s.]]></respuesta>
    </cuestion>
  </textoatexto>
  <textofalso cantidad="0"/>
</motor>