﻿<?xml version="1.0" encoding="UTF-8"?>
<XMLDatos aprid="F">
  <titulo><![CDATA[<b>La planta adulta</b>]]></titulo>
  <tex_1><![CDATA[La planta adulta corresponde a la fase esporófita que se reproduce asexualmente.]]></tex_1>
  <titspore><![CDATA[<b>La formación de esporas</b>]]></titspore>
  <texspore><![CDATA[El esporófito por reproducción asexual forma las esporas que llevan en su interior el gametófito. Al formarse por reproducción asexual la planta no necesita otro individuo para llevar a cabo la formación de los gametófitos.]]></texspore>
  <titpoll><![CDATA[<b>La polinización</b>]]></titpoll>
  <texpoll_1><![CDATA[En la polinización los granos de polen deben entrar en contacto con el gametófito femenino.]]></texpoll_1>
  <texpoll_2><![CDATA[El viento y los animales, normalmente insectos y aves, llevan a cabo el transporte del polen o polinización.]]></texpoll_2>
  <titfert><![CDATA[<b>La fecundación</b>]]></titfert>
  <texfert><![CDATA[En la fecundación se produce la reproducción sexual de las plantas. En esta fase el gametófito masculino y el femenino se fusionan para 
dar lugar al cigoto.]]></texfert>
  <titseed><![CDATA[<b>La formación de la semilla</b>]]></titseed>
  <texseed><![CDATA[Este cigoto formará la semilla.<br>
En el caso de las angiospermas estará protegida por un fruto.]]></texseed>
  <titdisp><![CDATA[<b>La dispersión de la semilla</b>]]></titdisp>
  <texdisp_1><![CDATA[La semilla se debe alejar de la planta adulta.]]></texdisp_1>
  <texdisp_2><![CDATA[Si la semilla tiene estructuras que facilitan el vuelo lo hace 
el viento.]]></texdisp_2>
  <texdisp_3><![CDATA[Si no, la semilla está protegida por un fruto atractivo y la transportan los animales.]]></texdisp_3>
  <titgerm><![CDATA[<b>La germinación</b>]]></titgerm>
  <texgerm><![CDATA[La semilla en condiciones ambientales favorables germina para dar lugar de nuevo al esporófito adulto.]]></texgerm>
  <btnpractica><![CDATA[PRACTICA]]></btnpractica>
  <btnsolucion><![CDATA[SOLUCIÓN]]></btnsolucion>
</XMLDatos>