﻿<?xml version="1.0" encoding="UTF-8"?>
<engine copy="Editorial Planeta" version="1" aprid="F6">
  <main layout="13">
    <title>Las sustancias puras y las mezclas</title>
    <footer>Selecciona una imagen</footer>
  </main>
  <sections>
    <section i="0" star="false" hasSubsections="false">
      <submenu>
        <sections />
      </submenu>
      <pages>
        <page i="0" visible="true" color="#D5E8F0">
          <title />
          <description><![CDATA[<TextFlow><p><span fontSize="14">¿Es una sustancia pura o una mezcla? </span></p></TextFlow>]]></description>
          <images>
            <image path="medias/section_0_1_page1.jpg" border="false">
              <title />
            </image>
            <image path="" border="false">
              <title />
            </image>
            <image path="" border="false">
              <title />
            </image>
          </images>
        </page>
        <page i="0" visible="true" color="#D5E8F0">
          <title />
          <description><![CDATA[<TextFlow><p><span fontSize="12" fontWeight="bold">Mezcla</span></p><p><span fontSize="16" fontWeight="bold"></span></p><p paragraphStartIndent="20" styleName="bullet"><span fontSize="12">Contiene diferentes sustancias.</span></p><p><span fontSize="12"></span></p><p paragraphStartIndent="20" styleName="bullet"><span fontSize="12">Las sustancias se pueden separar físicamente. </span></p></TextFlow>]]></description>
          <images>
            <image path="medias/section_0_1_page2.jpg" border="false">
              <title />
            </image>
            <image path="" border="false">
              <title />
            </image>
            <image path="" border="false">
              <title />
            </image>
          </images>
        </page>
        <page i="0" visible="true" color="#D5E8F0">
          <title />
          <description><![CDATA[<TextFlow><p><span fontSize="14">¿Es una mezcla homogénea o heterogénea?</span></p></TextFlow>]]></description>
          <images>
            <image path="medias/section_0_1_page3.jpg" border="false">
              <title />
            </image>
            <image path="" border="false">
              <title />
            </image>
            <image path="" border="false">
              <title />
            </image>
          </images>
        </page>
        <page i="0" visible="true" color="#D5E8F0">
          <title />
          <description><![CDATA[<TextFlow><p><span fontSize="12" fontWeight="bold">Mezcla homogénea</span></p><p><span fontSize="16" fontWeight="bold"></span></p><p paragraphStartIndent="20" styleName="bullet"><span fontSize="12">No se distinguen sus componentes a simple vista.</span></p><p><span fontSize="12"></span></p><p paragraphStartIndent="20" styleName="bullet"><span fontSize="12">Tiene un aspecto uniforme.</span></p><p><span fontSize="12"></span></p><p paragraphStartIndent="20" styleName="bullet"><span fontSize="12">Tiene las mismas propiedades en toda su masa.</span></p></TextFlow>]]></description>
          <images>
            <image path="medias/section_0_1_page4.jpg" border="false">
              <title />
            </image>
            <image path="" border="false">
              <title />
            </image>
            <image path="" border="false">
              <title />
            </image>
          </images>
        </page>
        <page i="0" visible="true" color="#D5E8F0">
          <title />
          <description><![CDATA[<TextFlow><p><span fontSize="14">¿Cómo podemos separar sus componentes?</span></p></TextFlow>]]></description>
          <images>
            <image path="medias/section_0_1_page5.jpg" border="false">
              <title />
            </image>
            <image path="" border="false">
              <title />
            </image>
            <image path="" border="false">
              <title />
            </image>
          </images>
        </page>
        <page i="0" visible="false" color="#FFCC00">
          <title />
          <description />
          <images>
            <image path="" border="false">
              <title />
            </image>
            <image path="" border="false">
              <title />
            </image>
            <image path="" border="false">
              <title />
            </image>
          </images>
        </page>
      </pages>
      <menuImage path="medias/mainMenu_0.jpg" border="false">
        <title><![CDATA[<TextFlow><p><span>Agua de mar</span></p></TextFlow>]]></title>
      </menuImage>
    </section>
    <section i="1" star="false" hasSubsections="false">
      <submenu>
        <sections />
      </submenu>
      <pages>
        <page i="1" visible="true" color="#F0CDD1">
          <title />
          <description><![CDATA[<TextFlow><p><span fontSize="14">¿Es una sustancia pura o una mezcla?</span></p></TextFlow>]]></description>
          <images>
            <image path="medias/section_1_1_page1.jpg" border="true">
              <title />
            </image>
            <image path="" border="false">
              <title />
            </image>
            <image path="" border="false">
              <title />
            </image>
          </images>
        </page>
        <page i="1" visible="true" color="#F0CDD1">
          <title />
          <description><![CDATA[<TextFlow><p><span fontSize="12" fontWeight="bold">Mezcla</span></p><p><span fontSize="16" fontWeight="bold"></span></p><p paragraphStartIndent="20" styleName="bullet"><span fontSize="12">Contiene diferentes sustancias.</span></p><p><span fontSize="12"></span></p><p paragraphStartIndent="20" styleName="bullet"><span fontSize="12">Las sustancias se pueden separar físicamente.</span></p></TextFlow>]]></description>
          <images>
            <image path="medias/section_1_1_page2.jpg" border="true">
              <title />
            </image>
            <image path="" border="false">
              <title />
            </image>
            <image path="" border="false">
              <title />
            </image>
          </images>
        </page>
        <page i="1" visible="true" color="#F0CDD1">
          <title />
          <description><![CDATA[<TextFlow><p><span fontSize="14">¿Es una mezcla homogénea o heterogénea?</span></p></TextFlow>]]></description>
          <images>
            <image path="medias/section_1_1_page3.jpg" border="true">
              <title />
            </image>
            <image path="" border="false">
              <title />
            </image>
            <image path="" border="false">
              <title />
            </image>
          </images>
        </page>
        <page i="1" visible="true" color="#F0CDD1">
          <title />
          <description><![CDATA[<TextFlow><p><span fontSize="12" fontWeight="bold">Mezcla homogénea</span></p><p><span fontSize="16" fontWeight="bold"></span></p><p paragraphStartIndent="20" styleName="bullet"><span fontSize="12">No se distinguen sus componentes a simple vista.</span></p><p><span fontSize="12"></span></p><p paragraphStartIndent="20" styleName="bullet"><span fontSize="12">Tiene un aspecto uniforme.</span></p><p><span fontSize="12"></span></p><p paragraphStartIndent="20" styleName="bullet"><span fontSize="12">Tiene las mismas propiedades en toda su masa.</span></p></TextFlow>]]></description>
          <images>
            <image path="medias/section_1_1_page4.jpg" border="true">
              <title />
            </image>
            <image path="" border="false">
              <title />
            </image>
            <image path="" border="false">
              <title />
            </image>
          </images>
        </page>
        <page i="1" visible="true" color="#F0CDD1">
          <title />
          <description><![CDATA[<TextFlow><p><span fontSize="14">¿Cómo podemos separar sus componentes?</span></p></TextFlow>]]></description>
          <images>
            <image path="medias/section_1_1_page5.jpg" border="true">
              <title />
            </image>
            <image path="" border="false">
              <title />
            </image>
            <image path="" border="false">
              <title />
            </image>
          </images>
        </page>
        <page i="1" visible="false" color="#FFCC00">
          <title />
          <description />
          <images>
            <image path="" border="false">
              <title />
            </image>
            <image path="" border="false">
              <title />
            </image>
            <image path="" border="false">
              <title />
            </image>
          </images>
        </page>
      </pages>
      <menuImage path="medias/mainMenu_1.jpg" border="true">
        <title><![CDATA[<TextFlow><p><span>Vino</span></p></TextFlow>]]></title>
      </menuImage>
    </section>
    <section i="2" star="false" hasSubsections="false">
      <submenu>
        <sections />
      </submenu>
      <pages>
        <page i="2" visible="true" color="#E8E0D9">
          <title />
          <description><![CDATA[<TextFlow><p><span fontSize="14">¿Es una sustancia pura o una mezcla?</span></p></TextFlow>]]></description>
          <images>
            <image path="medias/section_2_1_page1.jpg" border="false">
              <title />
            </image>
            <image path="" border="false">
              <title />
            </image>
            <image path="" border="false">
              <title />
            </image>
          </images>
        </page>
        <page i="2" visible="true" color="#E8E0D9">
          <title />
          <description><![CDATA[<TextFlow><p><span fontSize="12" fontWeight="bold">Mezcla</span></p><p><span fontSize="16" fontWeight="bold"></span></p><p paragraphStartIndent="20" styleName="bullet"><span fontSize="12">Contiene diferentes sustancias.</span></p><p><span fontSize="12"></span></p><p paragraphStartIndent="20" styleName="bullet"><span fontSize="12">Las sustancias se pueden separar físicamente.</span></p></TextFlow>]]></description>
          <images>
            <image path="medias/section_2_1_page2.jpg" border="false">
              <title />
            </image>
            <image path="" border="false">
              <title />
            </image>
            <image path="" border="false">
              <title />
            </image>
          </images>
        </page>
        <page i="2" visible="true" color="#E8E0D9">
          <title />
          <description><![CDATA[<TextFlow><p><span fontSize="14">¿Es una mezcla homogénea o heterogénea?</span></p></TextFlow>]]></description>
          <images>
            <image path="medias/section_2_1_page3.jpg" border="false">
              <title />
            </image>
            <image path="" border="false">
              <title />
            </image>
            <image path="" border="false">
              <title />
            </image>
          </images>
        </page>
        <page i="2" visible="true" color="#E8E0D9">
          <title />
          <description><![CDATA[<TextFlow><p><span fontSize="12" fontWeight="bold">Mezcla heterogénea</span></p><p><span fontSize="16" fontWeight="bold"></span></p><p paragraphStartIndent="20" styleName="bullet"><span fontSize="12">Se distinguen sus componentes a simple vista.</span></p><p><span fontSize="12"></span></p><p paragraphStartIndent="20" styleName="bullet"><span fontSize="12">No tiene un aspecto uniforme.</span></p><p><span fontSize="12"></span></p><p paragraphStartIndent="20" styleName="bullet"><span fontSize="12">La mezcla tiene propiedades diferentes según la muestra que se tome de ella.</span></p></TextFlow>]]></description>
          <images>
            <image path="medias/section_2_1_page4.jpg" border="false">
              <title />
            </image>
            <image path="" border="false">
              <title />
            </image>
            <image path="" border="false">
              <title />
            </image>
          </images>
        </page>
        <page i="2" visible="true" color="#E8E0D9">
          <title />
          <description><![CDATA[<TextFlow><p><span fontSize="14">¿Cómo podemos separar sus componentes?</span></p></TextFlow>]]></description>
          <images>
            <image path="medias/section_2_1_page5.jpg" border="false">
              <title />
            </image>
            <image path="" border="false">
              <title />
            </image>
            <image path="" border="false">
              <title />
            </image>
          </images>
        </page>
        <page i="2" visible="false" color="#FFCC00">
          <title />
          <description />
          <images>
            <image path="" border="false">
              <title />
            </image>
            <image path="" border="false">
              <title />
            </image>
            <image path="" border="false">
              <title />
            </image>
          </images>
        </page>
      </pages>
      <menuImage path="medias/mainMenu_2.jpg" border="false">
        <title><![CDATA[<TextFlow><p><span>Frutos secos</span></p></TextFlow>]]></title>
      </menuImage>
    </section>
    <section i="3" star="false" hasSubsections="false">
      <submenu>
        <sections />
      </submenu>
      <pages>
        <page i="3" visible="true" color="#ECD9F7">
          <title />
          <description><![CDATA[<TextFlow><p><span fontSize="14">¿Es una sustancia pura o una mezcla?</span></p></TextFlow>]]></description>
          <images>
            <image path="medias/section_3_1_page1.jpg" border="false">
              <title />
            </image>
            <image path="" border="false">
              <title />
            </image>
            <image path="" border="false">
              <title />
            </image>
          </images>
        </page>
        <page i="3" visible="true" color="#ECD9F7">
          <title />
          <description><![CDATA[<TextFlow><p><span fontSize="12" fontWeight="bold">Sustancia pura</span></p><p><span fontSize="16" fontWeight="bold"></span></p><p paragraphStartIndent="20" styleName="bullet"><span fontSize="12">Composición química definida.</span></p><p><span fontSize="12"></span></p><p paragraphStartIndent="20" styleName="bullet"><span fontSize="12">No está mezclada con ninguna otra sustancia.</span></p><p><span fontSize="12"></span></p><p paragraphStartIndent="20" styleName="bullet"><span fontSize="12">Tiene unas propiedades características.</span></p></TextFlow>]]></description>
          <images>
            <image path="medias/section_3_1_page2.jpg" border="false">
              <title />
            </image>
            <image path="" border="false">
              <title />
            </image>
            <image path="" border="false">
              <title />
            </image>
          </images>
        </page>
        <page i="3" visible="true" color="#ECD9F7">
          <title />
          <description><![CDATA[<TextFlow><p><span fontSize="14">¿Cómo podemos separar sus componentes?</span></p></TextFlow>]]></description>
          <images>
            <image path="medias/section_3_1_page3.jpg" border="false">
              <title />
            </image>
            <image path="" border="false">
              <title />
            </image>
            <image path="" border="false">
              <title />
            </image>
          </images>
        </page>
        <page i="3" visible="false" color="#FFCC00">
          <title />
          <description />
          <images>
            <image path="" border="false">
              <title />
            </image>
            <image path="" border="false">
              <title />
            </image>
            <image path="" border="false">
              <title />
            </image>
          </images>
        </page>
        <page i="3" visible="false" color="#FFCC00">
          <title />
          <description />
          <images>
            <image path="" border="false">
              <title />
            </image>
            <image path="" border="false">
              <title />
            </image>
            <image path="" border="false">
              <title />
            </image>
          </images>
        </page>
        <page i="3" visible="false" color="#FFCC00">
          <title />
          <description />
          <images>
            <image path="" border="false">
              <title />
            </image>
            <image path="" border="false">
              <title />
            </image>
            <image path="" border="false">
              <title />
            </image>
          </images>
        </page>
      </pages>
      <menuImage path="medias/mainMenu_3.jpg" border="false">
        <title><![CDATA[<TextFlow><p><span>Sal</span></p></TextFlow>]]></title>
      </menuImage>
    </section>
    <section i="4" star="false" hasSubsections="false">
      <submenu>
        <sections />
      </submenu>
      <pages>
        <page i="4" visible="true" color="#FCDDD6">
          <title />
          <description><![CDATA[<TextFlow><p><span fontSize="14">¿Es una sustancia pura o una mezcla?</span></p></TextFlow>]]></description>
          <images>
            <image path="medias/section_4_1_page1.jpg" border="false">
              <title />
            </image>
            <image path="" border="false">
              <title />
            </image>
            <image path="" border="false">
              <title />
            </image>
          </images>
        </page>
        <page i="4" visible="true" color="#FCDDD6">
          <title />
          <description><![CDATA[<TextFlow><p><span fontSize="12" fontWeight="bold">Mezcla</span></p><p><span fontSize="16" fontWeight="bold"></span></p><p paragraphStartIndent="20" styleName="bullet"><span fontSize="12">Contiene diferentes sustancias.</span></p><p><span fontSize="12"></span></p><p paragraphStartIndent="20" styleName="bullet"><span fontSize="12">Las sustancias se pueden separar físicamente.</span></p></TextFlow>]]></description>
          <images>
            <image path="medias/section_4_1_page2.jpg" border="false">
              <title />
            </image>
            <image path="" border="false">
              <title />
            </image>
            <image path="" border="false">
              <title />
            </image>
          </images>
        </page>
        <page i="4" visible="true" color="#FCDDD6">
          <title />
          <description><![CDATA[<TextFlow><p><span fontSize="14">¿Es una mezcla homogénea o heterogénea?</span></p></TextFlow>]]></description>
          <images>
            <image path="medias/section_4_1_page3.jpg" border="false">
              <title />
            </image>
            <image path="" border="false">
              <title />
            </image>
            <image path="" border="false">
              <title />
            </image>
          </images>
        </page>
        <page i="4" visible="true" color="#FCDDD6">
          <title />
          <description><![CDATA[<TextFlow><p><span fontSize="12" fontWeight="bold">Mezcla heterogénea</span></p><p><span fontSize="16" fontWeight="bold"></span></p><p paragraphStartIndent="20" styleName="bullet"><span fontSize="12">Se distinguen sus componentes a simple vista.</span></p><p><span fontSize="12"></span></p><p paragraphStartIndent="20" styleName="bullet"><span fontSize="12">No tiene un aspecto uniforme.</span></p><p><span fontSize="12"></span></p><p paragraphStartIndent="20" styleName="bullet"><span fontSize="12">La mezcla tiene propiedades diferentes según la muestra que se tome de ella.</span></p></TextFlow>]]></description>
          <images>
            <image path="medias/section_4_1_page4.jpg" border="false">
              <title />
            </image>
            <image path="" border="false">
              <title />
            </image>
            <image path="" border="false">
              <title />
            </image>
          </images>
        </page>
        <page i="4" visible="true" color="#FCDDD6">
          <title />
          <description><![CDATA[<TextFlow><p><span fontSize="14">¿Cómo podemos separar sus componentes?</span></p></TextFlow>]]></description>
          <images>
            <image path="medias/section_4_1_page5.jpg" border="false">
              <title />
            </image>
            <image path="" border="false">
              <title />
            </image>
            <image path="" border="false">
              <title />
            </image>
          </images>
        </page>
        <page i="4" visible="false" color="#FFCC00">
          <title />
          <description />
          <images>
            <image path="" border="false">
              <title />
            </image>
            <image path="" border="false">
              <title />
            </image>
            <image path="" border="false">
              <title />
            </image>
          </images>
        </page>
      </pages>
      <menuImage path="medias/mainMenu_4.jpg" border="false">
        <title><![CDATA[<TextFlow><p><span>Agua y aceite</span></p></TextFlow>]]></title>
      </menuImage>
    </section>
    <section i="5" star="false" hasSubsections="false">
      <submenu>
        <sections />
      </submenu>
      <pages>
        <page i="5" visible="true" color="#D3E9DF">
          <title />
          <description><![CDATA[<TextFlow><p><span fontSize="14">¿Es una sustancia pura o una mezcla?</span></p></TextFlow>]]></description>
          <images>
            <image path="medias/section_5_1_page1.jpg" border="false">
              <title />
            </image>
            <image path="" border="false">
              <title />
            </image>
            <image path="" border="false">
              <title />
            </image>
          </images>
        </page>
        <page i="5" visible="true" color="#D3E9DF">
          <title />
          <description><![CDATA[<TextFlow><p><span fontSize="12" fontWeight="bold">Mezcla</span></p><p><span fontSize="16" fontWeight="bold"></span></p><p paragraphStartIndent="20" styleName="bullet"><span fontSize="12">Contiene diferentes sustancias.</span></p><p><span fontSize="12"></span></p><p paragraphStartIndent="20" styleName="bullet"><span fontSize="12">Las sustancias se pueden separar físicamente.</span></p></TextFlow>]]></description>
          <images>
            <image path="medias/section_5_1_page2.jpg" border="false">
              <title />
            </image>
            <image path="" border="false">
              <title />
            </image>
            <image path="" border="false">
              <title />
            </image>
          </images>
        </page>
        <page i="5" visible="true" color="#D3E9DF">
          <title />
          <description><![CDATA[<TextFlow><p><span fontSize="14">¿Es una mezcla homogénea o heterogénea?</span></p></TextFlow>]]></description>
          <images>
            <image path="medias/section_5_1_page3.jpg" border="false">
              <title />
            </image>
            <image path="" border="false">
              <title />
            </image>
            <image path="" border="false">
              <title />
            </image>
          </images>
        </page>
        <page i="5" visible="true" color="#D3E9DF">
          <title />
          <description><![CDATA[<TextFlow><p><span fontSize="12" fontWeight="bold">Mezcla heterogénea</span></p><p><span fontSize="16" fontWeight="bold"></span></p><p paragraphStartIndent="20" styleName="bullet"><span fontSize="12">Se distinguen sus componentes a simple vista.</span></p><p><span fontSize="12"></span></p><p paragraphStartIndent="20" styleName="bullet"><span fontSize="12">No tiene un aspecto uniforme.</span></p><p><span fontSize="12"></span></p><p paragraphStartIndent="20" styleName="bullet"><span fontSize="12">La mezcla tiene propiedades diferentes según la muestra que se tome de ella.</span></p></TextFlow>]]></description>
          <images>
            <image path="medias/section_5_1_page4.jpg" border="false">
              <title />
            </image>
            <image path="" border="false">
              <title />
            </image>
            <image path="" border="false">
              <title />
            </image>
          </images>
        </page>
        <page i="5" visible="true" color="#D3E9DF">
          <title />
          <description><![CDATA[<TextFlow><p><span fontSize="14">¿Cómo podemos separar sus componentes?</span></p></TextFlow>]]></description>
          <images>
            <image path="medias/section_5_1_page5.jpg" border="false">
              <title />
            </image>
            <image path="" border="false">
              <title />
            </image>
            <image path="" border="false">
              <title />
            </image>
          </images>
        </page>
        <page i="5" visible="false" color="#FFCC00">
          <title />
          <description />
          <images>
            <image path="" border="false">
              <title />
            </image>
            <image path="" border="false">
              <title />
            </image>
            <image path="" border="false">
              <title />
            </image>
          </images>
        </page>
      </pages>
      <menuImage path="medias/mainMenu_5.jpg" border="false">
        <title><![CDATA[<TextFlow><p><span>Sopa</span></p></TextFlow>]]></title>
      </menuImage>
    </section>
    <section i="6" star="false" hasSubsections="false">
      <submenu>
        <sections />
      </submenu>
      <pages>
        <page i="6" visible="true" color="#E6D0E5">
          <title />
          <description><![CDATA[<TextFlow><p><span fontSize="14">¿Es una sustancia pura o una mezcla?</span></p></TextFlow>]]></description>
          <images>
            <image path="medias/section_6_1_page1.jpg" border="false">
              <title />
            </image>
            <image path="" border="false">
              <title />
            </image>
            <image path="" border="false">
              <title />
            </image>
          </images>
        </page>
        <page i="6" visible="true" color="#E6D0E5">
          <title />
          <description><![CDATA[<TextFlow><p><span fontSize="12" fontWeight="bold">Sustancia pura</span></p><p><span fontSize="16" fontWeight="bold"></span></p><p paragraphStartIndent="20" styleName="bullet"><span fontSize="12">Composición química definida.</span></p><p><span fontSize="12"></span></p><p paragraphStartIndent="20" styleName="bullet"><span fontSize="12">No está mezclada con ninguna otra sustancia.</span></p><p><span fontSize="12"></span></p><p paragraphStartIndent="20" styleName="bullet"><span fontSize="12">Tiene unas propiedades características.</span></p></TextFlow>]]></description>
          <images>
            <image path="medias/section_6_1_page2.jpg" border="false">
              <title />
            </image>
            <image path="" border="false">
              <title />
            </image>
            <image path="" border="false">
              <title />
            </image>
          </images>
        </page>
        <page i="6" visible="true" color="#E6D0E5">
          <title />
          <description><![CDATA[<TextFlow><p><span fontSize="14">¿Cómo podemos separar sus componentes?</span></p></TextFlow>]]></description>
          <images>
            <image path="medias/section_6_1_page3.jpg" border="false">
              <title />
            </image>
            <image path="" border="false">
              <title />
            </image>
            <image path="" border="false">
              <title />
            </image>
          </images>
        </page>
        <page i="6" visible="false" color="#FFCC00">
          <title />
          <description />
          <images>
            <image path="" border="false">
              <title />
            </image>
            <image path="" border="false">
              <title />
            </image>
            <image path="" border="false">
              <title />
            </image>
          </images>
        </page>
        <page i="6" visible="false" color="#FFCC00">
          <title />
          <description />
          <images>
            <image path="" border="false">
              <title />
            </image>
            <image path="" border="false">
              <title />
            </image>
            <image path="" border="false">
              <title />
            </image>
          </images>
        </page>
        <page i="6" visible="false" color="#FFCC00">
          <title />
          <description />
          <images>
            <image path="" border="false">
              <title />
            </image>
            <image path="" border="false">
              <title />
            </image>
            <image path="" border="false">
              <title />
            </image>
          </images>
        </page>
      </pages>
      <menuImage path="medias/mainMenu_6.jpg" border="false">
        <title><![CDATA[<TextFlow><p><span>Azúcar</span></p></TextFlow>]]></title>
      </menuImage>
    </section>
    <section i="7" star="false" hasSubsections="false">
      <submenu>
        <sections />
      </submenu>
      <pages>
        <page i="7" visible="true" color="#FCDDD6">
          <title />
          <description><![CDATA[<TextFlow><p><span fontSize="14">¿Es una sustancia pura o una mezcla?</span></p></TextFlow>]]></description>
          <images>
            <image path="medias/section_7_1_page1.jpg" border="false">
              <title />
            </image>
            <image path="" border="false">
              <title />
            </image>
            <image path="" border="false">
              <title />
            </image>
          </images>
        </page>
        <page i="7" visible="true" color="#FCDDD6">
          <title />
          <description><![CDATA[<TextFlow><p><span fontSize="12" fontWeight="bold">Mezcla</span></p><p><span fontSize="16" fontWeight="bold"></span></p><p paragraphStartIndent="20" styleName="bullet"><span fontSize="12">Contiene diferentes sustancias.</span></p><p><span fontSize="12"></span></p><p paragraphStartIndent="20" styleName="bullet"><span fontSize="12">Las sustancias se pueden separar físicamente.</span></p></TextFlow>]]></description>
          <images>
            <image path="medias/section_7_1_page2.jpg" border="false">
              <title />
            </image>
            <image path="" border="false">
              <title />
            </image>
            <image path="" border="false">
              <title />
            </image>
          </images>
        </page>
        <page i="7" visible="true" color="#FCDDD6">
          <title />
          <description><![CDATA[<TextFlow><p><span fontSize="14">¿Es una mezcla homogénea o heterogénea?</span></p></TextFlow>]]></description>
          <images>
            <image path="medias/section_7_1_page3.jpg" border="false">
              <title />
            </image>
            <image path="" border="false">
              <title />
            </image>
            <image path="" border="false">
              <title />
            </image>
          </images>
        </page>
        <page i="7" visible="true" color="#FCDDD6">
          <title />
          <description><![CDATA[<TextFlow><p><span fontSize="12" fontWeight="bold">Mezcla heterogénea</span></p><p><span fontSize="16" fontWeight="bold"></span></p><p paragraphStartIndent="20" styleName="bullet"><span fontSize="12">Se distinguen sus componentes a simple vista.</span></p><p><span fontSize="12"></span></p><p paragraphStartIndent="20" styleName="bullet"><span fontSize="12">No tiene un aspecto uniforme.</span></p><p><span fontSize="12"></span></p><p paragraphStartIndent="20" styleName="bullet"><span fontSize="12">La mezcla tiene propiedades diferentes según la muestra que se toma de ella.</span></p></TextFlow>]]></description>
          <images>
            <image path="medias/section_7_1_page4.jpg" border="false">
              <title />
            </image>
            <image path="" border="false">
              <title />
            </image>
            <image path="" border="false">
              <title />
            </image>
          </images>
        </page>
        <page i="7" visible="true" color="#FCDDD6">
          <title />
          <description><![CDATA[<TextFlow><p><span fontSize="14">¿Cómo podemos separar sus componentes?</span></p></TextFlow>]]></description>
          <images>
            <image path="medias/section_7_1_page5.jpg" border="false">
              <title />
            </image>
            <image path="" border="false">
              <title />
            </image>
            <image path="" border="false">
              <title />
            </image>
          </images>
        </page>
        <page i="7" visible="false" color="#FFCC00">
          <title />
          <description />
          <images>
            <image path="" border="false">
              <title />
            </image>
            <image path="" border="false">
              <title />
            </image>
            <image path="" border="false">
              <title />
            </image>
          </images>
        </page>
      </pages>
      <menuImage path="medias/mainMenu_7.jpg" border="false">
        <title><![CDATA[<TextFlow><p><span>Conglomerado</span></p></TextFlow>]]></title>
      </menuImage>
    </section>
  </sections>
</engine>