﻿<?xml version="1.0" encoding="utf-8"?><motor tipo="5" clase="b" aprid="m5b">
  <plataforma>
    <grado><![CDATA[2]]></grado>
    <titulo>Las características de la selva húmeda tropical</titulo>
    <area>0</area>
    <nivel>2</nivel>
    <referencia/>
    <idreg><![CDATA[0]]></idreg>
    <motor><![CDATA[M5B]]></motor>
    <lang>es</lang>
  </plataforma>
  <enunciado><![CDATA[A partir del video, señala la respuesta correcta sobre las características de la selva húmeda tropical.]]></enunciado>
  <masinfo inicio="0"/>
  <sinaleatoriedad><![CDATA[0]]></sinaleatoriedad>
  <calc><![CDATA[0]]></calc>
  <respuestaunica><![CDATA[0]]></respuestaunica>
  <test cantidad="5">
    <cuestion>
      <enunciado><![CDATA[¿Qué caracteriza a la selva húmeda tropical?]]></enunciado>
      <explicacion><![CDATA[La selva húmeda tropical se caracteriza por su enorme biodiversidad.]]></explicacion>
      <video><![CDATA[VI010235_CO_LO.mp4]]></video>
      <salto/>
      <respuestas>
        <respuesta contestacion="Su baja biodiversidad." correcta="0"/>
        <respuesta contestacion="Sus suelos ricos en nutrientes." correcta="0"/>
        <respuesta contestacion="Su carencia de estratos." correcta="0"/>
        <respuesta contestacion="Su enorme biodiversidad." correcta="1"/>
      </respuestas>
    </cuestion>
    <cuestion>
      <enunciado><![CDATA[En el clima permanentemente cálido y húmedo de los ecosistemas selváticos se presentan lluvias]]></enunciado>
      <explicacion><![CDATA[En los ecosistemas selváticos se presentan lluvias abundantes, distribuidas en tiempo y espacio, y temperaturas altas.]]></explicacion>
      <video><![CDATA[VI010235_CO_LO.mp4]]></video>
      <salto/>
      <respuestas>
        <respuesta contestacion="abundantes, distribuidas en tiempo y espacio, y temperaturas altas." correcta="1"/>
        <respuesta contestacion="distribuidas en tiempo y espacio, y temperaturas bajas." correcta="0"/>
        <respuesta contestacion="permanentes y temperaturas altas." correcta="0"/>
        <respuesta contestacion="esporádicas y temperaturas altas." correcta="0"/>
        <respuesta contestacion="abundantes, distribuidas en tiempo y espacio, y temperaturas bajas." correcta="0"/>
      </respuestas>
    </cuestion>
    <cuestion>
      <enunciado><![CDATA[En el ecosistema selvático coexisten gran variedad de ]]></enunciado>
      <explicacion><![CDATA[En el ecosistema selvático coexisten gran variedad de formas animales y vegetales.]]></explicacion>
      <video><![CDATA[VI010235_CO_LO.mp4]]></video>
      <salto/>
      <respuestas>
        <respuesta contestacion="estrategias de defensa y de agresión." correcta="0"/>
        <respuesta contestacion="componentes bióticos y componentes vivos." correcta="0"/>
        <respuesta contestacion="formas animales y vegetales." correcta="1"/>
        <respuesta contestacion="organismos pequeños y organismos microscópicos." correcta="0"/>
      </respuestas>
    </cuestion>
    <cuestion>
      <enunciado><![CDATA[¿Por qué en el ecosistema selvático domina el estrato arbóreo?]]></enunciado>
      <explicacion><![CDATA[En el cosistema selvático domina el estrato arbóreo debido a la falta de luz y a la elevada humedad atmosférica.]]></explicacion>
      <video><![CDATA[VI010235_CO_LO.mp4]]></video>
      <salto/>
      <respuestas>
        <respuesta contestacion="Debido a la falta de agua y a la elevada humedad atmosférica." correcta="0"/>
        <respuesta contestacion="Debido a la falta de luz y a la elevada humedad atmosférica." correcta="1"/>
        <respuesta contestacion="Debido a los suelos ricos en nutrientes y a la elevada humedad atmosférica." correcta="0"/>
        <respuesta contestacion="Debido a la falta de aire y a la elevada humedad atmosférica." correcta="0"/>
      </respuestas>
    </cuestion>
    <cuestion>
      <enunciado><![CDATA[Los animales adquieren multitud de formas de defensa y ataque]]></enunciado>
      <explicacion><![CDATA[Los animales adquieren multitud de formas de defensa y ataque porque en la selva existen depredadores y presas.]]></explicacion>
      <video><![CDATA[VI010235_CO_LO.mp4]]></video>
      <salto/>
      <respuestas>
        <respuesta contestacion="porque en la selva solo existen presas." correcta="0"/>
        <respuesta contestacion="porque en la selva solo existen predadores." correcta="0"/>
        <respuesta contestacion="porque en la selva solo existen descomponedores." correcta="0"/>
        <respuesta contestacion="porque en la selva existen depredadores y presas." correcta="1"/>
      </respuestas>
    </cuestion>
  </test>
</motor>