﻿<?xml version="1.0" encoding="UTF-8"?><engine title="Las enfermedades y los factores de riesgo en España" copy="Editorial Planeta" version="1" aprid="F13"><section title="Introducción" path="medias/section0.jpg" layout="1"><![CDATA[<TextFlow><p><span>Según la Organización Mundial de la Salud (OMS), la salud es un </span><span fontSize="12" fontWeight="bold">estado de bienestar físico, mental y social</span><span>. Cuando se altera la salud, aparece la enfermedad. Por lo general, cuando hablamos de enfermedad nos referimos a dolencias de carácter físico y mental, aunque también puede haber de tipo social. </span></p><p><span></span></p><p><span>Las enfermedades que afectan a la población </span><span fontSize="12" fontWeight="bold">varían en función del país</span><span>. Así, la población africana no padece las mismas enfermedades que la población europea, por ejemplo.</span></p><p><span></span></p></TextFlow>]]></section><section title="Tarea" path="medias/section1.jpg" layout="1"><![CDATA[<TextFlow><p><span>Vuestra tarea consiste en realizar una investigación sobre alguna de las </span><span fontSize="12" fontWeight="bold">principales enfermedades que afectan a la población española</span><span>. Para ello debéis escoger una de las enfermedades más comunes en España y elaborar un informe en el que queden reflejados sus </span><span fontSize="12" fontWeight="bold">síntomas</span><span fontSize="12">,</span><span fontSize="12" fontWeight="bold"> </span><span fontSize="12">su</span><span fontSize="12" fontWeight="bold"> índice de afectación</span><span>, es decir el grupo o grupos de población a los que afecta, y los</span><span fontSize="12" fontWeight="bold"> factores de riesgo</span><span> que existen para contraerla. </span></p><p><span></span></p><p><span>Para llevar a cabo el trabajo debéis organizaros en </span><span fontSize="12" fontWeight="bold">grupos de cuatro personas</span><span>. La presentación del trabajo se realizará mediante un</span><span fontSize="12" fontWeight="bold"> informe escrito</span><span> donde aparezcan todos los datos recogidos, y una </span><span fontSize="12" fontWeight="bold">presentación de diapositivas</span><span> que incluya los apartados antes citados.</span></p><p><span></span></p></TextFlow>]]></section><section title="Proceso" path="medias/section2.jpg" layout="1"><![CDATA[<TextFlow><p><span>Para llevar a cabo la tarea propuesta, el primer paso consiste en </span><span fontSize="12" fontWeight="bold">escoger la enfermedad</span><span> que vais a investigar. Podéis elegir, por ejemplo, alguna enfermedad que hayáis padecido alguno de los miembros del grupo, ya que seguramente sea una enfermedad común en España. Si queréis investigar alguna otra dolencia, podéis consultar las </span><span fontSize="12" fontWeight="bold">enfermedades más comunes</span><span> que afectan a la población española en el siguiente enlace:</span></p><p><span></span></p><p paragraphStartIndent="20" styleName="bullet"><a href="http://www.msc.es/ciudadanos/enfLesiones/home.htm" target="_blank"><span>Apartado de Enfermedades del Ministerio de Sanidad, Servicios Sociales e Igualdad</span></a></p><p><span></span></p><p><span>Una vez escogida la enfermedad, podéis comenzar la investigación. Esta deberá incluir los siguientes apartados:</span></p><p><span></span></p><p><span fontSize="12" fontWeight="bold">1. Síntomas</span></p><p><span>En este apartado debéis explicar en qué consiste la enfermedad que habéis seleccionado y qué síntomas la caracterizan. Para obtener información podéis consultar los siguientes enlaces:</span></p><p><span></span></p><p paragraphStartIndent="20" styleName="bullet"><a href="http://www.nlm.nih.gov/medlineplus/spanish/" target="_blank"><span>Biblioteca Nacional de Medicina de Estados Unidos</span></a></p><p paragraphStartIndent="20" styleName="bullet"><a href="http://www.cdc.gov/spanish/enfermedades/" target="_blank"><span>Centros para el Control y la Prevención de Enfermedades de Estados Unidos</span></a></p><p><span></span></p><p><span fontSize="12" fontWeight="bold">2. Afectación</span></p><p><span>Una vez conozcáis los síntomas de la enfermedad, podéis buscar información acerca de su afectación en España. Debéis explicar a </span><span fontSize="12" fontWeight="bold">qué porcentaje de la población española afecta</span><span> la enfermedad que habéis elegido, y cuáles son los grupos poblacionales más afectados por la dolencia en nuestro país, distribuidos por género y edad, por ejemplo.</span></p><p><span></span></p><p><span>Para obtener estos datos podéis utilizar los buscadores que ofrece la Red o visitar los siguientes enlaces:</span></p><p><span></span></p><p paragraphStartIndent="20" styleName="bullet"><a href="http://www.isciii.es/ISCIII/es/contenidos/fd-servicios-cientifico-tecnicos/vigilancias-alertas.shtml" target="_blank"><span>Servicio de Epidemiología del Instituto de Salud Juan Carlos III</span></a></p><p paragraphStartIndent="20" styleName="bullet"><a href="http://data.euro.who.int/hfadb/" target="_blank"><span>Base de datos de la OMS a nivel Europeo (en inglés)</span></a></p><p><span></span></p><p><span fontSize="12" fontWeight="bold">3. Factores de riesgo</span></p><p><span>La gran mayoría de las enfermedades no surgen de forma espontánea entre la población, sino que llegan a través de un proceso o un contagio. Los factores de riesgo son aquellas </span><span fontSize="12" fontWeight="bold">variables que aumentan las probabilidades de un individuo de contraer una enfermedad</span><span>. Cada enfermedad tiene sus factores de riesgo. Entre los más habituales figuran el tabaquismo, la obesidad, el consumo excesivo de alcohol, etc.</span></p><p><span></span></p><p><span>Para obtener información acerca de los distintos factores de riesgo que existen y cómo están ligados a cada enfermedad, puedes consultar el siguiente enlace: </span></p><p><span></span></p><p paragraphStartIndent="20" styleName="bullet"><a href="http://www.msc.es/estadEstudios/estadisticas/inforRecopilaciones/indicadoresSalud.htm" target="_blank"><span>Indicadores de Salud del Ministerio de Sanidad, Servicios Sociales e Igualdad</span></a></p><p><span></span></p><p><span></span></p></TextFlow>]]></section><section title="Conclusión" path="medias/section3.jpg" layout="1"><![CDATA[<TextFlow><p><span>Como habéis visto, conocer información sobre una enfermedad no solo consiste en estar al tanto de sus síntomas, sino que en torno a ella existe toda una epidemiología que estudia su </span><span fontSize="12" fontWeight="bold">índice de afectación, su modo de transmisión y sus factores de riesgo</span><span>. Todos estos datos son muy importantes a la hora de establecer </span><span fontSize="12" fontWeight="bold">planes sanitarios que ayuden a prevenir y tratar las enfermedades</span><span>.</span></p><p><span></span></p><p><span>Por otro lado, mediante la realización de esta investigación habéis trabajado las técnicas de búsqueda de la información en Red y aprendido a consultar páginas con contenidos fiables y rigurosos, de modo que habéis mejorado vuestra </span><span fontSize="12" fontWeight="bold">competencia digital</span><span>. Además, a lo largo de la elaboración del trabajo también habéis ejercitado vuestra </span><span fontSize="12" fontWeight="bold">capacidad de análisis y de síntesis de datos</span><span>.</span></p><p><span></span></p></TextFlow>]]></section></engine>