﻿<?xml version="1.0" encoding="UTF-8"?><!--Arbortext, Inc., 1988-2013, v.4002--><motor tipo="101" clase="a" aprid="M101a"><plataforma><grado><![CDATA[2]]></grado><titulo>Refuerza tu aprendizaje: Los sistemas de defensa del organismo</titulo><area>7</area><nivel>2</nivel><referencia><![CDATA[BG_09_09]]></referencia><idreg><![CDATA[3815]]></idreg><motor><![CDATA[M101A]]></motor><lang>es</lang></plataforma><enunciado><![CDATA[Realiza la siguiente actividad. Cuando termines haz clic en Enviar. Si es necesario, entrega las respuestas en mano o por email a tu profesor para que pueda validarlas.]]></enunciado><masinfo inicio="0" /><calc><![CDATA[0]]></calc><preguntas cantidad="8"><pregunta><enunciado><![CDATA[Identifica las vías por las que pueden entrar los microorganismos patógenos en nuestro organismo y nombra alguna barrera física de nuestro cuerpo que dificulte el paso de estos agentes infecciosos.]]></enunciado><explicacion /><nivel><![CDATA[2]]></nivel><tipo /><imagen /><ampliacion /></pregunta><pregunta><enunciado><![CDATA[Indica las funciones principales del sistema linfático.]]></enunciado><explicacion /><nivel><![CDATA[1]]></nivel><tipo /><imagen /><ampliacion /></pregunta><pregunta><enunciado><![CDATA[Define qué son los leucocitos y cuál es su función en nuestro organismo.]]></enunciado><explicacion /><nivel><![CDATA[1]]></nivel><tipo /><imagen /><ampliacion /></pregunta><pregunta><enunciado><![CDATA[Argumenta por qué es necesario para nuestros órganos el correcto funcionamiento del sistema linfático.]]></enunciado><explicacion /><nivel><![CDATA[2]]></nivel><tipo /><imagen /><ampliacion /></pregunta><pregunta><enunciado><![CDATA[Observa la imagen, identifica el sistema que se representa en ella y enumera sus distintos componentes.]]></enunciado><explicacion /><nivel><![CDATA[1]]></nivel><tipo /><imagen><![CDATA[BG_09_09_16_T1_img1_286x286.jpg]]></imagen><ampliacion><![CDATA[BG_09_09_16_T1_img1_500x500.jpg]]></ampliacion></pregunta><pregunta><enunciado><![CDATA[Compara las similitudes y las diferencias anatómicas que existen entre los vasos linfáticos y los vasos sanguíneos.]]></enunciado><explicacion /><nivel><![CDATA[2]]></nivel><tipo /><imagen /><ampliacion /></pregunta><pregunta><enunciado><![CDATA[Razona por qué a veces cuando sufrimos alguna enfermedad como la gripe, por ejemplo, aparecen inflamaciones en algunas partes de nuestro cuerpo como el cuello o las ingles.]]></enunciado><explicacion /><nivel><![CDATA[3]]></nivel><tipo /><imagen /><ampliacion /></pregunta><pregunta><enunciado><![CDATA[Explica con tus palabras la función del sistema inmunitario.]]></enunciado><explicacion /><nivel><![CDATA[1]]></nivel><tipo /><imagen /><ampliacion /></pregunta></preguntas></motor>