﻿<?xml version="1.0" encoding="UTF-8"?>
<motor tipo="9" clase="b" aprid="M9b">
  <enunciado>Identifica cada una de las partes del microscopio que se indican.</enunciado>
  <imagen><![CDATA[286x286.jpg]]></imagen>
  <ampliacion><![CDATA[500x500.jpg]]></ampliacion>
  <textoatexto cantidad="5">
    <cuestion>
      <pregunta>1</pregunta>
      <respuesta>Ocular</respuesta>
    </cuestion>
    <cuestion>
      <pregunta>2</pregunta>
      <respuesta>Objetivo</respuesta>
    </cuestion>
    <cuestion>
      <pregunta>3</pregunta>
      <respuesta>Platina</respuesta>
    </cuestion>
    <cuestion>
      <pregunta>4</pregunta>
      <respuesta>Foco</respuesta>
    </cuestion>
    <cuestion>
      <pregunta>5</pregunta>
      <respuesta>Condensador</respuesta>
    </cuestion>
  </textoatexto>
  <plataforma>
    <grado><![CDATA[1]]></grado>
    <titulo>Identifica las partes de un microscopio</titulo>
    <volumen><![CDATA[1]]></volumen>
    <nivel><![CDATA[1]]></nivel>
    <referencia><![CDATA[mn_3c_11_11]]></referencia>
    <id_reg><![CDATA[88]]></id_reg>
    <motor><![CDATA[M9b]]></motor>
    <lang>es</lang>
  </plataforma>
</motor>