﻿<?xml version="1.0" encoding="utf-8"?>
<motor tipo="10" clase="a" aprid="m10a">
  <plataforma>
    <grado><![CDATA[1]]></grado>
    <titulo>Las hormonas y el ciclo reproductor femenino</titulo>
    <area>0</area>
    <nivel>2</nivel>
    <referencia />
    <idreg><![CDATA[0]]></idreg>
    <motor><![CDATA[M10A]]></motor>
    <lang>es</lang>
  </plataforma>
  <enunciado><![CDATA[Ubica los términos asociados a cada hormona en el contenedor correspondiente.]]></enunciado>
  <masinfo inicio="0" />
  <sinaleatoriedad><![CDATA[0]]></sinaleatoriedad>
  <calc><![CDATA[0]]></calc>
  <textoacategoria cantidad="4">
    <cuestion>
      <categoria><![CDATA[GnRH]]></categoria>
      <respuestas>
        <respuesta id="1"><![CDATA[Hipotálamo]]></respuesta>
        <respuesta id="2"><![CDATA[Ciclo ovárico]]></respuesta>
        <respuesta id="3"><![CDATA[Ciclo uterino]]></respuesta>
      </respuestas>
      <sonido />
    </cuestion>
    <cuestion>
      <categoria><![CDATA[FSH y LH]]></categoria>
      <respuestas>
        <respuesta id="1"><![CDATA[Adenohipófisis]]></respuesta>
        <respuesta id="2"><![CDATA[Ovulación]]></respuesta>
        <respuesta id="3"><![CDATA[Estimula estrógenos]]></respuesta>
      </respuestas>
      <sonido />
    </cuestion>
    <cuestion>
      <categoria><![CDATA[Estrógenos]]></categoria>
      <respuestas>
        <respuesta id="1"><![CDATA[Desarrollo de mamas]]></respuesta>
        <respuesta id="2"><![CDATA[Maduración sexual]]></respuesta>
      </respuestas>
      <sonido />
    </cuestion>
    <cuestion>
      <categoria><![CDATA[Progesterona]]></categoria>
      <respuestas>
        <respuesta id="1"><![CDATA[Cuerpo lúteo]]></respuesta>
        <respuesta id="2"><![CDATA[Implantación]]></respuesta>
        <respuesta id="3"><![CDATA[Lactancia]]></respuesta>
      </respuestas>
      <sonido />
    </cuestion>
  </textoacategoria>
  <temps>10</temps>
</motor>