﻿<?xml version="1.0" encoding="UTF-8"?>
<motor tipo="101" clase="a" aprid="m101a">
  <plataforma>
    <grado>2</grado>
    <titulo>Refuerza tu aprendizaje: Las fuerzas fundamentales</titulo>
    <volumen />
    <nivel><![CDATA[1]]></nivel>
    <referencia />
    <motor />
    <lang>es</lang>
  </plataforma>
  <enunciado><![CDATA[Responde las siguientes preguntas. En caso de ser necesario, investiga mediante recursos bibliográficos para complementar tus respuestas.]]></enunciado>
  <masinfo inicio="0"><![CDATA[ ]]></masinfo>
  <calc><![CDATA[0]]></calc>
  <preguntas cantidad="5">
    <pregunta>
      <enunciado><![CDATA[¿A qué se debe la fuerza gravitacional?]]></enunciado>
      <explicacion />
      <nivel><![CDATA[1]]></nivel>
      <tipo><![CDATA[M]]></tipo>
      <imagen />
      <ampliacion />
      <texto />
    </pregunta>
    <pregunta>
      <enunciado><![CDATA[¿De qué depende el peso de un cuerpo?]]></enunciado>
      <explicacion />
      <nivel><![CDATA[2]]></nivel>
      <tipo><![CDATA[M]]></tipo>
      <imagen />
      <ampliacion />
      <texto />
    </pregunta>
    <pregunta>
      <enunciado><![CDATA[Describe con tus palabras por qué la fuerza eléctrica puede ser de atracción o de repulsión.   ]]></enunciado>
      <explicacion />
      <nivel><![CDATA[2]]></nivel>
      <tipo><![CDATA[L]]></tipo>
      <imagen />
      <ampliacion />
      <texto />
    </pregunta>
    <pregunta>
      <enunciado><![CDATA[¿Por qué la aguja de una brújula siempre apunta hacia el norte?   ]]></enunciado>
      <explicacion />
      <nivel><![CDATA[3]]></nivel>
      <tipo><![CDATA[L]]></tipo>
      <imagen />
      <ampliacion />
      <texto />
    </pregunta>
    <pregunta>
      <enunciado><![CDATA[Indica por qué la fuerza nuclear es importante para el átomo.]]></enunciado>
      <explicacion />
      <nivel><![CDATA[2]]></nivel>
      <tipo><![CDATA[L]]></tipo>
      <imagen />
      <ampliacion />
      <texto />
    </pregunta>
  </preguntas>
  <temps>45</temps>
</motor>