﻿<?xml version="1.0" encoding="utf-8"?><engine copy="Editorial Planeta" version="1" aprid="f1">
<css><![CDATA[.defaultCSSBox2 {
	background: #000000;
}
.defaultCSSBox3 {
	background: #ffffff;
}
.popupbox {
	-webkit-border-radius: 10px;
    -moz-border-radius: 10px;
    border-radius: 10px;
    border:2px solid #000000;
    background-color:#FFFFFF;
}
.tabla01 {
  border-collapse: collapse;
}

.tabla01 td {
  border: 2px solid black;
  padding: 2px;
  text-align: center;
  font-family:verdana,geneva,sans-serif
}]]></css>
<pantallas>
<pantalla id="pantalla_5">
<event id='onPrepare' language='DO'><![CDATA[]]></event>
<event id='onShown' language='DO'><![CDATA[]]></event>
<components>
<component _type='_compRichText' id='texto_33' x='-5' y='505' width='957' height='85' alpha='1' visible='1' enabled='1' scrollable='1' >
<content><![CDATA[<p style="text-align:center"><span style="font-size:18px"><strong><span style="font-family:verdana,geneva,sans-serif">Selecciona una imagen</span></strong></span></p>
]]></content>
</component>
<component _type='_compCSSBox' id='fondo_34' x='338' y='512' width='271' height='42' alpha='0.3' visible='1' enabled='1' cssClass='defaultCSSBox2' />
<component _type='_compRichText' id='texto_126' x='-5' y='55' width='957' height='96' alpha='1' visible='1' enabled='1' scrollable='1' >
<content><![CDATA[<p style="text-align:center"><span style="font-size:28px"><span style="font-family:georgia,serif">La caída libre de los cuerpos
  </span></span></p>
]]></content>
</component>
<component _type='_compImageButton' id='imagebutton_11' x='339' y='157' width='249' height='277' alpha='1' visible='1' enabled='1' group='-1' adjustMode='4' alignMode='0' image='data/imagenes/image_50.jpg'><event id='onClick' language='DO'><![CDATA[uiobject_set(rootSlider,"current",2)]]></event>
</component>
<component _type='_compImageButton' id='imagebutton_12' x='618' y='157' width='250' height='282' alpha='1' visible='1' enabled='1' group='-1' adjustMode='4' alignMode='0' image='data/imagenes/img1.jpg'><event id='onClick' language='DO'><![CDATA[uiobject_set(rootSlider,"current",3)]]></event>
</component>
<component _type='_compImageButton' id='imagebutton_30' x='64' y='127' width='304' height='332' alpha='1' visible='1' enabled='1' group='-1' adjustMode='4' alignMode='0' image='data/imagenes/image_59.png'><event id='onClick' language='DO'><![CDATA[uiobject_set(rootSlider,"current",1)]]></event>
</component>
</components>
<animaciones>
</animaciones>
</pantalla>
<pantalla id="pantalla_13">
<event id='onPrepare' language='DO'><![CDATA[]]></event>
<event id='onShown' language='DO'><![CDATA[]]></event>
<components>
<component _type='_compSlider' id='diaporama_77' x='0' y='0' width='950' height='608' alpha='1' visible='1' enabled='1' transMode='1' />
<component _type='_compSliderNav' id='slidernav_122' x='45' y='526' width='162' height='37' alpha='1' visible='1' enabled='1' sliderId='diaporama_77' showHome='1' whiteButtons='0' mode='1' />
<component _type='_compIconButton' id='iconbutton_34' x='46' y='526' width='37' height='37' alpha='1' visible='1' enabled='1' cssClass='iconHomeButton' group='-1'><event id='onClick' language='DO'><![CDATA[uiobject_set(rootSlider,"current",0)]]></event>
</component>
</components>
<animaciones>
</animaciones>
<slider id="diaporama_77">
<pantalla id="pantalla_18">
<event id='onPrepare' language='DO'><![CDATA[]]></event>
<event id='onShown' language='DO'><![CDATA[]]></event>
<components>
<component _type='_compRichText' id='texto_126' x='107' y='57' width='794' height='116' alpha='1' visible='1' enabled='1' scrollable='1' >
<content><![CDATA[<p><span style="font-size:23px"><span style="font-family:verdana,geneva,sans-serif">Primera parte, ¿cómo caen los objetos?
 </span></span></p>
]]></content>
</component>
<component _type='_compImage' id='image_15' x='283' y='119' width='383' height='441' alpha='1' visible='1' enabled='1' cssClass='' adjustMode='4' alignMode='0' image='data/imagenes/image_59.png' />
</components>
<animaciones>
</animaciones>
</pantalla>
<pantalla id="pantalla_22">
<event id='onPrepare' language='DO'><![CDATA[]]></event>
<event id='onShown' language='DO'><![CDATA[]]></event>
<components>
<component _type='_compRichText' id='texto_126' x='107' y='27' width='794' height='116' alpha='1' visible='1' enabled='1' scrollable='1' >
<content><![CDATA[<p><span style="font-size:23px"><span style="font-family:verdana,geneva,sans-serif">En ausencia de rozamiento la caída libre no depende de las características del objeto.
</span></span></p>
]]></content>
</component>
<component _type='_compAnimatedGIF' id='animgif_26' x='138' y='106' width='674' height='460' alpha='1' visible='1' enabled='1' cssClass='' adjustMode='4' alignMode='0' image='data/imagenes/clip0132p.gif' anim='data/imagenes/clip0132.gif' autoplay='1' />
<component _type='_compSliderNav' id='slidernav_122' x='45' y='526' width='162' height='37' alpha='1' visible='1' enabled='1' sliderId='diaporama_77' showHome='1' whiteButtons='0' mode='1' />
<component _type='_compIconButton' id='iconbutton_34' x='226' y='526' width='37' height='37' alpha='1' visible='1' enabled='1' cssClass='iconInfoButton' group='-1'><event id='onClick' language='DO'><![CDATA[popup_open("pantalla_44")]]></event>
</component>
</components>
<animaciones>
</animaciones>
</pantalla>
<pantalla id="pantalla_27">
<event id='onPrepare' language='DO'><![CDATA[]]></event>
<event id='onShown' language='DO'><![CDATA[]]></event>
<components>
<component _type='_compAnimatedGIF' id='animgif_26' x='138' y='106' width='674' height='460' alpha='1' visible='1' enabled='1' cssClass='' adjustMode='4' alignMode='0' image='data/imagenes/clip0133p.gif' anim='data/imagenes/clip0133.gif' autoplay='1' />
<component _type='_compRichText' id='texto_126' x='107' y='27' width='794' height='116' alpha='1' visible='1' enabled='1' scrollable='1' >
<content><![CDATA[<p><span style="font-size:23px"><span style="font-family:verdana,geneva,sans-serif">La distancia recorrida aumenta con el tiempo.
</span></span></p>
]]></content>
</component>
<component _type='_compIconButton' id='iconbutton_34' x='226' y='526' width='37' height='37' alpha='1' visible='1' enabled='1' cssClass='iconInfoButton' group='-1'><event id='onClick' language='DO'><![CDATA[popup_open("pantalla_48")]]></event>
</component>
</components>
<animaciones>
</animaciones>
</pantalla>
<pantalla id="pantalla_31">
<event id='onPrepare' language='DO'><![CDATA[]]></event>
<event id='onShown' language='DO'><![CDATA[]]></event>
<components>
<component _type='_compAnimatedGIF' id='animgif_26' x='327' y='121' width='519' height='420' alpha='1' visible='1' enabled='1' cssClass='' adjustMode='4' alignMode='0' image='data/imagenes/clip0134p.gif' anim='data/imagenes/clip0134.gif' autoplay='1' />
<component _type='_compRichText' id='texto_126' x='107' y='27' width='794' height='116' alpha='1' visible='1' enabled='1' scrollable='1' >
<content><![CDATA[<p><span style="font-size:23px"><span style="font-family:verdana,geneva,sans-serif">La caída libre: un movimiento uniformemente acelerado.
</span></span></p>
]]></content>
</component>
<component _type='_compIconButton' id='iconbutton_34' x='226' y='526' width='37' height='37' alpha='1' visible='1' enabled='1' cssClass='iconInfoButton' group='-1'><event id='onClick' language='DO'><![CDATA[popup_open("pantalla_52")]]></event>
</component>
<component _type='_compRichText' id='texto_35' x='109' y='149' width='188' height='268' alpha='1' visible='1' enabled='1' scrollable='1' >
<content><![CDATA[<p><span style="font-family:verdana,geneva,sans-serif"><span style="font-size:20px"><span class="math-tex">\(g= 9,81 m/s^{2}\)</span><br />
<br />
<span class="math-tex">\(h= \frac{1}{2} gt^{2}\)</span></span></span></p>
]]></content>
</component>
</components>
<animaciones>
</animaciones>
</pantalla>
<pantalla id="pantalla_36">
<event id='onPrepare' language='DO'><![CDATA[]]></event>
<event id='onShown' language='DO'><![CDATA[]]></event>
<components>
<component _type='_compAnimatedGIF' id='animgif_26' x='118' y='106' width='506' height='460' alpha='1' visible='1' enabled='1' cssClass='' adjustMode='4' alignMode='0' image='data/imagenes/clip0135p.gif' anim='data/imagenes/clip0135.gif' autoplay='1' />
<component _type='_compRichText' id='texto_126' x='107' y='27' width='794' height='116' alpha='1' visible='1' enabled='1' scrollable='1' >
<content><![CDATA[<p><span style="font-size:23px"><span style="font-family:verdana,geneva,sans-serif">Velocidad de impacto
  </span></span></p>
]]></content>
</component>
<component _type='_compRichText' id='texto_35' x='635' y='159' width='271' height='268' alpha='1' visible='1' enabled='1' scrollable='1' >
<content><![CDATA[<p><span style="font-family:verdana,geneva,sans-serif"><span style="font-size:20px"><span class="math-tex">\(h= \frac{1}{2} gt^{2} \rightarrow \mathit{t} = \sqrt{\frac{2h}{g}}\)</span><br />
<br />
<span class="math-tex">\(v=  gt \rightarrow v = \sqrt{2hg}\)</span></span></span><br />
&nbsp;</p>
]]></content>
</component>
</components>
<animaciones>
</animaciones>
</pantalla>
<pantalla id="pantalla_40">
<event id='onPrepare' language='DO'><![CDATA[]]></event>
<event id='onShown' language='DO'><![CDATA[]]></event>
<components>
<component _type='_compAnimatedGIF' id='animgif_26' x='169' y='141' width='591' height='420' alpha='1' visible='1' enabled='1' cssClass='' adjustMode='4' alignMode='0' image='data/imagenes/clip0136p.gif' anim='data/imagenes/clip0136.gif' autoplay='1' />
<component _type='_compRichText' id='texto_126' x='107' y='27' width='794' height='116' alpha='1' visible='1' enabled='1' scrollable='1' >
<content><![CDATA[<p><span style="font-size:23px"><span style="font-family:verdana,geneva,sans-serif">La velocidad aumenta de forma constante en una caída libre.
</span></span></p>
]]></content>
</component>
<component _type='_compRoundButton' id='roundbutton_44' x='725' y='523' width='180' height='40' alpha='1' visible='1' enabled='1' cssClass='roundTextButton' group='-1'>
<content><![CDATA[PRACTICA]]></content>
<event id='onClick' language='DO'><![CDATA[popup_open("pantalla_56")]]></event>
</component>
</components>
<animaciones>
</animaciones>
</pantalla>
</slider>
</pantalla>
<pantalla id="pantalla_64">
<event id='onPrepare' language='DO'><![CDATA[]]></event>
<event id='onShown' language='DO'><![CDATA[]]></event>
<components>
<component _type='_compSlider' id='diaporama_77' x='0' y='0' width='950' height='608' alpha='1' visible='1' enabled='1' transMode='1' />
<component _type='_compSliderNav' id='slidernav_122' x='45' y='526' width='162' height='37' alpha='1' visible='1' enabled='1' sliderId='diaporama_77' showHome='1' whiteButtons='0' mode='1' />
<component _type='_compIconButton' id='iconbutton_34' x='46' y='526' width='37' height='37' alpha='1' visible='1' enabled='1' cssClass='iconHomeButton' group='-1'><event id='onClick' language='DO'><![CDATA[uiobject_set(rootSlider,"current",0)]]></event>
</component>
</components>
<animaciones>
</animaciones>
<slider id="diaporama_77">
<pantalla id="pantalla_69">
<event id='onPrepare' language='DO'><![CDATA[]]></event>
<event id='onShown' language='DO'><![CDATA[]]></event>
<components>
<component _type='_compImage' id='image_15' x='511' y='143' width='342' height='398' alpha='1' visible='1' enabled='1' cssClass='' adjustMode='4' alignMode='0' image='data/imagenes/image_50.jpg' />
<component _type='_compRichText' id='texto_126' x='107' y='57' width='794' height='116' alpha='1' visible='1' enabled='1' scrollable='1' >
<content><![CDATA[<p><span style="font-size:23px"><span style="font-family:verdana,geneva,sans-serif">Segunda parte, origen de la aceleración de la gravedad
  </span></span></p>
]]></content>
</component>
<component _type='_compRichText' id='texto_47' x='106' y='129' width='357' height='368' alpha='1' visible='1' enabled='1' scrollable='1' >
<content><![CDATA[<p><span style="font-family:verdana,geneva,sans-serif"><span style="font-size:20px"><span class="math-tex">\(g = \frac{GM_{T}}{R_{T}^{2}}\)</span></span></span></p>

<p><span style="font-family:verdana,geneva,sans-serif"><span style="font-size:20px"><span class="math-tex">\(G = 6,67 \cdot 10^{-11} Nm^{2}/kg\)</span></span></span></p>

<p><span style="font-family:verdana,geneva,sans-serif"><span style="font-size:20px"><span class="math-tex">\(M_{T} = 5,97 \cdot 10^{24}kg\)</span></span></span></p>

<p><span style="font-family:verdana,geneva,sans-serif"><span style="font-size:20px"><span class="math-tex">\(R_{T} = 6.371 km\)</span></span></span></p>
]]></content>
</component>
</components>
<animaciones>
</animaciones>
</pantalla>
<pantalla id="pantalla_73">
<event id='onPrepare' language='DO'><![CDATA[]]></event>
<event id='onShown' language='DO'><![CDATA[]]></event>
<components>
<component _type='_compRichText' id='texto_47' x='118' y='126' width='357' height='368' alpha='1' visible='1' enabled='1' scrollable='1' >
<content><![CDATA[<p><span style="font-family:verdana,geneva,sans-serif"><span style="font-size:20px">Masa de la Luna: 7,35 &middot; 10<sup>22</sup> kg<br />
<br />
Radio medio de la Luna: 1 738 km<br />
<br />
Gravedad en la superficie de la Luna: 1,62 m/s<sup>2</sup> </span></span></p>
]]></content>
</component>
<component _type='_compImage' id='image_15' x='511' y='143' width='342' height='398' alpha='1' visible='1' enabled='1' cssClass='' adjustMode='4' alignMode='0' image='data/imagenes/image_351.jpg' />
<component _type='_compIconButton' id='iconbutton_34' x='226' y='526' width='37' height='37' alpha='1' visible='1' enabled='1' cssClass='iconInfoButton' group='-1'><event id='onClick' language='DO'><![CDATA[popup_open("pantalla_85")]]></event>
</component>
</components>
<animaciones>
</animaciones>
</pantalla>
<pantalla id="pantalla_77">
<event id='onPrepare' language='DO'><![CDATA[]]></event>
<event id='onShown' language='DO'><![CDATA[]]></event>
<components>
<component _type='_compRichText' id='texto_47' x='106' y='129' width='377' height='368' alpha='1' visible='1' enabled='1' scrollable='1' >
<content><![CDATA[<p><span style="font-family:verdana,geneva,sans-serif"><span style="font-size:20px">Masa de Saturno: 5,69 &middot; 10<sup>26</sup> kg<br />
<br />
Radio medio de Saturno: 60 268 km<br />
<br />
Gravedad en la superficie de Saturno: 10,44 m/s<sup>2 </sup></span></span></p>
]]></content>
</component>
<component _type='_compImage' id='image_15' x='511' y='143' width='361' height='398' alpha='1' visible='1' enabled='1' cssClass='' adjustMode='4' alignMode='0' image='data/imagenes/image_355.jpg' />
<component _type='_compIconButton' id='iconbutton_34' x='226' y='526' width='37' height='37' alpha='1' visible='1' enabled='1' cssClass='iconInfoButton' group='-1'><event id='onClick' language='DO'><![CDATA[popup_open("pantalla_89")]]></event>
</component>
</components>
<animaciones>
</animaciones>
</pantalla>
<pantalla id="pantalla_81">
<event id='onPrepare' language='DO'><![CDATA[]]></event>
<event id='onShown' language='DO'><![CDATA[]]></event>
<components>
<component _type='_compRichText' id='texto_47' x='104' y='129' width='377' height='368' alpha='1' visible='1' enabled='1' scrollable='1' >
<content><![CDATA[<p><span style="font-family:verdana,geneva,sans-serif"><span style="font-size:20px">Masa de Urano: 8,69 &middot; 10<sup>25</sup> kg<br />
<br />
Radio medio de Urano: 25&nbsp;559 km<br />
<br />
Gravedad en la superficie de Urano: 8,69 m/s<sup>2 </sup></span></span></p>
]]></content>
</component>
<component _type='_compImage' id='image_15' x='511' y='143' width='361' height='398' alpha='1' visible='1' enabled='1' cssClass='' adjustMode='4' alignMode='0' image='data/imagenes/image_359.jpg' />
<component _type='_compIconButton' id='iconbutton_34' x='226' y='526' width='37' height='37' alpha='1' visible='1' enabled='1' cssClass='iconInfoButton' group='-1'><event id='onClick' language='DO'><![CDATA[popup_open("pantalla_93")]]></event>
</component>
<component _type='_compRoundButton' id='roundbutton_44' x='725' y='523' width='180' height='40' alpha='1' visible='1' enabled='1' cssClass='roundTextButton' group='-1'>
<content><![CDATA[PRACTICA]]></content>
<event id='onClick' language='DO'><![CDATA[popup_open("pantalla_97")]]></event>
</component>
</components>
<animaciones>
</animaciones>
</pantalla>
</slider>
</pantalla>
<pantalla id="pantalla_105">
<event id='onPrepare' language='DO'><![CDATA[]]></event>
<event id='onShown' language='DO'><![CDATA[]]></event>
<components>
<component _type='_compSlider' id='diaporama_77' x='0' y='0' width='950' height='608' alpha='1' visible='1' enabled='1' transMode='1' />
<component _type='_compSliderNav' id='slidernav_122' x='45' y='526' width='162' height='37' alpha='1' visible='1' enabled='1' sliderId='diaporama_77' showHome='1' whiteButtons='0' mode='1' />
<component _type='_compIconButton' id='iconbutton_34' x='46' y='526' width='37' height='37' alpha='1' visible='1' enabled='1' cssClass='iconHomeButton' group='-1'><event id='onClick' language='DO'><![CDATA[uiobject_set(rootSlider,"current",0)]]></event>
</component>
</components>
<animaciones>
</animaciones>
<slider id="diaporama_77">
<pantalla id="pantalla_110">
<event id='onPrepare' language='DO'><![CDATA[]]></event>
<event id='onShown' language='DO'><![CDATA[]]></event>
<components>
<component _type='_compRichText' id='texto_126' x='107' y='57' width='794' height='116' alpha='1' visible='1' enabled='1' scrollable='1' >
<content><![CDATA[<p><span style="font-size:23px"><span style="font-family:verdana,geneva,sans-serif"> Tercera parte, velocidad límite
  </span></span></p>
]]></content>
</component>
<component _type='_compImage' id='image_15' x='210' y='154' width='530' height='398' alpha='1' visible='1' enabled='1' cssClass='' adjustMode='4' alignMode='0' image='data/imagenes/image_51.jpg' />
</components>
<animaciones>
</animaciones>
</pantalla>
<pantalla id="pantalla_114">
<event id='onPrepare' language='DO'><![CDATA[]]></event>
<event id='onShown' language='DO'><![CDATA[]]></event>
<components>
<component _type='_compRichText' id='texto_126' x='107' y='57' width='794' height='116' alpha='1' visible='1' enabled='1' scrollable='1' >
<content><![CDATA[<p><span style="font-size:23px"><span style="font-family:verdana,geneva,sans-serif">¿Por qué algunos objetos caen a velocidades mayores que otros?
</span></span></p>
]]></content>
</component>
<component _type='_compImage' id='image_15' x='106' y='154' width='752' height='398' alpha='1' visible='1' enabled='1' cssClass='' adjustMode='4' alignMode='0' image='data/imagenes/img2.jpg' />
<component _type='_compIconButton' id='iconbutton_34' x='226' y='526' width='37' height='37' alpha='1' visible='1' enabled='1' cssClass='iconInfoButton' group='-1'><event id='onClick' language='DO'><![CDATA[popup_open("pantalla_127")]]></event>
</component>
</components>
<animaciones>
</animaciones>
</pantalla>
<pantalla id="pantalla_118">
<event id='onPrepare' language='DO'><![CDATA[]]></event>
<event id='onShown' language='DO'><![CDATA[]]></event>
<components>
<component _type='_compAnimatedGIF' id='animgif_26' x='200' y='141' width='550' height='420' alpha='1' visible='1' enabled='1' cssClass='' adjustMode='4' alignMode='0' image='data/imagenes/clip0137p.gif' anim='data/imagenes/clip0137.gif' autoplay='1' />
<component _type='_compRichText' id='texto_126' x='107' y='57' width='794' height='116' alpha='1' visible='1' enabled='1' scrollable='1' >
<content><![CDATA[<p><span style="font-size:23px"><span style="font-family:verdana,geneva,sans-serif">La resistencia del aire
  </span></span></p>
]]></content>
</component>
<component _type='_compIconButton' id='iconbutton_34' x='226' y='526' width='37' height='37' alpha='1' visible='1' enabled='1' cssClass='iconInfoButton' group='-1'><event id='onClick' language='DO'><![CDATA[popup_open("pantalla_131")]]></event>
</component>
</components>
<animaciones>
</animaciones>
</pantalla>
<pantalla id="pantalla_123">
<event id='onPrepare' language='DO'><![CDATA[]]></event>
<event id='onShown' language='DO'><![CDATA[]]></event>
<components>
<component _type='_compImage' id='image_15' x='210' y='154' width='530' height='398' alpha='1' visible='1' enabled='1' cssClass='' adjustMode='4' alignMode='0' image='data/imagenes/image_380.jpg' />
<component _type='_compRichText' id='texto_126' x='107' y='57' width='794' height='116' alpha='1' visible='1' enabled='1' scrollable='1' >
<content><![CDATA[<p><span style="font-size:23px"><span style="font-family:verdana,geneva,sans-serif">La velocidad l&iacute;mite </span></span></p>
]]></content>
</component>
<component _type='_compIconButton' id='iconbutton_34' x='226' y='526' width='37' height='37' alpha='1' visible='1' enabled='1' cssClass='iconInfoButton' group='-1'><event id='onClick' language='DO'><![CDATA[popup_open("pantalla_135")]]></event>
</component>
<component _type='_compRoundButton' id='roundbutton_44' x='725' y='523' width='180' height='40' alpha='1' visible='1' enabled='1' cssClass='roundTextButton' group='-1'>
<content><![CDATA[PRACTICA]]></content>
<event id='onClick' language='DO'><![CDATA[popup_open("pantalla_142")]]></event>
</component>
</components>
<animaciones>
</animaciones>
</pantalla>
</slider>
</pantalla>
</pantallas>
<popups>
<pantalla id="pantalla_44">
<event id='onPrepare' language='DO'><![CDATA[]]></event>
<event id='onShown' language='DO'><![CDATA[]]></event>
<components>
<component _type='_compCSSBox' id='fondo_229' x='-1' y='81' width='866' height='608' alpha='1' visible='1' enabled='1' cssClass='defaultCSSBox3' />
<component _type='_compCSSBox' id='fondo_56' x='84' y='0' width='866' height='608' alpha='1' visible='1' enabled='1' cssClass='defaultCSSBox3' />
<component _type='_compRichText' id='texto_47' x='106' y='179' width='715' height='368' alpha='1' visible='1' enabled='1' scrollable='1' >
<content><![CDATA[<p><span style="font-size:20px"><span style="font-family:verdana,geneva,sans-serif">En ausencia de aire, la ca&iacute;da libre de un objeto (es decir, el movimiento que sigue un objeto que soltamos a una cierta altura respecto a la superficie de la Tierra) es independiente de las caracter&iacute;sticas del objeto (su masa, forma o tama&ntilde;o). Por tanto, si dejamos caer dos objetos diferentes desde una misma altura en el vac&iacute;o, el tiempo que tardar&aacute;n en llegar a la superficie de la Tierra ser&aacute; el mismo.</span></span></p>
]]></content>
</component>
<component _type='_compIconButton' id='iconbutton_40' x='868' y='45' width='37' height='37' alpha='1' visible='1' enabled='1' cssClass='iconCloseButton' group='-1'><event id='onClick' language='DO'><![CDATA[popup_close()]]></event>
</component>
</components>
<animaciones>
</animaciones>
</pantalla>
<pantalla id="pantalla_48">
<event id='onPrepare' language='DO'><![CDATA[]]></event>
<event id='onShown' language='DO'><![CDATA[]]></event>
<components>
<component _type='_compCSSBox' id='fondo_230' x='-1' y='85' width='867' height='608' alpha='1' visible='1' enabled='1' cssClass='defaultCSSBox3' />
<component _type='_compCSSBox' id='fondo_56' x='83' y='0' width='867' height='608' alpha='1' visible='1' enabled='1' cssClass='defaultCSSBox3' />
<component _type='_compIconButton' id='iconbutton_40' x='868' y='45' width='37' height='37' alpha='1' visible='1' enabled='1' cssClass='iconCloseButton' group='-1'><event id='onClick' language='DO'><![CDATA[popup_close()]]></event>
</component>
<component _type='_compRichText' id='texto_47' x='106' y='179' width='715' height='368' alpha='1' visible='1' enabled='1' scrollable='1' >
<content><![CDATA[<p><span style="font-size:20px"><span style="font-family:verdana,geneva,sans-serif">El movimiento de un cuerpo en ca&iacute;da libre es un movimiento rectil&iacute;neo uniformemente acelerado, con una aceleraci&oacute;n de 9,81 m/s<sup>2</sup>. Esto implica que el cuerpo recorrer&aacute; en un mismo tiempo menos distancia al principio de la ca&iacute;da, que al final de la ca&iacute;da, como puedes observar en la ca&iacute;da libre de una naranja.</span></span></p>
]]></content>
</component>
</components>
<animaciones>
</animaciones>
</pantalla>
<pantalla id="pantalla_52">
<event id='onPrepare' language='DO'><![CDATA[]]></event>
<event id='onShown' language='DO'><![CDATA[]]></event>
<components>
<component _type='_compCSSBox' id='fondo_231' x='3' y='83' width='866' height='608' alpha='1' visible='1' enabled='1' cssClass='defaultCSSBox3' />
<component _type='_compCSSBox' id='fondo_56' x='84' y='0' width='866' height='608' alpha='1' visible='1' enabled='1' cssClass='defaultCSSBox3' />
<component _type='_compIconButton' id='iconbutton_40' x='868' y='45' width='37' height='37' alpha='1' visible='1' enabled='1' cssClass='iconCloseButton' group='-1'><event id='onClick' language='DO'><![CDATA[popup_close()]]></event>
</component>
<component _type='_compRichText' id='texto_47' x='106' y='179' width='730' height='368' alpha='1' visible='1' enabled='1' scrollable='1' >
<content><![CDATA[<p><span style="font-size:20px"><span style="font-family:verdana,geneva,sans-serif">La velocidad de impacto del objeto con la superficie terrestre depender&aacute; solo de la altura desde la que cae este objeto. Esta velocidad aumenta con la distancia desde la que cae. En otras palabras, un objeto que cae desde una altura de un metro llega a la superficie terrestre con una velocidad de 4,42 m/s.</span></span></p>
]]></content>
</component>
</components>
<animaciones>
</animaciones>
</pantalla>
<pantalla id="pantalla_56">
<event id='onPrepare' language='DO'><![CDATA[]]></event>
<event id='onShown' language='DO'><![CDATA[]]></event>
<components>
<component _type='_compCSSBox' id='fondo_232' x='5' y='85' width='868' height='608' alpha='1' visible='1' enabled='1' cssClass='defaultCSSBox3' />
<component _type='_compCSSBox' id='fondo_56' x='82' y='0' width='868' height='608' alpha='1' visible='1' enabled='1' cssClass='defaultCSSBox3' />
<component _type='_compRichText' id='texto_47' x='106' y='149' width='763' height='259' alpha='1' visible='1' enabled='1' scrollable='1' >
<content><![CDATA[<p><span style="font-size:20px"><span style="font-family:verdana,geneva,sans-serif">Dejamos caer una pelota de golf desde la altura de un edificio de 50 m. Calcula la velocidad con que llega al suelo y el tiempo que tarda en impactar con el suelo.
</span></span></p>
]]></content>
</component>
<component _type='_compIconButton' id='iconbutton_40' x='868' y='45' width='37' height='37' alpha='1' visible='1' enabled='1' cssClass='iconCloseButton' group='-1'><event id='onClick' language='DO'><![CDATA[popup_close()]]></event>
</component>
<component _type='_compRoundButton' id='roundbutton_44' x='725' y='523' width='180' height='40' alpha='1' visible='1' enabled='1' cssClass='roundTextButton' group='-1'>
<content><![CDATA[SOLUCIÓN]]></content>
<event id='onClick' language='DO'><![CDATA[popup_open("pantalla_60")]]></event>
</component>
</components>
<animaciones>
</animaciones>
</pantalla>
<pantalla id="pantalla_60">
<event id='onPrepare' language='DO'><![CDATA[]]></event>
<event id='onShown' language='DO'><![CDATA[]]></event>
<components>
<component _type='_compCSSBox' id='fondo_233' x='0' y='92' width='868' height='608' alpha='1' visible='1' enabled='1' cssClass='defaultCSSBox3' />
<component _type='_compCSSBox' id='fondo_56' x='82' y='0' width='868' height='608' alpha='1' visible='1' enabled='1' cssClass='defaultCSSBox3' />
<component _type='_compRichText' id='texto_47' x='107' y='148' width='651' height='368' alpha='1' visible='1' enabled='1' scrollable='1' >
<content><![CDATA[<p><span style="font-size:20px">La velocidad de la pelota al llegar al suelo depende de la altura desde la que cae y de la aceleraci&oacute;n de la gravedad: </span></p>

<p style="text-align:center"><span style="font-size:20px"><span class="math-tex">\(v = v^{2}gh = v^{2} · 9,81 · 50 = 31,32 m/s\)</span></span></p>

<p><span style="font-size:20px"><span style="font-family:verdana,geneva,sans-serif">El tiempo que tarda en llegar lo obtenemos de la ecuaci&oacute;n para la velocidad: </span></span></p>

<p style="text-align:center"><span style="font-family:verdana,geneva,sans-serif"><span style="font-size:20px"><span class="math-tex">\(t= \sqrt{\frac{2.h}{g}}= \sqrt{\frac{2.50}{9,81}} = 3,19 s\)</span></span></span></p>
]]></content>
</component>
<component _type='_compIconButton' id='iconbutton_40' x='868' y='45' width='37' height='37' alpha='1' visible='1' enabled='1' cssClass='iconCloseButton' group='-1'><event id='onClick' language='DO'><![CDATA[do (
       popup_close(),
       popup_close()
   )]]></event>
</component>
<component _type='_compIconButton' id='iconbutton_180' x='111' y='526' width='37' height='37' alpha='1' visible='1' enabled='1' cssClass='iconPrevButton' group='-1'><event id='onClick' language='DO'><![CDATA[popup_close()]]></event>
</component>
</components>
<animaciones>
</animaciones>
</pantalla>
<pantalla id="pantalla_85">
<event id='onPrepare' language='DO'><![CDATA[]]></event>
<event id='onShown' language='DO'><![CDATA[]]></event>
<components>
<component _type='_compCSSBox' id='fondo_234' x='0' y='87' width='868' height='608' alpha='1' visible='1' enabled='1' cssClass='defaultCSSBox3' />
<component _type='_compCSSBox' id='fondo_56' x='82' y='0' width='868' height='608' alpha='1' visible='1' enabled='1' cssClass='defaultCSSBox3' />
<component _type='_compIconButton' id='iconbutton_40' x='868' y='45' width='37' height='37' alpha='1' visible='1' enabled='1' cssClass='iconCloseButton' group='-1'><event id='onClick' language='DO'><![CDATA[popup_close()]]></event>
</component>
<component _type='_compRichText' id='texto_47' x='106' y='159' width='743' height='368' alpha='1' visible='1' enabled='1' scrollable='1' >
<content><![CDATA[<p><span style="font-size:20px"><span style="font-family:verdana,geneva,sans-serif">La aceleraci&oacute;n de la gravedad terrestre depende de la intensidad del campo gravitatorio de la Tierra en un punto. Sobre la superficie terrestre, todos los cuerpos caer&aacute;n con la misma aceleraci&oacute;n, independientemente de la masa que tengan. Sin embargo, el valor de la aceleraci&oacute;n de la gravedad de un planeta depende de la masa del mismo y de su tama&ntilde;o (es decir, su radio). En la Luna, con una masa 100 veces menor a la de la Tierra y un radio 3,7 veces menor al de la Tierra, el valor de la aceleraci&oacute;n de la gravedad en la superficie es de 1,62 m/s<sup>2</sup>. </span></span></p>
]]></content>
</component>
</components>
<animaciones>
</animaciones>
</pantalla>
<pantalla id="pantalla_89">
<event id='onPrepare' language='DO'><![CDATA[]]></event>
<event id='onShown' language='DO'><![CDATA[]]></event>
<components>
<component _type='_compCSSBox' id='fondo_235' x='0' y='85' width='950' height='608' alpha='1' visible='1' enabled='1' cssClass='defaultCSSBox3' />
<component _type='_compCSSBox' id='fondo_56' x='84' y='4' width='950' height='608' alpha='1' visible='1' enabled='1' cssClass='defaultCSSBox3' />
<component _type='_compRichText' id='texto_47' x='106' y='159' width='743' height='368' alpha='1' visible='1' enabled='1' scrollable='1' >
<content><![CDATA[<p><span style="font-size:20px"><span style="font-family:verdana,geneva,sans-serif">En Saturno, con una masa mucho mayor a la de la Tierra la gravedad en la superficie es mayor que la gravedad terrestre. Es decir, si dejamos caer un cuerpo cerca de la superficie de Saturno, el cuerpo caer&aacute; con una aceleraci&oacute;n mayor que en la Tierra. En el caso de Saturno, con una masa 95 veces mayor a la de la Tierra y un radio 9,4 veces mayor, el valor de la aceleraci&oacute;n de la gravedad en la superficie es de 10,44 m/s<sup>2</sup>.</span></span></p>
]]></content>
</component>
<component _type='_compIconButton' id='iconbutton_40' x='868' y='45' width='37' height='37' alpha='1' visible='1' enabled='1' cssClass='iconCloseButton' group='-1'><event id='onClick' language='DO'><![CDATA[popup_close()]]></event>
</component>
</components>
<animaciones>
</animaciones>
</pantalla>
<pantalla id="pantalla_93">
<event id='onPrepare' language='DO'><![CDATA[]]></event>
<event id='onShown' language='DO'><![CDATA[]]></event>
<components>
<component _type='_compCSSBox' id='fondo_236' x='0' y='85' width='946' height='608' alpha='1' visible='1' enabled='1' cssClass='defaultCSSBox3' />
<component _type='_compCSSBox' id='fondo_56' x='88' y='0' width='946' height='608' alpha='1' visible='1' enabled='1' cssClass='defaultCSSBox3' />
<component _type='_compRichText' id='texto_47' x='106' y='159' width='763' height='368' alpha='1' visible='1' enabled='1' scrollable='1' >
<content><![CDATA[<p><span style="font-size:20px"><span style="font-family:verdana,geneva,sans-serif">El valor de la aceleraci&oacute;n de la gravedad tambi&eacute;n depende del tama&ntilde;o del planeta. Un planeta con una densidad menor a la de la Tierra y un tama&ntilde;o mucho mayor puede tener una gravedad incluso menor que la de la Tierra. Este es el caso de Urano, con una masa solo 14,5 veces mayor que la de la Tierra y sin embargo un volumen 63 veces mayor que el volumen terrestre. La gravedad en la superficie de Urano es de 8,69 m/s<sup>2</sup>.</span></span></p>
]]></content>
</component>
<component _type='_compIconButton' id='iconbutton_40' x='868' y='45' width='37' height='37' alpha='1' visible='1' enabled='1' cssClass='iconCloseButton' group='-1'><event id='onClick' language='DO'><![CDATA[popup_close()]]></event>
</component>
</components>
<animaciones>
</animaciones>
</pantalla>
<pantalla id="pantalla_97">
<event id='onPrepare' language='DO'><![CDATA[]]></event>
<event id='onShown' language='DO'><![CDATA[]]></event>
<components>
<component _type='_compCSSBox' id='fondo_237' x='-2' y='82' width='869' height='608' alpha='1' visible='1' enabled='1' cssClass='defaultCSSBox3' />
<component _type='_compCSSBox' id='fondo_56' x='81' y='0' width='869' height='608' alpha='1' visible='1' enabled='1' cssClass='defaultCSSBox3' />
<component _type='_compRichText' id='texto_47' x='106' y='159' width='743' height='368' alpha='1' visible='1' enabled='1' scrollable='1' >
<content><![CDATA[<p><span style="font-size:20px"><span style="font-family:verdana,geneva,sans-serif">En una expedici&oacute;n lunar, un astronauta recorre la superficie de la luna con un pico en la mano, buscando muestras. En un momento dado, el pico del astronauta cae desde una altura de 1,5 metros. Sabiendo que la aceleraci&oacute;n de la gravedad lunar es 1,62 m/s<sup>2</sup>, calcula la velocidad del pico al llegar a la superficie lunar.</span></span></p>
]]></content>
</component>
<component _type='_compIconButton' id='iconbutton_40' x='868' y='45' width='37' height='37' alpha='1' visible='1' enabled='1' cssClass='iconCloseButton' group='-1'><event id='onClick' language='DO'><![CDATA[popup_close()]]></event>
</component>
<component _type='_compRoundButton' id='roundbutton_44' x='725' y='523' width='180' height='40' alpha='1' visible='1' enabled='1' cssClass='roundTextButton' group='-1'>
<content><![CDATA[SOLUCIÓN]]></content>
<event id='onClick' language='DO'><![CDATA[popup_open("pantalla_101")]]></event>
</component>
</components>
<animaciones>
</animaciones>
</pantalla>
<pantalla id="pantalla_101">
<event id='onPrepare' language='DO'><![CDATA[]]></event>
<event id='onShown' language='DO'><![CDATA[]]></event>
<components>
<component _type='_compCSSBox' id='fondo_238' x='-2' y='84' width='865' height='608' alpha='1' visible='1' enabled='1' cssClass='defaultCSSBox3' />
<component _type='_compCSSBox' id='fondo_56' x='85' y='0' width='865' height='608' alpha='1' visible='1' enabled='1' cssClass='defaultCSSBox3' />
<component _type='_compIconButton' id='iconbutton_180' x='111' y='526' width='37' height='37' alpha='1' visible='1' enabled='1' cssClass='iconPrevButton' group='-1'><event id='onClick' language='DO'><![CDATA[popup_close()]]></event>
</component>
<component _type='_compRichText' id='texto_47' x='106' y='109' width='763' height='484' alpha='1' visible='1' enabled='1' scrollable='1' >
<content><![CDATA[<p><span style="font-size:20px"><span style="font-family:verdana,geneva,sans-serif">Se trata de un movimiento de ca&iacute;da libre con aceleraci&oacute;n gL = 1,62 m/s<sup>2</sup>. Para calcular la velocidad final primero calcularemos el tiempo que tarda en llegar: </span></span></p>

<p style="text-align:center"><span style="font-family:verdana,geneva,sans-serif"><span style="font-size:20px"><span class="math-tex">\(\Delta h = \frac{1}{2} g_{L}t^{2}\)</span></span></span></p>

<p><span style="font-size:20px"><span style="font-family:verdana,geneva,sans-serif">De donde: </span></span></p>

<p style="text-align:center"><span style="font-family:verdana,geneva,sans-serif"><span style="font-size:20px"><span class="math-tex">\(t = \sqrt{\frac{2\Delta h}{g_{L}}} = 1,36 s\)</span></span></span></p>

<p><span style="font-size:20px"><span style="font-family:verdana,geneva,sans-serif">Y utilizaremos el resultado para saber la velocidad del pico al llegar al suelo:</span></span></p>

<p style="text-align:center"><span style="font-family:verdana,geneva,sans-serif"><span style="font-size:20px"><span class="math-tex">\(v = g_{L}t= 2,20 m/s\)</span></span></span></p>
]]></content>
</component>
<component _type='_compIconButton' id='iconbutton_40' x='868' y='45' width='37' height='37' alpha='1' visible='1' enabled='1' cssClass='iconCloseButton' group='-1'><event id='onClick' language='DO'><![CDATA[do (
       popup_close(),
       popup_close()
   )]]></event>
</component>
</components>
<animaciones>
</animaciones>
</pantalla>
<pantalla id="pantalla_127">
<event id='onPrepare' language='DO'><![CDATA[]]></event>
<event id='onShown' language='DO'><![CDATA[]]></event>
<components>
<component _type='_compCSSBox' id='fondo_239' x='-3' y='85' width='866' height='608' alpha='1' visible='1' enabled='1' cssClass='defaultCSSBox3' />
<component _type='_compCSSBox' id='fondo_56' x='84' y='0' width='866' height='608' alpha='1' visible='1' enabled='1' cssClass='defaultCSSBox3' />
<component _type='_compRichText' id='texto_47' x='106' y='159' width='730' height='368' alpha='1' visible='1' enabled='1' scrollable='1' >
<content><![CDATA[<p><span style="font-size:20px"><span style="font-family:verdana,geneva,sans-serif">Aunque el valor de la gravedad es el mismo para todos los cuerpos, habr&aacute;s podido comprobar que en realidad algunos objetos caen a una velocidad mucho menor que otros. En muchos casos, la acci&oacute;n del aire es poco importante y no modifica de forma apreciable la velocidad del objeto. Sin embargo, algunos objetos muy ligeros o con formas particulares caen a una velocidad muy peque&ntilde;a comparado con otros cuerpos. Esto se debe a que la ley de la ca&iacute;da libre es v&aacute;lida en el vac&iacute;o, es decir, si no tenemos en cuenta la resistencia del aire. </span></span></p>
]]></content>
</component>
<component _type='_compIconButton' id='iconbutton_40' x='868' y='45' width='37' height='37' alpha='1' visible='1' enabled='1' cssClass='iconCloseButton' group='-1'><event id='onClick' language='DO'><![CDATA[popup_close()]]></event>
</component>
</components>
<animaciones>
</animaciones>
</pantalla>
<pantalla id="pantalla_131">
<event id='onPrepare' language='DO'><![CDATA[]]></event>
<event id='onShown' language='DO'><![CDATA[]]></event>
<components>
<component _type='_compCSSBox' id='fondo_240' x='-1' y='86' width='866' height='608' alpha='1' visible='1' enabled='1' cssClass='defaultCSSBox3' />
<component _type='_compCSSBox' id='fondo_56' x='84' y='0' width='866' height='608' alpha='1' visible='1' enabled='1' cssClass='defaultCSSBox3' />
<component _type='_compRichText' id='texto_47' x='106' y='159' width='730' height='368' alpha='1' visible='1' enabled='1' scrollable='1' >
<content><![CDATA[<p><span style="font-size:20px"><span style="font-family:verdana,geneva,sans-serif">La resistencia del aire es muy importante en casos como la ca&iacute;da de un paracaidista. Los paraca&iacute;das se dise&ntilde;an para aprovechar la resistencia del aire y reducir as&iacute; la velocidad de ca&iacute;da de los objetos. La aceleraci&oacute;n de la gravedad se contrarresta con la resistencia del aire. El efecto de la resistencia del aire s&iacute; depende de la forma y la masa del objeto y por eso algunos objetos caen m&aacute;s lentos que otros.</span></span></p>
]]></content>
</component>
<component _type='_compIconButton' id='iconbutton_40' x='868' y='45' width='37' height='37' alpha='1' visible='1' enabled='1' cssClass='iconCloseButton' group='-1'><event id='onClick' language='DO'><![CDATA[popup_close()]]></event>
</component>
</components>
<animaciones>
</animaciones>
</pantalla>
<pantalla id="pantalla_135">
<event id='onPrepare' language='DO'><![CDATA[]]></event>
<event id='onShown' language='DO'><![CDATA[]]></event>
<components>
<component _type='_compCSSBox' id='fondo_241' x='-2' y='83' width='950' height='608' alpha='1' visible='1' enabled='1' cssClass='defaultCSSBox3' />
<component _type='_compCSSBox' id='fondo_56' x='82' y='4' width='950' height='608' alpha='1' visible='1' enabled='1' cssClass='defaultCSSBox3' />
<component _type='_compRichText' id='texto_47' x='106' y='159' width='719' height='368' alpha='1' visible='1' enabled='1' scrollable='1' >
<content><![CDATA[<p><span style="font-size:20px"><span style="font-family:verdana,geneva,sans-serif">La resistencia del aire depende tambi&eacute;n de la velocidad de ca&iacute;da. Por ello, el cuerpo cae con una aceleraci&oacute;n cada vez menor, hasta que la resistencia del aire contrarresta completamente el campo gravitatorio terrestre. A partir de ese momento el objeto cae a velocidad constante, como puede verse en la imagen, en la que un parapente cae m&aacute;s lentamente gracias a la resistencia que este elemento opone. La velocidad l&iacute;mite que alcanza un cuerpo depende de la forma y masa del objeto.</span></span></p>
]]></content>
</component>
<component _type='_compIconButton' id='iconbutton_40' x='868' y='45' width='37' height='37' alpha='1' visible='1' enabled='1' cssClass='iconCloseButton' group='-1'><event id='onClick' language='DO'><![CDATA[popup_close()]]></event>
</component>
</components>
<animaciones>
</animaciones>
</pantalla>
<pantalla id="pantalla_142">
<event id='onPrepare' language='DO'><![CDATA[]]></event>
<event id='onShown' language='DO'><![CDATA[]]></event>
<components>
<component _type='_compCSSBox' id='fondo_242' x='-2' y='86' width='950' height='608' alpha='1' visible='1' enabled='1' cssClass='defaultCSSBox3' />
<component _type='_compCSSBox' id='fondo_56' x='84' y='1' width='950' height='608' alpha='1' visible='1' enabled='1' cssClass='defaultCSSBox3' />
<component _type='_compRichText' id='texto_47' x='106' y='159' width='719' height='368' alpha='1' visible='1' enabled='1' scrollable='1' >
<content><![CDATA[<p><span style="font-size:20px"><span style="font-family:verdana,geneva,sans-serif">Un paracaidista salta de un avi&oacute;n, abre el paraca&iacute;das y alcanza una velocidad de ca&iacute;da l&iacute;mite de 15 m/s. En un momento dado, se cruza con un &aacute;guila que transporta una rama para su nido. El &aacute;guila se asusta y deja caer la rama, que llega al suelo 46,88 s antes que el paracaidista. &iquest;A qu&eacute; altura se han encontrado el paracaidista y el &aacute;guila?</span></span></p>
]]></content>
</component>
<component _type='_compIconButton' id='iconbutton_40' x='868' y='45' width='37' height='37' alpha='1' visible='1' enabled='1' cssClass='iconCloseButton' group='-1'><event id='onClick' language='DO'><![CDATA[popup_close()]]></event>
</component>
<component _type='_compRoundButton' id='roundbutton_44' x='725' y='523' width='180' height='40' alpha='1' visible='1' enabled='1' cssClass='roundTextButton' group='-1'>
<content><![CDATA[SOLUCIÓN]]></content>
<event id='onClick' language='DO'><![CDATA[popup_open("pantalla_146")]]></event>
</component>
</components>
<animaciones>
</animaciones>
</pantalla>
<pantalla id="pantalla_146">
<event id='onPrepare' language='DO'><![CDATA[]]></event>
<event id='onShown' language='DO'><![CDATA[]]></event>
<components>
<component _type='_compCSSBox' id='fondo_243' x='-1' y='83' width='868' height='608' alpha='1' visible='1' enabled='1' cssClass='defaultCSSBox3' />
<component _type='_compCSSBox' id='fondo_56' x='83' y='0' width='868' height='608' alpha='1' visible='1' enabled='1' cssClass='defaultCSSBox3' />
<component _type='_compRichText' id='texto_47' x='96' y='49' width='754' height='581' alpha='1' visible='1' enabled='1' scrollable='1' >
<content><![CDATA[<p><span style="font-size:20px"><span style="font-family:verdana,geneva,sans-serif">La rama caer&aacute; en una ca&iacute;da libre, por tanto la altura que habr&aacute; recorrido en un tiempo <em>t</em> ser&aacute;: </span></span></p>

<p style="text-align:center"><span style="font-family:verdana,geneva,sans-serif"><span style="font-size:20px"><span class="math-tex">\(\Delta h = \frac{1}{2} gt^{2}\)</span></span></span></p>

<p><span style="font-size:20px"><span style="font-family:verdana,geneva,sans-serif">Por su parte, el paracaidista caer&aacute; con velocidad constante de 15 m/s y llegar&aacute; al suelo 46,88 s despu&eacute;s de la rama: </span></span></p>

<p style="text-align:center"><span style="font-family:verdana,geneva,sans-serif"><span style="font-size:20px"><span class="math-tex">\(\Delta h_{p} = v_{p} \cdot (t+46,88)\)</span></span></span></p>

<p><span style="font-size:20px"><span style="font-family:verdana,geneva,sans-serif">Como el espacio que recorren es el mismo, igualamos ambas ecuaciones : </span></span></p>

<p style="text-align:center"><span style="font-family:verdana,geneva,sans-serif"><span style="font-size:20px"><span class="math-tex">\(\frac{1}{2} gt^{2} \rightarrow  v_{p} \cdot (t+46,88)\)</span></span></span></p>

<p><span style="font-size:20px"><span style="font-family:verdana,geneva,sans-serif">De donde obtenemos el tiempo que tardan en llegar al suelo <em>t</em> = 13,60 s (descartamos la soluci&oacute;n negativa porque no tiene sentido f&iacute;sico). Y la altura a la que se encontraron los dos cuerpos:</span></span></p>

<p style="text-align: center;"><span style="font-size:20px"><span style="font-family:verdana,geneva,sans-serif"><span class="math-tex">\(\Delta y = v_{p} \cdot  (t + 46,88) = 907,20 m\)</span></span></span></p>
]]></content>
</component>
<component _type='_compIconButton' id='iconbutton_180' x='111' y='526' width='37' height='37' alpha='1' visible='1' enabled='1' cssClass='iconPrevButton' group='-1'><event id='onClick' language='DO'><![CDATA[popup_close()]]></event>
</component>
<component _type='_compIconButton' id='iconbutton_40' x='868' y='45' width='37' height='37' alpha='1' visible='1' enabled='1' cssClass='iconCloseButton' group='-1'><event id='onClick' language='DO'><![CDATA[do (
       popup_close(),
       popup_close()
   )]]></event>
</component>
</components>
<animaciones>
</animaciones>
</pantalla>
</popups>
</engine>