﻿<?xml version="1.0" encoding="utf-8"?><engine copy="Editorial Planeta" version="1" aprid="f4">
<main title="¿Qué sabes acerca del movimiento?" path="CN_10_02_REC10_img_01.jpg" buttonsHeight="53">
</main>
<questions respCorrecta="Respuesta correcta" respIncorrecta="Intenta de nuevo">
<question title="¿Son diferentes la distancia recorrida y el desplazamiento?" path="CN_10_02_REC10_img_02.jpg">
<text><![CDATA[<p><br />
&nbsp;</p>
]]></text><answers>
<answer correct="0">
<text><![CDATA[Son iguales]]></text>
<explanation width="394"><![CDATA[<p>En el lenguaje cotidiano usamos estos dos conceptos como si fueran sin&oacute;nimos;&nbsp;sin embargo, en un contexto cient&iacute;fico, la f&iacute;sica ha dado diferentes definiciones para cada uno de ellos.</p>

<p>&nbsp;</p>
]]></explanation>
</answer>
<answer correct="1">
<text><![CDATA[Son diferentes]]></text>
<explanation width="394"><![CDATA[<p>En el contexto de la f&iacute;sica, <strong>distancia</strong>&nbsp;es el&nbsp;espacio&nbsp;recorrido por un cuerpo durante su movimiento; mientras <strong>desplazamiento</strong>&nbsp;se refiere&nbsp;al cambio en la posici&oacute;n, en una direcci&oacute;n, de un objeto.</p>
]]></explanation>
</answer>
<answer correct="0">
<text><![CDATA[]]></text>
<explanation width="394"><![CDATA[]]></explanation>
</answer>
<answer correct="0">
<text><![CDATA[]]></text>
<explanation width="394"><![CDATA[]]></explanation>
</answer>
<answer correct="0">
<text><![CDATA[]]></text>
<explanation width="394"><![CDATA[]]></explanation>
</answer>
<answer correct="0">
<text><![CDATA[]]></text>
<explanation width="394"><![CDATA[]]></explanation>
</answer>
<answer correct="0">
<text><![CDATA[]]></text>
<explanation width="394"><![CDATA[]]></explanation>
</answer>
<answer correct="0">
<text><![CDATA[]]></text>
<explanation width="394"><![CDATA[]]></explanation>
</answer>
</answers>
<info path="CN_10_02_REC10_img_03.jpg">
<text><![CDATA[<p>Si&nbsp;salimos&nbsp;de casa en la ma&ntilde;ana y regresamos en la noche, y queremos saber qu&eacute;&nbsp;<strong>distancia</strong> hemos recorrido (cu&aacute;ntos kil&oacute;metros)&nbsp;durante todo el d&iacute;a, ser&iacute;a &uacute;til usar el od&oacute;metro del carro. Sin embargo, aunque parezca extra&ntilde;o, nuestro <strong>desplazamiento</strong> ha sido igual a cero. Esto se debe a que hemos vuelto&nbsp;a la posici&oacute;n iniclal, la&nbsp;casa, y, de acuerdo con&nbsp;la&nbsp;definici&oacute;n de este concepto, no habr&iacute;amos&nbsp;cambiado de posici&oacute;n.</p>
]]></text>
</info>
</question>
<question title="¿Rapidez es lo mismo que velocidad?" path="CN_10_02_REC10_img_04.jpg">
<answers>
<answer correct="0">
<text><![CDATA[Sí]]></text>
<explanation width="394"><![CDATA[<p>En el lenguaje cotidiano son sin&oacute;nimos. En el contexto de la f&iacute;sica no tienen el mismo significado.</p>
]]></explanation>
</answer>
<answer correct="1">
<text><![CDATA[No]]></text>
<explanation width="394"><![CDATA[<p>La <strong>rapidez</strong> de un objeto est&aacute; relacionada con la distancia que recorre en un tiempo determinado, mientras que la <strong>velocidad</strong> se define como el desplazamiento&nbsp;de un cuerpo orientado en una direcci&oacute;n&nbsp;en un&nbsp;intervalo de tiempo.<br />
&nbsp;</p>
]]></explanation>
</answer>
<answer correct="0">
<text><![CDATA[]]></text>
<explanation width="394"><![CDATA[]]></explanation>
</answer>
<answer correct="0">
<text><![CDATA[]]></text>
<explanation width="394"><![CDATA[]]></explanation>
</answer>
<answer correct="0">
<text><![CDATA[]]></text>
<explanation width="394"><![CDATA[]]></explanation>
</answer>
<answer correct="0">
<text><![CDATA[]]></text>
<explanation width="394"><![CDATA[]]></explanation>
</answer>
<answer correct="0">
<text><![CDATA[]]></text>
<explanation width="394"><![CDATA[]]></explanation>
</answer>
<answer correct="0">
<text><![CDATA[]]></text>
<explanation width="394"><![CDATA[]]></explanation>
</answer>
</answers>
<info path="CN_10_02_REC10_img_07.jpg">
<text><![CDATA[<p>En la situaci&oacute;n&nbsp;expuesta, al salir en la ma&ntilde;ana y regresar a casa al final del d&iacute;a;&nbsp;dado que se ha&nbsp;recorrido cierta distancia, se podr&iacute;a&nbsp;calcular la&nbsp;rapidez promedio. Sin embargo, como el&nbsp;desplazamiento ha sido cero, la velocidad promedio tambi&eacute;n es igual a&nbsp;cero.</p>

<p>Interesante, &iquest;verdad?</p>
]]></text>
</info>
</question>
<question title="¿La velocidad y aceleración son lo mismo?" path="CN_10_02_REC10_img_05.jpg">
<answers>
<answer correct="0">
<text><![CDATA[Sí]]></text>
<explanation width="394"><![CDATA[<p>Los conceptos de aceleraci&oacute;n y velocidad son&nbsp;diferentes. Es m&aacute;s f&aacute;cil comprenderlo&nbsp;si se piensa&nbsp;en esta pregunta:</p>

<p>- &iquest;Qu&eacute; ocurre en un veh&iacute;culo cuando oprimes el acelerador o el freno?</p>

<p>- Se presentan cambios de velocidad.&nbsp;</p>

<p>En esta situaci&oacute;n hacemos referencia a la <strong>aceleraci&oacute;n</strong>.</p>
]]></explanation>
</answer>
<answer correct="1">
<text><![CDATA[No]]></text>
<explanation width="394"><![CDATA[<p>La <strong>velocidad</strong> hace referencia al cambio de posici&oacute;n o desplazamiento de un cuerpo respecto al tiempo. Mientras que la <strong>aceleraci&oacute;n</strong> se defiene como el cambio de&nbsp;la velocidad que ocurre en un intervalo de tiempo espec&iacute;fico.</p>

<p>La <strong>aceleraci&oacute;n</strong> tambi&eacute;n es una cantidad f&iacute;sica que tiene una direcci&oacute;n, y no necesariamente es la misma que la direcci&oacute;n en la cual se mueve el objeto.<br />
&nbsp;</p>
]]></explanation>
</answer>
<answer correct="0">
<text><![CDATA[]]></text>
<explanation width="394"><![CDATA[<p><br />
&nbsp;</p>
]]></explanation>
</answer>
<answer correct="0">
<text><![CDATA[]]></text>
<explanation width="394"><![CDATA[]]></explanation>
</answer>
<answer correct="0">
<text><![CDATA[]]></text>
<explanation width="394"><![CDATA[]]></explanation>
</answer>
<answer correct="0">
<text><![CDATA[]]></text>
<explanation width="394"><![CDATA[]]></explanation>
</answer>
<answer correct="0">
<text><![CDATA[]]></text>
<explanation width="394"><![CDATA[]]></explanation>
</answer>
<answer correct="0">
<text><![CDATA[]]></text>
<explanation width="394"><![CDATA[]]></explanation>
</answer>
</answers>
<info path="CN_10_02_REC10_img_06.jpg">
<text><![CDATA[<p>Aceleraci&oacute;n es diferente a&nbsp;velocidad.</p>

<p>La <strong>aceleraci&oacute;n</strong> nos indica c&oacute;mo va cambiando la velocidad de un objeto en cierto intervalo de tiempo.</p>

<p><strong>Ejemplo</strong>, si un autom&oacute;vil a 80Km/h se mueve por una autopista manteniendo constante esta velocidad, se dice que&nbsp;este m&oacute;vil tiene&nbsp;aceleraci&oacute;n cero, pues no ha cambiado su velocidad.</p>
]]></text>
</info>
</question>
<question title="La gravedad es..." path="CN_10_02_REC10_img_08.jpg">
<answers>
<answer correct="0">
<text><![CDATA[ una velocidad.]]></text>
<explanation width="394"><![CDATA[<p>Al asociar la gravedad con la ca&iacute;da de los cuerpos y a su vez con lo &quot;r&aacute;pido que caen&quot; se suele pensar, equivocadamente, que la gravedad es una velocidad.</p>
]]></explanation>
</answer>
<answer correct="0">
<text><![CDATA[una fuerza.]]></text>
<explanation width="394"><![CDATA[<p>Aunque la gravedad est&aacute; asociada con la fuerza de atracci&oacute;n que ejerce, por ejemplo el planeta Tierra sobre nosotros o sobre la Luna, no es exactamente una fuerza.</p>
]]></explanation>
</answer>
<answer correct="1">
<text><![CDATA[una aceleración?]]></text>
<explanation width="394"><![CDATA[<p>La <strong>gravedad </strong>tambi&eacute;n se puede definir como la &quot;Intensidad del campo gravitacional&quot;. Sin embargo;&nbsp;para un contexto de estudio del movimiento, basta con definirla como la aceleraci&oacute;n a la cual caen los cuerpos en el vac&iacute;o.</p>
]]></explanation>
</answer>
<answer correct="0">
<text><![CDATA[]]></text>
<explanation width="394"><![CDATA[]]></explanation>
</answer>
<answer correct="0">
<text><![CDATA[]]></text>
<explanation width="394"><![CDATA[]]></explanation>
</answer>
<answer correct="0">
<text><![CDATA[]]></text>
<explanation width="394"><![CDATA[]]></explanation>
</answer>
<answer correct="0">
<text><![CDATA[]]></text>
<explanation width="394"><![CDATA[]]></explanation>
</answer>
<answer correct="0">
<text><![CDATA[]]></text>
<explanation width="394"><![CDATA[]]></explanation>
</answer>
</answers>
<info path="CN_10_02_REC10_img_09.jpg">
<text><![CDATA[<p>En el <em>bunjee jumping</em> se puede experimentar una ca&iacute;da libre&nbsp;aunque,&nbsp;a medida que vamos descendiendo, nuestra velocidad va cambiando y&nbsp;cada vez caemos m&aacute;s r&aacute;pido.&nbsp;</p>

<p>Para ser m&aacute;s exactos, por cada segundo que transcurre la velocidad aumenta aproximadamente 10m/s, esto se debe a la aceleraci&oacute;n de la gravedad del&nbsp;planeta Tierra.&nbsp;</p>
]]></text>
</info>
</question>
</questions>
</engine>