﻿<?xml version="1.0" encoding="utf-8"?><motor tipo="4" clase="a" aprid="m4a">
  <plataforma>
    <grado><![CDATA[2]]></grado>
    <titulo>Solución de problemas de lanzamiento vertical y caída libre</titulo>
    <area>0</area>
    <nivel>1</nivel>
    <referencia/>
    <idreg><![CDATA[0]]></idreg>
    <motor><![CDATA[M4A]]></motor>
    <lang>es</lang>
  </plataforma>
  <enunciado><![CDATA[Calcula el resultado de cada problema sobre lanzamiento vertical y caída libre.]]></enunciado>
  <masinfo inicio="1"><![CDATA[Recuerda que en la altura máxima v = 0 m/s]]></masinfo>
  <sinaleatoriedad><![CDATA[1]]></sinaleatoriedad>
  <calc><![CDATA[1]]></calc>
  <respuestaunica><![CDATA[1]]></respuestaunica>
  <test cantidad="7">
    <cuestion>
      <enunciado><![CDATA[Galileo experimentó la caída libre de los cuerpos dejando caer objetos desde lo alto de la Torre inclinada de Pisa. Si un objeto tardó 3,4 s en llegar al suelo. La Torre tiene una altura de:]]></enunciado>
      <explicacion><![CDATA[La velocidad inicial es V{{sub}}i{{normal}} = 0 m/s y se debe hacer uso de la ecuación y= gt{{sup}}2{{normal}} / 2]]></explicacion>
      <imagen/>
      <respuestas>
        <respuesta contestacion="16,6 m" correcta="0"/>
        <respuesta contestacion="56,6 m" correcta="1"/>
        <respuesta contestacion="33,1 m" correcta="0"/>
      </respuestas>
    </cuestion>
    <cuestion>
      <enunciado><![CDATA[Un balón es lanzado (verticalmente) hacia arriba con una velocidad de 9 m/s. El tiempo que tarda en alcanzar la máxima altura es:]]></enunciado>
      <explicacion><![CDATA[En la máxima altura el cuerpo tiene una velocidad de cero. Al aplicar la ecuación v = v{{sub}}0{{normal}} - gt , se tiene 0 = v{{sub}}0{{normal}} - gt]]></explicacion>
      <imagen/>
      <respuestas>
        <respuesta contestacion="0,9 s" correcta="1"/>
        <respuesta contestacion="1,1 s" correcta="0"/>
        <respuesta contestacion="9 s" correcta="0"/>
      </respuestas>
    </cuestion>
    <cuestion>
      <enunciado><![CDATA[Una piedra es lanzada (verticalmente) hacia arriba con una velocidad de 9 m/s. La máxima altura alcanzada es:]]></enunciado>
      <explicacion><![CDATA[Se debe hacer uso de la ecuación v{{sup}}2{{normal}} = v{{sub}}0{{normal}}{{sup}}2{{normal}} - 2g(y - y{{sub}}0{{normal}}) y como en la máxima altura el cuerpo tiene una velocidad de cero se tiene 0 = v{{sub}}0{{normal}}{{sup}}2{{normal}} - 2gy También se asume  y{{sub}}0{{normal}} = 0m]]></explicacion>
      <imagen/>
      <respuestas>
        <respuesta contestacion="10,9 m " correcta="0"/>
        <respuesta contestacion="0,09 m" correcta="0"/>
        <respuesta contestacion="4,1 m" correcta="1"/>
      </respuestas>
    </cuestion>
    <cuestion>
      <enunciado><![CDATA[Un arquero dispara una flecha hacia arriba con una velocidad de 15 m/s. El tiempo que tarda la flecha en bajar con una velocidad de 8 m/s es:]]></enunciado>
      <explicacion><![CDATA[2 intervalos: subida y bajada de la flecha. Se tiene que la velocidad en la máxima altura es cero. El tiempo que tarda en subir es 0,8 s y en bajar hasta alcanzar  8 m/s es 1,5 s.]]></explicacion>
      <imagen/>
      <respuestas>
        <respuesta contestacion="2,3 s" correcta="1"/>
        <respuesta contestacion="2,8 s" correcta="0"/>
        <respuesta contestacion="25,0 s" correcta="0"/>
      </respuestas>
    </cuestion>
    <cuestion>
      <enunciado><![CDATA[Una masa de 10 kg se deja caer y llega al suelo a los 4 s después de ser soltado. ¿Desde qué altura se dejó caer?]]></enunciado>
      <explicacion><![CDATA[Recuerda que en la cinematica de la caida libre, la masa de un objeto no modifica los resultados.]]></explicacion>
      <imagen/>
      <respuestas>
        <respuesta contestacion="40 m" correcta="0"/>
        <respuesta contestacion="78,4 m " correcta="1"/>
        <respuesta contestacion="7,84 m" correcta="0"/>
        <respuesta contestacion="400 m" correcta="0"/>
      </respuestas>
    </cuestion>
    <cuestion>
      <enunciado><![CDATA[Una masa de 10 kg se deja caer y llega al suelo a los 4 s después de ser soltado. ¿Cuál es la velocidad del objeto en el momento del impacto con el suelo?]]></enunciado>
      <explicacion><![CDATA[Recuerda que en la cinematica de la caida libre, la masa de un objeto no modifica los resultados.]]></explicacion>
      <imagen/>
      <respuestas>
        <respuesta contestacion="24,5 m/s" correcta="0"/>
        <respuesta contestacion="5 m/s" correcta="0"/>
        <respuesta contestacion="39,2 m/s" correcta="1"/>
        <respuesta contestacion="40 m/s" correcta="0"/>
      </respuestas>
    </cuestion>
    <cuestion>
      <enunciado><![CDATA[Se lanza un cuerpo con hacia arriba con velocidad inicial de 25 m/s. ¿Cuál es la mitad de su altura máxima?]]></enunciado>
      <explicacion><![CDATA[Para el encontrar el valor debes hallar primero la altura máxima y de esta manera encontrarás la mitad de esta altura. ]]></explicacion>
      <imagen/>
      <respuestas>
        <respuesta contestacion="31,88 m" correcta="0"/>
        <respuesta contestacion="2,55 m" correcta="0"/>
        <respuesta contestacion="15,94 m" correcta="1"/>
        <respuesta contestacion="12,65 m" correcta="0"/>
      </respuestas>
    </cuestion>
  </test>
</motor>