<?xml version="1.0" encoding="UTF-8"?>
<engine title="Construcción de un modelo atómico" copy="Editorial Planeta" version="1" aprid="F13">
  <section title="Presentación" path="medias/section0.jpg" image1Text="" zoom1="false" zoom2a="false" zoom2b="false" layout="1"><![CDATA[<TextFlow><p><span fontSize="12">Los átomos están formados por tres tipos de partículas: protones, neutrones y electrones. A lo largo de la historia se han formulado diversas teorías sobre la distribución de estas partículas en el átomo. </span></p><p><span fontSize="12"></span></p><p><span fontSize="12">Actualmente, el modelo aceptado explica que un átomo está formado por un núcleo central dónde se encuentran las partículas que tienen masas parecidas, de carga positiva y carga neutra, y una corteza donde se encuentran las partículas cuya masa es mucho más pequeña y de carga negativa, que giran alrededor del núcleo.</span></p><p><span fontSize="12"></span></p><p><span fontSize="12" fontWeight="bold">El objetivo de esta actividad es que comprendas la estructura del un átomo y las características de las partículas que lo forman a través de la construcción de un modelo.</span></p><p><span fontSize="12"></span></p><p><span fontSize="12">Antes de empezar con la tarea, es interesante que respondas a las siguientes preguntas:</span></p><p><span fontSize="12"></span></p><p paragraphStartIndent="20" styleName="bullet"><span fontSize="12">¿Qué es una molécula?</span></p><p paragraphStartIndent="20" styleName="bullet"><span fontSize="12">¿Qué partículas forman el núcleo de un átomo?</span></p><p paragraphStartIndent="20" styleName="bullet"><span fontSize="12">¿Qué partículas forman la corteza del átomo?</span></p><p><span fontSize="12"></span></p></TextFlow>]]></section>
  <section title="Tarea" zoom1="false" zoom2a="false" zoom2b="false" layout="2"><![CDATA[<TextFlow><p><span fontSize="12">Para realizar esta tarea consigue el material que te indicamos y sigue los pasos del procedimiento.</span></p><p><span fontSize="12" fontWeight="bold"></span></p><p><span fontSize="12" fontWeight="bold">Material:</span></p><p><span fontSize="12"></span></p><p paragraphStartIndent="20" styleName="bullet"><span>Plastilina de colores.</span></p><p paragraphStartIndent="20" styleName="bullet"><span>Cartón o cartulina para construir el modelo.</span></p><p paragraphStartIndent="20" styleName="bullet"><span>Rotuladores.</span></p><p><span></span></p><p><span fontSize="12" fontWeight="bold">Procedimiento:</span></p><p><span></span></p><p><span>1.º Forma con plastilina seis esferas pequeñas que representen los protones.</span></p><p><span></span></p><p><span>2.º Modela con plastilina seis esferas pequeñas que representen los neutrones.</span></p><p><span></span></p><p><span>3.º Realiza con plastilina esferas más pequeñas que las anteriores para representar los electrones.</span></p><p><span></span></p><p><span>4.º Sitúa las esferas que has hecho en el cartón. Este te servirá de base para construir el modelo atómico. Para ello ten en cuenta la estructura del átomo y qué partículas forman el núcleo y la corteza.</span></p><p><span></span></p><p><span>5.º Justifica por qué sitúas las partículas de ese modo.</span></p><p><span></span></p><p><span fontSize="12">Investiga a qué átomo pertenece el modelo atómico que has construido. Argumenta tu elección y lista algunas moléculas donde se pueda encontrar el átomo que has construido.</span></p><p><span fontSize="12"></span></p></TextFlow>]]></section>
</engine>
