<?xml version="1.0" encoding="utf-8"?>
<motor tipo="101" clase="ap" aprid="m101ap">
  <plataforma>
    <grado>2</grado>
    <titulo>Banco de actividades</titulo>
    <volumen />
    <nivel>2</nivel>
    <referencia />
    <motor />
    <lang>es</lang>
  </plataforma>
  <enunciado><![CDATA[Realiza la siguiente actividad. Cuando termines haz clic en Enviar. Si es necesario, entrega  las respuestas a mano o por email a tu profesor para que pueda validarlas.]]></enunciado>
  <masinfo inicio="0" />
  <calc><![CDATA[0]]></calc>
  <preguntas cantidad="30">
    <pregunta>
      <enunciado><![CDATA[Los cambios naturales hacen parte de las dinámicas de evolución de nuestro planeta. Menciona por lo menos tres de ellos.]]></enunciado>
      <explicacion />
      <nivel><![CDATA[1]]></nivel>
      <tipo />
      <imagen><![CDATA[CN_07_08_CO_REC260_img_01n.jpg]]></imagen>
      <ampliacion><![CDATA[CN_07_08_CO_REC260_img_01a.jpg]]></ampliacion>
      <texto />
    </pregunta>
    <pregunta>
      <enunciado><![CDATA[Elige diez imágenes que representen cambios y clasífícalos en naturales y artificiales. Luego, explica qué características tienen en común los cambios de cada grupo. ]]></enunciado>
      <explicacion />
      <nivel><![CDATA[2]]></nivel>
      <tipo />
      <imagen><![CDATA[CN_07_08_CO_REC260_img_02n.jpg]]></imagen>
      <ampliacion><![CDATA[CN_07_08_CO_REC260_img_02a.jpg]]></ampliacion>
      <texto />
    </pregunta>
    <pregunta>
      <enunciado><![CDATA[El uso de energías limpias, como las provenientes del Sol y del viento, buscan minimizar los impactos y cambios negativos sobre los ecosistemas. Imagina y describe un mundo que solo utilice energías limpias.]]></enunciado>
      <explicacion />
      <nivel><![CDATA[2]]></nivel>
      <tipo />
      <imagen><![CDATA[CN_07_08_CO_REC260_img_03n.jpg]]></imagen>
      <ampliacion><![CDATA[CN_07_08_CO_REC260_img_03a.jpg]]></ampliacion>
      <texto />
    </pregunta>
    <pregunta>
      <enunciado><![CDATA[Busca en las noticias un cambio artificial de carácter local que haya ocurrido o esté ocurriendo en tu territorio (ciudad, departamento o país). Luego establece: ¿qué medidas se debieron tomar para evitarlo?]]></enunciado>
      <explicacion />
      <nivel><![CDATA[2]]></nivel>
      <tipo />
      <imagen><![CDATA[CN_07_08_CO_REC260_img_04n.jpg]]></imagen>
      <ampliacion><![CDATA[CN_07_08_CO_REC260_img_04a.jpg]]></ampliacion>
      <texto />
    </pregunta>
    <pregunta>
      <enunciado><![CDATA[ ¿Por qué son útiles las evaluaciones a escala global y local de los cambios naturales y artificiales que tienen los ecosistemas?]]></enunciado>
      <explicacion />
      <nivel><![CDATA[2]]></nivel>
      <tipo />
      <imagen><![CDATA[CN_07_08_CO_REC260_img_05n.jpg]]></imagen>
      <ampliacion><![CDATA[CN_07_08_CO_REC260_img_05a.jpg]]></ampliacion>
      <texto />
    </pregunta>
    <pregunta>
      <enunciado><![CDATA[Con base en el concepto de sistema, identifica los componentes del ecosistema de la imagen y describe algunas de sus interacciones.]]></enunciado>
      <explicacion/>
      <nivel><![CDATA[1]]></nivel>
      <tipo/>
      <imagen><![CDATA[CN_07_08_CO_REC30_img_01n.jpg]]></imagen>
      <ampliacion><![CDATA[CN_07_08_CO_REC30_img_01a.jpg]]></ampliacion>
      <texto/>
    </pregunta>
    <pregunta>
      <enunciado><![CDATA[Explica por qué la Tierra es un gran ecosistema. ]]></enunciado>
      <explicacion/>
      <nivel><![CDATA[2]]></nivel>
      <tipo/>
      <imagen><![CDATA[CN_07_08_CO_REC30_img_02n.jpg]]></imagen>
      <ampliacion><![CDATA[CN_07_08_CO_REC30_img_02a.jpg]]></ampliacion>
      <texto/>
    </pregunta>
    <pregunta>
      <enunciado><![CDATA[¿Cuál de estos dos ecosistemas (bosque o desierto) puede ser más estable ante una perturbación? Justifica tu respuesta.]]></enunciado>
      <explicacion/>
      <nivel><![CDATA[1]]></nivel>
      <tipo/>
      <imagen><![CDATA[CN_07_08_CO_REC30_img_03n.jpg]]></imagen>
      <ampliacion><![CDATA[CN_07_08_CO_REC30_img_03a.jpg]]></ampliacion>
      <texto/>
    </pregunta>
    <pregunta>
      <enunciado><![CDATA[Observa la imagen: cada nivel de organización se comporta como un sistema. Ahora, nombra dos niveles de organización que formen parte del ecosistema.]]></enunciado>
      <explicacion/>
      <nivel><![CDATA[2]]></nivel>
      <tipo/>
      <imagen><![CDATA[CN_07_08_CO_REC30_img_04n.jpg]]></imagen>
      <ampliacion><![CDATA[CN_07_08_CO_REC30_img_04a.jpg]]></ampliacion>
      <texto/>
    </pregunta>
    <pregunta>
      <enunciado><![CDATA[Realiza un cuadro comparativo entre los cambios de origen natural y los cambios de origen artificial en los ecosistemas. Nombra por lo menos dos similitudes y dos diferencias entre ellos. ]]></enunciado>
      <explicacion />
      <nivel><![CDATA[1]]></nivel>
      <tipo />
      <imagen />
      <ampliacion />
      <texto />
    </pregunta>
    <pregunta>
      <enunciado><![CDATA[Observa la imagen y establece cuál es la causa precursora del cambio en este ecosistema. ¿El cambio es de origen natural o artificial? Justifica tu respuesta.]]></enunciado>
      <explicacion />
      <nivel><![CDATA[1]]></nivel>
      <tipo />
      <imagen><![CDATA[CN_07_08_CO_REC60_img_01n.jpg]]></imagen>
      <ampliacion><![CDATA[CN_07_08_CO_REC60_img_01a.jpg]]></ampliacion>
      <texto />
    </pregunta>
    <pregunta>
      <enunciado><![CDATA[Los fenómenos que muestra la imagen generan cambios en los ecosistemas. ¿Estos cambios son naturales o artificiales? Justifica tu respuesta.]]></enunciado>
      <explicacion />
      <nivel><![CDATA[1]]></nivel>
      <tipo />
      <imagen><![CDATA[CN_07_08_CO_REC60_img_02n.jpg]]></imagen>
      <ampliacion><![CDATA[CN_07_08_CO_REC60_img_02a.jpg]]></ampliacion>
      <texto />
    </pregunta>
    <pregunta>
      <enunciado><![CDATA[Describe cuatro ejemplos de cambios artificiales en los ecosistemas. ]]></enunciado>
      <explicacion />
      <nivel><![CDATA[1]]></nivel>
      <tipo />
      <imagen />
      <ampliacion />
      <texto />
    </pregunta>
    <pregunta>
      <enunciado><![CDATA[¿Qué clase de plantas se pueden establecer después de un incendio y cuál es su función? ¿La sucesión vegetal que inicia es primaria o secundaria?]]></enunciado>
      <explicacion/>
      <nivel><![CDATA[1]]></nivel>
      <tipo/>
      <imagen><![CDATA[CN_07_08_CO_REC110_img_01n.jpg]]></imagen>
      <ampliacion><![CDATA[CN_07_08_CO_REC110_img_01a.jpg]]></ampliacion>
      <texto/>
    </pregunta>
    <pregunta>
      <enunciado><![CDATA[En la etapa final de una sucesión vegetal se establece una comunidad que recibe el nombre de clímax. Describe cómo son las plantas que integran esta comunidad.]]></enunciado>
      <explicacion/>
      <nivel><![CDATA[2]]></nivel>
      <tipo/>
      <imagen><![CDATA[CN_07_08_CO_REC110_img_02n.jpg]]></imagen>
      <ampliacion><![CDATA[CN_07_08_CO_REC110_img_02a.jpg]]></ampliacion>
      <texto/>
    </pregunta>
    <pregunta>
      <enunciado><![CDATA[¿En qué se diferencian los cambios globales y los cambios locales? Ilustra tu respuesta con ejemplos. ]]></enunciado>
      <explicacion/>
      <nivel><![CDATA[2]]></nivel>
      <tipo/>
      <imagen><![CDATA[CN_07_08_CO_REC110_img_03n.jpg]]></imagen>
      <ampliacion><![CDATA[CN_07_08_CO_REC110_img_03a.jpg]]></ampliacion>
      <texto/>
    </pregunta>
    <pregunta>
      <enunciado><![CDATA[¿Qué clase de cambio describe la lectura? Justifica tu respuesta. ]]></enunciado>
      <explicacion/>
      <nivel><![CDATA[2]]></nivel>
      <tipo/>
      <imagen/>
      <ampliacion/>
      <texto><![CDATA[El 27 de febrero de 2010, Chile fue afectado por un devastador tsunami. Tan solo en el humedal del Yali, en la costa central del país, 146 tipos de aves, mamíferos y plantas quedaron en peligro de extinción después de que el mar llegara 70 metros tierra adentro, depositando arena y destruyendo la barrera natural que impedía el ingreso del agua salada. Se ocasionó una alteración del ecosistema que mantenía equilibrio entre el flujo del agua dulce y de la salada, cambiando su salinidad, los niveles de oxígeno y el pH, entre otros parámetros. ]]></texto>
    </pregunta>
    <pregunta>
      <enunciado><![CDATA[¿Qué consecuencias generará sobre los ecosistemas aledaños el fenómeno de la imagen?, ¿se podrán recuperar?, ¿en qué forma?]]></enunciado>
      <explicacion/>
      <nivel><![CDATA[2]]></nivel>
      <tipo/>
      <imagen><![CDATA[CN_07_08_CO_REC110_img_04n.jpg]]></imagen>
      <ampliacion><![CDATA[CN_07_08_CO_REC110_img_04a.jpg]]></ampliacion>
      <texto/>
    </pregunta>
    <pregunta>
      <enunciado><![CDATA[Explica por qué las extinciones masivas son un tipo de cambio natural con impacto global.]]></enunciado>
      <explicacion/>
      <nivel><![CDATA[3]]></nivel>
      <tipo/>
      <imagen><![CDATA[CN_07_08_CO_REC110_img_05n.jpg]]></imagen>
      <ampliacion><![CDATA[CN_07_08_CO_REC110_img_05a.jpg]]></ampliacion>
      <texto/>
    </pregunta>
    <pregunta>
      <enunciado><![CDATA[Tomando como referencia la imagen nombra algunas adaptaciones de las plantas para sobrevivir a cambios estacionales.]]></enunciado>
      <explicacion/>
      <nivel><![CDATA[2]]></nivel>
      <tipo/>
      <imagen><![CDATA[CN_07_08_CO_REC110_img_06n.jpg]]></imagen>
      <ampliacion><![CDATA[CN_07_08_CO_REC110_img_06a.jpg]]></ampliacion>
      <texto/>
    </pregunta>
    <pregunta>
      <enunciado><![CDATA[Identifica qué cambios naturales locales representan un riesgo para el lugar en donde vives. ¿Cómo pueden estos cambios afectar a las personas de tu colegio?, ¿están preparados para enfrentarlos? ]]></enunciado>
      <explicacion/>
      <nivel><![CDATA[2]]></nivel>
      <tipo/>
      <imagen><![CDATA[CN_07_08_CO_REC110_img_07n.jpg]]></imagen>
      <ampliacion><![CDATA[CN_07_08_CO_REC110_img_07a.jpg]]></ampliacion>
      <texto/>
    </pregunta>
    <pregunta>
      <enunciado><![CDATA[Explica por qué en los ecosistemas los cambios naturales diarios y los estacionales son conocidos como cambios rítmicos.]]></enunciado>
      <explicacion/>
      <nivel><![CDATA[2]]></nivel>
      <tipo/>
      <imagen><![CDATA[CN_07_08_CO_REC110_img_08n.jpg]]></imagen>
      <ampliacion><![CDATA[CN_07_08_CO_REC110_img_08a.jpg]]></ampliacion>
      <texto/>
    </pregunta>
    <pregunta>
      <enunciado><![CDATA[Investiga qué está haciendo el gobierno de tu región para enfrentar los cambios naturales locales que representan un riesgo para las personas y para los ecosistemas.]]></enunciado>
      <explicacion/>
      <nivel><![CDATA[3]]></nivel>
      <tipo/>
      <imagen/>
      <ampliacion/>
      <texto/>
    </pregunta>
    <pregunta>
      <enunciado><![CDATA[Explica por qué después de un disturbio, como una tala o un incendio forestal, generalmente se presenta un cambio gradual en el ecosistema.]]></enunciado>
      <explicacion/>
      <nivel><![CDATA[1]]></nivel>
      <tipo/>
      <imagen><![CDATA[CN_07_08_CO_REC190_img_01n.jpg]]></imagen>
      <ampliacion><![CDATA[CN_07_08_CO_REC190_img_01a.jpg]]></ampliacion>
      <texto/>
    </pregunta>
    <pregunta>
      <enunciado><![CDATA[La ganadería es un factor que puede generar erosión. Menciona como mínimo otras tres actividades humanas que sean agentes causantes de este fenómeno que deteriora los suelos. ]]></enunciado>
      <explicacion/>
      <nivel><![CDATA[2]]></nivel>
      <tipo/>
      <imagen><![CDATA[CN_07_08_CO_REC190_img_02n.jpg]]></imagen>
      <ampliacion><![CDATA[CN_07_08_CO_REC190_img_02a.jpg]]></ampliacion>
      <texto/>
    </pregunta>
    <pregunta>
      <enunciado><![CDATA[Escoge de la imagen dos iconos que representen cambios artificiales globales y dos cambios artificiales locales. Explica en qué consisten y establece posibles soluciones para cada uno.]]></enunciado>
      <explicacion/>
      <nivel><![CDATA[2]]></nivel>
      <tipo/>
      <imagen><![CDATA[CN_07_08_CO_REC190_img_04n.jpg]]></imagen>
      <ampliacion><![CDATA[CN_07_08_CO_REC190_img_04a.jpg]]></ampliacion>
      <texto/>
    </pregunta>
    <pregunta>
      <enunciado><![CDATA[Uno de los efectos del calentamiento global es la destrucción del hábitat del oso polar. Explica por qué los cambios artificiales globales tienen impacto a nivel local.]]></enunciado>
      <explicacion/>
      <nivel><![CDATA[2]]></nivel>
      <tipo/>
      <imagen><![CDATA[CN_07_08_CO_REC190_img_03n.jpg]]></imagen>
      <ampliacion><![CDATA[CN_07_08_CO_REC190_img_03a.jpg]]></ampliacion>
      <texto/>
    </pregunta>
    <pregunta>
      <enunciado><![CDATA[¿Qué problemática representa la imagen? Describe el cambio que la genera. ]]></enunciado>
      <explicacion/>
      <nivel><![CDATA[3]]></nivel>
      <tipo/>
      <imagen><![CDATA[CN_07_08_CO_REC190_img_05n.jpg]]></imagen>
      <ampliacion><![CDATA[CN_07_08_CO_REC190_img_05a.jpg]]></ampliacion>
      <texto/>
    </pregunta>
    <pregunta>
      <enunciado><![CDATA[Explica por qué los derrames de petróleo generan cambios catastróficos.]]></enunciado>
      <explicacion/>
      <nivel><![CDATA[2]]></nivel>
      <tipo/>
      <imagen><![CDATA[CN_07_08_CO_REC190_img_06n.jpg]]></imagen>
      <ampliacion><![CDATA[CN_07_08_CO_REC190_img_06a.jpg]]></ampliacion>
      <texto/>
    </pregunta>
    <pregunta>
      <enunciado><![CDATA[Identifica dos cambios artificiales locales a los que esté expuesta la ciudad o localidad en donde vives. Analiza la forma como estos cambios afectan a las personas de tu comunidad. ¿Cómo ayudarías a minimizarlos?]]></enunciado>
      <explicacion/>
      <nivel><![CDATA[2]]></nivel>
      <tipo/>
      <imagen><![CDATA[CN_07_08_CO_REC190_img_07n.jpg]]></imagen>
      <ampliacion><![CDATA[CN_07_08_CO_REC190_img_07a.jpg]]></ampliacion>
      <texto/>
    </pregunta>
  </preguntas>
</motor>