<?xml version="1.0" encoding="UTF-8"?>
<?xml-stylesheet href="cuadernoestudio/dtd/libro.xslt" type="text/xsl"?>
<!--Arbortext, Inc., 1988-2013, v.4002-->
<!DOCTYPE libro SYSTEM "cuadernoestudio/dtd/libro.dtd">
<libro id="CN_08_07">
<libroTitulo>La electricidad</libroTitulo>
<seccion1 id="S1_CN_08_07_9C8F312AB7DF4E09BE6BEE708D290985">
<seccion1Titulo>La energía eléctrica</seccion1Titulo>
<seccion1Texto>
<p>Una gran parte de las actividades que realizamos en nuestra vida
cotidiana dependen de la electricidad. Gracias a ella funcionan muchos
de los aparatos que utilizamos habitualmente y tenemos iluminación
en nuestros hogares. A continuación, vamos a conocer más datos sobre
la energía eléctrica.</p>
<imagen ampliable="no" src="CN_08_07_img0_small.jpg">
<p>Gracias a la <negrita>electricidad</negrita>, podemos encender
la luz cuando se hace de noche y utilizar electrodomésticos que nos
facilitan las tareas cotidianas.</p>
</imagen>
<p>La <negrita>electricidad</negrita> es una de las formas de la energía
más empleadas en la actualidad. De hecho, usamos otros tipos de energía
para transformarla en energía eléctrica, ya que es muy fácil de transportar
y transformar en otros tipos de energía útiles.</p>
<p>La electricidad es una forma de energía que se manifiesta en la
naturaleza. Por ejemplo, los rayos que observamos durante las tormentas
se generan debido a la <negrita>diferencia de cargas eléctricas</negrita
> entre las nubes y la superficie terrestre. La información que llega
al cerebro viaja en forma de <negrita>impulsos eléctricos</negrita
> a través de las neuronas. Pero la electricidad que usamos habitualmente
es la generada en las <negrita>centrales eléctricas</negrita>, que
llega a nuestros hogares a través de la red eléctrica. Además, podemos
obtener energía eléctrica de las pilas y las baterías.</p>
<p>El filósofo griego Tales de Mileto fue el primero que descubrió
la existencia de la electricidad, en el siglo VI a.C. Infórmate de
quiénes han sido los científicos que a lo largo de los siglos se dedicaron
al estudio de la electricidad, en esta cronología de la Universidad
de Sonora, México <enlace
destino="http://www.tochtli.fisica.uson.mx/electro/historia.htm">[ver]</enlace
>.</p>
<imagen ampliable="no" src="CN_08_07_img1_small.jpg">
<p>Los <negrita>rayos</negrita> son una manifestación de la energía
eléctrica en la naturaleza.</p>
</imagen>
<profundiza>
<enlace
destino="/LoIdRedirect.aspx?LoId=CN_08_07_Recurso010&amp;IdRecurso=RES-7471C4F92326434B882002B585B3A6B8"
>La electricidad</enlace>
<no-imprimible/>
<enlace
destino="/LoIdRedirect.aspx?LoId=CN_08_07_Recurso020&amp;IdRecurso=RES-EDE9A4078EDE462782B7A1C9F0058F0F"
>Historia de la electricidad</enlace>
</profundiza><seccion2 id="S2_CN_08_07_ADB2C3968D096733DDC6A4FC57201308">
<seccion2Titulo>Consolidación</seccion2Titulo>
<seccion2Texto>
<p>Actividades para consolidar lo que has aprendido en esta sección.</p>
<practica>
<enlace
destino="/LoIdRedirect.aspx?LoId=CN_08_07_Recurso220&amp;IdRecurso=RES-848694ACB7DD4C7994873716CAEFF922"
>Refuerza tu aprendizaje: La energía eléctrica</enlace>
</practica></seccion2Texto></seccion2></seccion1Texto></seccion1>
<seccion1 id="S1_CN_08_07_550241F529934019A9A33BDD47D25B9E">
<seccion1Titulo>Las cargas eléctricas</seccion1Titulo>
<seccion1Texto>
<p>Los fenómenos eléctricos se deben a la naturaleza de la materia,
es decir, a las características de los átomos que la constituyen.
En general, los materiales son <negrita>neutros</negrita>, ya que
sus átomos tienen el mismo número de cargas positivas (protones) que
negativas (electrones).</p>
<recuerda><recuerdaTexto>
<p>Los átomos están constituidos por tres partículas fundamentales:
protón, electrón y neutrón. El <negrita>protón</negrita> tiene <negrita
>carga eléctrica positiva</negrita>, y el <negrita>electrón</negrita
>, <negrita>negativa</negrita>. El <negrita>neutrón</negrita> no tiene
carga eléctrica. Los protones y neutrones se hallan en el núcleo y
los electrones giran alrededor de este.</p>
</recuerdaTexto></recuerda>
<imagen src="CN_08_07_img2_small.jpg">
<p>Observa el <negrita>núcleo atómico</negrita>, donde se encuentran
los <negrita>protones</negrita> y los <negrita>neutrones</negrita
>, y la nube de <negrita>electrones</negrita> que rodea al núcleo.</p>
</imagen>
<p>Si nos peinamos en un día seco, el cabello se separa y es atraído
por el peine. Cuando los materiales se comportan así, decimos que
se han cargado eléctricamente. Este fenómeno se debe a la aparición
de cargas eléctricas y se conoce como <negrita>electricidad estática</negrita
>.</p>
<p>La <negrita>carga eléctrica</negrita> es una propiedad de la materia
que hace que dos cuerpos se atraigan o se rechacen entre sí. En el
Sistema Internacional de Unidades (SI), la unidad de carga eléctrica
es el <negrita>culombio (C)</negrita>.</p>
<p>Los cuerpos adquieren carga eléctrica porque los átomos que los
componen se cargan eléctricamente. En algunos materiales, los electrones
más alejados del núcleo se hallan débilmente atraídos por los protones
y pueden saltar de un átomo a otro. El átomo que pierde electrones
adquiere <negrita>carga eléctrica positiva (+)</negrita> y el que
los recibe, al tener un exceso de electrones, tiene <negrita>carga
eléctrica negativa (–)</negrita>. Por lo tanto, para adquirir carga
eléctrica, los átomos tienen que ganar o perder electrones. Estas
cargas interaccionan entre sí: las del mismo signo se repelen y las
de signo contrario se atraen.</p>
<seccion2 id="S2_CN_08_07_F1AAE68661A95AFA8D97F9141F201308">
<seccion2Titulo>Consolidación</seccion2Titulo>
<seccion2Texto>
<p>Actividades para consolidar lo que has aprendido en esta sección.</p>
<practica>
<enlace
destino="/LoIdRedirect.aspx?LoId=CN_08_07_Recurso230&amp;IdRecurso=RES-75EA26444E98412FAD57573BA5E57702"
>Refuerza tu aprendizaje: Las cargas eléctricas</enlace>
</practica></seccion2Texto></seccion2></seccion1Texto></seccion1>
<seccion1 id="S1_CN_08_07_0410A3AAF22E4C4BAC227851FC952875">
<seccion1Titulo>La corriente eléctrica</seccion1Titulo>
<seccion1Texto>
<p>Los electrones de los átomos que componen la materia se pueden
mover de un átomo a otro. Cuando este <negrita>movimiento</negrita
> se produce de <negrita>manera ordenada</negrita>, se forma un <negrita
>flujo de corriente</negrita> que se conoce con el nombre de corriente
eléctrica.</p>
<p>La corriente eléctrica es, por lo tanto, la transmisión de electrones
a través de un material debido a una diferencia de cargas entre un
punto y el otro, llamada <negrita>diferencia de potencial eléctrico</negrita
>.</p>
<p>Por ejemplo, si entre los dos extremos de un cable existe una diferencia
de potencial eléctrico, es decir, una diferencia de cantidad de carga
entre uno y otro punto, se produce un movimiento de cargas eléctricas
que genera una corriente eléctrica. Un generador de corriente eléctrica,
como una pila o una batería, por ejemplo, proporciona la diferencia
de potencial necesaria para hacer mover las cargas eléctricas.</p>
<destacado><destacadoTitulo>La diferencia de potencial y la intensidad
de corriente</destacadoTitulo><destacadoTexto>
<p>La <negrita>diferencia de potencial eléctrico</negrita> se conoce
también con el nombre de <negrita>voltaje</negrita>. Su unidad en
el SI es el <negrita>voltio (V)</negrita>.</p>
<p>Por otro lado, la <negrita>intensidad de corriente</negrita> es
el <negrita>número de cargas</negrita> que circula <negrita>por unidad
de tiempo</negrita>. Su unidad en el SI es el <negrita>amperio (A)</negrita
>. Cuanto mayor sea el número de cargas que pasan por un cable cada
segundo, mayor será la intensidad de la corriente.</p>
</destacadoTexto></destacado><seccion2
id="S2_CN_08_07_3A8F40FE4DA549E0B9AA6351585E2296">
<seccion2Titulo>Los tipos de corriente eléctrica</seccion2Titulo>
<seccion2Texto>
<p>Los electrones circulan por los materiales desde el punto de <negrita
>mayor potencial</negrita> al punto de <negrita>menor potencial</negrita
>. En una corriente eléctrica, si los electrones se desplazan siempre
en un <negrita>mismo sentido</negrita> decimos que se trata de una <negrita
>corriente continua</negrita>. Este tipo de corriente es la producida
por las pilas y las baterías.</p>
<p>Los electrones salen del polo negativo de la pila, o de cualquier
generador de corriente continua, y tras recorrer el cable vuelven
a entrar por el polo positivo. Este recorrido se denomina sentido
real de la corriente. Antiguamente se creía que las partículas que
se movían eran positivas y que lo hacían desde el polo positivo al
negativo. Aunque hoy se sabe que no es así, esta convención se sigue
manteniendo y se conoce como sentido convencional de la corriente.</p>
<p>En el siguiente enlace encontrarás un experimento sencillo para
hacer una curiosa pila con limones <enlace
destino="http://www.youtube.com/watch?v=XtHt00AN0pU">[ver]</enlace
>.</p>
<recuerda><recuerdaTexto>
<p>Una pila y una batería tienen un polo positivo (+) en uno de sus
extremos y un polo negativo (–) en el otro. La <negrita>diferencia
de potencial</negrita> entre estos dos polos genera una corriente
eléctrica.</p>
</recuerdaTexto></recuerda>
<p>La <negrita>corriente alterna</negrita> es la producida por los
generadores de corriente alterna, o alternadores, y se caracteriza
porque la circulación de los electrones cambia de sentido constantemente.
Fue descubierta por <negrita>Nikola Tesla</negrita> y sustituyó a
la corriente continua en las instalaciones que suministran corriente
eléctrica a gran escala. Es el tipo de corriente que se usa en nuestros
hogares.</p>
<imagen src="CN_08_07_img3_small.jpg">
<p>Esquema de un alternador simple en que se usa el magnetismo para
generar <negrita>corriente alterna</negrita>. La espira de la bobina
gira dentro del campo magnético formado por los imanes.</p>
</imagen>
<recuerda><recuerdaTexto>
<p>Los <negrita>campos magnéticos</negrita> pueden <negrita>producir
electricidad</negrita>. Si movemos un imán cerca de un cable conductor,
observaremos que se genera una débil corriente eléctrica. Los <negrita
>generadores electromagnéticos de corriente alterna</negrita>, o <negrita
>alternadores</negrita>, funcionan gracias a esta propiedad: cuando
una bobina (cable de cobre enrollado) se mueve dentro del campo magnético
de un imán, se produce una corriente eléctrica en el alambre.</p>
</recuerdaTexto></recuerda><profundiza>
<enlace
destino="/LoIdRedirect.aspx?LoId=CN_08_07_Recurso030&amp;IdRecurso=RES-22A5F650B3824558AF7854A47E5596BC"
>La corriente eléctrica</enlace>
<no-imprimible/></profundiza></seccion2Texto></seccion2><seccion2
id="S2_CN_08_07_C50B17BDB67F43169F9AE625AD468BE2">
<seccion2Titulo>Los conductores y los aislantes eléctricos</seccion2Titulo>
<seccion2Texto>
<p>Hay materiales que permiten una mejor circulación de los electrones
que otros; de acuerdo a ello, los clasificamos en materiales conductores
y aislantes.</p>
<p>Los <negrita>materiales conductores</negrita> son aquellos que
facilitan la circulación de los electrones, es decir, que oponen poca
resistencia a su paso. Se usan para <negrita>conducir la electricidad</negrita
> de un punto a otro. Los metales son muy buenos conductores eléctricos
aunque no todos lo hacen con igual eficacia.</p>
<p>La propiedad que mide la facilidad con que un material conduce
la corriente eléctrica, se llama <negrita>conductividad eléctrica</negrita
>. Hay cuatro metales que destacan por su gran conductividad: la plata,
el oro, el cobre y el aluminio. Los dos primeros son caros y se reservan
para aplicaciones especiales; el cobre y el aluminio son los más empleados.
Por ejemplo, en el tendido eléctrico aéreo, el peso de los cables
es un factor importante. En este caso, se usa el aluminio, ya que
es tres veces más liviano que el cobre, aunque su conductividad es
menor. En cambio, para los cables subterráneos o los de las instalaciones
domiciliarias, el cobre es el más adecuado.</p>
<p>Los <negrita>aislantes eléctricos</negrita> son malos conductores,
porque los electrones están muy ligados a los átomos y, por lo tanto,
no pueden circular con facilidad. El vidrio, el plástico o la madera
son buenos aislantes. Por ejemplo, los cables eléctricos tienen una
cubierta de plástico que los aísla y evita fugas de corriente.</p>
<p>En el siguiente enlace de la página web de Edenor, encontrarás
un experimento sencillo para comprobar qué materiales son mejores
conductores o aislantes de la electricidad <enlace
destino="http://www.edenorchicos.com.ar/edenorchicos/jsp/paginas/circuito3.jsp"
>[ver]</enlace>.</p>
<practica>
<enlace
destino="/LoIdRedirect.aspx?LoId=CN_08_07_Recurso100&amp;IdRecurso=RES-FC4679B3F6254E3E9C1D172AD3D06799"
>Ordena los materiales conductores</enlace>
</practica></seccion2Texto></seccion2><seccion2
id="S2_CN_08_07_D9470A2C86535B33D76A71FAC5201308">
<seccion2Titulo>Consolidación</seccion2Titulo>
<seccion2Texto>
<p>Actividades para consolidar lo que has aprendido en esta sección.</p>
<practica>
<enlace
destino="/LoIdRedirect.aspx?LoId=CN_08_07_Recurso240&amp;IdRecurso=RES-0D06C2991D1141F4803F7C5B51A85992"
>Refuerza tu aprendizaje: La corriente eléctrica</enlace>
</practica></seccion2Texto></seccion2></seccion1Texto></seccion1>
<seccion1 id="S1_CN_08_07_E3286A5FFAFA468BA11D01EE63C7F134">
<seccion1Titulo>Los circuitos eléctricos</seccion1Titulo>
<seccion1Texto>
<p>Cuando enchufamos un aparato eléctrico, circula corriente por él
porque lo incorporamos al circuito eléctrico (o instalación eléctrica)
de nuestra casa. La finalidad de un circuito eléctrico es hacer que
la corriente circule para que la energía eléctrica se transforme en
otro tipo de energía útil, por ejemplo, iluminar una bombilla, mover
un motor, etc.</p>
<p>Un circuito eléctrico básico está compuesto por un conjunto de
elementos como, por ejemplo, generadores, receptores, cables y elementos
de control o interruptores:</p>
<listaSinNumerar>
<listaElemento>El <negrita>generador</negrita> proporciona la diferencia
de potencial necesaria a las cargas para que se muevan. Por ejemplo,
una pila proporciona 1,5 V, y la red eléctrica doméstica, 220 V.</listaElemento>
<listaElemento>El <negrita>cable conductor</negrita> sirve de unión
entre el generador y los distintos elementos del circuito permitiendo
que circule la corriente entre ellos. Está formado por un material
conductor recubierto por una capa de material aislante.</listaElemento>
<listaElemento>Los <negrita>receptores</negrita> reciben la <negrita
>energía eléctrica</negrita> que proviene del generador y la <negrita
>transforman</negrita> en otro tipo de energía útil: luminosa (bombilla,
LED, etc.), química (carga de una batería), calorífica (resistencia
eléctrica, estufa, secador, etc.) o mecánica (motor eléctrico de un
ventilador, exprimidor, etc.). Los receptores reciben el nombre genérico
de <negrita>resistencias</negrita> porque son elementos que se oponen
al paso de la corriente eléctrica.</listaElemento>
<listaElemento>El <negrita>interruptor</negrita> es un elemento de
control que permite el paso de la corriente, cuando está cerrado,
o la interrumpe, cuando está abierto.</listaElemento>
</listaSinNumerar>
<imagen imprimir-grande="si" src="CN_08_07_img4_small.jpg">
<p>Observa que cada <negrita>elemento</negrita> de un <negrita>circuito
eléctrico</negrita> tiene un <negrita>símbolo</negrita> que lo representa.
De esta forma resulta más fácil dibujar el circuito.</p>
</imagen>
<p>Fíjate cómo circulan los electrones en un circuito en esta animación
del Ministerio de Educación, Cultura y Deporte <enlace
destino="http://ntic.educacion.es/w3//recursos/fp/electricidad/ud1/inicio_elect_1.html"
>[ver]</enlace>.</p>
<p>Además, observa cómo es un circuito sencillo, como el de una linterna,
en esta otra animación del Proyecto Newton <enlace
destino="http://newton.cnice.mec.es/materiales_didacticos/electricidad3E/circuito.htm"
>[ver]</enlace>.</p>
<destacado><destacadoTitulo>La resistencia eléctrica</destacadoTitulo>
<destacadoTexto>
<p>La <negrita>resistencia eléctrica</negrita> es una propiedad de
los materiales que mide su oposición al paso de la corriente. La unidad
de medida en el SI es el <negrita>ohmio (Ω)</negrita>.</p>
</destacadoTexto></destacado>
<p>En un circuito eléctrico, las resistencias se pueden conectar en <negrita
>serie</negrita>, es decir, una al lado de la otra en una única rama,
o en <negrita>paralelo</negrita>, o sea, en dos ramas distintas. La
corriente que atraviesa dos o más resistencias conectadas en serie
es la misma para todas ellas. En cambio, la que pasa por dos resistencias
conectadas en paralelo es diferente en cada rama.</p>
<p>Amplía la información sobre los circuitos en serie y en paralelo
en este enlace <enlace
destino="http://www.wikisaber.es/Contenidos/LObjects/series_parallel/index.html"
>[ver]</enlace>.</p>
<imagen imprimir-grande="si" src="CN_08_07_img5_small.jpg">
<p>Esquemas de un <negrita>circuito en serie</negrita> (arriba) y
de un <negrita>circuito en paralelo</negrita> (abajo). La corriente
que circula por las bombillas en el circuito en serie es la misma
para todas. Si una se quema, el circuito queda abierto y dejan de
funcionar las demás. En un circuito en paralelo, por cada rama o bifurcación
puede circular una intensidad de corriente distinta, dependiendo de
la potencia de las bombillas. Si una de las bombillas se quema, las
demás siguen funcionando porque la corriente no se interrumpe.</p>
</imagen>
<profundiza>
<enlace
destino="/LoIdRedirect.aspx?LoId=CN_08_07_Recurso070&amp;IdRecurso=RES-B19CB6B1FAF247B9A8FDC15D5FB15150"
>La pila eléctrica</enlace>
<enlace
destino="/LoIdRedirect.aspx?LoId=CN_08_07_Recurso080&amp;IdRecurso=RES-694F52573C54435D8056FFD8DCFA4F19"
>¿Cómo funciona una bombilla?</enlace>
</profundiza><seccion2 id="S2_CN_08_07_ECBD8D746D414C5B95902ABCC8393DE2">
<seccion2Titulo>La ley de Ohm</seccion2Titulo>
<seccion2Texto>
<p>En un circuito eléctrico los valores de resistencia, intensidad
y voltaje se encuentran relacionados mediante la <negrita>ley de Ohm</negrita
>. Esta ley establece que la <negrita>intensidad de corriente </negrita
><negritacursiva>I</negritacursiva> que circula por un circuito de
corriente continua es directamente proporcional al <negrita>voltaje</negrita
><negritacursiva>V</negritacursiva> aplicado e inversamente proporcional
a la <negrita>resistencia </negrita><negritacursiva>R</negritacursiva
> del circuito. Su expresión matemática es la siguiente:	</p>
<p>             <cursiva>I</cursiva> =<cursiva> V</cursiva> / <cursiva
> R</cursiva></p>
<imagen src="CN_08_07_img6_small.jpg">
<p>El triángulo de la <negrita>ley de Ohm</negrita>. Este esquema
permite obtener fácilmente las expresiones del voltaje, la resistencia
o la intensidad de corriente.</p>
</imagen>
<p>La ley de Ohm permite conocer la intensidad, el voltaje o la resistencia
en cualquier punto de un circuito, ya que conociendo dos de estos
valores, se puede averiguar el tercero. Por ejemplo: si en un circuito
con una pila de 4,5 V se conecta una resistencia de 6 Ω, ¿qué intensidad
circula por el circuito?</p>
<p>Para resolver el problema, seguimos este procedimiento:</p>
<listaNumerada>
<listaElemento>Apuntamos los datos y la incógnita. Datos: <cursiva
>V</cursiva> = 4,5 V; <cursiva>R</cursiva> = 6 Ω. Incógnita: <cursiva
>I</cursiva></listaElemento>
<listaElemento>Aplicamos la ley de Ohm: <cursiva>I</cursiva> = <cursiva
>V</cursiva> / <cursiva>R</cursiva></listaElemento>
<listaElemento>Sustituimos las magnitudes conocidas en la fórmula,
en este caso, el voltaje y la resistencia, para obtener el valor de
la incógnita: <negritacursiva>I</negritacursiva> = 4,5 V / 6 Ω = <negrita
>0,75 A</negrita></listaElemento>
</listaNumerada>
<recuerda><recuerdaTexto>
<p>El <negrita>voltaje</negrita><cursiva>V</cursiva> es la diferencia
de potencial entre los dos polos de un circuito y se mide en <negrita
>voltios</negrita> (V). La <negrita>intensidad</negrita> de corriente <cursiva
>I</cursiva> es la cantidad de electricidad que circula por unidad
de tiempo y se mide en <negrita>amperios</negrita> (A). La <negrita
>resistencia</negrita><cursiva>R</cursiva> es la oposición de un material
a la circulación de corriente y se mide en <negrita>ohmios</negrita
> (Ω).</p>
</recuerdaTexto></recuerda>
<p>Practica los cálculos con la ley de Ohm en este generador de ejercicios <enlace
destino="http://recursostic.educacion.es/secundaria/edad/3esofisicaquimica/3quincena11/3q11_contenidos_5d.htm"
>[ver]</enlace>.</p>
<practica>
<enlace
destino="/LoIdRedirect.aspx?LoId=CN_08_07_Recurso050&amp;IdRecurso=RES-F9B7679782234F32AD27E092228346D7"
>La ley de Ohm</enlace>
<enlace
destino="/LoIdRedirect.aspx?LoId=CN_08_07_Recurso040&amp;IdRecurso=RES-6911845E86C646E1A4689E5395B26128"
>Define algunas unidades eléctricas</enlace>
<enlace
destino="/LoIdRedirect.aspx?LoId=CN_08_07_Recurso060&amp;IdRecurso=RES-1B36C2509AFC41EE8A54D7301D5C085E"
>Emplea la ley de Ohm</enlace>
</practica></seccion2Texto></seccion2><seccion2
id="S2_CN_08_07_3C98A779E2342EF7F9456E18A3201308">
<seccion2Titulo>Consolidación</seccion2Titulo>
<seccion2Texto>
<p>Actividades para consolidar lo que has aprendido en esta sección.</p>
<practica>
<enlace
destino="/LoIdRedirect.aspx?LoId=CN_08_07_Recurso250&amp;IdRecurso=RES-598E6733C0FE4DBDB1775A22C02C6524"
>Refuerza tu aprendizaje: Los circuitos eléctricos</enlace>
</practica></seccion2Texto></seccion2></seccion1Texto></seccion1>
<seccion1 id="S1_CN_08_07_8ED0C98A81F6434BA6BDF99233B78FDE">
<seccion1Titulo>La producción de electricidad</seccion1Titulo>
<seccion1Texto>
<p>El ser humano ha aprendido a <negrita>transformar</negrita> otras <negrita
>formas de energía</negrita> en <negrita>energía eléctrica</negrita
>. Esto se lleva a cabo en las <negrita>centrales eléctricas</negrita
>. La electricidad obtenida en estas instalaciones se transporta hasta
las casas a través del <negrita>tendido eléctrico</negrita>, mediante
gruesos cables que se apoyan en altas torres de metal.</p>
<p>El funcionamiento de la mayoría de las centrales eléctricas consiste
en el empleo de un sistema de <negrita>turbina-generador</negrita
>. La <negrita>turbina</negrita> es accionada por la energía mecánica
del agua líquida o del vapor de agua, según la fuente de energía que
se utilice. El <negrita>generador</negrita> o <negrita>alternador</negrita
> es un dispositivo electromagnético compuesto por una bobina (cable
arrollado) y un imán, que convierte energía cinética en energía eléctrica.
La turbina se encarga de mover el eje del generador que, al girar
a gran velocidad, produce corriente eléctrica en la bobina.</p>
<p>Para saber más sobre el funcionamiento de un generador electromagnético
observa esta animación de la Gran Enciclopedia Planeta <enlace
destino="/BCRedir.aspx?URL=/encyclopedia/default.asp?idpack=5&amp;idpil=AN010123"
>[ver]</enlace>.</p>
<seccion2 id="S2_CN_08_07_0CC7E9536ED342AE8B574A9BD2578C28">
<seccion2Titulo>Las centrales eléctricas</seccion2Titulo>
<seccion2Texto>
<p>Las centrales eléctricas pueden aprovechar fuentes de energías
renovables o no renovables. Las que utilizan <negrita>energías renovables</negrita
> son:</p>
<listaSinNumerar>
<listaElemento>La <negrita>central hidroeléctrica</negrita>: usa la <negrita
>energía cinética del agua</negrita> de los ríos para mover las turbinas.</listaElemento>
<listaElemento>La <negrita>central mareomotriz</negrita>: usa la <negrita
>energía cinética de las mareas</negrita> para mover las turbinas.</listaElemento>
<listaElemento>La <negrita>central undimotriz</negrita>: usa la <negrita
>energía cinética de las olas</negrita> para mover las turbinas.</listaElemento>
<listaElemento>La <negrita>central</negrita> o el <negrita>parque
eólico</negrita>: usa la <negrita>energía cinética del viento</negrita
> para mover las palas de un molino (aerogenerador) cuyo eje está
conectado directamente al generador de electricidad.</listaElemento>
<listaElemento>La <negrita>central fotovoltaica</negrita>: usa la <negrita
>energía solar</negrita> para transformarla directamente en energía
eléctrica gracias a los paneles fotovoltaicos.</listaElemento>
<listaElemento>La <negrita>central geotérmica</negrita>: usa la <negrita
>energía térmica del interior de la Tierra</negrita> para calentar
agua y transformarla en vapor que mueve las turbinas.</listaElemento>
<listaElemento>La <negrita>central de biomasa</negrita>: usa la <negrita
>combustión de biomasa</negrita> para conseguir <negrita>energía térmica</negrita
> que transforma el agua en vapor que mueve las turbinas.</listaElemento>
</listaSinNumerar>
<p>Las centrales eléctricas que utilizan <negrita>energías no renovables</negrita
> son:</p>
<listaSinNumerar>
<listaElemento>La <negrita>central térmica</negrita>: usa <negrita
>combustibles fósiles</negrita>, como el gas natural, el petróleo
o el carbón, para generar <negrita>energía térmica</negrita> y calentar
el agua, que, al transformarse en vapor, mueve las turbinas.</listaElemento>
<listaElemento>La <negrita>central nuclear</negrita>: usa la <negrita
>energía térmica</negrita> liberada por las <negrita>reacciones nucleares</negrita
> (fisión de uranio) para calentar agua, que se transforma en vapor
y mueve las turbinas.</listaElemento>
</listaSinNumerar>
<p>Para ampliar la información sobre el funcionamiento de las centrales
eléctricas, consulta este enlace de la Asociación Española de la Industria
Eléctrica (UNESA) <enlace
destino="http://www.unesa.es/sector-electrico/funcionamiento-de-las-centrales-electricas"
>[ver]</enlace>.</p>
<imagen imprimir-grande="si" src="CN_08_07_img7_small.jpg">
<p>Transformación de energía mecánica en energía eléctrica en una <negrita
>central hidroeléctrica</negrita>. El agua retenida en el embalse
se precipita hasta la central, donde hace girar las paletas de unas
turbinas, que accionan unos alternadores o generadores de energía
eléctrica.</p>
</imagen>
<profundiza>
<enlace
destino="/LoIdRedirect.aspx?LoId=CN_08_07_Recurso150&amp;IdRecurso=RES-4CDB0ED2214F496D843CFE77B1374E4D"
>Las centrales eléctricas españolas</enlace>
</profundiza><profundiza>
<enlace
destino="/LoIdRedirect.aspx?LoId=CN_08_07_Recurso110&amp;IdRecurso=RES-23EAC061BCA44ECCAE6A63015422EEAE"
>La central térmica</enlace>
<no-imprimible/></profundiza><practica>
<enlace
destino="/LoIdRedirect.aspx?LoId=CN_08_07_Recurso120&amp;IdRecurso=RES-47D9881269B2474FB0154FF37D6E8193"
>Identifica las fuentes naturales de energía eléctrica</enlace>
</practica></seccion2Texto></seccion2><seccion2
id="S2_CN_08_07_706912F64558F7DCD342954315201308">
<seccion2Titulo>Consolidación</seccion2Titulo>
<seccion2Texto>
<p>Actividades para consolidar lo que has aprendido en esta sección.</p>
<practica>
<enlace
destino="/LoIdRedirect.aspx?LoId=CN_08_07_Recurso260&amp;IdRecurso=RES-112D77AB1A1D4AC5B9EBE09D023750B1"
>Refuerza tu aprendizaje: La producción de electricidad</enlace>
</practica></seccion2Texto></seccion2></seccion1Texto></seccion1>
<seccion1 id="S1_CN_08_07_CD8D1A2F37484E1E82B14194CF0238B9">
<seccion1Titulo>El ahorro energético</seccion1Titulo>
<seccion1Texto>
<p>Vivimos en una sociedad que <negrita>depende totalmente de la energía
eléctrica</negrita>. Casi todos los aparatos que usamos diariamente
funcionan con electricidad, como los electrodomésticos, el teléfono
móvil, el ordenador, el televisor, el alumbrado doméstico y público,
etc. Esto hace que cada día se consuma muchísima energía eléctrica.</p>
<p>Gran parte de esta electricidad se genera a partir de <negrita
>energías no renovables</negrita>, es decir, de energías obtenidas
a partir de recursos no renovables, como los combustibles fósiles
(carbón, petróleo, gas). Esto significa que en un futuro cercano las
reservas de estos recursos pueden agotarse.</p>
<p>Por otro lado, aunque cada vez son más las centrales que obtienen
electricidad a partir de <negrita>energías renovables</negrita>, como
la solar o la eólica, estas no pueden cubrir la gran demanda de electricidad
existente. Por este motivo, si queremos conservar las reservas energéticas,
debemos hacer un <negrita>consumo responsable</negrita> de la electricidad.</p>
<destacado><destacadoTitulo>Las lámparas de bajo consumo</destacadoTitulo>
<destacadoTexto>
<p>Las lámparas de <negrita>bajo consumo</negrita> tienen en su interior
gases y un material fluorescente que se ilumina al paso de la corriente
eléctrica. Con este sistema se consume menos energía que con una bombilla
común de filamento.</p>
</destacadoTexto></destacado>
<p>El ahorro energético no solo reduce el consumo de electricidad,
sino también la <negrita>contaminación</negrita> derivada de la producción
de electricidad mediante combustibles fósiles. Por otra parte, ahorrar
energía también nos beneficia por el <negrita>ahorro económico</negrita
> que comporta en la factura de la luz. Apagar las luces que no se
están usando, no dejar los aparatos eléctricos en <cursiva>stand-by</cursiva
> o usar bombillas y electrodomésticos de bajo consumo, son hábitos
que hacen descender el gasto eléctrico doméstico y ahorran energía.</p>
<p>El ahorro energético no se limita solo a la electricidad, sino
que se extiende a todo tipo de energías que podamos usar. Visita el
siguiente enlace para conocer 50 retos para ahorrar energía <enlace
destino="http://twenergy.com/consejos-para-ahorrar-energia/50-retos-twenergy-para-ahorrar-energia"
>[ver]</enlace>.</p>
<imagen ampliable="no" src="CN_08_07_img8_small.jpg">
<p>La etiqueta de <negrita>eficiencia energética</negrita> informa
de los valores de consumo de energía y agua del aparato (eficiencia),
así como de las prestaciones del mismo, permitiendo conocer de forma
rápida las características energéticas de un electrodoméstico. La
“A” indica la mayor eficiencia y la “G”, la menor.</p>
</imagen>
<practica>
<enlace
destino="/LoIdRedirect.aspx?LoId=CN_08_07_Recurso090&amp;IdRecurso=RES-454894969E5C46D28415DBBB3C5E9F38"
>Trabaja en el aprovechamiento energético</enlace>
</practica><seccion2 id="S2_CN_08_07_F5AEB42E040E8AB2FBB4827616201308">
<seccion2Titulo>Consolidación</seccion2Titulo>
<seccion2Texto>
<p>Actividades para consolidar lo que has aprendido en esta sección.</p>
<practica>
<enlace
destino="/LoIdRedirect.aspx?LoId=CN_08_07_Recurso270&amp;IdRecurso=RES-F5850530D9074F60A5975BEE0126FE7D"
>Refuerza tu aprendizaje: El ahorro energético</enlace>
</practica></seccion2Texto></seccion2></seccion1Texto></seccion1>
<seccion1 id="S1_CN_08_07_0CC55955F73A62A3997C481089201308">
<seccion1Titulo>Ejercitación y competencias</seccion1Titulo>
<seccion1Texto>
<p>Pon a prueba tus capacidades y aplica lo aprendido con estos recursos.</p>
<practica>
<enlace
destino="/LoIdRedirect.aspx?LoId=CN_08_07_Recurso170&amp;IdRecurso=RES-EA866293F31E4D59B3A021C7B2EEBDB4"
>Competencias: relación entre cargas y fenómenos eléctricos</enlace>
</practica><practica>
<enlace
destino="/LoIdRedirect.aspx?LoId=CN_08_07_Recurso180&amp;IdRecurso=RES-761F44E0BC1045608B908B50B5B159E0"
>Competencias: construcción de un motor eléctrico simple</enlace>
</practica><practica>
<enlace
destino="/LoIdRedirect.aspx?LoId=CN_08_07_Recurso190&amp;IdRecurso=RES-14E884FA3F054CBB94C879043EADE95E"
>Competencias: investigación de la peligrosidad de los campos</enlace>
</practica><practica>
<enlace
destino="/LoIdRedirect.aspx?LoId=CN_08_07_Recurso200&amp;IdRecurso=RES-C068866CA52B4452A80DCC8E860ACC0B"
>Competencias: diferenciación entre circuitos en serie y paralelo</enlace>
</practica><practica>
<enlace
destino="/LoIdRedirect.aspx?LoId=CN_08_07_Recurso210&amp;IdRecurso=RES-742CB3152CE04552A793025F620D9A2C"
>Competencias: comparación de los diferentes tipos de bombilla</enlace>
</practica></seccion1Texto></seccion1><masinformacion
id="MI_CN_08_07_422DFBDEB44A4BC4A95D7905F4426181"><mapaconceptual>
<enlace
destino="/LoIdRedirect.aspx?LoId=CN_08_07_Recurso140&amp;IdRecurso=RES-56ED198776AA4F22BD3D753430C538D5"
>Mapa conceptual del tema La electricidad</enlace></mapaconceptual>
<autoevaluate><enlace
destino="/LoIdRedirect.aspx?LoId=CN_08_07_Recurso130&amp;IdRecurso=RES-EBE39976BCDD4EB7B5C7B983158B938B"
>Evalúa tus conocimientos sobre el tema La electricidad</enlace>
</autoevaluate><enlacesreferencia>
<enlace
destino="http://recursostic.educacion.es/newton/web/materiales_didacticos/electricidad3E/quees.htm"
>Página sobre la corriente eléctrica de la web del Proyecto Newton,
del Ministerio de Educación, Cultura y Deporte.</enlace>
<enlace
destino="http://www.linalquibla.com/TecnoWeb/electricidad/actividades/actividad_1.htm"
>Actividades sobre la electricidad desarrolladas por el IES Alquibla
de Murcia.</enlace>
<enlace destino="http://www.unesa.net/unesa/html/sabereinvestigar.htm"
>Página dedicada a la electricidad de UNESA.</enlace>
</enlacesreferencia></masinformacion></libro>
