﻿<?xml version="1.0" encoding="UTF-8"?><motor tipo="101" clase="ap" aprid="M101ap"><plataforma><grado><![CDATA[2]]></grado><titulo>Banco de actividades: La electricidad</titulo><area>1</area><nivel>2</nivel><referencia><![CDATA[CN_08_07]]></referencia><idreg><![CDATA[4586]]></idreg><motor><![CDATA[M101A]]></motor><lang>es</lang></plataforma><enunciado><![CDATA[Realiza la siguiente actividad. Cuando termines haz clic en Enviar. Si es necesario, entrega las respuestas en mano o por email a tu profesor para que pueda validarlas.]]></enunciado><masinfo inicio="0" /><calc><![CDATA[0]]></calc><preguntas cantidad="30"><pregunta><enunciado><![CDATA[Enumera cinco usos que das a la electricidad a diario, indicando el tipo de transformación energética que se produce.]]></enunciado><explicacion /><nivel><![CDATA[1]]></nivel><tipo /><imagen /><ampliacion /></pregunta><pregunta><enunciado><![CDATA[Lista y describe los diferentes tipos de energía existentes.]]></enunciado><explicacion /><nivel><![CDATA[1]]></nivel><tipo /><imagen /><ampliacion /></pregunta><pregunta><enunciado><![CDATA[Explica por qué la electricidad es más fácil de transportar que otras energías.]]></enunciado><explicacion /><nivel><![CDATA[1]]></nivel><tipo /><imagen /><ampliacion /></pregunta><pregunta><enunciado><![CDATA[Busca información sobre la relación entre Thomas Edison y Nikola Tesla.]]></enunciado><explicacion /><nivel><![CDATA[3]]></nivel><tipo /><imagen /><ampliacion /></pregunta><pregunta><enunciado><![CDATA[Relaciona el número de electrones de un átomo con su carga eléctrica.]]></enunciado><explicacion /><nivel><![CDATA[1]]></nivel><tipo /><imagen /><ampliacion /></pregunta><pregunta><enunciado><![CDATA[Explica qué relación existe entre dos átomos con cargas idénticas y entre dos átomos con cargas diferentes.]]></enunciado><explicacion /><nivel><![CDATA[1]]></nivel><tipo /><imagen /><ampliacion /></pregunta><pregunta><enunciado><![CDATA[Describe en qué consiste el fenómeno conocido como electricidad estática.]]></enunciado><explicacion /><nivel><![CDATA[2]]></nivel><tipo /><imagen /><ampliacion /></pregunta><pregunta><enunciado><![CDATA[Enumera y explica las unidades relacionadas con la electricidad.]]></enunciado><explicacion /><nivel><![CDATA[1]]></nivel><tipo /><imagen /><ampliacion /></pregunta><pregunta><enunciado><![CDATA[Compara e indica las diferencias entre corriente continua y corriente alterna.]]></enunciado><explicacion /><nivel><![CDATA[2]]></nivel><tipo /><imagen /><ampliacion /></pregunta><pregunta><enunciado><![CDATA[Define qué es la diferencia de potencial eléctrico.]]></enunciado><explicacion /><nivel><![CDATA[1]]></nivel><tipo /><imagen /><ampliacion /></pregunta><pregunta><enunciado><![CDATA[Explica por qué los cables de corriente eléctrica están formados por un hilo de cobre recubierto por materiales plásticos.]]></enunciado><explicacion /><nivel><![CDATA[1]]></nivel><tipo /><imagen /><ampliacion /></pregunta><pregunta><enunciado><![CDATA[Indica los tres material que destaquen por su conductividad y tres que destaquen por su capacidad aislante.]]></enunciado><explicacion /><nivel><![CDATA[2]]></nivel><tipo /><imagen /><ampliacion /></pregunta><pregunta><enunciado><![CDATA[Identifica y define los diferentes elementos que observas en la imagen.]]></enunciado><explicacion /><nivel><![CDATA[1]]></nivel><tipo /><imagen><![CDATA[CN_08_07_16_T1_img1_small.jpg]]></imagen><ampliacion><![CDATA[CN_08_07_16_T1_img1_zoom.jpg]]></ampliacion></pregunta><pregunta><enunciado><![CDATA[Compara las características de un circuito en serie y un circuito en paralelo.]]></enunciado><explicacion /><nivel><![CDATA[2]]></nivel><tipo /><imagen /><ampliacion /></pregunta><pregunta><enunciado><![CDATA[Decide si en una instalación eléctrica del hogar es mejor usar un circuito en serie o un circuito en paralelo. Argumenta tu decisión.]]></enunciado><explicacion /><nivel><![CDATA[3]]></nivel><tipo /><imagen /><ampliacion /></pregunta><pregunta><enunciado><![CDATA[Compara los voltajes, intensidades y resistencias de un circuito en serie y un circuito en paralelo.]]></enunciado><explicacion /><nivel><![CDATA[2]]></nivel><tipo /><imagen /><ampliacion /></pregunta><pregunta><enunciado><![CDATA[Calcula el voltaje de dos pilas que forman un circuito en paralelo cuya intensidad de corriente es 0,8 amperios y la resistencia del circuito es de 165 ohmios.]]></enunciado><explicacion /><nivel><![CDATA[2]]></nivel><tipo /><imagen /><ampliacion /></pregunta><pregunta><enunciado><![CDATA[Describe qué es una central eléctrica.]]></enunciado><explicacion /><nivel><![CDATA[1]]></nivel><tipo /><imagen /><ampliacion /></pregunta><pregunta><enunciado><![CDATA[Explica qué significa que una central eléctrica use fuentes de energía renovables o no renovables.]]></enunciado><explicacion /><nivel><![CDATA[1]]></nivel><tipo /><imagen /><ampliacion /></pregunta><pregunta><enunciado><![CDATA[Investiga qué tipo de centrales eléctricas es más común en España, atendiendo al tipo de fuente de energía que se usa.]]></enunciado><explicacion /><nivel><![CDATA[2]]></nivel><tipo /><imagen /><ampliacion /></pregunta><pregunta><enunciado><![CDATA[Analiza las principales desventajas de las centrales eólicas y las centrales solares.]]></enunciado><explicacion /><nivel><![CDATA[2]]></nivel><tipo /><imagen /><ampliacion /></pregunta><pregunta><enunciado><![CDATA[Lista cinco hábitos para reducir el consumo eléctrico en tu casa.]]></enunciado><explicacion /><nivel><![CDATA[1]]></nivel><tipo /><imagen /><ampliacion /></pregunta><pregunta><enunciado><![CDATA[Interpreta las dos etiquetas de la imagen que podrías encontrar en dos electrodomésticos y decide con cuál de ellos lograrías un menor consumo eléctrico.]]></enunciado><explicacion /><nivel><![CDATA[2]]></nivel><tipo /><imagen><![CDATA[CN_08_07_16_T1_img2_small.jpg]]></imagen><ampliacion><![CDATA[CN_08_07_16_T1_img2_zoom.jpg]]></ampliacion></pregunta><pregunta><enunciado><![CDATA[Argumenta por qué debemos pasar gradualmente al uso de centrales eléctricas de fuentes de energía renovables y reducir las que utilizan fuentes no renovables.]]></enunciado><explicacion /><nivel><![CDATA[2]]></nivel><tipo /><imagen /><ampliacion /></pregunta><pregunta><enunciado><![CDATA[Imagina cómo sería un día de tu vida si no funcionase la electricidad en tu casa. Especifica las tareas diarias que no podrías realizar.]]></enunciado><explicacion /><nivel><![CDATA[1]]></nivel><tipo /><imagen /><ampliacion /></pregunta><pregunta><enunciado><![CDATA[Describe el movimiento de los electrones en una corriente eléctrica.]]></enunciado><explicacion /><nivel><![CDATA[3]]></nivel><tipo /><imagen /><ampliacion /></pregunta><pregunta><enunciado><![CDATA[Define las tres unidades que tienen en cuenta la ley de Ohm y explica la relación que establece entre ellas.]]></enunciado><explicacion /><nivel><![CDATA[2]]></nivel><tipo /><imagen /><ampliacion /></pregunta><pregunta><enunciado><![CDATA[Enumera las desventajas de las centrales eléctricas que usan fuentes de energía no renovables.]]></enunciado><explicacion /><nivel><![CDATA[1]]></nivel><tipo /><imagen /><ampliacion /></pregunta><pregunta><enunciado><![CDATA[Relata cómo se produce la electricidad en una central geotérmica, indicando las transformaciones energéticas que se producen.]]></enunciado><explicacion /><nivel><![CDATA[2]]></nivel><tipo /><imagen /><ampliacion /></pregunta><pregunta><enunciado><![CDATA[Relaciona el ahorro energético con la disminución de la contaminación.]]></enunciado><explicacion /><nivel><![CDATA[2]]></nivel><tipo /><imagen /><ampliacion /></pregunta></preguntas></motor>