﻿<?xml version="1.0" encoding="UTF-8"?><engine copy="Editorial Planeta" version="1" aprid="F6"><main layout="3"><title>Las centrales eléctricas españolas</title><footer>Selecciona una imagen</footer></main><sections><section i="0" star="false" hasSubsections="false"><submenu><sections /></submenu><pages><page i="0" visible="true" color="#E8E0D9"><title /><description><![CDATA[<TextFlow><p><span fontSize="12" fontWeight="bold">Funcionamiento</span></p><p><span fontSize="16" fontWeight="bold"></span></p><p paragraphStartIndent="20" styleName="bullet"><span fontSize="12">Obtienen electricidad a partir de los </span><span fontSize="12" fontWeight="bold">combustibles fósiles</span><span fontSize="12"> (carbón, gas y petróleo).</span></p><p paragraphStartIndent="20" styleName="bullet"><span fontSize="12">La combustión de los mismos </span><span fontSize="12" fontWeight="bold">calienta unos circuitos de agua</span><span fontSize="12">.</span></p><p paragraphStartIndent="20" styleName="bullet"><span fontSize="12">El agua se transforma en </span><span fontSize="12" fontWeight="bold">vapor</span><span fontSize="12">, y este hace girar unas turbinas.</span></p><p paragraphStartIndent="20" styleName="bullet"><span fontSize="12">Las </span><span fontSize="12" fontWeight="bold">turbinas</span><span fontSize="12"> están conectadas a un alternador que genera energía eléctrica.</span></p><p paragraphStartIndent="20" styleName="bullet"><span fontSize="12">Las centrales térmicas de </span><span fontSize="12" fontWeight="bold">ciclo combinado</span><span fontSize="12"> usan una turbina de gas como intermediario entre el combustible y la turbina.</span></p></TextFlow>]]></description><images><image path="medias/section_0_1_page1.jpg" border="false"><title /></image><image path="" border="false"><title /></image><image path="" border="false"><title /></image></images></page><page i="0" visible="true" color="#E8E0D9"><title /><description><![CDATA[<TextFlow><p><span fontSize="12" fontWeight="bold">Distribución</span></p><p><span fontSize="12" fontWeight="bold"></span></p><p paragraphStartIndent="20" styleName="bullet"><span fontSize="12">Las centrales térmicas son muy abundantes en España: </span><span fontSize="12" fontWeight="bold">hay unas 200</span><span fontSize="12">.</span></p><p><span fontSize="12"></span></p><p paragraphStartIndent="20" styleName="bullet"><span fontSize="12">Se encuentran sobre todo en la zona </span><span fontSize="12" fontWeight="bold">norte de la Península</span><span fontSize="12"> y en la </span><span fontSize="12" fontWeight="bold">costa este</span><span fontSize="12">.</span></p><p><span fontSize="12"></span></p><p paragraphStartIndent="20" styleName="bullet"><span fontSize="12">Suelen estar </span><span fontSize="12" fontWeight="bold">cerca de las cuencas mineras</span><span fontSize="12">, para aprovechar el carbón que se extrae de estas.</span></p></TextFlow>]]></description><images><image path="medias/section_0_1_page2.jpg" border="false"><title /></image><image path="" border="false"><title /></image><image path="" border="false"><title /></image></images></page><page i="0" visible="true" color="#E8E0D9"><title /><description><![CDATA[<TextFlow><p><span fontSize="12" fontWeight="bold">Potencia de las centrales por comunidades autónomas</span></p><p><span fontSize="16" fontWeight="bold"></span></p><p><span fontSize="12">Andalucía: 8.052 MW</span></p><p><span fontSize="12">Aragón: 3.140  MW</span></p><p><span fontSize="12">Asturias: 3.553  MW</span></p><p><span fontSize="12">Baleares: 2.160 MW</span></p><p><span fontSize="12">Canarias: 2.690 MW</span></p><p><span fontSize="12">Castilla y León: 2.734 MW</span></p><p><span fontSize="12">Castilla-La Mancha: 1.986 MW</span></p></TextFlow>]]></description><images><image path="medias/section_0_1_page3.jpg" border="false"><title /></image><image path="" border="false"><title /></image><image path="" border="false"><title /></image></images></page><page i="0" visible="true" color="#E8E0D9"><title /><description><![CDATA[<TextFlow><p><span fontSize="12" fontWeight="bold">Potencia de las centrales por comunidades autónomas</span></p><p><span fontSize="14"></span></p><p><span fontSize="12">Cataluña: 4.837 MW</span></p><p><span fontSize="12">Galicia: 3.281 MW</span></p><p><span fontSize="12">Murcia: 3.231 MW</span></p><p><span fontSize="12">Navarra: 1.228 MW</span></p><p><span fontSize="12">País Vasco: 2.175 MW</span></p><p><span fontSize="12">Comunidad Valenciana: 2.850 MW</span></p><p><span fontSize="12"></span></p></TextFlow>]]></description><images><image path="medias/section_0_1_page4.jpg" border="false"><title /></image><image path="" border="false"><title /></image><image path="" border="false"><title /></image></images></page><page i="0" visible="false" color="#FFCC00"><title /><description /><images><image path="" border="false"><title /></image><image path="" border="false"><title /></image><image path="" border="false"><title /></image></images></page><page i="0" visible="false" color="#FFCC00"><title /><description /><images><image path="" border="false"><title /></image><image path="" border="false"><title /></image><image path="" border="false"><title /></image></images></page></pages><menuImage path="medias/mainMenu_0.jpg" border="false"><title><![CDATA[<TextFlow><p><span>Centrales térmicas</span></p></TextFlow>]]></title></menuImage></section><section i="1" star="false" hasSubsections="false"><submenu><sections /></submenu><pages><page i="1" visible="true" color="#FCDDD6"><title /><description><![CDATA[<TextFlow><p><span fontSize="12" fontWeight="bold">Funcionamiento</span></p><p><span fontSize="16" fontWeight="bold"></span></p><p paragraphStartIndent="20" styleName="bullet"><span fontSize="12">Obtienen energía eléctrica a partir de </span><span fontSize="12" fontWeight="bold">combustibles nucleares</span><span fontSize="12">.</span></p><p><span fontSize="12"></span></p><p paragraphStartIndent="20" styleName="bullet"><span fontSize="12">Mediante una </span><span fontSize="12" fontWeight="bold">reacción de fisión</span><span fontSize="12">, extraen energía calorífica del uranio.</span></p><p><span fontSize="12"></span></p><p paragraphStartIndent="20" styleName="bullet"><span fontSize="12">Esta energía liberada </span><span fontSize="12" fontWeight="bold">calienta un circuito de agua</span><span fontSize="12">.</span></p><p><span fontSize="12"></span></p><p paragraphStartIndent="20" styleName="bullet"><span fontSize="12">El agua se transforma en </span><span fontSize="12" fontWeight="bold">vapor </span><span fontSize="12">y este </span><span fontSize="12" fontWeight="bold">mueve una turbina</span><span fontSize="12"> conectada a un alternador.</span></p><p><span fontSize="12"></span></p><p paragraphStartIndent="20" styleName="bullet"><span fontSize="12">El alternador</span><span fontSize="12" fontWeight="bold"> genera la energía eléctrica</span><span fontSize="12">.</span></p></TextFlow>]]></description><images><image path="medias/section_1_1_page1.jpg" border="false"><title /></image><image path="" border="false"><title /></image><image path="" border="false"><title /></image></images></page><page i="1" visible="true" color="#FCDDD6"><title /><description><![CDATA[<TextFlow><p><span fontSize="12" fontWeight="bold">Distribución</span></p><p><span fontSize="16" fontWeight="bold"></span></p><p><span fontSize="12">Centrales nucleares </span><span fontSize="12" fontWeight="bold">activas</span><span fontSize="12">:</span></p><p paragraphStartIndent="20" styleName="bullet"><span fontSize="12">Santa María de Garoña (Burgos).</span></p><p paragraphStartIndent="20" styleName="bullet"><span fontSize="12">Almaraz I y II (Cáceres).</span></p><p paragraphStartIndent="20" styleName="bullet"><span fontSize="12">Ascó I y II (Tarragona).</span></p><p paragraphStartIndent="20" styleName="bullet"><span fontSize="12">Cofrentes (Valencia).</span></p><p paragraphStartIndent="20" styleName="bullet"><span fontSize="12">Vandellós II (Tarragona).</span></p><p paragraphStartIndent="20" styleName="bullet"><span fontSize="12">Trillo (Guadalajara).</span></p><p><span fontSize="12"></span></p><p><span fontSize="12">Centrales nucleares </span><span fontSize="12" fontWeight="bold">en proceso de desmantelación</span><span fontSize="12">:</span></p><p paragraphStartIndent="20" styleName="bullet"><span fontSize="12">Vandellós I (Tarragona).</span></p><p paragraphStartIndent="20" styleName="bullet"><span fontSize="12">José Cabrera (Guadalajara).</span></p></TextFlow>]]></description><images><image path="medias/section_1_1_page2.jpg" border="false"><title /></image><image path="" border="false"><title /></image><image path="" border="false"><title /></image></images></page><page i="1" visible="true" color="#FCDDD6"><title /><description><![CDATA[<TextFlow><p><span fontSize="12" fontWeight="bold">Potencia de las centrales por comunidades autónomas</span></p><p><span fontSize="12" fontWeight="bold"></span></p><p><span fontSize="12">Castilla y León: 466 MW</span></p><p><span fontSize="12">Castilla-La Mancha: 1.066 MW</span></p><p><span fontSize="12">Cataluña: 3.146 MW</span></p><p><span fontSize="12">Extremadura: 2.080 MW</span></p><p><span fontSize="12">Comunidad Valenciana: 1.092 MW</span></p></TextFlow>]]></description><images><image path="medias/section_1_1_page3.jpg" border="false"><title /></image><image path="" border="false"><title /></image><image path="" border="false"><title /></image></images></page><page i="1" visible="false" color="#FFCC00"><title>Centrales nucleares</title><description /><images><image path="" border="false"><title /></image><image path="" border="false"><title /></image><image path="" border="false"><title /></image></images></page><page i="1" visible="false" color="#FFCC00"><title /><description /><images><image path="" border="false"><title /></image><image path="" border="false"><title /></image><image path="" border="false"><title /></image></images></page><page i="1" visible="false" color="#FFCC00"><title /><description /><images><image path="" border="false"><title /></image><image path="" border="false"><title /></image><image path="" border="false"><title /></image></images></page></pages><menuImage path="medias/mainMenu_1.jpg" border="false"><title><![CDATA[<TextFlow><p><span>Centrales nucleares</span></p></TextFlow>]]></title></menuImage></section><section i="2" star="false" hasSubsections="false"><submenu><sections /></submenu><pages><page i="2" visible="true" color="#ECD9F7"><title /><description><![CDATA[<TextFlow><p><span fontSize="12" fontWeight="bold">Funcionamiento</span></p><p><span fontSize="16" fontWeight="bold"></span></p><p paragraphStartIndent="20" styleName="bullet"><span fontSize="12">Utilizan la </span><span fontSize="12" fontWeight="bold">energía potencial gravitatoria</span><span fontSize="12"> del agua.</span></p><p><span fontSize="12"></span></p><p paragraphStartIndent="20" styleName="bullet"><span fontSize="12">El agua pasa por una </span><span fontSize="12" fontWeight="bold">turbina hidráulica</span><span fontSize="12"> que convierte la energía potencial en energía mecánica.</span></p><p><span fontSize="12"></span></p><p paragraphStartIndent="20" styleName="bullet"><span fontSize="12">La turbina mueve un </span><span fontSize="12" fontWeight="bold">alternador</span><span fontSize="12">, que genera la energía eléctrica.</span></p></TextFlow>]]></description><images><image path="medias/section_2_1_page1.jpg" border="false"><title /></image><image path="" border="false"><title /></image><image path="" border="false"><title /></image></images></page><page i="2" visible="true" color="#ECD9F7"><title /><description><![CDATA[<TextFlow><p><span fontSize="12" fontWeight="bold">Distribución</span></p><p><span fontSize="16" fontWeight="bold"></span></p><p paragraphStartIndent="20" styleName="bullet"><span fontSize="12">Existen</span><span fontSize="12" fontWeight="bold"> cerca de 800</span><span fontSize="12"> centrales hidroeléctricas en España.</span></p><p><span fontSize="12"></span></p><p paragraphStartIndent="20" styleName="bullet"><span fontSize="12">Se distribuyen en las </span><span fontSize="12" fontWeight="bold">cuencas hidrográficas</span><span fontSize="12">.</span></p><p><span fontSize="12"></span></p><p paragraphStartIndent="20" styleName="bullet"><span fontSize="12" fontWeight="bold">Grandes concentraciones</span><span fontSize="12"> de centrales hidroeléctricas:</span></p><p><span color="#ecd9f7" fontSize="12">--- </span><span fontSize="12">- Zona noroeste.</span></p><p><span color="#ecd9f7" fontSize="12">--- </span><span fontSize="12">- Pirineos.</span></p><p><span color="#ecd9f7" fontSize="12">--- </span><span fontSize="12">- Frontera con Portugal, en los ríos Duero y Tajo.</span></p></TextFlow>]]></description><images><image path="medias/section_2_1_page2.jpg" border="false"><title /></image><image path="" border="false"><title /></image><image path="" border="false"><title /></image></images></page><page i="2" visible="true" color="#ECD9F7"><title /><description><![CDATA[<TextFlow><p><span fontSize="12" fontWeight="bold">Potencia de las centrales por comunidades autónomas</span></p><p><span fontSize="16" fontWeight="bold"></span></p><p><span fontSize="12">Andalucía: 1.046 MW</span></p><p><span fontSize="12">Aragón: 1.284 MW</span></p><p><span fontSize="12">Asturias: 661 MW</span></p><p><span fontSize="12">Canarias: 1 MW</span></p><p><span fontSize="12">Cantabria : 363 MW</span></p><p><span fontSize="12">Castilla y León: 3.955 MW</span></p><p><span fontSize="12">Castilla-La Mancha: 721 MW</span></p><p><span fontSize="12">Cataluña: 2.206 MW</span></p></TextFlow>]]></description><images><image path="medias/section_2_1_page3.jpg" border="false"><title /></image><image path="" border="false"><title /></image><image path="" border="false"><title /></image></images></page><page i="2" visible="true" color="#ECD9F7"><title /><description><![CDATA[<TextFlow><p><span fontSize="12" fontWeight="bold">Centrales hidroeléctricas</span></p><p><span fontSize="12" fontWeight="bold"></span></p><p><span fontSize="12" fontWeight="bold">Potencia de las centrales por comunidades autónomas</span></p><p><span fontSize="14"></span></p><p><span fontSize="12">Extremadura: 2.148 MW</span></p><p><span fontSize="12">Galicia: 2.673 MW</span></p><p><span fontSize="12">Madrid: 59 MW</span></p><p><span fontSize="12">Murcia: 23 MW</span></p><p><span fontSize="12">Navarra: 11 MW</span></p><p><span fontSize="12">País Vasco: 105 MW</span></p><p><span fontSize="12">La Rioja: 8 MW</span></p><p><span fontSize="12">Comunidad Valenciana: 1.255 MW</span></p></TextFlow>]]></description><images><image path="medias/section_2_1_page4.jpg" border="false"><title /></image><image path="" border="false"><title /></image><image path="" border="false"><title /></image></images></page><page i="2" visible="false" color="#FFCC00"><title /><description /><images><image path="" border="false"><title /></image><image path="" border="false"><title /></image><image path="" border="false"><title /></image></images></page><page i="2" visible="false" color="#FFCC00"><title /><description /><images><image path="" border="false"><title /></image><image path="" border="false"><title /></image><image path="" border="false"><title /></image></images></page></pages><menuImage path="medias/mainMenu_2.jpg" border="false"><title><![CDATA[<TextFlow><p><span>Centrales hidroeléctricas</span></p></TextFlow>]]></title></menuImage></section><section i="3" star="false" hasSubsections="false"><submenu><sections /></submenu><pages><page i="3" visible="true" color="#D3E9DF"><title /><description><![CDATA[<TextFlow><p><span fontSize="12" fontWeight="bold">Funcionamiento</span></p><p><span fontSize="16" fontWeight="bold"></span></p><p paragraphStartIndent="20" styleName="bullet"><span fontSize="12">Obtienen electricidad de la </span><span fontSize="12" fontWeight="bold">energía cinética del viento</span><span fontSize="12">.</span></p><p><span fontSize="12"></span></p><p paragraphStartIndent="20" styleName="bullet"><span fontSize="12">Están constituidos por </span><span fontSize="12" fontWeight="bold">aerogeneradores</span><span fontSize="12">.</span></p><p><span fontSize="12"></span></p><p paragraphStartIndent="20" styleName="bullet"><span fontSize="12">El </span><span fontSize="12" fontWeight="bold">viento mueve las aspas</span><span fontSize="12"> de los aerogeneradores.</span></p><p><span fontSize="12"></span></p><p paragraphStartIndent="20" styleName="bullet"><span fontSize="12">Las aspas están conectadas a un </span><span fontSize="12" fontWeight="bold">generador</span><span fontSize="12"> o alternador que</span><span fontSize="12" fontWeight="bold"> transforma la energía cinética en energía eléctrica</span><span fontSize="12">.</span></p></TextFlow>]]></description><images><image path="medias/section_3_1_page1.jpg" border="false"><title /></image><image path="" border="false"><title /></image><image path="" border="false"><title /></image></images></page><page i="3" visible="true" color="#D3E9DF"><title /><description><![CDATA[<TextFlow><p><span fontSize="12" fontWeight="bold">Distribución</span></p><p><span fontSize="16" fontWeight="bold"></span></p><p paragraphStartIndent="20" styleName="bullet"><span fontSize="12">Los parques eólicos se sitúan en zonas con </span><span fontSize="12" fontWeight="bold">vientos constantes y regulares</span><span fontSize="12">.</span></p><p><span fontSize="12"></span></p><p paragraphStartIndent="20" styleName="bullet"><span fontSize="12">Suelen instalarse en </span><span fontSize="12" fontWeight="bold">serranías</span><span fontSize="12"> o en</span><span fontSize="12" fontWeight="bold"> áreas costeras</span><span fontSize="12">.</span></p><p><span fontSize="12"></span></p><p paragraphStartIndent="20" styleName="bullet"><span fontSize="12">Gran distribución en la </span><span fontSize="12" fontWeight="bold">costa gallega</span><span fontSize="12">, la </span><span fontSize="12" fontWeight="bold">zona sur</span><span fontSize="12"> o el </span><span fontSize="12" fontWeight="bold">sistema Ibérico</span><span fontSize="12">.</span></p></TextFlow>]]></description><images><image path="medias/section_3_1_page2.jpg" border="false"><title /></image><image path="" border="false"><title /></image><image path="" border="false"><title /></image></images></page><page i="3" visible="true" color="#D3E9DF"><title /><description><![CDATA[<TextFlow><p><span fontSize="12" fontWeight="bold">Potencia de las centrales por comunidades autónomas</span></p><p><span fontSize="16" fontWeight="bold"></span></p><p><span fontSize="12">Andalucía: 2.993 MW</span></p><p><span fontSize="12">Aragón: 1.751 MW</span></p><p><span fontSize="12">Asturias: 414 MW</span></p><p><span fontSize="12">Baleares: 4 MW</span></p><p><span fontSize="12">Canarias: 144 MW</span></p><p><span fontSize="12">Cantabria : 32 MW</span></p><p><span fontSize="12">Castilla y León: 4.540 MW</span></p><p><span fontSize="12">Castilla-La Mancha: 3.761 MW</span></p></TextFlow>]]></description><images><image path="medias/section_3_1_page3.jpg" border="false"><title /></image><image path="" border="false"><title /></image><image path="" border="false"><title /></image></images></page><page i="3" visible="true" color="#D3E9DF"><title /><description><![CDATA[<TextFlow><p><span fontSize="12" fontWeight="bold">Potencia de las centrales por comunidades autónomas</span></p><p><span fontSize="14"></span></p><p><span fontSize="12">Cataluña: 420 MW</span></p><p><span fontSize="12">Galicia: 3.238 MW</span></p><p><span fontSize="12">Murcia: 191  MW</span></p><p><span fontSize="12">Navarra: 976  MW</span></p><p><span fontSize="12">País Vasco: 194 MW</span></p><p><span fontSize="12">La Rioja: 446 MW</span></p><p><span fontSize="12">Comunidad Valenciana: 1.174  MW</span></p></TextFlow>]]></description><images><image path="medias/section_3_1_page4.jpg" border="false"><title /></image><image path="" border="false"><title /></image><image path="" border="false"><title /></image></images></page><page i="3" visible="false" color="#FFCC00"><title /><description /><images><image path="" border="false"><title /></image><image path="" border="false"><title /></image><image path="" border="false"><title /></image></images></page><page i="3" visible="false" color="#FFCC00"><title /><description /><images><image path="" border="false"><title /></image><image path="" border="false"><title /></image><image path="" border="false"><title /></image></images></page></pages><menuImage path="medias/mainMenu_3.jpg" border="false"><title><![CDATA[<TextFlow><p><span>Parques eólicos</span></p></TextFlow>]]></title></menuImage></section><section i="4" star="false" hasSubsections="false"><submenu><sections /></submenu><pages><page i="4" visible="true" color="#D5E8F0"><title /><description><![CDATA[<TextFlow><p><span fontSize="12" fontWeight="bold">Funcionamiento</span></p><p><span fontSize="16" fontWeight="bold"></span></p><p paragraphStartIndent="20" styleName="bullet"><span fontSize="12">Obtienen energía eléctrica a partir de la </span><span fontSize="12" fontWeight="bold">radiación solar</span><span fontSize="12">.</span></p><p><span fontSize="12"></span></p><p paragraphStartIndent="20" styleName="bullet"><span fontSize="12" fontWeight="bold">Existen dos tipos</span><span fontSize="12">:</span></p><p><span color="#d5e8f0" fontSize="12">---</span><span fontSize="12"> - </span><span fontSize="12" fontWeight="bold">solar fotovoltaica</span><span fontSize="12">: usa paneles formados por</span></p><p><span color="#d5e8f0" fontSize="12">--- - </span><span fontSize="12">células fotovoltaicas de silicio que producen electricidad</span></p><p><span color="#d5e8f0" fontSize="12">--- - </span><span fontSize="12">cuando la luz incide sobre ellos.</span></p><p><span fontSize="12"></span></p><p><span color="#d5e8f0" fontSize="12">--- </span><span fontSize="12">- </span><span fontSize="12" fontWeight="bold">solar termoeléctrica</span><span fontSize="12">: usa paneles reflectantes que</span></p><p><span color="#d5e8f0" fontSize="12">--- - </span><span fontSize="12">concentran la radiación solar sobre un circuito de agua.</span></p><p><span color="#d5e8f0" fontSize="12">--- - </span><span fontSize="12">Este, al calentarse, mueve una turbina conectada</span></p><p><span color="#d5e8f0" fontSize="12">--- - </span><span fontSize="12">a un alternador.</span></p></TextFlow>]]></description><images><image path="medias/section_4_1_page1.jpg" border="false"><title /></image><image path="" border="false"><title /></image><image path="" border="false"><title /></image></images></page><page i="4" visible="true" color="#D5E8F0"><title /><description><![CDATA[<TextFlow><p><span fontSize="12" fontWeight="bold">Distribución</span></p><p><span fontSize="16" fontWeight="bold"></span></p><p paragraphStartIndent="20" styleName="bullet"><span fontSize="12">Al obtener energía de la radiación solar se sitúan en</span><span fontSize="12" fontWeight="bold"> zonas con muchas horas de sol </span><span fontSize="12">al día.</span></p><p><span fontSize="12"></span></p><p paragraphStartIndent="20" styleName="bullet"><span fontSize="12">La situación geográfica de España hace que este tipo de instalaciones se puedan distribuir por </span><span fontSize="12" fontWeight="bold">todo el territorio</span><span fontSize="12">.</span></p><p><span fontSize="12"></span></p><p paragraphStartIndent="20" styleName="bullet"><span fontSize="12">Localizadas </span><span fontSize="12" fontWeight="bold">sobre todo en la zona sur</span><span fontSize="12"> de la Península.</span></p></TextFlow>]]></description><images><image path="medias/section_4_1_page2.jpg" border="false"><title /></image><image path="" border="false"><title /></image><image path="" border="false"><title /></image></images></page><page i="4" visible="true" color="#D5E8F0"><title /><description><![CDATA[<TextFlow><p><span fontSize="12" fontWeight="bold">Potencia de las centrales por comunidades autónomas</span></p><p><span fontSize="12" fontWeight="bold"></span></p><p><span fontSize="12">Andalucía: 1.268 MW</span></p><p><span fontSize="12">Aragón: 139 MW</span></p><p><span fontSize="12">Asturias: 1 MW</span></p><p><span fontSize="12">Baleares: 63 MW</span></p><p><span fontSize="12">Canarias: 130 MW</span></p><p><span fontSize="12">Cantabria : 2 MW</span></p><p><span fontSize="12">Castilla y León: 425 MW</span></p><p><span fontSize="12">Castilla-La Mancha: 1.020 MW</span></p></TextFlow>]]></description><images><image path="medias/section_4_1_page3.jpg" border="false"><title /></image><image path="" border="false"><title /></image><image path="" border="false"><title /></image></images></page><page i="4" visible="true" color="#D5E8F0"><title /><description><![CDATA[<TextFlow><p><span fontSize="12" fontWeight="bold">Potencia de las centrales por comunidades autónomas</span></p><p><span fontSize="14"></span></p><p><span fontSize="12">Cataluña: 200 MW</span></p><p><span fontSize="12">Extremadura: 824 MW</span></p><p><span fontSize="12">Galicia: 12 MW</span></p><p><span fontSize="12">Madrid: 43 MW</span></p><p><span fontSize="12">Murcia: 367 MW</span></p><p><span fontSize="12">Navarra: 147 MW</span></p><p><span fontSize="12">País Vasco: 21 MW</span></p><p><span fontSize="12">Comunidad Valenciana: 285  MW</span></p></TextFlow>]]></description><images><image path="medias/section_4_1_page4.jpg" border="false"><title /></image><image path="" border="false"><title /></image><image path="" border="false"><title /></image></images></page><page i="4" visible="false" color="#FFCC00"><title /><description /><images><image path="" border="false"><title /></image><image path="" border="false"><title /></image><image path="" border="false"><title /></image></images></page><page i="4" visible="false" color="#FFCC00"><title /><description /><images><image path="" border="false"><title /></image><image path="" border="false"><title /></image><image path="" border="false"><title /></image></images></page></pages><menuImage path="medias/mainMenu_4.jpg" border="false"><title><![CDATA[<TextFlow><p><span>Centrales solares</span></p></TextFlow>]]></title></menuImage></section></sections></engine>