﻿<?xml version="1.0" encoding="utf-8"?>
<motor tipo="10" clase="a" aprid="m10a">
  <plataforma>
    <grado><![CDATA[1]]></grado>
    <titulo>Refuerza tu aprendizaje: Los métodos de separación de mezclas</titulo>
    <area>0</area>
    <nivel>1</nivel>
    <referencia />
    <idreg><![CDATA[0]]></idreg>
    <motor><![CDATA[M10A]]></motor>
    <lang>es</lang>
  </plataforma>
  <enunciado><![CDATA[Clasifica las siguientes mezclas según la técnica de separación más adecuada para separarla.  ]]></enunciado>
  <masinfo inicio="0" />
  <sinaleatoriedad><![CDATA[1]]></sinaleatoriedad>
  <calc><![CDATA[0]]></calc>
  <textoacategoria cantidad="3">
    <cuestion>
      <categoria><![CDATA[Filtración ]]></categoria>
      <respuestas>
        <respuesta id="1"><![CDATA[Agua y café molido]]></respuesta>
        <respuesta id="2"><![CDATA[Alcohol y arena]]></respuesta>
        <respuesta id="3"><![CDATA[Piedras y agua]]></respuesta>
        <respuesta id="4"><![CDATA[Icopor y aceite]]></respuesta>
      </respuestas>
      <sonido />
    </cuestion>
    <cuestion>
      <categoria><![CDATA[Evaporación ]]></categoria>
      <respuestas>
        <respuesta id="1"><![CDATA[Agua y sal ]]></respuesta>
        <respuesta id="2"><![CDATA[Agua y azúcar ]]></respuesta>
        <respuesta id="3"><![CDATA[Alcohol y sal ]]></respuesta>
        <respuesta id="4"><![CDATA[Algodón con alcohol ]]></respuesta>
      </respuestas>
      <sonido />
    </cuestion>
    <cuestion>
      <categoria><![CDATA[Decantación ]]></categoria>
      <respuestas>
        <respuesta id="1"><![CDATA[Agua y aceite ]]></respuesta>
        <respuesta id="2"><![CDATA[Gasolina y agua ]]></respuesta>
        <respuesta id="3"><![CDATA[Aceite y alcohol ]]></respuesta>
        <respuesta id="4"><![CDATA[Glicerina y agua ]]></respuesta>
      </respuestas>
      <sonido />
    </cuestion>
  </textoacategoria>
  <temps>15</temps>
</motor>