﻿<?xml version="1.0" encoding="utf-8"?><motor tipo="6" clase="a" aprid="M6a">
  <anchoespecial>0</anchoespecial>
  <plataforma>
    <grado><![CDATA[2]]></grado>
    <titulo>Realiza cálculos con pesos</titulo>
    <volumen><![CDATA[1]]></volumen>
    <nivel><![CDATA[3]]></nivel>
    <referencia><![CDATA[cn_08_11_05]]></referencia>
    <id_reg><![CDATA[65]]></id_reg>
    <motor><![CDATA[M6a]]></motor>
    <lang>es</lang>
  </plataforma>
  <enunciado><![CDATA[La fórmula de peso es (p = m · g) y la Tierra tiene gravedad g = 9,8 m/s². Usa esta información para responder a las preguntas. Selecciona en cada caso la unidad de medida.]]></enunciado>
  <masinfo inicio="0"/>
  <sinaleatoriedad><![CDATA[0]]></sinaleatoriedad>
  <calc><![CDATA[0]]></calc>
  <test cantidad="5">
    <cuestion correccionSinMayusculas="1" correccionSinPuntuacion="0" correccionSinPuntuacionFinal="0">
      <enunciado><![CDATA[¿Con qué fuerza cae un objeto de 2,35 kg de masa?]]></enunciado>
      <explicacion/>
      <unidades/>
      <imagen><![CDATA[peso_286.jpg]]></imagen>
      <ampliacion/>
      <respuestas>
        <respuesta contestacion="23,03 N" mostrar="0"/>
        <respuesta contestacion="23,03 N" mostrar="0"/>
        <respuesta contestacion="23,03 newtons" mostrar="0"/>
        <respuesta contestacion="23,03 newtons" mostrar="0"/>
      </respuestas>
    </cuestion>
    <cuestion correccionSinMayusculas="1" correccionSinPuntuacion="0" correccionSinPuntuacionFinal="0">
      <enunciado><![CDATA[Si al colocar un objeto en el dinamómetro nos indica un valor de 35 N, ¿cuál es el valor de su masa?]]></enunciado>
      <explicacion/>
      <unidades/>
      <imagen><![CDATA[peso_286.jpg]]></imagen>
      <ampliacion/>
      <respuestas>
        <respuesta contestacion="3,57 kg" mostrar="0"/>
        <respuesta contestacion="3.57 kg" mostrar="0"/>
        <respuesta contestacion="3,57 kilogramos" mostrar="0"/>
        <respuesta contestacion="3.57 kilogramos" mostrar="0"/>
      </respuestas>
    </cuestion>
    <cuestion correccionSinMayusculas="1" correccionSinPuntuacion="0" correccionSinPuntuacionFinal="0">
      <enunciado><![CDATA[¿Qué fuerza debe hacer un astronauta en la Luna (cuya gravedad es g = 1,62  m/s²) para sostener un objeto de 20 kg?]]></enunciado>
      <explicacion/>
      <unidades/>
      <imagen><![CDATA[tronauta_286.jpg]]></imagen>
      <ampliacion/>
      <respuestas>
        <respuesta contestacion="32,4 N" mostrar="0"/>
        <respuesta contestacion="32.4 N" mostrar="0"/>
        <respuesta contestacion="32,4 newtons" mostrar="0"/>
        <respuesta contestacion="32.4 newtons" mostrar="0"/>
      </respuestas>
    </cuestion>
    <cuestion correccionSinMayusculas="1" correccionSinPuntuacion="0" correccionSinPuntuacionFinal="0">
      <enunciado><![CDATA[Un astronauta necesita 24,3 N para sostener un objeto de 15 kg en la Luna. ¿Qué fuerza necesitaría en la Tierra para sostener un objeto con esa masa?]]></enunciado>
      <explicacion/>
      <unidades/>
      <imagen><![CDATA[tronauta_286.jpg]]></imagen>
      <ampliacion/>
      <respuestas>
        <respuesta contestacion="147 N" mostrar="0"/>
        <respuesta contestacion="147 Newtons" mostrar="0"/>
        <respuesta contestacion="147 newtons" mostrar="0"/>
        <respuesta contestacion="147 n" mostrar="0"/>
      </respuestas>
    </cuestion>
    <cuestion correccionSinMayusculas="1" correccionSinPuntuacion="0" correccionSinPuntuacionFinal="0">
      <enunciado><![CDATA[¿Cuál es la masa de una persona en Marte (cuya gravedad es de 3,711 m/s²) pesa 296,88 N?]]></enunciado>
      <explicacion/>
      <unidades/>
      <imagen><![CDATA[planeta_286.jpg]]></imagen>
      <ampliacion/>
      <respuestas>
        <respuesta contestacion="80 kg" mostrar="0"/>
        <respuesta contestacion="80 kilogramos" mostrar="0"/>
      </respuestas>
    </cuestion>
  </test>
</motor>