﻿<?xml version="1.0" encoding="utf-8"?><motor tipo="11" clase="a" aprid="M11a">
  <plataforma>
    <grado><![CDATA[2]]></grado>
    <titulo>Comprueba tus conocimientos sobre las fuerzas</titulo>
    <area>6</area>
    <nivel><![CDATA[2]]></nivel>
    <referencia><![CDATA[FQ_10_02_13]]></referencia>
    <idreg><![CDATA[1818]]></idreg>
    <motor><![CDATA[M11A]]></motor>
    <lang>es</lang>
  </plataforma>
  <enunciado><![CDATA[Resuelve el siguiente crucigrama con conceptos relacionados con las fuerzas.]]></enunciado>
  <masinfo inicio="0"/>
  <calc><![CDATA[0]]></calc>
  <crucigrama>
    <central etiqueta="MOMENTO"><![CDATA[El ... de una fuerza es la capacidad que tiene esta para girar alrededor de un punto o eje.]]></central>
    <cruzadas>
      <palabra etiqueta="ROZAMIENTO" cortePropio="5"><![CDATA[Fuerza que se opone al movimiento de un cuerpo sobre una superficie.]]></palabra>
      <palabra etiqueta="VECTORIAL" cortePropio="5"><![CDATA[Magnitud que se representa por un vector.]]></palabra>
      <palabra etiqueta="DEFORMACIÓN" cortePropio="6"><![CDATA[Uno de los efectos que puede producir la aplicación de una fuerza sobre un objeto.]]></palabra>
      <palabra etiqueta="COLINEALES" cortePropio="6"><![CDATA[Cuando dos fuerzas presentan la misma dirección se dice que son ...]]></palabra>
      <palabra etiqueta="SENTIDO" cortePropio="3"><![CDATA[Una de las características de un vector. ]]></palabra>
      <palabra etiqueta="GRAVITATORIA" cortePropio="6"><![CDATA[Nombre que recibe la fuerza que provoca la caída de un objeto cuando es lanzado.]]></palabra>
      <palabra etiqueta="COMPONENTES" cortePropio="5"><![CDATA[Coordenadas de un vector.]]></palabra>
    </cruzadas>
  </crucigrama>
</motor>