﻿<?xml version="1.0" encoding="UTF-8"?>
<?xml-stylesheet href="cuadernoestudio/dtd/libro.xslt" type="text/xsl"?>
<!--Arbortext, Inc., 1988-2013, v.4002-->
<!DOCTYPE libro SYSTEM "cuadernoestudio/dtd/libro.dtd">
<libro id="CN_09_10_CO">
<libroTitulo>Los gases</libroTitulo>
<seccion1 id="S1_CN_09_10_CO_983EB3DAA55B45E1BDBBE5EAEBAF11CA">
<seccion1Titulo>El estado gaseoso</seccion1Titulo>
<seccion1Texto>
<p>Todos los cuerpos están formados por materia, por ello tienen masa
y ocupan un volumen determinado en el espacio. La materia puede presentarse
en cuatro estados: sólido, líquido, <negrita>gaseoso</negrita> y plasma.
Una misma sustancia puede encontrarse en un estado u otro, dependiendo
de las condiciones de presión y temperatura.</p>
<imagen ampliable="no" src="CN_09_10_CO_img_01_small.jpg">
<p><negrita>El gas natural</negrita> se transporta en fase gaseosa
desde los centros de producción a los de consumo, a través de gasoductos.
En la imagen tanques de almacenamiento de gas natural (Houston, Texas,
Estados Unidos).</p>
</imagen>
<destacado><destacadoTitulo>Las propiedades de los gases</destacadoTitulo>
<destacadoTexto>
<listaSinNumerar>
<listaElemento>Adoptan la forma del recipiente que los contiene. </listaElemento>
<listaElemento>Ocupan todo el volumen disponible y se dejan comprimir. </listaElemento>
<listaElemento>Tienen densidad baja y fluidez elevada.</listaElemento>
</listaSinNumerar>
</destacadoTexto></destacado>
<p>El <negrita>plasma</negrita> es el cuarto estado de la materia,
en el que las sustancias están sometidas a temperatura y presión tan
elevadas que sus protones, neutrones y electrones quedan libres y
en movimiento continúo, interactuando, por lo que forman elementos
ligeros mediante reacciones nucleares. La materia en estado de plasma
predomina en la mayor parte de la materia del universo, como en la
del Sol y otras estrellas.</p>
<profundiza>
<enlace
destino="/LoIdRedirect.aspx?LoId=CN_09_10_CO_Recurso010&amp;IdRecurso=RES-473954206FF8460180BBDEBF691554BB"
>Propiedades de sólidos, líquidos y gases </enlace>
</profundiza><seccion2
id="S2_CN_09_10_CO_663B62FE0FD84B22AAE0FC76533E3F4B">
<seccion2Titulo>La vaporización y la condensación</seccion2Titulo>
<seccion2Texto>
<p>La vaporización y la condensación son los fenómenos comunes y que
percibimos a diario. La <negrita>vaporización</negrita> es el paso
del estado líquido al gaseoso por calentamiento; mientras, la <negrita
>condensación</negrita> es el proceso inverso. </p>
<imagen src="CN_09_10_CO_img_02_small.jpg">
<p>Esquema de los cambios de estado de la materia. Los cambios de
estado son reversibles, pues pueden producirse en un sentido o en
el contrario, invirtiendo las condiciones.</p>
</imagen>
<p>Durante estos procesos la temperatura se mantiene constante. Entre
los cambios de estado donde participan los gases tenemos: 1) La <negrita
>vaporización</negrita> (cambio del estado líquido al gaseoso), 2)
La <negrita>condensación</negrita> (cambio del estado gaseoso al líquido),
3) La sublimación progresiva (cambio del estado sólido al gaseoso)
y 4) La sublimación regresiva (cambio del estado gaseoso al sólido).</p>
<recuerda><recuerdaTexto>
<p>Todos los <negrita>cambios de estado son cambios físicos</negrita
>, ya que no alteran la naturaleza de la materia y dependen fundamentalmente
de las condiciones de presión y temperatura.</p>
</recuerdaTexto></recuerda>
<p>A nuestro alrededor se encuentra la atmósfera, constituida por
78% de nitrógeno, 21% de oxígeno y 1% de otros gases. También tenemos
el océano en el 70% de la superficie terrestre. Un ejemplo de vaporización
y condensación lo encontramos en el ciclo del agua, que hace posible
la circulación de este líquido indispensable para los seres vivos.</p>
<practica>
<enlace
destino="/LoIdRedirect.aspx?LoId=CN_09_10_CO_Recurso020&amp;IdRecurso=RES-AEC97EDAA7BF44CD822FD5204007C119"
>Diferencia entre vaporización y sublimación</enlace>
</practica>
<p>En nuestro planeta el proceso de cambio de estado de la materia
ha llevado a la evolución de la composición de la atmósfera terrestre.
La envoltura gaseosa primitiva, formada por gases de origen volcánico,
fue poco a poco modificada por cambios en la cantidad del vapor de
agua y el aumento en el oxígeno que se retenía y que era producido
en la fotosíntesis de los organismos con pigmento verde. </p>
<practica>
<enlace
destino="/LoIdRedirect.aspx?LoId=CN_09_10_CO_Recurso030&amp;IdRecurso=RES-F1C438BD6C45407A8735E82A98877B3C"
>Resuelve un crucigrama sobre los estados de la materia</enlace>
</practica><profundiza>
<enlace
destino="/LoIdRedirect.aspx?LoId=CN_09_10_CO_Recurso040&amp;IdRecurso=RES-68907C67ACFB4D5AB179D9F132BA6E4C"
>Lo que deberías saber sobre la atmósfera</enlace>
</profundiza></seccion2Texto></seccion2><seccion2
id="S2_CN_09_10_CO_E6963068190B4381B846AD6D5759F187">
<seccion2Titulo>Consolidación</seccion2Titulo>
<seccion2Texto>
<p>Actividades para consolidar lo que has aprendido en esta sección.</p>
<practica>
<enlace
destino="/LoIdRedirect.aspx?LoId=CN_09_10_CO_Recurso050&amp;IdRecurso=RES-9248669056AE401AB75146179DDFDD72"
>Refuerza tu aprendizaje: El estado gaseoso</enlace>
</practica></seccion2Texto></seccion2></seccion1Texto></seccion1>
<seccion1 id="S1_CN_09_10_CO_97785B1C4EFB4E89BB4A664E882FA1DA">
<seccion1Titulo>La teoría cinético-molecular de los gases</seccion1Titulo>
<seccion1Texto>
<p>La <negrita>teoría cinético-molecular de la materia</negrita> es
el <negrita>modelo científico</negrita> que interpreta las propiedades
observables de los sólidos, los líquidos y los gases, así como de
los cambios de estado. Cuando los científicos observaron que gases
diferentes se comportaban de manera semejante y obedecían a las mismas
leyes (las leyes de los gases), pensaron que todos ellos debían tener
una estructura interna parecida que justificara el comportamiento
observado. Así, elaboraron el modelo cinético-molecular para los gases,
que luego se extendió a los sólidos y a los líquidos.</p>
<imagen src="CN_09_10_CO_img_03_small.jpg">
<p>La teoría cinético-molecular de la materia es el modelo científico
que interpreta las propiedades observables de los sólidos, los líquidos
y los gases, así como de los cambios de estado. Cuando los científicos
observaron que gases diferentes se comportaban de manera semejante
y obedecían a las mismas leyes (las leyes de los gases), pensaron
que todos ellos debían tener una estructura interna parecida que justificara
el comportamiento observado. Así, elaboraron el modelo cinético-molecular
para los gases, que luego se extendió a los sólidos y a los líquidos.</p>
</imagen>
<p>La <negrita>teoría cinético-molecular</negrita> postula que:</p>
<listaSinNumerar>
<listaElemento>La materia está formada por pequeñísimas partículas
(<negrita>átomos</negrita> y <negrita>moléculas</negrita>) separadas
entre sí.  </listaElemento>
<listaElemento>Entre las partículas existen <negrita>fuerzas de atracción</negrita
>, que las mantienen unidas, y <negrita>fuerzas de repulsión</negrita
>, que tienden a separarlas.  </listaElemento>
<listaElemento>Dichas partículas se encuentran en <negrita>movimiento</negrita
>, y la velocidad y la amplitud de sus oscilaciones o vibraciones
dependen de la <negrita>temperatura</negrita>.</listaElemento>
</listaSinNumerar>
<practica>
<enlace
destino="/LoIdRedirect.aspx?LoId=CN_09_10_CO_Recurso060&amp;IdRecurso=RES-B9B446CBA7624078928A8432E0D3AEB5"
>Descubre la teoría cinético-molecular de los gases</enlace>
</practica>
<p>El modelo permite explicar el comportamiento y la naturaleza de
los gases. Considera que el gas está formado por moléculas en continuo
movimiento que chocan entre sí y con las paredes del recipiente que
lo contienen.</p>
<practica>
<enlace
destino="/LoIdRedirect.aspx?LoId=CN_09_10_CO_Recurso070&amp;IdRecurso=RES-6C0B135D1A9B45FC962D0C5B042F4714"
>Profundiza acerca de la teoría cinético-molecular de los gases</enlace>
</practica><seccion2
id="S2_CN_09_10_CO_62B554BE5A5C4D27BE912056E50D71BB">
<seccion2Titulo>Las aplicaciones de la teoría cinético-molecular en
los cambios de estado</seccion2Titulo>
<seccion2Texto>
<p>Según la teoría cinético-molecular, la <negrita>temperatura</negrita
> es una medida de la <negrita>energía cinética promedio</negrita
> de los átomos y moléculas que constituyen la materia, en cualquiera
de sus estados. Dado que la energía cinética depende de la velocidad,
podemos decir que la temperatura está relacionada con las velocidades
medias de las moléculas.</p>
<recuerda><recuerdaTexto>
<p>La energía cinética se calcula con la ecuación:</p>
<formula alineacion="centrada" src="CN_09_10_formula01.gif"></formula>
<p>Donde m es la masa y v la velocidad</p>
</recuerdaTexto></recuerda>
<p>También debemos recordar que, en los <negrita>gases</negrita>,
las <negrita>fuerzas de atracción</negrita> son prácticamente <negrita
>inexistentes</negrita> y la interacción entre las partículas es tan
mínima que se puede despreciar. Las partículas están muy alejadas
unas de otras, y se desplazan con libertad en todas las direcciones.
Por ello, los gases tienden a <negrita>ocupar</negrita> todo el <negrita
>volumen disponible</negrita> y <negrita>son</negrita> fácilmente <negrita
>compresibles</negrita>. A continuación puedes encontrar una tabla
que menciona las fuerzas y movimientos en los estados de la materia
sólido, líquido y gaseoso.</p>
<table border="1"><caption>LA TEORÍA CINÉTICO-MOLECULAR Y LOS ESTADOS
DE LA MATERIA</caption><colgroup><col/><col/><col/><col/></colgroup>
<tbody>
<tr>
<td></td>
<td align="center"><negrita>Sólido</negrita></td>
<td align="center"><negrita>Líquido</negrita></td>
<td align="center"><negrita>Gaseoso</negrita></td>
</tr>
<tr>
<td><negrita>Fuerzas entre partículas</negrita></td>
<td>Predominan las fuerzas de atracción.</td>
<td>Las fuerzas de atracción no son tan fuertes.</td>
<td>Las fuerzas de atracción son prácticamente nulas.</td>
</tr>
<tr>
<td><negrita>Movimiento de las partículas</negrita></td>
<td>Solo vibración en torno a posiciones fijas.</td>
<td>Tienen cierto grado de libertad. Las partículas se desplazan unas
sobre otras.</td>
<td>Libre y desordenado.</td>
</tr>
</tbody>
</table>
<p>James <negrita>Maxwell</negrita> y Ludwing <negrita>Boltzmann</negrita
>, entre otros, establecieron en la teoría cinética de los gases que
las propiedades físicas de los gases se explican a partir del <negrita
>movimiento individual de las partículas</negrita>, así:</p>
<listaNumerada>
<listaElemento>Un gas se compone de pequeñas partículas, llamadas
moléculas, separadas entre sí y de volumen pequeño.</listaElemento>
<listaElemento>Las partículas en estado gaseoso se mueven en diferentes
direcciones a grandes velocidades.</listaElemento>
<listaElemento>Las partículas no interactúan, incluso estando a distancias
mínimas.</listaElemento>
<listaElemento>La temperatura del gas está relacionada con la energía
cinética promedio de sus moléculas.</listaElemento>
<listaElemento>La energía cinética se calcula con la ecuación E<subindice
>c</subindice> = 1/2 m v<superindice>2</superindice>. Por ejemplo,
la velocidad de las moléculas de nitrógeno a: 0 °C (273 °K), 1 atmósfera,
volumen 22,4 L –donde 1 mol de nitrógeno es 0,0028 kg/mol– es de 2,43
x 10<superindice>5</superindice> m/s.</listaElemento>
</listaNumerada>
<imagen ampliable="no" src="CN_09_10_CO_img_04_small.jpg">
<p>Explosión en una planta armamentista en Kirikkale, Turquía, en
1997. En la explosión de armas, como las granadas, parte de la energía
química o energía nuclear se convierte en energía cinética de los
productos.</p><?Pub Caret -2?>
</imagen>
<p>A medida que un líquido absorbe calor, las partículas adquieren
mayor velocidad y la energía suficiente para escapar de la atracción
de las partículas que las rodean. Sin embargo, una partícula en el
interior del líquido, al estar completamente rodeada de otras cercanas
que ejercen fuerzas de atracción, solo podrá liberarse cuando todas
adquieran mayor velocidad y se debiliten las fuerzas que actúan entre
ellas. Esto es lo que ocurre durante la <negrita>ebullición</negrita
>. En cambio, si las moléculas se encuentran cerca de la superficie
del líquido, tienen un número menor de partículas a su alrededor,
por lo que la fuerza de atracción es menor y puede liberarse y pasar
más fácilmente al estado de vapor. Esto es lo que ocurre durante la <negrita
>evaporación</negrita>.</p>
<profundiza>
<enlace
destino="/LoIdRedirect.aspx?LoId=CN_09_10_CO_Recurso080&amp;IdRecurso=RES-74140B86B76648A9977C513C1D8DF4C1"
>La diferencia entre la energía cinética y la potencial</enlace>
</profundiza><practica>
<enlace
destino="/LoIdRedirect.aspx?LoId=CN_09_10_CO_Recurso100&amp;IdRecurso=RES-B94886B04EC94412911D0518F802A27C"
>Las características de los gases</enlace>
</practica></seccion2Texto></seccion2><seccion2
id="S2_CN_09_10_CO_62B554BE5A5C4D27BE912067E50D71BB">
<seccion2Titulo>Consolidación</seccion2Titulo>
<seccion2Texto>
<p>Actividades para consolidar lo que has aprendido en esta sección.</p>
<practica>
<enlace
destino="/LoIdRedirect.aspx?LoId=CN_09_10_CO_Recurso110&amp;IdRecurso=RES-F1395E187AE740859ED01C94A44B39E6"
>Refuerza tu aprendizaje: La teoría cinético-molecular</enlace>
</practica></seccion2Texto></seccion2></seccion1Texto></seccion1>
<seccion1 id="S1_CN_09_10_CO_9EED089443BC4A3A81350908632A08C4">
<seccion1Titulo>Leyes de los gases</seccion1Titulo>
<seccion1Texto>
<p>A partir de las <negrita>propiedades de los gases</negrita> se
han logrado significativos avances en cinética química, gracias a
experimentos en donde se verificó, por ejemplo, que los gases no solo
se expanden para llenar cualquier recipiente, sino que también se
comprimen fácilmente. Con los ensayos realizados se comprobó que existen
relaciones de proporcionalidad directa e indirecta que determinan
el comportamiento de los gases, como las <negrita>leyes</negrita> de <negrita
>Boyle-Mariotte</negrita>, de <negrita>Charles y Gay Lussac</negrita
>, o la ley de <negrita>Avogrado</negrita>, la <negrita>ley combinada</negrita
> de los gases, la ley de <negrita>Dalton</negrita> y la ley de <negrita
>difusión</negrita> de Graham, que ayudan a explicar el comportamiento
típico de los gases. </p>
<seccion2 id="S2_CN_09_10_CO_0986C6812BF645109CA695AFB1C621B1">
<seccion2Titulo>La ley de Boyle-Mariotte</seccion2Titulo>
<seccion2Texto>
<p>En 1962, el científico inglés <negrita>Robert Boyle</negrita> observó
que, a temperatura constante, existe una relación entre las variaciones
de volumen y de presión de un gas. Como resultado de esta observación
se enuncia la ley de Boyle-Mariotte: <cursiva>a temperatura constante,
el volumen ocupado por cierta cantidad de gas es inversamente proporcional
a la presión</cursiva>.   </p>
<p>Así, según la ley de Boyle-Mariotte, a temperatura constante, el
volumen de un gas es inversamente proporcional a la presión del mismo.
Se expresa:</p>
<formula alineacion="centrada" src="CN_09_10_formula02.gif"></formula>
<p>Si la presión aumenta, el volumen disminuye; en cambio, si la presión
disminuye, el volumen aumenta. </p>
<p>Supongamos que un gas tiene un volumen <cursiva>V<subindice>1</subindice
></cursiva> y se encuentra a una presión <cursiva>P<subindice>1</subindice
></cursiva>. Si la presión varía hasta un nuevo valor <cursiva>P<subindice
>2</subindice></cursiva>, entonces el volumen cambia a <cursiva>V<subindice
>2</subindice></cursiva>. Como el producto de ambas variables es igual
a una constante, podemos escribir la siguiente ecuación, que es otra
forma de expresar la <negrita>ley de Boyle-Mariotte</negrita>:</p>
<p><cursiva>P<subindice>1</subindice> · V<subindice>1</subindice> =
P<subindice>2</subindice> · V<subindice>2</subindice></cursiva></p>
<imagen src="CN_09_10_CO_img_05_small.jpg">
<p>De acuerdo con la ley de Boyle-Mariotte, a temperatura constante,
el volumen de cualquier gas es inversamente proporcional a la presión
ejercida. </p>
</imagen>
<p>Por esto, al usar esta ley para encontrar el valor de presión que
se ejerce a temperatura constante sobre una muestra de O<subindice
>2</subindice> de volumen 500 mL, a presión de 760 Torricelli, ¿qué
presión se requiere para comprimir, a un volumen de 380 mL, esa misma
cantidad de oxígeno?</p>
<recuerda><recuerdaTexto>
<p>La conversión entre unidades de medida de presión más comunes de
1 atmósfera:</p>
<p>1 atm = 760 mmHg = 760 Torr </p>
<p>1 Pa = 9,87 x 10<superindice>-6</superindice> atm = 0,001 kPa </p>
<p>1 atm = 1,013 Bares = 14,7 Lb/pulg<superindice>2</superindice></p>
<p>mmHg: milímetros en la columna de mercurio </p>
<p>Torr: Torricelli </p>
<p>Pa: pascales, kPa: kilopascales </p>
<p>Lb/pulg<superindice>2</superindice>: libra por pulgada cuadrada</p>
</recuerdaTexto></recuerda>
<p>Para resolver el <negrita>problema</negrita> se procede de la siguiente
forma: 1) se realiza un resumen de la información, 2) se utiliza la
ecuación correspondiente y 3) se realiza el cálculo.</p>
<table border="1"><caption>Datos del ejercicio</caption><colgroup><col/>
<col align="center"/><col align="center"/></colgroup>
<tbody>
<tr>
<td align="center">Variables</td>
<td>Estado inicial </td>
<td>Estado final 2</td>
</tr>
<tr>
<td></td>
<td>1</td>
<td></td>
</tr>
<tr>
<td>Volumen mL</td>
<td>500</td>
<td>380</td>
</tr>
<tr>
<td>Presión Torr</td>
<td>760</td>
<td>?</td>
</tr>
</tbody>
</table>
<p>Se aplica la siguiente fórmula:</p>
<formula alineacion="centrada" src="CN_09_10_formula03.gif"></formula>
<formula alineacion="centrada" src="CN_09_10_formula04.gif"></formula>
<p>Entonces, se requiere aumentar a 1000 Torr la presión para reducir
el volumen a 380 mL. Y el valor de la presión en atmósferas es de
1,32 atm. </p>
<imagen src="CN_09_10_CO_img_06_small.jpg">
<p>Edme Mariotte (Dijon 1620 - París 1684). Este físico francés fue
uno de los primeros miembros de la Academia Real de Ciencias. Con
independencia de Robert Boyle, formuló la relación entre el volumen
y la presión de un gas y describió varias aplicaciones de esta ley,
como el cálculo de la altitud con un barómetro. Entre sus obras destacan: <cursiva
>Tratado de persecución o choque de los cuerpos</cursiva> (1679) y <cursiva
>Ensayo sobre la naturaleza de los colores </cursiva>(1681).</p>
</imagen>
<practica>
<enlace
destino="/LoIdRedirect.aspx?LoId=CN_09_10_CO_Recurso120&amp;IdRecurso=RES-8C1818999173437589A03D086D42F96A"
>Ley de Boyle-Mariotte</enlace>
</practica></seccion2Texto></seccion2><seccion2
id="S2_CN_09_10_CO_56E2EA757C074755AEC022CF627EFC51">
<seccion2Titulo>La segunda ley de Charles y Gay-Lussac</seccion2Titulo>
<seccion2Texto>
<p>Los científicos J. <negrita>Charles</negrita>, en 1787, y L. J. <negrita
>Gay-Lussac</negrita>, en 1808, demostraron que, a presión constante,
el volumen de un gas varía de forma lineal con la temperatura. Así,
la primera ley de Charles y Gay-Lussac establece que <cursiva>el volumen
de un gas es directamente proporcional a su temperatura</cursiva>,
en condiciones de presión constante. Se expresa así:</p>
<formula alineacion="centrada" src="CN_09_10_formula05.gif"></formula>
<p>Si la temperatura del gas aumenta, también sube su volumen, y si
la temperatura del gas disminuye, disminuye su volumen.</p>
<p>Por esto, supongamos que un gas tiene un volumen V1 y se encuentra
a una temperatura T1. Si se varía la temperatura hasta un nuevo valor
T2, entonces el volumen cambiará a V2. Como el cociente de ambas variables
es igual a una constante, podemos escribir la siguiente ecuación,
que es otra forma de expresar la <negrita>primera ley de Charles</negrita
> y <negrita>Gay-Lussac</negrita>:</p>
<formula alineacion="centrada" src="CN_09_10_formula06.gif"></formula>
<p>Para hacer un cálculo empleando esta ley, por <negrita>ejemplo</negrita
>, para saber cuál es el volumen final de 40 litros de oxígeno almacenado
a -45 °C, si le aumentamos la temperatura a 60 °C, con presión constante,
debemos tener en cuenta datos del estado inicial y final, así:</p>
<table border="1"><caption>Datos del ejercicio</caption><colgroup><col/>
<col align="center"/><col align="center"/></colgroup>
<tbody>
<tr>
<td align="center">Variables</td>
<td>Estado inicial </td>
<td>Estado final 2</td>
</tr>
<tr>
<td></td>
<td>1</td>
<td></td>
</tr>
<tr>
<td>Volumen L</td>
<td>40</td>
<td>?</td>
</tr>
<tr>
<td>Temperatura °C </td>
<td>-45</td>
<td>60</td>
</tr>
</tbody>
</table>
<p>Aplicando la ecuación:</p>
<formula alineacion="centrada" src="CN_09_10_formula07.gif"></formula>
<p>Para resolver estos cálculos es necesario hacer la conversión de
grados centígrados a grados Kelvin de la siguiente manera: </p>
<p>273 °K  + 60 °C = 333 °K  </p>
<p>273 °K + (-45 °C) = 228 °K</p>
<p>Reemplanzando en la ecuación: </p>
<formula alineacion="centrada" src="CN_09_10_formula08.gif"></formula>
<p>Entonces, al aumentar la temperatura a 60 °C (333 °K), el gas se
expande hasta ocupar un volumen de 58,4 L.</p>
<recuerda><recuerdaTexto>
<p><negrita>La conversión de grados centígrados (C) a Kelvin (K)</negrita
> se realiza sumando 273 a la temperatura en grados centígrados. T<subindice
>K</subindice> = T<subindice>C</subindice> + 273</p>
</recuerdaTexto></recuerda>
<p>En esta ley, el químico y físico francés Louis Joseph Gay-Lussac
formuló la <negrita>ley de expansión de los gases</negrita> (1802)
y <negrita>la ley de los volúmenes de combinación</negrita> (1808),
que sirvieron de base a la conocida teoría atómica molecular de Avogadro
(principio de Avogadro). Gay-Lussac estudió los halógenos, los compuestos
del fósforo, los metales alcalinos y también preparó el boro (1808)
y el cianógeno (1815). Junto con L. J. Thénard, inició la teoría de
los radicales en química orgánica e inorgánica.  </p>
<imagen src="CN_09_10_CO_img_07_small.jpg">
<p>La ley de Gay-Lussac establece que a presión constante, el volumen
de un gas aumenta de manera proporcional al incremento de temperatura.
Las rectas volumen-temperatura para diferentes experimentos convergen
en los puntos volumen cero y -273,15 °C de temperatura.</p>
</imagen>
</seccion2Texto></seccion2><seccion2
id="S2_CN_09_10_CO_1EA2B8C23DDC497AAEBDA4D1548D985D">
<seccion2Titulo>La segunda ley de Charles y Gay-Lussac</seccion2Titulo>
<seccion2Texto>
<p>La <negrita>segunda ley de Charles</negrita> y <negrita>Gay-Lussac</negrita
> establece que, a volumen constante, la presión de un gas es directamente
proporcional a su temperatura. Se expresa así:</p>
<formula alineacion="centrada" src="CN_09_10_formula09.gif"></formula>
<p> Si aumentamos la temperatura, aumenta también la presión, y si
disminuimos la temperatura, se reduce la presión. </p>
<p>Por esto, supongamos que tenemos un determinado volumen de gas
a una presión P<subindice>1</subindice> y una temperatura T<subindice
>1</subindice>. Si se varía la temperatura hasta T<subindice>2</subindice
>, entonces la presión del gas cambia a P<subindice>2</subindice>.
Como el cociente de ambas variables es igual a una constante, podemos
escribir la siguiente ecuación, que es otra forma de expresar la segunda
ley de Charles y Gay-Lussac:</p>
<formula alineacion="centrada" src="CN_09_10_formula10.gif"></formula>
<p>Por ejemplo, esta ley se aplica cuando tenemos un gas a presión
de 920 Torr y 20 °C (293 °K) y deseamos saber la presión cuando el
gas aumente su temperatura hasta los 62 °C (335 °K).</p>
<table border="1"><caption>Datos del ejercicio</caption><colgroup><col/>
<col align="center"/><col align="center"/></colgroup>
<tbody>
<tr>
<td align="center">Variables</td>
<td>Estado inicial </td>
<td>Estado final 2</td>
</tr>
<tr>
<td>Presión Torr</td>
<td>920</td>
<td>?</td>
</tr>
<tr>
<td>Temperatura °C </td>
<td>20</td>
<td>62</td>
</tr>
</tbody>
</table>
<p>Aplicando la ecuación:</p>
<formula alineacion="centrada" src="CN_09_10_formula11.gif"></formula>
<formula alineacion="centrada" src="CN_09_10_formula12.gif"></formula>
<p>Por tanto, al aumentar la temperatura a 335 °K, se tendrá el gas
expandido a una presión de 1051 Torr.</p>
<practica>
<enlace
destino="/LoIdRedirect.aspx?LoId=CN_09_10_CO_Recurso130&amp;IdRecurso=RES-B1B5AED5E8544327B430173C908533DE"
>Practica con las ley de Charles y Gay-Lussac</enlace>
</practica></seccion2Texto></seccion2><seccion2
id="S2_CN_09_10_CO_6F16B707393A4AEDBEB7F16D241876F2">
<seccion2Titulo>Ley de Avogrado </seccion2Titulo>
<seccion2Texto>
<p>Amedeo <negrita>Avogadro</negrita> complementó el trabajo de Boyle,
Charles y Gay-Lussac. Este científico propuso una hipótesis para explicar
el comportamiento de los gases en las reacciones químicas y estableció
que, <cursiva>bajo las mismas condiciones de temperatura y presión,
volúmenes iguales de todos los gases contienen el mismo número de
moles</cursiva>.</p>
<imagen src="CN_09_10_CO_img_08_small.jpg">
<p>Este esquema muestra que, bajo las mismas condiciones de temperatura
y presión, la cantidad de sustancia correspondiente a 1 mol ocupará
un volumen de 22,4 L. </p>
</imagen>
<p>Como resultado de sus estudios sobre los gases, Avogadro proporcionó
una base científica a la química, al establecer el <cursiva>volumen
que ocupa</cursiva> cierta cantidad de <cursiva>gas bajo las mismas
condiciones</cursiva>. Así, si 1,12 moles de un gas ocupan 25,4 L
en condiciones normales de temperatura y presión, al preguntarnos
qué volumen tendrían 0,75 moles debemos usar la relación:</p>
<formula alineacion="centrada" src="CN_09_10_formula13.gif"></formula>
<formula alineacion="centrada" src="CN_09_10_formula14.gif"></formula>
<table border="1"><caption>Datos del ejercicio</caption><colgroup><col/>
<col align="center"/><col align="center"/></colgroup>
<tbody>
<tr>
<td align="center">Variables</td>
<td>Estado inicial </td>
<td>Estado final 2</td>
</tr>
<tr>
<td align="center"></td>
<td>1</td>
<td></td>
</tr>
<tr>
<td>Moles </td>
<td>1,12 </td>
<td>0,75</td>
</tr>
<tr>
<td>Volumen: litros </td>
<td>25,4</td>
<td>?</td>
</tr>
</tbody>
</table>
<p>Por tanto,</p>
<formula alineacion="centrada" src="CN_09_10_formula15.gif"></formula>
</seccion2Texto></seccion2><seccion2
id="S2_CN_09_10_CO_6F16B707393A4AEDBEB7F16D352876F2">
<seccion2Titulo>La ley combinada de los gases</seccion2Titulo>
<seccion2Texto>
<p>Como cada una de las tres leyes anteriores relaciona presión (P),
volumen (V) y temperatura (T), sus ecuaciones pueden combinarse en
una sola, conocida como la <negrita>ley combinada de los gases</negrita
>, de modo que, cuando dos condiciones varían y una permanece constante,
podemos plantear condiciones iniciales y finales según la fórmula:</p>
<formula alineacion="centrada" src="CN_09_10_formula16.gif"></formula>
<p>En donde, al despejar la ecuación:</p>
<p>V<subindice>1</subindice>P<subindice>1</subindice>T<subindice>2</subindice
> = V<subindice>2</subindice>P<subindice>2</subindice>T<subindice
>1</subindice></p>
<p>Así, cuando tenemos un gas con volumen de 500 mL a 22 °C (295 °K)
y 740 mmHg, y queremos saber el volumen del gas a 42 °C (315 °K),
a una presión de 800 mmHg, debemos proceder de la siguiente manera:</p>
<formula alineacion="centrada" src="CN_09_10_formula17.gif"></formula>
<formula alineacion="centrada" src="CN_09_10_formula18.gif"></formula>
<p>Así, al aumentar la presión, el volumen se reduce.</p>
<profundiza>
<enlace
destino="/LoIdRedirect.aspx?LoId=CN_09_10_CO_Recurso140&amp;IdRecurso=RES-E0ACE94CFC1E4CC1B143E7D9D387F2F8"
>La variación del volumen de un gas: presión y temperatura</enlace>
</profundiza></seccion2Texto></seccion2><seccion2
id="S2_CN_09_10_CO_6F16B707393A4AEDBEB7F16D363976F2">
<seccion2Titulo>La ley de Dalton y la ley de difusión de Graham</seccion2Titulo>
<seccion2Texto>
<p>John <negrita>Dalton</negrita> en 1803 observó en una mezcla de
gases que no reaccionaban químicamente, que la presión total es la
suma de todas las presiones parciales de sus componentes. Así formuló
la ley que lleva su nombre (<negrita>ley de Dalton</negrita>), que
dice que la <cursiva>presión total de una mezcla de gases es la suma
de las presiones parciales de sus componentes</cursiva>. Matemáticamente
se expresa así:</p>
<p>P<subindice>t</subindice> = p<subindice>1</subindice> + p<subindice
>2</subindice> +p<subindice>3</subindice> + p<subindice>4</subindice
> + … + p<subindice>n</subindice></p>
<p>Donde P<subindice>t</subindice> es la presión total y p<subindice
>1</subindice>, p<subindice>2</subindice>, p<subindice>3</subindice
>, p<subindice>n</subindice> son presiones parciales.</p>
<practica>
<enlace
destino="/LoIdRedirect.aspx?LoId=CN_09_10_CO_Recurso150&amp;IdRecurso=RES-B0AFC8EF26C04D9D92AF8E942949C494"
>Practica el uso de las leyes de los gases </enlace>
</practica>
<p>Esta ley solo se cumple en los <negrita>gases ideales</negrita
>, aunque la mayoría de mezclas gaseosas la cumplen con bastante aproximación.
  </p>
<p><negrita>Ejemplo</negrita>: si en un recipiente tenemos 1 L de
helio contenido, a una presión de 60 Torr, y en otro tenemos 1 L de
hidrógeno a 35 Torr, a la misma emperatura que el helio, ¿al mezclarlos
en un recipiente de 1 L, qué presión podríamos esperar en el recipiente
producto de la mezcla?</p>
<imagen src="CN_09_10_CO_img_09_small.jpg">
<p>Al hacer la mezcla de las dos muestras de gases (azul y roja) manteniendo
el volumen y la temperatura constante, la ley de Dalton indica que
la presión final es igual a la suma de las presiones que ejerce cada
gas.</p>
</imagen>
<p>De esta manera, se expresa la ecuación así:</p>
<p>P<subindice>t</subindice> = p<subindice>H</subindice>e + p<subindice
>H2</subindice> (en el volumen de 1 litro)</p>
<p>La presión total es la suma de 60 + 35 Torr, siendo 95 Torr la
presión en el recipiente después de realizar la mezcla de los dos
gases.  </p>
<p>Finalmente, la <negrita>ley de difusión de Graham</negrita> menciona
que los gases se difunden, pero no lo hacen a la misma velocidad.
De acuerdo con la <negrita>teoría cinética</negrita>, <cursiva>los
gases A y B, en recipientes diferentes y bajo las mismas condiciones
de temperatura y presión, tienen la misma energía cinética promedio</cursiva
>, y teniendo en cuenta que esta es igual a Ec = ½ mv<superindice
>2</superindice>, siendo m la masa de la molécula y v la velocidad
promedio, se puede plantear: </p>
<formula alineacion="centrada" src="CN_09_10_formula19.gif"></formula>
<p>Que se puede expresar de la siguiente forma:</p>
<formula alineacion="centrada" src="CN_09_10_formula20.gif"></formula>
<recuerda><recuerdaTexto>
<p>La energía cinética de un gas se puede expresar como: ½ m<subindice
>1</subindice>v<subindice>1</subindice><superindice>2</superindice
> cuando tenemos un gas; y en gases diferentes se tendría: ½ m<subindice
>1</subindice>v<subindice>1</subindice><superindice>2</superindice
> = ½ m<subindice>2</subindice>v<subindice>2</subindice><superindice
>2</superindice></p>
</recuerdaTexto></recuerda><practica>
<enlace
destino="/LoIdRedirect.aspx?LoId=CN_09_10_CO_Recurso160&amp;IdRecurso=RES-B9799FFD30AA4D169944AE1325AA76A8"
>Realiza cálculos a partir de las leyes de los gases</enlace>
</practica>
<p>La ley de difusión de Grahan aplica, por ejemplo, cuando se desea
saber si el amoniaco o el dióxido de carbono se difunden a la misma
velocidad. Para ello es importante saber el peso molecular del NH<subindice
>3</subindice> (17 g/mol) y del CO<subindice>2</subindice> (44 g/mol),
de modo que, al reemplazar en la ecuación que relaciona dos gases,
tendríamos:</p>
<formula alineacion="centrada" src="CN_09_10_formula21.gif"></formula>
<p>Así, el amoniaco se difunde 1,6 veces más rápido que el dióxido
de carbono en las mismas condiciones de temperatura y presión.</p>
<profundiza>
<enlace
destino="/LoIdRedirect.aspx?LoId=CN_09_10_CO_Recurso170&amp;IdRecurso=RES-B1B80A656AF64BDB9EBB4F2ECF390BA5"
>Las leyes de los gases</enlace>
</profundiza></seccion2Texto></seccion2><seccion2
id="S2_CN_09_10_CO_6F16B707393A4AEDBEB7F16D374076F2">
<seccion2Titulo>Consolidación</seccion2Titulo>
<seccion2Texto>
<p>Actividades para consolidar lo que has aprendido en esta sección.</p>
<practica>
<enlace
destino="/LoIdRedirect.aspx?LoId=CN_09_10_CO_Recurso180&amp;IdRecurso=RES-97A72F57090C45EB8D863354F2251DE1"
>Refuerza tu aprendizaje: Las leyes de los gases</enlace>
</practica></seccion2Texto></seccion2></seccion1Texto></seccion1>
<seccion1 id="S1_CN_09_10_CO_7160E199E2E94189B517F4EBB8FD6357">
<seccion1Titulo>Los gases ideales</seccion1Titulo>
<seccion1Texto>
<p>Un <negrita>gas ideal</negrita> es un gas teórico compuesto de
un conjunto determinado de partículas con desplazamiento aleatorio
que no interactúan, cuyo comportamiento puede describirse con base
en las leyes de los gases que se han estudiado. No obstante, a presiones
muy elevadas los gases ideales se apartan de este comportamiento y
se identifican como gases reales.</p>
<imagen src="CN_09_10_CO_img_10_small.jpg">
<p>Estas gráficas representan el comportamiento de los gases ideales.
La presión de los gases ideales varía linealmente, tanto con las variaciones
de volumen como con las variaciones de temperatura. No obstante, los
gases reales se apartan de este comportamiento, si las presiones a
las que se encuentran sometidos son muy elevadas.</p>
</imagen>
<p>En condiciones normales (CN: 1 mol, 22,4 L, 1 atm y 273 °K) la
mayoría de los gases reales se comportan cualitativamente como gases
ideales. Muchos –como el nitrógeno, el oxígeno, el hidrógeno, los
gases nobles y el dióxido de carbono– pueden ser tratados como gases
ideales en estas condiciones. </p>
<destacado><destacadoTitulo>Las leyes que rigen el comportamiento
de los gases </destacadoTitulo><destacadoTexto>
<p><negrita>Ley de Boyle-Mariotte</negrita>: a temperatura constante,
el volumen ocupado por cierta cantidad de gas es inversamente proporcional
a la presión: <cursiva>P<subindice>1</subindice>V<subindice>1</subindice
> = P<subindice>2</subindice>V<subindice>2</subindice></cursiva>. </p>
<p><negrita>Primera ley de Charles y Gay-Lussac</negrita>: el volumen
de un gas es directamente proporcional a la temperatura, en condiciones
de presión constante: <cursiva>V<subindice>1</subindice>/T<subindice
>1</subindice> = V<subindice>2</subindice>/T<subindice>2</subindice
></cursiva>. </p>
<p><negrita>Segunda ley de Charles y Gay-Lussac</negrita>: a volumen
constante, la presión de un gas es directamente proporcional a su
temperatura: P1/T1 = P2/T2. </p>
<p><negrita>Ley de Avogrado</negrita>: bajo las mismas condiciones
de temperatura y presión, volúmenes iguales de todos los gases contienen
el mismo número de moles: <cursiva>V<subindice>1</subindice>/n<subindice
>1</subindice> = V<subindice>2</subindice> /n<subindice>2</subindice
></cursiva>.</p>
<p><negrita>Ley combinada de los gases</negrita>: cuando dos condiciones
varían y una permanece constante, podemos plantear condiciones iniciales
y finales para estudiar el comportamiento de un gas: <cursiva>V<subindice
>1</subindice>P<subindice>1</subindice>T<subindice>2</subindice> =
V<subindice>2</subindice>P<subindice>2</subindice>T<subindice>1</subindice
></cursiva>.</p>
<p><negrita>Ley de Dalton</negrita>: la presión total de una mezcla
de gases es la suma de las presiones parciales de sus componentes: <cursiva
>P<subindice>t</subindice> = p<subindice>1</subindice> + p<subindice
>2</subindice> + … + p<subindice>n</subindice></cursiva>. </p>
<p><negrita>Ley de difusión de Graham</negrita>: cuando dos o más
gases se difunden, no lo hacen a la misma velocidad, bajo las mismas
condiciones de temperatura y presión: <cursiva>v<subindice>1</subindice
>/v<subindice>2</subindice> = √(m<subindice>2</subindice> / m<subindice
>1</subindice>)</cursiva></p>
</destacadoTexto></destacado><seccion2
id="S2_CN_09_10_CO_0B5A8FD3BF4A4E4FAEC857A4F9A0E5DF">
<seccion2Titulo>La ecuación de estado o ley de los gases ideales</seccion2Titulo>
<seccion2Texto>
<p>Al combinar las leyes Boyle, Charles-Gay-Lussac y Avogadro, se
obtiene una expresión general que relaciona las cuatro variables:
V, P, T y cantidad de sustancia. Esta ecuación recibe el nombre de <negrita
>ecuación de estado</negrita> o ley de los gases ideales, conocida
como PV = nRT.   </p>
<p>La <negrita>constante de los gases</negrita>: <negrita>R</negrita
> tiene un valor de 0,082 (L·atm)/(mol·K), independiente del gas y
de las condiciones en las que este se encuentre.</p>
<destacado><destacadoTitulo>Equivalencias de la ecuación de estado</destacadoTitulo>
<destacadoTexto>
<p>La ecuación:  </p>
<p>PV = nRT</p>
<p>Puede utilizarse, en términos de densidad (p) y peso molecular
(PM), de la siguiente manera: PM = p·R·T</p>
</destacadoTexto></destacado>
<p><negrita>Ejemplo</negrita> de aplicación de esta ecuación: si se
tienen 3,2 moles de oxígeno en 2,5 L, a 27 °C, ¿qué presión tendríamos
en el sistema?  Empleando la ecuación PV = nRT, obtendríamos la siguiente
ecuación:</p>
<formula alineacion="centrada" src="CN_09_10_formula22.gif"></formula>
<p>Al reemplazar los datos:</p>
<formula alineacion="centrada" src="CN_09_10_formula23.gif"></formula>
<p>Otra característica de los gases ideales se muestra en sus isotermas
(ver gráfica), en las que para cada temperatura el producto presión-volumen
tiene diferente valor, pero la tendencia de su relación es similar.</p>
<imagen src="CN_09_10_CO_img_11_small.jpg">
<p>Isoterma de un gas ideal: A cualquier temperatura, si aumenta una
de las magnitudes (presión o volumen), siempre disminuye la otra,
de manera que el producto de ambas se mantiene constante.</p>
</imagen>
<profundiza>
<enlace
destino="/LoIdRedirect.aspx?LoId=CN_09_10_CO_Recurso190&amp;IdRecurso=RES-64A3C1B7815B47A2905285624720BD8F"
>La ecuación de estado para gases ideales y reales</enlace>
</profundiza></seccion2Texto></seccion2><seccion2
id="S2_CN_09_10_CO_B177C25A36C6441C96A4032DABDB48F2">
<seccion2Titulo>Gases reales</seccion2Titulo>
<seccion2Texto>
<p>La descripción de un gas en la teoría cinética es la de un gas
ideal o gas modelo que cumple las leyes que hemos estudiado. En los
gases reales, los parámetros de la ecuación de estado se ajustan para
acercarse al comportamiento ideal, obteniéndose la llamada <negrita
>ecuación de van der Waals</negrita>. A presiones elevadas, las moléculas
de un gas real se atraen, y bajo ciertas condiciones este tipo de
gas estará cerca de la condensación, por lo que no cumple, por ejemplo,
la ley de Boyle.   </p>
<p>La ley de Charles y Gay-Lussac se cumple con gran exactitud en
los gases reales, excepto a bajas temperaturas. Así, los gases reales
se aproximan al comportamiento del gas ideal. Por tanto, el modelo
de gas ideal tiende a fallar a temperaturas menores o a presiones
elevadas, cuando las fuerzas intermoleculares y la distancia intermolecular
son significativas. También, por lo general, el modelo de gas ideal
no es apropiado para la mayoría de los gases pesados, como el vapor
de agua o muchos fluidos refrigerantes.   </p>
<p>La ley física de los gases reales, también conocida como ley de
Van der Waals, describe el comportamiento de los <negrita>gases reales</negrita
> y es una extensión de la ley de los gases ideales, que mejora la
descripción del estado gaseoso a presiones altas y próximas al <negrita
>punto de ebullición</negrita>.</p>
<imagen src="CN_09_10_CO_img_12_small.jpg">
<p>Aquí escribiré el pie de foto</p>
</imagen>
<p>La <negrita>ley de Van der Waals</negrita> se describe por la ecuación
de estado a partir de la <negrita>ley de los gases ideales</negrita
>:</p>
<p>P·V = n·R·T</p>
<p>Van der Waals introdujo dos valores, asignándoles las letras <negrita
>a</negrita> y <negrita>b</negrita>, conocidas como las <negrita>constantes
de Van der Waals</negrita>, que dependen de la sustancia que se esté
estudiando en cada caso. La fórmula de la ley de <negrita>Van der
Waals</negrita>, es:</p>
<formula alineacion="centrada" src="CN_09_10_formula24.gif"></formula>
<p>Donde:  </p>
<p><cursiva>p</cursiva>: presión del gas. </p>
<p><cursiva>n</cursiva>: cantidad de sustancia (número de moles). </p>
<p><cursiva>V</cursiva>: volumen ocupado por el gas. </p>
<p><cursiva>R</cursiva>: constante universal de los gases. </p>
<p><cursiva>T</cursiva>: temperatura en valor absoluto. </p>
<p><cursiva>a</cursiva> y <cursiva>b</cursiva>: contanstes de Van
der Waals.  Si comparamos los modelos de la ley de Van der Waals con
los de la ley de los gases ideales, cuando la presión de un gas no
es demasiado alta, no difieren mucho uno del otro.</p>
<profundiza>
<enlace
destino="/LoIdRedirect.aspx?LoId=CN_09_10_CO_Recurso200&amp;IdRecurso=RES-977F22DC0C414404A5B8CCE219944254"
>El equilibrio térmico</enlace>
</profundiza><practica>
<enlace
destino="/LoIdRedirect.aspx?LoId=CN_09_10_CO_Recurso210&amp;IdRecurso=RES-572353661C8A4E7EAB340CD61EF0F426"
>Resuelve un crucigrama sobre el calor</enlace>
</practica></seccion2Texto></seccion2><seccion2
id="S2_CN_09_10_CO_B177C25A36C6441C96A5142DABDB48F2">
<seccion2Titulo>Los cálculos cuando intervienen sustancias gaseosas	</seccion2Titulo>
<seccion2Texto>
<p>La estequiometría es una herramienta que permite hacer cálculos
para reacciones químicas donde participan gases. En este caso se deben
tener en cuenta las leyes que se han estudiado sobre el comportamiento
de los gases en función de las variables de estado correspondientes.</p>
<recuerda><recuerdaTexto>
<p>Debes tener presente que la ecuación de estado de los gases ideales
es:    </p>
<p><cursiva>P·V = n ·R·T</cursiva></p>
<p>En esta fórmula, P es la presión; n el número de moles de gas;
V el volumen; R la constante de los gases y T la temperatura. Esta
ecuación tiene amplia aplicación en este tipo de cálculos.</p>
</recuerdaTexto></recuerda>
<p>Observa el siguiene ejercicio donde intervienen los cálculos la
estequeometría y la ley de estado de los gases:  </p>
<p>La oxidación de alcohol etílico (C<subindice>2</subindice>H<subindice
>5</subindice>OH) con oxígeno (O<subindice>2</subindice>). Se describe
por la siguiente ecuación (no balanceada):</p>
<p>C<subindice>2</subindice>H<subindice>5</subindice>OH<subindice
>(l)</subindice> + O<subindice>2(g)</subindice> → CO<subindice>2(g)</subindice
> + H<subindice>2</subindice>O<subindice>(l)</subindice></p>
<p>¿Qué volumen de oxígeno (O<subindice>2</subindice>) gaseoso (en
condiciones normales) se requiere para su oxidación completa, una
masa de 20 g de alcohol (C<subindice>2</subindice>H<subindice>5</subindice
>OH)?</p>
<listaNumerada>
<listaElemento>Debes balancear la ecuación:<br/>C<subindice>2</subindice
>H<subindice>5</subindice>OH<subindice>(l)</subindice> + 3O<subindice
>2(g)</subindice> → 2CO<subindice>2(g)</subindice> + 3H<subindice
>2</subindice>O<subindice>(l)</subindice></listaElemento>
<listaElemento>Calcula la masa de oxígeno requerida; recuerda que
la puedes hallar en gramos o en moles.  <br/>Masa molar del alcohol
46g; masa molar del oxígeno 32 g <br/>Cálculo de la masa:<listaSinNumerar>
<listaElemento>Masa en gramos<br/> (96 x 20 / 46) = 41,7</listaElemento>
<listaElemento>Masa en moles <br/>(20 x 3 / 46) = 1,30</listaElemento>
</listaSinNumerar><br/>Volumen de oxígeno requerido. <listaSinNumerar>
<listaElemento>(P = 1 atm; T = 273 K; R = 0,082 L·atm/mol·K) <br/>PV
= nRT  <br/>V = nRT/P = 29,2 L </listaElemento>
</listaSinNumerar></listaElemento>
</listaNumerada>
<practica>
<enlace
destino="/LoIdRedirect.aspx?LoId=CN_09_10_CO_Recurso250&amp;IdRecurso=RES-7433B2975F9A4A4280DC5789EFAF2488"
>Revisa tus conocimientos sobre el tema de gases</enlace>
</practica></seccion2Texto></seccion2><seccion2
id="S2_CN_09_10_CO_B177C25A36C6441C96A6252DABDB48F2">
<seccion2Titulo>Consolidación</seccion2Titulo>
<seccion2Texto>
<p>Actividades para consolidar lo que has aprendido en esta sección.</p>
<practica>
<enlace
destino="/LoIdRedirect.aspx?LoId=CN_09_10_CO_Recurso220&amp;IdRecurso=RES-094E596D84A24A90AE97E2DBD414BABB"
>Refuerza tu aprendizaje: Los gases ideales</enlace>
</practica></seccion2Texto></seccion2></seccion1Texto></seccion1>
<seccion1 id="S1_CN_09_10_CO_042ADFD718644E00BCD1ECE778AAE392">
<seccion1Titulo>Competencias</seccion1Titulo>
<seccion1Texto>
<p>Pon a prueba tus capacidades y aplica lo aprendido con estos recursos.</p>
<practica>
<enlace
destino="/LoIdRedirect.aspx?LoId=CN_09_10_CO_Recurso270&amp;IdRecurso=RES-DB2DAE1BC3E74D80A650DA91B9B44E09"
>Competencias: estudio de las características de los gases</enlace>
<enlace
destino="/LoIdRedirect.aspx?LoId=CN_09_10_CO_Recurso280&amp;IdRecurso=RES-2B7288F3ADE24D838E0401EFD747B468"
>Proyecto: Determinación del gas producido en una reacción química </enlace>
</practica></seccion1Texto></seccion1><masinformacion
id="MI_CN_09_10_CO_B1B2299BCE414CF59EB5A3D9473AECB5"><mapaconceptual>
<enlace
destino="/LoIdRedirect.aspx?LoId=CN_09_10_CO_Recurso300&amp;IdRecurso=RES-C829227645A04F848526775201A7F2AE"
>Mapa Conceptual</enlace></mapaconceptual><autoevaluate><enlace
destino="/LoIdRedirect.aspx?LoId=CN_09_10_CO_Recurso310&amp;IdRecurso=RES-EAB7B219524B4844A544E2F5F32A8297"
>Evaluación</enlace></autoevaluate><enlacesreferencia>
<enlace
destino="http://agrega.juntadeandalucia.es//repositorio/12032012/8a/es-an_2012031213_9132925/NDOIAND-20071010-0021/index.html"
>Puedes obervar un simulador de las partículoas de un gas cuando aumenta
su temperatura.</enlace>
<enlace
destino="http://web.educastur.princast.es/proyectos/fisquiweb/Gases/"
>Puedes visualizar animaciones sobre las leyes de los gases.</enlace>
<enlace destino="http://www.educaplus.org/gases/index.html">Puedes
visualizar distintos laboratorios virtuales sobre las leyes de los
gases.</enlace>
</enlacesreferencia></masinformacion></libro>
