<?xml version='1.0' encoding='UTF-8'?><engine copy="Editorial Planeta" version="1" aprid="f13" title="Langostas de Africa" >
<section title="Presentación" path2a="icono_imagen_dummy.jpg" path2b="icono_imagen_dummy.jpg" path2aAmp="imagen_dummy.jpg" path2bAmp="imagen_dummy.jpg" image2aText="&lt;p&gt;Langosta&lt;/p&gt; " image2bText="&lt;p&gt;Nube de langostas sobre un cultivo&lt;/p&gt; " zoom1="true" zoom2a="true" zoom2b="true" layout="3" >
<![CDATA[<p>Las langostas son insectos parecidos a los saltamontes. Son&nbsp;originarias de &Aacute;frica y Asia, y en ocasiones se les puede observar muy solitarias.</p>

<p>Cuando forman enjambres son una plaga que&nbsp;acaba&nbsp;f&aacute;cilmente con miles de hect&aacute;reas&nbsp;de cultivos, ya que en menos de un kil&oacute;metro cuadrado puede haber entre 60 y 80 millones de langostas y se extiendes hasta por 1200 km<sup>2</sup>.</p>

<p><strong>El objetivo de esta actividad es identificar las caracter&iacute;sticas poblacionales de las&nbsp;langostas, y determinar los factores que influyen en el crecimiento poblacional&nbsp;y su impacto en el ambiente.</strong></p>

<p>Antes de realizar la tarea puedes consultar y buscar informaci&oacute;n sobre el fen&oacute;meno poblacional de las langostas en &Aacute;frica. Responde:</p>

<ul>
	<li>&iquest;Qu&eacute; tipo de insecto es la langosta?</li>
	<li>&iquest;Qu&eacute; factores determinan la formaci&oacute;n de enjambres de langostas?</li>
	<li>&iquest;Qu&eacute; patrones poblacionales caracterizan a las langostas de &Aacute;frica?</li>
</ul>

<p>&nbsp;</p>

<p>&nbsp;</p>
]]></section>
<section title="Tarea" path="icono_imagen_dummy.jpg" pathAmp="imagen_dummy.jpg" image1Text="" zoom1="true" zoom2a="false" zoom2b="false" layout="1" >
<![CDATA[<p>Para realizar esta actividad debes seguir el siguiente procedimiento.</p>

<p><strong>Procedimiento.</strong></p>

<p>1.&deg; Consulta videos e informaci&oacute;n sobre las plagas de langostas. Puedes ingresar a la p&aacute;gina de <em>National geopgraphic</em> y buscar la langosta en las fichas de animales.</p>

<p>2.&deg; Identifica el&nbsp;tipo&nbsp;de distribuci&oacute;n de las langostas y averigua c&oacute;mo se le llama com&uacute;nmente cuando se presenta una plaga.</p>

<p>3.&deg;&nbsp;&nbsp;Describe brevemente el fen&oacute;meno de las plagas de langostas e&nbsp;indica d&oacute;nde ocurren, y responde&nbsp;&iquest;por qu&eacute; crees que se da este evento?</p>

<p>4.&deg;&nbsp;Responde:</p>

<ul>
	<li>&iquest;C&oacute;mo&nbsp;es la densidad de poblaci&oacute;n de las langostas del desierto?</li>
	<li>&iquest;Que tipo de estrategia de vida tienen estos insectos?</li>
	<li>&iquest;Que tipo de curva de crecimiento presenta esta poblaci&oacute;n cuando se presenta este fen&oacute;meno?</li>
</ul>

<p>5.&deg; Con las caracter&iacute;sticas que posee la poblaci&oacute;n de langosta&nbsp;&iquest;c&oacute;mo impacta el h&aacute;bitat donde se encuentra?</p>
]]></section>
</engine>