<?xml version="1.0" encoding="UTF-8"?>
<engine title="Observación del proceso de fotosíntesis de las plantas" copy="Editorial Planeta" version="1" aprid="F13">
  <section title="Presentación" path="medias/section0.jpg" image1Text="&lt;TextFlow&gt;&lt;p&gt;&lt;span&gt;Proceso de fotosíntesis.&lt;/span&gt;&lt;/p&gt;&lt;/TextFlow&gt;" zoom1="true" zoom2a="false" zoom2b="false" layout="1"><![CDATA[<TextFlow><p><span fontSize="12">Las plantas, al igual que cualquier ser vivo, realizan la función de nutrición para obtener energía. </span></p><p><span fontSize="12">Pero, a diferencia de los animales, tienen una nutrición autótrofa, por lo tanto, pueden fabricar su propio alimento gracias al proceso de la fotosíntesis. </span></p><p><span fontSize="12"></span></p><p><span fontSize="12">Las plantas utilizan la luz solar, el agua y las sales minerales que absorben del suelo, junto con el dióxido de carbono del aire, para realizar la fotosíntesis y así obtener sustancias como la glucosa y el oxígeno, que utilizan para obtener energía y sintetizar el resto de biomoléculas.</span></p><p><span fontSize="12"></span></p><p><span fontSize="12" fontWeight="bold">El objetivo de esta actividad es que observes y comprendas cómo realiza una planta la fotosíntesis.</span></p><p><span fontSize="12"></span></p><p><span fontSize="12">Antes de empezar, contesta a las siguientes preguntas para recordar tus conocimientos sobre este tema:</span></p><p><span fontSize="12"></span></p><p paragraphStartIndent="20" styleName="bullet"><span fontSize="12">¿Qué relación tiene la fotosíntesis con la nutrición de las plantas?</span></p><p paragraphStartIndent="20" styleName="bullet"><span fontSize="12">¿Qué elemento liberan las plantas al medio externo durante la fotosíntesis? ¿Qué importancia tiene esto para la vida en la Tierra?</span></p><p paragraphStartIndent="20" styleName="bullet"><span fontSize="12">¿Es cierto que las plantas hacen la fotosíntesis de día y respiran de noche? Justifica tu respuesta.</span></p><p><span fontSize="12"></span></p></TextFlow>]]></section>
  <section title="Tarea" zoom1="false" zoom2a="false" zoom2b="false" layout="2"><![CDATA[<TextFlow><p><span fontSize="12">Para realizar esta tarea consigue el material que te indicamos y sigue los pasos del procedimiento.</span></p><p><span fontSize="12" fontWeight="bold"></span></p><p><span fontSize="12" fontWeight="bold">Material:</span></p><p><span fontSize="12"></span></p><p paragraphStartIndent="20" styleName="bullet"><span fontSize="12">Una rama de elodea (planta acuática).</span></p><p paragraphStartIndent="20" styleName="bullet"><span fontSize="12">Un recipiente con agua.</span></p><p paragraphStartIndent="20" styleName="bullet"><span fontSize="12">Un embudo.</span></p><p paragraphStartIndent="20" styleName="bullet"><span fontSize="12">Un tubo de ensayo.</span></p><p paragraphStartIndent="20" styleName="bullet"><span fontSize="12">Un termómetro.</span></p><p><span fontSize="12"></span></p><p><span fontSize="12" fontWeight="bold">Procedimiento:</span></p><p><span fontSize="12"></span></p><p><span fontSize="12">1.º Coloca la rama de la planta elodea en la parte ancha del embudo.</span></p><p><span></span></p><p><span>2.º Introduce el embudo, con la parte ancha hacia abajo, en un recipiente con agua. Ten cuidado para que la planta quede dentro del recipiente atrapada en el embudo.</span></p><p><span></span></p><p><span>3.º Llena un tubo de ensayo con agua hasta el borde y colócalo rápidamente boca abajo y encajado en la parte estrecha del embudo, de modo que sobresalga del recipiente.</span></p><p><span></span></p><p><span>4.º Introduce el termómetro en el recipiente de agua para controlar la temperatura. Si aumenta, añade un poco de agua fría.</span></p><p><span fontSize="12"></span></p><p><span fontSize="12">5.º Coloca la planta de manera que le de la luz solar. Déjala unas horas y observa lo que ha ocurrido en el interior del tubo de ensayo. </span></p><p><span fontSize="12"></span></p><p><span fontSize="12">Indica qué demuestra que la planta realiza la fotosíntesis en esta práctica y utiliza lo que has aprendido para explicar en qué consiste la fotosíntesis, cómo se realiza y cómo influye en la función de nutrición de una planta.</span></p><p><span fontSize="12"></span></p></TextFlow>]]></section>
</engine>
