﻿<?xml version="1.0" encoding="UTF-8"?>
<XMLDatos aprid="F">
  <titulo>El aparato respiratorio</titulo>
  <txtdiafragma><![CDATA[diafragma]]></txtdiafragma>
  <btn_bronquio><![CDATA[bronquios]]></btn_bronquio>
  <mc_bronquio><![CDATA[bronquios]]></mc_bronquio>
  <mc_bronquio_1><![CDATA[saco
alveolar]]></mc_bronquio_1>
  <mc_bronquio_2><![CDATA[alveolo]]></mc_bronquio_2>
  <mc_bronquio_3><![CDATA[conducto
alveolar]]></mc_bronquio_3>
  <mc_bronquio_4><![CDATA[bronquio
respiratorio]]></mc_bronquio_4>
  <mc_bronquio_5><![CDATA[bronquio terminal]]></mc_bronquio_5>
  <mc_bronquio_6><![CDATA[bronquiolos]]></mc_bronquio_6>
  <mc_bronquio_7><![CDATA[bronquios
principales]]></mc_bronquio_7>
  <btn_fosasnasales><![CDATA[fosas nasales]]></btn_fosasnasales>
  <mc_nasales><![CDATA[fosas nasales]]></mc_nasales>
  <mc_nasales_1><![CDATA[fosas 
nasales]]></mc_nasales_1>
  <mc_nasales_2><![CDATA[tabique
nasal]]></mc_nasales_2>
  <btn_laringe><![CDATA[laringe]]></btn_laringe>
  <mc_laringe><![CDATA[laringe]]></mc_laringe>
  <mc_laringe_1><![CDATA[cuerdas
vocales]]></mc_laringe_1>
  <mc_laringe_2><![CDATA[vestíbulo]]></mc_laringe_2>
  <mc_laringe_3><![CDATA[epiglotis]]></mc_laringe_3>
  <btn_pulmon><![CDATA[pulmón]]></btn_pulmon>
  <mc_pulmon><![CDATA[pulmón]]></mc_pulmon>
  <mc_pulmon_1><![CDATA[bronquio
principal
izquierdo]]></mc_pulmon_1>
  <mc_pulmon_2><![CDATA[lóbulo
inferior]]></mc_pulmon_2>
  <mc_pulmon_3><![CDATA[lóbulo
medio]]></mc_pulmon_3>
  <mc_pulmon_4><![CDATA[lóbulo
superior]]></mc_pulmon_4>
  <mc_pulmon_5><![CDATA[pulmón
izquierdo]]></mc_pulmon_5>
  <mc_pulmon_6><![CDATA[pulmón
derecho]]></mc_pulmon_6>
  <btn_traquea><![CDATA[tráquea]]></btn_traquea>
  <mc_traquea><![CDATA[tráquea]]></mc_traquea>
  <mc_traquea_1><![CDATA[cartílago]]></mc_traquea_1>
  <mc_traquea_2><![CDATA[tráquea]]></mc_traquea_2>
  <btnpractica><![CDATA[PRACTICA]]></btnpractica>
  <btnsolucion><![CDATA[SOLUCIÓN]]></btnsolucion>
</XMLDatos>