﻿<?xml version="1.0" encoding="utf-8"?><motor tipo="1" clase="b" aprid="m1b">
  <plataforma>
    <grado><![CDATA[2]]></grado>
    <titulo>Identifica las propiedades físicas de la materia</titulo>
    <area>0</area>
    <nivel>1</nivel>
    <referencia/>
    <idreg><![CDATA[0]]></idreg>
    <motor><![CDATA[M1B]]></motor>
    <lang>es</lang>
  </plataforma>
  <enunciado><![CDATA[Relaciona las propiedades físicas con su definición.]]></enunciado>
  <masinfo inicio="0"/>
  <sinaleatoriedad><![CDATA[0]]></sinaleatoriedad>
  <calc><![CDATA[0]]></calc>
  <textoatexto cantidad="5">
    <cuestion>
      <pregunta><![CDATA[Organolépticas]]></pregunta>
      <respuesta><![CDATA[Se perciben a través de los órganos de los sentidos: olor, color, sabor, textura y sonido.]]></respuesta>
    </cuestion>
    <cuestion>
      <pregunta><![CDATA[Estado físico]]></pregunta>
      <respuesta><![CDATA[Depende de la movilidad y cohesión de las moléculas. ]]></respuesta>
    </cuestion>
    <cuestion>
      <pregunta><![CDATA[Densidad]]></pregunta>
      <respuesta><![CDATA[Relaciona la masa que ocupa una sustancia por unidad de volumen.]]></respuesta>
    </cuestion>
    <cuestion>
      <pregunta><![CDATA[Dureza]]></pregunta>
      <respuesta><![CDATA[Resistencia de un material a ser rayado.]]></respuesta>
    </cuestion>
    <cuestion>
      <pregunta><![CDATA[Solubilidad]]></pregunta>
      <respuesta><![CDATA[Capacidad de una sustancia de disolverse en otra.]]></respuesta>
    </cuestion>
  </textoatexto>
  <textofalso cantidad="0"/>
</motor>