﻿<?xml version="1.0" encoding="utf-8"?><motor tipo="102" clase="ab" aprid="M102ab"><plataforma><grado>2</grado><titulo>Competencias: estudio de la tensión superficial</titulo><volumen /><nivel>2</nivel><referencia /><motor /><lang>es</lang></plataforma><calc>0</calc><enunciado><![CDATA[Realiza la siguiente actividad. Cuando termines, envíala para que pueda ser revisada.]]></enunciado><masinfo inicio="0" /><textoupload /><adjunto><![CDATA[Principal.html]]></adjunto><url /><amano><![CDATA[0]]></amano></motor>