﻿<?xml version="1.0" encoding="UTF-8"?>
<?xml-stylesheet href="cuadernoestudio/dtd/libro.xslt" type="text/xsl"?>
<!--Arbortext, Inc., 1988-2013, v.4002-->
<!DOCTYPE libro SYSTEM "cuadernoestudio/dtd/libro.dtd">
<?Pub Inc?>
<libro id="CN_06_11_CO">
<libroTitulo>El movimiento</libroTitulo>
<seccion1 id="S1_CN_06_11_CO_E60F02B328064B51AD9EA371752CDEBD">
<seccion1Titulo>El movimiento</seccion1Titulo>
<seccion1Texto>
<p>El movimiento es el cambio de posición de un cuerpo o partícula
en el espacio a través del tiempo. A veces es fácil observar el movimiento,
pero no siempre es tan sencillo. Por ejemplo, las estrellas, que parecen
estar inmóviles en el cielo, se desplazan continuamente.  </p>
<p> Para darse cuenta de que un objeto se está moviendo, generalmente
es necesario compararlo con otros objetos que están quietos. Si el
objeto se acerca o se aleja de aquellos que se suponen en reposo,
se puede decir que se mueve. El objeto, o conjunto de objetos, que
sirve de indicador para advertir el movimiento recibe el nombre de <negrita
>sistema de referencia</negrita>.</p>
<imagen src="CN_06_11_CO_img_01_small.jpg">
<p>Cuando te encuentras en un medio de transporte, te das cuenta de
que te mueves cuando miras por la ventana. Puedes percibir el movimiento
de un objeto al compararlo con otros que se encuentran quietos (el
suelo, los edificios, etc.). Estos objetos se denominan <negrita>sistema
de referencia</negrita>.</p>
</imagen>
<destacado><destacadoTitulo>¿Qué es el movimiento?</destacadoTitulo>
<destacadoTexto>
<p>El movimiento es el <negrita>cambio de posición</negrita> de un
cuerpo respecto a un <negrita>sistema de referencia</negrita>, mientras
transcurre el <negrita>tiempo</negrita>.</p>
</destacadoTexto></destacado><profundiza>
<enlace
destino="/LoIdRedirect.aspx?LoId=CN_06_11_CO_Recurso010&amp;IdRecurso=RES-930FA140B4BC45BF9E0DFC3DD6635131"
>Introducción al movimiento</enlace>
</profundiza><practica>
<enlace
destino="/LoIdRedirect.aspx?LoId=CN_06_11_CO_Recurso020&amp;IdRecurso=RES-E9CB9BB952B342CDA25893FFFFF2BDB0"
>El movimiento y el sistema de referencia</enlace>
</practica><seccion2
id="S2_CN_06_11_CO_AA45E5EA9CF5411DB9C1C9999A4D682A">
<seccion2Titulo>La trayectoria y el desplazamiento</seccion2Titulo>
<seccion2Texto>
<p>Cuando un móvil se traslada de un punto <negrita>A</negrita> a
un punto <negrita>B</negrita>, lo puede hacer a través de diferentes
caminos. Estos caminos se denominan <negrita>trayectorias</negrita
>.</p>
<imagen src="CN_06_11_CO_img_02_small.jpg">
<p>La <negrita>trayectoria</negrita> es la línea que marca las posiciones
sucesivas de un cuerpo durante su movimiento. La trayectoria puede
ser recta o curva, como la de estas abejas. <negrita>El desplazamiento</negrita
> es la línea recta orientada que une la posición inicial y final
de un movimiento.</p>
</imagen>
<p>Cuando vas desde la casa a la escuela, partes de un punto inicial <negrita
>A</negrita> (la casa) y llegas a un punto final <negrita>B</negrita
> (la escuela). La línea recta que une estos dos puntos corresponde
al <negrita>desplazamiento</negrita>.</p>
<imagen src="CN_06_11_CO_img_03_small.jpg">
<p>Cuando vas de tu casa (punto A) a tu escuela (punto B), te encuentras
con obstáculos como casas, vehículos, postes, etc. Sin embargo, si
no encontraras tales obstáculos podrías seguir un camino en línea
recta. Esta línea que une el punto A con el punto B representa el <negrita
>desplazamiento</negrita>.</p>
</imagen>
<p>Durante el recorrido de tu casa a la escuela, vas por un camino
determinado, recorres algunas cuadras y volteas varias veces hasta
llegar a la escuela. Este recorrido es la <negrita>trayectoria</negrita
>.  </p>
<p>Por tanto, el desplazamiento de un punto <negrita>A</negrita> a
un punto <negrita>B</negrita>, puede hacerse a través de trayectorias
diferentes, que pueden tener distintas longitudes.</p>
<imagen src="CN_06_11_CO_img_04_small.jpg">
<p>Para ir de tu casa a tu escuela puedes seguir diferentes caminos,
así se representa con las líneas de colores (azul y roja). Si mides
cada uno de estos caminos podrás conocer el valor de cada trayectoria.</p>
</imagen>
</seccion2Texto></seccion2><seccion2
id="S2_CN_06_11_CO_855BF418A36E4AC7A379ACEC8BB74247">
<seccion2Titulo>Clasificación del movimiento según su trayectoria</seccion2Titulo>
<seccion2Texto>
<p>Si un objeto se mueve en línea recta, su trayectoria coincide con
el desplazamiento. Este movimiento se denomina <negrita>rectilíneo</negrita
>. Si se desvía por otros caminos, la trayectoria será de mayor longitud
que el desplazamiento y describirá diversas formas o figuras.</p>
<p>Cuando la trayectoria es curvilínea se reconocen, entre otros,
los siguientes movimientos:</p>
<p><negrita>Movimiento circular</negrita>: la trayectoria se representa
por una <negrita>circunferencia</negrita>, por ejemplo, el movimiento
de las agujas de un reloj o el de las paletas de un ventilador.</p>
<p>Al observar el <negrita>movimiento circular</negrita> de las manecillas
del reloj, puedes ver que se demora el mismo tiempo en dar una vuelta
completa o revolución. Cuando un cuerpo emplea siempre el mismo tiempo
en realizar una revolución, se dice que tiene un movimiento circular
uniforme.</p>
<p>En el movimiento circular uniforme el tiempo corresponde al periodo
(T) y el número de revoluciones por unidad de tiempo se llama frecuencia
(f). Por ejemplo, el segundero tiene un periodo de 60 segundos y una
frecuencia de una revolución por minuto.</p>
<imagen src="CN_06_11_CO_img_05_small.jpg">
<p>Las trayectorias que siguen los asientos de una rueda panorámica
en un parque y las palas de los aerogeneradores son circunferencias.</p>
</imagen>
<p><negrita>Movimiento elíptico</negrita>: la trayectoria describe
la forma de una <negrita>elipse</negrita>, por ejemplo, el movimiento
de los planetas alrededor del Sol.</p>
<p>Una <negrita>elipse</negrita> es una figura geométrica curva y
cerrada, definida por el conjunto de todos los puntos de un plano
cuya suma de distancias a dos puntos fijos llamados <negrita>focos</negrita
> tiene la misma longitud. Básicamente, es un <negrita>óvalo</negrita
>. El círculo viene a ser un caso particular de elipse, en que los
focos se encuentran en el mismo punto, llamado centro. Entre más alejados
los focos, más alargada la elipse. Tal movimiento lo describen los
planetas, y el Sol se ubica en uno de los focos de esta gran elipse:
esta es una de las leyes de Kepler. Puedes observar la imagen de la
Gran Enciclopedia Hispánica donde se describen las tres leyes formuladas
por este físico [<enlace
destino="http://hispanicasaber.planetasaber.com/encyclopedia/default.asp?idpack=11&amp;idpil=001EH401&amp;ruta=Buscador"
>VER</enlace>]. </p>
<imagen src="CN_06_11_CO_img_06_small.jpg">
<p>El <negrita>movimiento de los planetas</negrita> del sistema solar
alrededor del Sol es <negrita>elíptico</negrita>. Las líneas blancas
de la imagen son las trayectorias que siguen los planetas en su movimiento
alrededor de este astro. Estas <negrita>trayectorias</negrita> tienen
forma de elipse.</p>
</imagen>
<p><negrita>Movimiento parabólico</negrita>: se produce cuando la
trayectoria que describe el movimiento es una <negrita>parábola</negrita
>, por ejemplo, un chorro de agua cuando sale a presión hacia arriba
y luego, por gravedad, cae, o el movimiento realizado por un proyectil
en un medio que no resista a su avance y que está sujeto a la gravedad.</p>
<p>Para el estudio de este movimiento se analiza la composición de
dos movimientos rectilíneos: uno horizontal con velocidad uniforme
y otro vertical que estudia la caída de los objetos debido a la acción
de la gravedad.</p>
<imagen src="CN_06_11_CO_img_07_small.jpg">
<p>Observa la trayectoria del chorro de agua que brota de la manguera.
Esta <negrita>trayectoria</negrita> es <negrita>parabólica</negrita
> debido a que la manguera se encuentra con cierta <negrita>inclinación</negrita
>, además el chorro de agua está bajos los efectos de la aceleración
de la <negrita>gravedad</negrita>. Estas son dos condiciones necesarias
para que el chorro de agua describa tal trayectoria.</p>
</imagen>
<p>En la siguiente tabla encontrarás los tipos de movimiento con su
respectiva trayectoria; ten en cuenta que la <negrita>trayectoria</negrita
> es el <negrita>camino</negrita> que recorre un objeto que tiene
cierto movimiento.</p>
<table border="1"><caption>Los tipos de movimiento</caption><colgroup>
<col/><col/></colgroup>
<tbody>
<tr>
<td>MOVIMIENTO</td>
<td>TRAYECTORIA</td>
</tr>
<tr>
<td><negrita>Rectilíneo</negrita></td>
<td><negrita>Recta</negrita></td>
</tr>
<tr>
<td>Rectilíneo uniforme (MU)</td>
<td>Recta (ejemplo: un automóvil a velocidad constante)</td>
</tr>
<tr>
<td>Rectilíneo uniformemente variado </td>
<td>Recta (ejemplo: una pelota lanzada hacia arriba)</td>
</tr>
<tr>
<td><negrita>Curvilíneo</negrita></td>
<td><negrita>Curva</negrita></td>
</tr>
<tr>
<td>Circular</td>
<td>Circunferencia (ejemplo: las manecillas de un reloj)</td>
</tr>
<tr>
<td>Elíptico</td>
<td>Elipse (ejemplo: la órbita de la Tierra)</td>
</tr>
<tr>
<td>Parabólico</td>
<td>Parábola (ejemplo: un proyectil)</td>
</tr>
</tbody>
</table>
<profundiza>
<enlace
destino="/LoIdRedirect.aspx?LoId=CN_06_11_CO_Recurso040&amp;IdRecurso=RES-7879AC728DB84E019E61C90F1A69137E"
>El movimiento parabólico</enlace>
</profundiza></seccion2Texto></seccion2><seccion2
id="S2_CN_06_11_CO_8445CF2020B64E1283282459EEA225BF">
<seccion2Titulo>Consolidación </seccion2Titulo>
<seccion2Texto>
<p>Actividades para consolidar lo que has aprendido en esta sección.</p>
<practica>
<enlace
destino="/LoIdRedirect.aspx?LoId=CN_06_11_CO_Recurso050&amp;IdRecurso=RES-F43C396E89C04862BC62427335D44451"
>Refuerza tu aprendizaje: El concepto de movimiento</enlace>
</practica></seccion2Texto></seccion2></seccion1Texto></seccion1>
<seccion1 id="S1_CN_06_11_CO_6173536818EE458E8E1604F632EDB5F5">
<seccion1Titulo>Las variables cinéticas o del movimiento</seccion1Titulo>
<seccion1Texto>
<p>Para comprender el movimiento de un cuerpo o partícula, se deben
tener en cuenta: la distancia recorrida, el tiempo empleado para recorrerla,
la rapidez con la cual se realiza el movimiento y si esta rapidez
es constante o no.</p>
<p>Los anteriores elementos se conocen como: <negrita>posición</negrita
> <cursiva>x</cursiva>, <negrita>tiempo</negrita> <cursiva>t</cursiva
>, <negrita>velocidad</negrita> <cursiva>v</cursiva> y <negrita>aceleración</negrita
> <cursiva>a</cursiva>.</p>
<profundiza>
<enlace
destino="/LoIdRedirect.aspx?LoId=CN_06_11_CO_Recurso060&amp;IdRecurso=RES-9E7C0F7201BC4FFCB5F31158D3AEC1A8"
>Las magnitudes del movimiento</enlace>
</profundiza><practica>
<enlace
destino="/LoIdRedirect.aspx?LoId=CN_06_11_CO_Recurso080&amp;IdRecurso=RES-A04E102F07114847A5884CD931C7023C"
>Relaciona las variables implicadas en el movimiento</enlace>
</practica><seccion2
id="S2_CN_06_11_CO_7AA72762A8054E518728121AFC28DE9C">
<seccion2Titulo>La velocidad</seccion2Titulo>
<seccion2Texto>
<p>Hay movimientos que parecen muy lentos, como el de un caracol,
y otros muy veloces, como el de un auto de carreras.</p>
<p>La velocidad <cursiva>v</cursiva> indica si un movimiento es más
o menos rápido, esta expresa la variación de la posición en función
del tiempo.</p>
<p>Conocer la rapidez con la que se mueve un cuerpo no es suficiente;
es necesario saber también en qué dirección y en qué sentido se desplaza.
A este conjunto de variables se les denomina <negrita>velocidad</negrita
>. Sus unidades son m/s (metro por segundo).</p>
<destacado><destacadoTitulo>La rapidez y la velocidad</destacadoTitulo>
<destacadoTexto>
<p>La <negrita>rapidez</negrita> determina únicamente el <negrita
>valor numérico</negrita> de la velocidad y la <negrita>unidad de
medida</negrita>. La <negrita>velocidad</negrita> incluye el valor
numérico, la unidad de medida, el <negrita>sentido</negrita> y la <negrita
>dirección</negrita> en la que se desplaza el móvil. La unidad de
medida para estas magnitudes en el sistema internacional es el metro
por segundo (m/s).</p>
</destacadoTexto></destacado>
<p>Existen instrumentos para medir la velocidad de una manera directa.
El anemómetro es uno de ellos.</p>
<imagen src="CN_06_11_CO_img_08_small.jpg">
<p>El <negrita>anemómetro</negrita> es un aparato que se usa en meteorología
para medir la velocidad del viento de manera directa.</p>
</imagen>
<destacado><destacadoTitulo>Clasificación del movimiento a partir
del concepto de velocidad</destacadoTitulo><destacadoTexto>
<p>Si se tiene en cuenta la <negrita>velocidad</negrita>, el movimiento
se puede clasificar en: <negrita>movimiento uniforme</negrita> (MU)
y <negrita>movimiento variado</negrita>.</p>
</destacadoTexto></destacado>
<p>Cuando no se dispone de estos instrumentos, se puede calcular la
velocidad de un móvil matemáticamente o de forma indirecta. La velocidad
se calcula dividiendo el <negrita>espacio</negrita> (distancia recorrida)
que recorre el móvil entre el <negrita>tiempo</negrita> que emplea
para hacerlo. En el Sistema Internacional de Unidades (SI), la velocidad
se representa con la letra <cursiva>v</cursiva>, el espacio se representa
con la letra <cursiva>x</cursiva> y el tiempo se representa con la
letra <cursiva>t</cursiva>. Por tanto, la fórmula para calcular la
velocidad es:</p>
<formula alineacion="centrada" src="CN_06_11_CO_formula01.gif">
</formula>
<seccion3 id="S3_CN_06_11_CO_BE64D8D6EC314750B3614D7C4B423455">
<seccion3Titulo>Las unidades para medir velocidad y rapidez</seccion3Titulo>
<seccion3Texto>
<p>La velocidad se expresa en unidades de <negrita>longitud</negrita
> y <negrita>tiempo</negrita>. La unidad de medida del Sistema Internacional
de Unidades (SI) para la velocidad es el <negrita>metro por segundo
(m/s)</negrita>. Sin embargo, la unidad de velocidad del SI que se
utiliza con más frecuencia es el <negrita>kilómetro por hora (km/h)</negrita
>. En la siguiente página encontrarás los patrones fundamentales del
Sistema Internacional de unidades (SI) para diferentes magnitudes,
escalas de medición, algunas constantes físicas, entre otros [<enlace
destino="http://www.sic.gov.co/drupal/sistema-internacional-de-unidades"
>VER</enlace>].</p>
<imagen src="CN_06_11_CO_img_09_small.jpg">
<p>La <negrita>velocidad</negrita> suele medirse en <negrita>kilómetros
por hora (km/h)</negrita>. Esta es la unidad que utilizan, por ejemplo,
los <negrita>velocímetros</negrita> de los automóviles.</p>
</imagen>
<p>La velocidad también se puede expresar en <negrita>kilómetros por
segundo (km/s)</negrita>. Esta unidad se utiliza cuando la velocidad
del móvil es tan elevada que es capaz de recorrer varios kilómetros
en un solo segundo. Este es el caso de la luz, cuya velocidad es de
300 000 km/s.</p>
<imagen src="CN_06_11_CO_img_10_small.jpg">
<p>Normalmente, la <negrita>velocidad de la luz</negrita> se redondea
en torno a los 300 000 km/s. La medición exacta es de 299 792 458
m/s, lo que equivale a 186 287,49 millas/s, lo cual indica que en
un segundo recorre 300 000 km.</p>
</imagen>
<recuerda><recuerdaTexto>
<p>Un metro por segundo es la velocidad de un cuerpo que recorre una
longitud de 1 m en un tiempo igual a 1 s. </p>
<p>Un kilómetro por hora es la velocidad de un cuerpo que recorre
una longitud de 1 km en un tiempo igual a 1 h. </p>
<p>1 km = 1 000 m </p>
<p>1 h = 3 600 s </p>
<p>1 km/h = 1 000 m / 3 600 s = 0,278 m/s</p>
</recuerdaTexto></recuerda>
<p>Aunque el SI es el más utilizado, existen otros como el <negrita
>Sistema Inglés de Unidades</negrita>. Este último utiliza unidades
como el <negrita>nudo</negrita>, muy común en la navegación marítima
y aérea: 1 nudo = 1,852 km/h = 0,51 m/s</p>
<p>Por ejemplo, Imagina que sales en bicicleta con tus amigos y recorres
durante 2 horas (t = 7 200 s) una distancia de 6 km (x = 6 000 m).
¿Con qué velocidad realizas este recorrido? La respuesta se obtiene
aplicando la fórmula de la velocidad:</p>
<formula alineacion="centrada" src="CN_06_11_CO_formula02.gif">
</formula>
<formula alineacion="centrada" src="CN_06_11_CO_formula03.gif">
</formula>
<p>En el siguiente enlace puedes encontrar algunos ejercicios de cálculo
de velocidad, espacio y tiempo [<enlace
destino="http://www.vitutor.com/ecuaciones/1/ecua31_Contenidos.html"
>VER</enlace>].</p>
<profundiza>
<enlace
destino="/LoIdRedirect.aspx?LoId=CN_06_11_CO_Recurso070&amp;IdRecurso=RES-CFB387124B954A57A12F9E47D78E18D6"
>Las unidades para medir la velocidad</enlace>
</profundiza><practica>
<enlace
destino="/LoIdRedirect.aspx?LoId=CN_06_11_CO_Recurso090&amp;IdRecurso=RES-4926B1A59C9F49F8998C39AE77B4EAE0"
>Relaciona las unidades de velocidad más comunes</enlace>
</practica></seccion3Texto></seccion3></seccion2Texto></seccion2>
<seccion2 id="S2_CN_06_11_CO_DD33970E1605479CB7D69824848E1828">
<seccion2Titulo>La aceleración</seccion2Titulo>
<seccion2Texto>
<p>Un vehículo que se desplaza por una carretera disminuye o aumenta
su velocidad dependiendo de los obstáculos que encuentre en su recorrido,
por ejemplo, cuando debe frenar ante un semáforo o acelerar para adelantar
a otro vehículo. Esta <negrita>variación de la velocidad</negrita
> recibe el nombre de <negrita>aceleración</negrita>.</p>
<p>La <negrita>aceleración</negrita> mide la variación de velocidad
de un cuerpo por unidad de tiempo. Si la velocidad cambia con rapidez
se tiene una aceleración mayor; en cambio, si cambia lentamente, la
aceleración es menor. La velocidad se calcula dividiendo la diferencia
entre la velocidad final <cursiva>v<subindice>f</subindice></cursiva
> y la velocidad inicial <cursiva>v<subindice>0</subindice></cursiva
>, por el tiempo <cursiva>t</cursiva>. Se mide en metros por segundo
al cuadrado (m/s<superindice>2</superindice>) y se expresa con la
fórmula:</p>
<formula alineacion="centrada" src="CN_06_11_CO_formula04.gif">
</formula>
<destacado><destacadoTitulo>¡Atención!</destacadoTitulo><destacadoTexto>
<p>Fíjate que la aceleración puede tener <negrita>signo positivo</negrita
> o <negrita>signo negativo</negrita>. Una aceleración positiva significa
que la velocidad aumenta a lo largo del movimiento (movimiento uniformemente
acelerado, MUA). Por el contrario, si es negativa, significa que la
velocidad disminuye (movimiento uniformemente retardado, MUR).  Por
otra parte, si la aceleración es cero, indica que la velocidad es
constante (movimiento uniforme, MU).</p>
</destacadoTexto></destacado>
<p>En el siguiente enlace observarás la variación del valor de la
velocidad a través del tiempo en algunos autos de carreras. [<enlace
destino="https://www.youtube.com/watch?v=ixTHdWLIzCY">VER</enlace
>] </p>
<p>Por ejemplo, si un móvil viaja a una velocidad <cursiva>v<subindice
>0</subindice></cursiva> de 30 m/s y al cabo de 5 segundos su velocidad <cursiva
>v<subindice>f</subindice></cursiva> se reduce a 10 m/s, la aceleración
será negativa, tal como resulta de aplicar la fórmula:</p>
<formula alineacion="centrada" src="CN_06_11_CO_formula05.gif">
</formula>
<p>Con esta fórmula puede calcularse también el tiempo que tarda un
móvil en pasar de una velocidad a otra conociendo la aceleración y
las velocidades inicial y final. En general, se puede calcular cualquiera
de las cuatro variables si se conocen las otras tres.</p>
<practica>
<enlace
destino="/LoIdRedirect.aspx?LoId=CN_06_11_CO_Recurso100&amp;IdRecurso=RES-5A8E29C0CCF7412E99DDC2402978EB28"
>Define la aceleración</enlace>
<enlace
destino="/LoIdRedirect.aspx?LoId=CN_06_11_CO_Recurso110&amp;IdRecurso=RES-54974E97BC294378B3A3A4E633942A29"
>Realiza cálculos con la aceleración</enlace>
</practica></seccion2Texto></seccion2><seccion2
id="S2_CN_06_11_CO_DD33970E1605479CB7D69824848E1939">
<seccion2Titulo>Consolidación </seccion2Titulo>
<seccion2Texto>
<p>Actividades para consolidar lo que has aprendido en esta sección.</p>
<practica>
<enlace
destino="/LoIdRedirect.aspx?LoId=CN_06_11_CO_Recurso120&amp;IdRecurso=RES-8E3B1BBD4EF849BB88FF2199E52F27B4"
>Refuerza tu aprendizaje: La velocidad</enlace>
</practica></seccion2Texto></seccion2></seccion1Texto></seccion1>
<seccion1 id="S1_CN_06_11_CO_534FAB65BC5B472AA9286B985CA1907A">
<seccion1Titulo>Los tipos de movimiento</seccion1Titulo>
<seccion1Texto>
<p>Para esta sección, los tipos de movimiento se clasifican teniendo
en cuenta el comportamiento de la velocidad.</p>
<practica>
<enlace
destino="/LoIdRedirect.aspx?LoId=CN_06_11_CO_Recurso140&amp;IdRecurso=RES-D68BC90C52B14D9785F468F088687BDD"
>Los tipos de movimiento según su velocidad</enlace>
</practica><seccion2
id="S2_CN_06_11_CO_8445CF2020B64E1283282459EEA214AE">
<seccion2Titulo>El movimiento uniforme</seccion2Titulo>
<seccion2Texto>
<p>Cuando un móvil u objeto que se encuentra en movimiento, se desplaza
en una trayectoria recta y con <negrita>velocidad constante</negrita
>, está realizando un <negrita>movimiento uniforme (MU)</negrita>,
es decir, no presenta ningún cambio en su velocidad durante todo el
trayecto.</p>
<p>El espacio recorrido se expresa mediante la siguiente fórmula,
donde la distancia final <cursiva>x</cursiva> es igual al producto
de la velocidad multiplicada por el tiempo <cursiva>t</cursiva>. </p>
<p>x = v ∙ t</p>
<destacado><destacadoTitulo>La velocidad en el movimiento uniforme</destacadoTitulo>
<destacadoTexto>
<p>La velocidad es el espacio recorrido por el móvil en la unidad
de tiempo. En un movimiento uniforme, esta velocidad será la misma
durante todo el recorrido del móvil. Por tanto, puedes concluir que
el móvil <negrita>no está acelerado</negrita>.</p>
</destacadoTexto></destacado>
<p>Por ejemplo, un ciclista se desplaza por una carretera recta y
mantiene su velocidad constante en 4 m/s. Si queremos saber los metros
que ha recorrido en 60 s, podemos aplicar la fórmula y tendremos el
resultado:</p>
<p>x = 4 m/s ∙ 60 s</p>
<p>x = 240 m</p>
<p>Con esta fórmula se calcula la posición final, el valor de la velocidad
o el tiempo durante el recorrido, cuando se tengan los datos suficientes
para hacerlo.</p>
<p>Por ejemplo, Si un motociclista recorre 2 520 m en 3 minutos a
una velocidad constante, ¿se podría saber con qué velocidad viaja
el motociclista?, lo podemos solucionar de esta manera:</p>
<listaNumerada>
<listaElemento>Es necesario que conviertas los 3 minutos a segundos <formula
alineacion="centrada" src="CN_06_11_CO_formula09.gif"></formula></listaElemento>
<listaElemento>Ya que tienes todos los valores en el mismo sistema
de unidades, puedes hallar el valor de la velocidad del motociclista:<formula
alineacion="centrada" src="CN_06_11_CO_formula10.gif"></formula><formula
alineacion="centrada" src="CN_06_11_CO_formula11.gif"></formula></listaElemento>
<listaElemento>Si realizamos la operación, el motociclista viaja con
un valor de velocidad de 14 m/s</listaElemento>
</listaNumerada>
<recuerda><recuerdaTexto>
<p>Debes usar siempre las mismas unidades de medida. En el SI la distancia
se mide en metros (m) y el valor de la velocidad en metros por segundo
(m/s).</p>
</recuerdaTexto></recuerda><practica>
<enlace
destino="/LoIdRedirect.aspx?LoId=CN_06_11_CO_Recurso150&amp;IdRecurso=RES-874DD9285F064DF882E19ADD85DF451F"
>El movimiento uniforme</enlace>
</practica></seccion2Texto></seccion2><seccion2
id="S2_CN_06_11_CO_79F21ED784DE4DFA92BB28C74AD9F3F0">
<seccion2Titulo>El movimiento uniformemente variado</seccion2Titulo>
<seccion2Texto>
<p>Un móvil que se desplaza sobre su trayectoria variando constantemente
el valor de su velocidad, ya sea positiva o negativamente, durante
todo el trayecto, está realizando un <negrita>movimiento uniformemente
variado</negrita>.</p>
<p>Por ejemplo, cuando un avión va a iniciar su recorrido en la pista,
para emprender el vuelo tiene una velocidad inicial igual a cero (<cursiva
>v<subindice>0</subindice></cursiva>=0) y comienza a aumentarla hasta
alcanzar la velocidad de vuelo, que en este caso será la velocidad
final <cursiva>v<subindice>f</subindice></cursiva>. Ese aumento de
velocidad se debe a que se le imprimió una aceleración positiva, porque
se realiza en el mismo sentido de la velocidad. Este movimiento recibe
el nombre de <negrita>movimiento uniformemente acelerado (MUA)</negrita
>. En el siguiente enlace puedes observar el decolaje y aterrizaje
de un avión. [<enlace
destino="https://www.youtube.com/watch?v=9xCYh_ZHxVc">VER</enlace
>]</p>
<p>Por otra parte, cuando el avión se dispone a aterrizar, al tocar
la pista lleva una gran velocidad (v<subindice>0</subindice>), la
cual disminuye paulatinamente debido a la acción de una aceleración
negativa (frenado), que va en sentido contrario a la velocidad hasta
alcanzar una velocidad final igual a cero (<cursiva>v<subindice>f</subindice
></cursiva>=0). Este movimiento recibe el nombre de <negrita>movimiento
uniformemente retardado (MUR)</negrita>. </p>
<recuerda><recuerdaTexto>
<p>El <negrita>movimiento uniformemente acelerado (MUA)</negrita> se
presenta cuando la aceleración es positiva, es decir, va en el mismo
sentido de la velocidad. El <negrita>movimiento uniformemente retardado
(MUR)</negrita> se presenta cuando la aceleración es negativa, es
decir, que la aceleración va en sentido contrario a la velocidad.
Tanto el <negrita>MUA</negrita> como el <negrita>MUR</negrita> son
movimientos predecibles, es decir que la distancia recorrida y la
velocidad en un momento determinado se pueden calcular mediante la
aplicación de fórmulas.</p>
</recuerdaTexto></recuerda>
<p>En la siguiente tabla encontrarás la velocidad que tiene un cuerpo,
con movimiento uniformemente variado, en distintos tiempos:</p>
<table border="1"><caption>Tabla de velocidad contra tiempo</caption>
<colgroup align="center"><col/><col/><col/><col/><col/><col/><col/><col/>
<col/><col/></colgroup>
<tbody>
<tr>
<td>t (s)</td>
<td>0</td>
<td>1</td>
<td>2</td>
<td>3</td>
<td>4</td>
<td>5</td>
<td>6</td>
<td>7</td>
<td>8</td>
</tr>
<tr>
<td>v (m/s)</td>
<td>0</td>
<td>3</td>
<td>6</td>
<td>9</td>
<td>12</td>
<td>15</td>
<td>18</td>
<td>21</td>
<td>24</td>
</tr>
</tbody>
</table>
<p>En este movimiento se observa que el valor de la velocidad se incrementa
de manera constante en 3 m/s, cada segundo. Esto significa que su
aceleración es constante y su valor es 3 m/s<superindice>2</superindice
></p>
</seccion2Texto></seccion2><seccion2
id="S2_CN_06_11_CO_79F21ED784DE4DFA92BB28C74AE1F3G0">
<seccion2Titulo>Representación de una gráfica de movimiento </seccion2Titulo>
<seccion2Texto>
<p>Para describir un movimiento se utiliza la representación <negrita
>gráfica</negrita>, que sirve para sacar conclusiones e identificar
el tipo de movimiento que se está estudiando. Por ejemplo, se pueden
medir las posiciones del móvil en distintos momentos y construir una
gráfica de distancia (x) contra tiempo (t). Si se mide la velocidad
de un móvil en distintos momentos, se puede construir una gráfica
de velocidad (v) contra tiempo (t), que permitirá determinar las características
del movimiento.</p>
<destacado><destacadoTitulo>¿Qué es una gráfica?</destacadoTitulo>
<destacadoTexto>
<p>Una gráfica es una ilustración en la que se representa un conjunto
de datos, generalmente numéricos, mediante líneas o puntos. Sirve
para ver la relación que esos datos guardan entre sí y poder interpretarlos.</p>
</destacadoTexto></destacado><seccion3
id="S3_CN_06_11_CO_BE64D8D6EC314750B3614D8G4B423466">
<seccion3Titulo>La gráfica distancia-tiempo</seccion3Titulo>
<seccion3Texto>
<p>En la gráfica distancia-tiempo (o distancia contra tiempo) se representa
la distancia recorrida por un móvil en función del tiempo. Las medidas
de tiempo se representan en <negrita>segundos</negrita> sobre el eje <negrita
>horizontal</negrita> (abscisas) y el espacio se representa en <negrita
>metros</negrita> sobre el eje <negrita>vertical</negrita> (ordenadas).</p>
<p>En la siguiente tabla se muestran las posiciones de un móvil en
distintos tiempos, a partir de los cuales se construye la gráfica
distancia contra tiempo.</p>
<table border="1"><caption>Tabla distancia contra tiempo</caption>
<colgroup align="center"><col align="left"/><col/><col/><col/><col/>
<col/></colgroup>
<tbody>
<tr>
<td>t (s)</td>
<td>0</td>
<td>10</td>
<td>20</td>
<td>40</td>
<td>60</td>
</tr>
<tr>
<td>x (m)</td>
<td>0</td>
<td>10</td>
<td>10</td>
<td>25</td>
<td>10</td>
</tr>
</tbody>
</table>
<destacado><destacadoTitulo>Las posiciones de un móvil</destacadoTitulo>
<destacadoTexto>
<p>Esta tabla permite organizar los valores tomados de las posiciones
de un móvil con relación al tiempo de medida, permitiendo comprender
mejor la toma de datos.</p>
</destacadoTexto></destacado>
<imagen src="CN_06_11_CO_img_11_small.jpg">
<p>Al eje horizontal, donde se representa la escala del tiempo, se
le llama abscisa, y al eje vertical, donde se representa la distancia
o el espacio recorrido por el móvil, se le llama ordenada.</p>
</imagen>
<p>La gráfica <negrita>distancia-tiempo</negrita> permite deducir
si un móvil avanza, está en reposo o retrocede en un intervalo de
tiempo determinado, además de saber el tiempo que tarda en recorrer
una cierta distancia. </p>
<p>Si la pendiente (inclinación) es ascendente, significa que el móvil <negrita
>avanza</negrita>. Si la línea es paralela al eje horizontal, quiere
decir que a lo largo de ese periodo de tiempo el móvil <negrita>está
detenido</negrita>. Si la pendiente es decreciente, significa que
el móvil <negrita>retrocede</negrita>, ya que la distancia respecto
al punto de origen disminuye.</p>
<imagen src="CN_06_11_CO_img_12_small.jpg">
<p>Observa la gráfica <negrita>distancia-tiempo</negrita>: en el primer
tramo (entre 0 y 10 s) el automóvil avanza 10 m. En el segundo tramo
(entre 10 y 20 s), se encuentra en reposo. Luego vuelve a avanzar
15 m y en el último tramo retrocede otros 15 m.</p>
</imagen>
<profundiza>
<enlace
destino="/LoIdRedirect.aspx?LoId=CN_06_11_CO_Recurso160&amp;IdRecurso=RES-E1F78136732F45F18DF7F9F1AD874FB0"
>La gráfica de movimiento distancia-tiempo</enlace>
</profundiza><practica>
<enlace
destino="/LoIdRedirect.aspx?LoId=CN_06_11_CO_Recurso170&amp;IdRecurso=RES-3850D62CC15246B89E48B856730F443A"
>Realiza cálculos sobre distancia-tiempo</enlace>
</practica></seccion3Texto></seccion3><seccion3
id="S3_CN_06_11_CO_BE64D8D6EC314750B3614E9F4B423477">
<seccion3Titulo>La gráfica velocidad-tiempo</seccion3Titulo>
<seccion3Texto>
<p>La gráfica velocidad-tiempo (o velocidad contra tiempo) representa
la velocidad en función del tiempo y muestra los cambios de velocidad
a lo largo del recorrido. El tiempo se representa en segundos sobre
el eje horizontal (abscisas) y la velocidad se representa en metros
por segundo (m/s) sobre el eje vertical (ordenadas). Las unidades
utilizadas son las del SI pero en algunos casos se pueden usar otras
como km/h.</p>
<p>Un ejemplo para construir la gráfica velocidad-tiempo es medir
la velocidad de un móvil en distintos momentos. Con los datos obtenidos
se puede construir la gráfica mencionada, la cual nos permite sacar
una serie de conclusiones acerca de su movimiento.</p>
<p>Para ello se toman distintas medidas de la velocidad (con un velocímetro)
en distintos momentos (con un cronómetro) y se ordenan en una tabla.
Por ejemplo, así:</p>
<table border="1"><caption>Tabla velocidad contra tiempo</caption>
<colgroup><col/><col align="center"/><col align="center"/><col
align="center"/><col align="center"/><col align="center"/><col
align="center"/><col align="center"/><col align="center"/></colgroup>
<tbody>
<tr>
<td>t (s)</td>
<td>0</td>
<td>1</td>
<td>2</td>
<td>3</td>
<td>4</td>
<td>5</td>
<td>6</td>
<td>7</td>
</tr>
<tr>
<td>v (m/s)</td>
<td>0</td>
<td>2</td>
<td>4</td>
<td>4</td>
<td>4</td>
<td>8</td>
<td>10</td>
<td>12</td>
</tr>
</tbody>
</table>
<p>El tiempo se expresa en segundos (s), que es la unidad de medida
de tiempo del SI, y a continuación la velocidad se mide en metros
por segundo (m/s).</p>
<p>En el eje de las <negrita>abscisas</negrita> (horizontal), se ubican
los valores del tiempo siguiendo unos intervalos determinados, por
ejemplo, de un segundo o de cinco en cinco. El eje de las <negrita
>ordenadas</negrita> (vertical) también se divide en intervalos determinados,
por ejemplo, de 2 m/s, y se marcan los valores de la velocidad correspondientes
a los instantes medidos. Luego se representan los datos en la gráfica
ubicando todos los puntos. Al final se unen estos puntos mediante
una línea.</p>
<imagen src="CN_06_11_CO_img_13_small.jpg">
<p>Observa la gráfica <negrita>velocidad-tiempo</negrita> que muestra
las variaciones en la velocidad de un móvil en el tiempo. </p>
</imagen>
<p>De la gráfica se puede deducir que la velocidad del móvil aumentó
durante los primeros dos segundos, luego esta velocidad se mantuvo
constante (4 m/s) durante otros dos segundos y, posteriormente, volvió
a aumentar.</p>
<p>En la siguiente aplicación se definen los valores de velocidad
inicial, espacio inicial y aceleración para ver las gráficas de espacio-tiempo
y de velocidad-tiempo que se construyen a medida que avanza el automóvil.
[<enlace destino="http://www.walter-fendt.de/ph14s/acceleration_s.htm"
>VER</enlace>]</p>
<profundiza>
<enlace
destino="/LoIdRedirect.aspx?LoId=CN_06_11_CO_Recurso180&amp;IdRecurso=RES-B53CF402B9844B52BD81A398910BCE04"
>Cómo se construye una gráfica velocidad-tiempo</enlace>
</profundiza><practica>
<enlace
destino="/LoIdRedirect.aspx?LoId=CN_06_11_CO_Recurso200&amp;IdRecurso=RES-8E4E3DAB27D347D7AB4AA80DD5E84BAF"
>Realiza cálculos sobre velocidad-tiempo</enlace>
</practica></seccion3Texto></seccion3></seccion2Texto></seccion2>
<seccion2 id="S2_CN_06_11_CO_DD33970E1605479CB7D69935848E1839">
<seccion2Titulo>Consolidación </seccion2Titulo>
<seccion2Texto>
<p>Actividades para consolidar lo que has aprendido en esta sección.</p>
<practica>
<enlace
destino="/LoIdRedirect.aspx?LoId=CN_06_11_CO_Recurso190&amp;IdRecurso=RES-C03AB7FDE3D84560AA72488FFC2B8AE8"
>Refuerza tu aprendizaje: La gráfica velocidad-tiempo</enlace>
</practica></seccion2Texto></seccion2></seccion1Texto></seccion1>
<seccion1 id="S1_CN_06_11_CO_F3D575F548B244F2A89AF8C175859046">
<seccion1Titulo>La causa del movimiento: fuerzas</seccion1Titulo>
<seccion1Texto>
<p>Se llama <negrita>fuerza</negrita> a toda acción capaz de producir
un movimiento, de modificarlo o de deformar el cuerpo sobre el cual
se aplica. Existen dos tipos: fuerzas de contacto y fuerzas que se
ejercen a distancia.  </p>
<p>Dentro de las <negrita>fuerzas de contacto</negrita> se puede citar,
como ejemplo, la fuerza que se ejerce sobre un automóvil cuando este
es empujado o cuando es halado con una cuerda. Las fuerzas de rozamiento
también son fuerzas de contacto. Dentro de las <negrita>fuerzas</negrita
> que se ejercen <negrita>a distancia</negrita> se pueden citar las
fuerzas de repulsión o atracción que ejercen los imanes, la fuerza
de gravedad y la fuerza electromotriz.  </p>
<p>A continuación se analizan el <negrita>rozamiento</negrita>, como
ejemplo de una fuerza de contacto, y la fuerza gravitacional, como
ejemplo de aquellas que se ejercen a distancia.</p>
<seccion2 id="S2_CN_06_11_CO_948F2559AC6043D29CC7347EB58330A3">
<seccion2Titulo>La fuerza de rozamiento</seccion2Titulo>
<seccion2Texto>
<p>La <negrita>fricción</negrita> o <negrita>rozamiento</negrita> es
una fuerza que aparece cuando un cuerpo se mueve, y siempre se opone
al movimiento. Es debida al roce con el suelo o con otra superficie
con la que está en contacto el objeto que se mueve. También existe
rozamiento cuando las partículas de aire o de agua se oponen a los
movimientos de los cuerpos que fluyen a través de ellos.  </p>
<p>Por ejemplo, si un deportista se desplaza en una patineta y no
vuelve a impulsarse una vez alcanza una determinada velocidad, la
patineta (con el deportista) terminará deteniéndose debido a la fricción
que existe entre las ruedas de la patineta y la superficie del suelo
sobre la cual se desliza.  </p>
<p>Cuanto más <negrita>rugosa</negrita> es una superficie, mayor es
el rozamiento. De hecho, el hombre puede caminar gracias al rozamiento.
Es más fácil caminar por la acera o por un camino de tierra que sobre
una superficie <negrita>lisa</negrita>, como una pista de hielo. ¿Por
qué? Porque gracias a la fuerza de rozamiento la suela del zapato
se “adhiere” al suelo y permite que el caminante se mantenga mientras
levanta el otro pie para dar un paso.</p>
<imagen src="CN_06_11_CO_img_14_small.jpg">
<p>La superficie de la pista de hielo es muy lisa, aun así existe <negrita
>fricción</negrita> entre el hielo y la cuchilla de la bota. Para
adquirir velocidad, el patinador debe impulsarse de forma periódica
y así vencer el <negrita>rozamiento</negrita> que se opone a su avance.</p>
</imagen>
<p>También existe rozamiento incluso cuando no hay movimiento, por
ejemplo, si se necesita empujar un armario muy grande y se hace una
fuerza pequeña, el armario no se moverá. Esto es debido a la fuerza
de rozamiento que se opone al movimiento. Si se empuja haciendo una
fuerza mayor, llegará un momento en que se supere esta fuerza y el
armario se moverá. Una vez que empieza a moverse, es más fácil continuar
con ese movimiento. Observa el video en el que se habla de fuerza
de fricción [<enlace
destino="http://www.youtube.com/watch?v=MVnnqSrxWyE">VER</enlace>]. </p>
<imagen src="CN_06_11_CO_img_15_small.jpg">
<p>Representación de las fuerzas que actúan sobre un automóvil en
movimiento. El automóvil se mueve gracias a la fuerza del motor transmitida
a las ruedas (F). La <negrita>fuerza de rozamiento</negrita> (Fe)
se opone al movimiento del automóvil.</p>
</imagen>
<profundiza>
<enlace
destino="/LoIdRedirect.aspx?LoId=CN_06_11_CO_Recurso220&amp;IdRecurso=RES-84E4670E9A2240C7B2BFB90EA1837D3E"
>El rozamiento</enlace>
</profundiza><practica>
<enlace
destino="/LoIdRedirect.aspx?LoId=CN_06_11_CO_Recurso330&amp;IdRecurso=RES-B72CF3192E3446D5B766C8622D837A7F"
>La fuerza en contra del movimiento</enlace>
</practica></seccion2Texto></seccion2><seccion2
id="S2_CN_06_11_CO_B3B067432C29473DB3FD6F4EC9CA53B5">
<seccion2Titulo>La fuerza de gravedad</seccion2Titulo>
<seccion2Texto>
<p>Si se lanza una pelota al aire a una determinada velocidad, llegará
un momento en que la pelota se detenga en el aire debido a que la
fuerza de gravedad anula la fuerza que la impulsa hacia arriba: la
pelota, entonces, empieza a caer porque es atraída hacia el suelo
por la fuerza de la gravedad.  </p>
<p>La <negrita>gravedad</negrita> es la fuerza con que la Tierra (u
otro cuerpo celeste) <negrita>atrae</negrita> a otros cuerpos. En
el caso de la pelota, esta baja hacia el suelo debido a la gravedad
que ejerce la Tierra sobre todos los seres vivos y objetos que hay
en su superficie.  </p>
<p>La historia cuenta que el científico inglés Isaac Newton formuló
la teoría de la <negrita>gravedad</negrita> después de observar la
caída de una manzana de un árbol. Newton pensó que la manzana era
atraída por la masa de la Tierra.</p>
<imagen src="CN_06_11_CO_img_16_small.jpg">
<p>Las manzanas caen del árbol debido a la <negrita>fuerza de gravedad</negrita
>, que es la fuerza con la que la <negrita>Tierra</negrita> atrae
a los cuerpos que están sobre ella o cerca de ella.</p>
</imagen>
<p>La fuerza de gravedad de la Tierra hace que la Luna gire a su alrededor.
Debido a la fuerza de gravedad del Sol, la Tierra y los demás planetas
orbitan en torno a él.  </p>
<p>En la Luna, la fuerza de la gravedad es mucho menor que en la Tierra,
por eso los astronautas se desplazan por el suelo lunar utilizando
pesados trajes que en la Tierra casi no les permitirían moverse. </p>
<p>La fuerza de gravedad afecta el movimiento y la velocidad de los
cuerpos: frena los objetos que se lanzan hacia arriba, haciendo que
lleguen hasta una cierta altura y luego caigan hacia el suelo.   </p>
<p>En el siguiente enlace encontrarás más información sobre la gravedad
y la importancia del estudio de este tema para el mundo científico
[<enlace destino="http://spaceplace.nasa.gov/what-is-gravity/sp/"
>VER</enlace>].</p>
<profundiza>
<enlace
destino="/LoIdRedirect.aspx?LoId=CN_06_11_CO_Recurso320&amp;IdRecurso=RES-A917E7AD862843A7A2EEA6FBDA72687B"
>La fuerza de la gravedad</enlace>
</profundiza></seccion2Texto></seccion2><seccion2
id="S2_CN_06_11_CO_DD33970E1605480DC7D69935848E1841">
<seccion2Titulo>Consolidación </seccion2Titulo>
<seccion2Texto>
<p>Actividades para consolidar lo que has aprendido en esta sección.</p>
<practica>
<enlace
destino="/LoIdRedirect.aspx?LoId=CN_06_11_CO_Recurso240&amp;IdRecurso=RES-F76345B85F3D49F5A2CBF3FB1F998F2F"
>Refuerza tu aprendizaje: Las fuerzas de rozamiento y de gravedad</enlace>
</practica></seccion2Texto></seccion2></seccion1Texto></seccion1>
<seccion1 id="S1_CN_06_11_CO_B472DAC02F3E44468046972A8110FF82">
<seccion1Titulo>Competencias</seccion1Titulo>
<seccion1Texto>
<p>Pon a prueba tus capacidades y aplica lo aprendido con estos recursos. </p>
<practica>
<enlace
destino="/LoIdRedirect.aspx?LoId=CN_06_11_CO_Recurso250&amp;IdRecurso=RES-64C2D022A44443C4B898103910B6797A"
>Competencias: observación de la fuerza de rozamiento</enlace>
<enlace
destino="/LoIdRedirect.aspx?LoId=CN_06_11_CO_Recurso260&amp;IdRecurso=RES-9AEF87C66D0B41FDB461F0601992D045"
>Competencias: cálculo de la velocidad de un móvil</enlace>
<enlace
destino="/LoIdRedirect.aspx?LoId=CN_06_11_CO_Recurso270&amp;IdRecurso=RES-6BBCA3B07E394BE293C1A84D6E5FE3F6"
>Competencias: análisis de los diferentes tipos de movimiento</enlace>
<enlace
destino="/LoIdRedirect.aspx?LoId=CN_06_11_CO_Recurso280&amp;IdRecurso=RES-2158646DCB21420A8263F53638569596"
>Competencias: comprensión de la actuación de la gravedad</enlace><?Pub
Caret 14?>
</practica></seccion1Texto></seccion1><masinformacion
id="MI_CN_06_11_CO_081F9EBA6B32497E9759E8E3C8294816"><mapaconceptual>
<enlace
destino="/LoIdRedirect.aspx?LoId=CN_06_11_CO_Recurso300&amp;IdRecurso=RES-AC67BE509E354E38946DE4AD7927210F"
>Mapa Conceptual</enlace></mapaconceptual><autoevaluate><enlace
destino="/LoIdRedirect.aspx?LoId=CN_06_11_CO_Recurso310&amp;IdRecurso=RES-B7D976BC179249E0BDC64D5319FD24E9"
>Evaluación</enlace></autoevaluate><enlacesreferencia>
<enlace destino="http://conteni2.educarex.es/mats/14346/contenido/"
>Laboratorio Virtual de Cinemática</enlace>
<enlace destino="https://www.youtube.com/watch?v=oorQeURuafw">Video
sobre la fuerza de gravedad</enlace>
<enlace destino="https://www.youtube.com/watch?v=4p2dEMOLAf8URL">Video
sobre fuerza de rozamiento</enlace>
</enlacesreferencia></masinformacion></libro>
