﻿<?xml version="1.0" encoding="UTF-8"?><XMLDatos aprid="F"><titulo>La gráfica de movimiento distancia-tiempo</titulo><distancia>distancia (m)</distancia><tiempo>tiempo (s)</tiempo><patras>Retrocede</patras><palante>Avanza</palante><quieto>Reposa</quieto><elegir>Selecciona el automóvil que reposa, avanza o retrocede según 
el tramo de la gráfica</elegir><incorrecto><![CDATA[Respuesta incorrecta.
<br/><br/>
El automóvil no se encuentra así en este tramo. Vuelve a observar la gráfica y fíjate en la pendiente.]]></incorrecto><correcto>Respuesta Correcta.</correcto><btnpractica><![CDATA[PRACTICA]]></btnpractica><btnsolucion><![CDATA[SOLUCIÓN]]></btnsolucion></XMLDatos>