﻿<?xml version="1.0" encoding="utf-8"?><motor tipo="2" clase="c" aprid="m2c">
  <plataforma>
    <grado><![CDATA[1]]></grado>
    <titulo>El movimiento y el sistema de referencia</titulo>
    <area>0</area>
    <nivel>1</nivel>
    <referencia/>
    <idreg><![CDATA[0]]></idreg>
    <motor><![CDATA[M2C]]></motor>
    <lang>es</lang>
  </plataforma>
  <enunciado><![CDATA[Completa la siguiente definición]]></enunciado>
  <masinfo inicio="0"><![CDATA[Escoge la palabra correcta para completar la definición.]]></masinfo>
  <calc><![CDATA[0]]></calc>
  <sonido/>
  <textoacategoria>
    <cuestion>
      <pregunta><![CDATA[El [*] es el cambio de [*] de un cuerpo en el espacio a través del tiempo.Para que puedas reconocer que un cuerpo cambió de posición, es necesario determinar un [*] que se toma de referencia para [*] su movimiento, este recibe el nombre de [*].Por ejemplo, si [*] desde un andén el movimiento del conductor de un vehículo, puedes determinar que el conductor se [*], en conjunto, con el vehículo. Sin embargo, si eres el copiloto observarías que el conductor se encuentra [*]. Por tanto, existen dos sistemas de referencia: el andén y el otro es el mismo vehículo.  ]]></pregunta>
      <respuestas>
        <respuesta orden="1">
          <opcion correcta="1"><![CDATA[movimiento]]></opcion>
          <opcion correcta="0"><![CDATA[desplazamiento]]></opcion>
          <opcion correcta="0"><![CDATA[móvil]]></opcion>
          <opcion correcta="0"><![CDATA[sistema]]></opcion>
        </respuesta>
        <respuesta orden="2">
          <opcion correcta="1"><![CDATA[posición]]></opcion>
          <opcion correcta="0"><![CDATA[orden]]></opcion>
          <opcion correcta="0"><![CDATA[tiempo]]></opcion>
          <opcion correcta="0"><![CDATA[velocidad]]></opcion>
        </respuesta>
        <respuesta orden="3">
          <opcion correcta="0"><![CDATA[metro]]></opcion>
          <opcion correcta="1"><![CDATA[punto]]></opcion>
          <opcion correcta="0"><![CDATA[reloj]]></opcion>
          <opcion correcta="0"><![CDATA[móvil]]></opcion>
        </respuesta>
        <respuesta orden="4">
          <opcion correcta="0"><![CDATA[encontrar]]></opcion>
          <opcion correcta="0"><![CDATA[desplazar]]></opcion>
          <opcion correcta="1"><![CDATA[medir]]></opcion>
          <opcion correcta="0"><![CDATA[sentir]]></opcion>
        </respuesta>
        <respuesta orden="5">
          <opcion correcta="0"><![CDATA[desplazamiento]]></opcion>
          <opcion correcta="0"><![CDATA[trayectoria]]></opcion>
          <opcion correcta="0"><![CDATA[movimiento]]></opcion>
          <opcion correcta="1"><![CDATA[sistema de referencia]]></opcion>
        </respuesta>
        <respuesta orden="6">
          <opcion correcta="1"><![CDATA[observas]]></opcion>
          <opcion correcta="0"><![CDATA[tienes]]></opcion>
          <opcion correcta="0"><![CDATA[mueves]]></opcion>
          <opcion correcta="0"><![CDATA[quedas]]></opcion>
        </respuesta>
        <respuesta orden="7">
          <opcion correcta="0"><![CDATA[ríe]]></opcion>
          <opcion correcta="1"><![CDATA[mueve]]></opcion>
          <opcion correcta="0"><![CDATA[levanta]]></opcion>
          <opcion correcta="0"><![CDATA[sale]]></opcion>
        </respuesta>
        <respuesta orden="8">
          <opcion correcta="0"><![CDATA[dormido]]></opcion>
          <opcion correcta="0"><![CDATA[triste]]></opcion>
          <opcion correcta="0"><![CDATA[preocupado]]></opcion>
          <opcion correcta="1"><![CDATA[quieto]]></opcion>
        </respuesta>
      </respuestas>
    </cuestion>
  </textoacategoria>
</motor>