﻿<?xml version="1.0" encoding="utf-8"?><motor tipo="1" clase="b" aprid="M1b">
  <plataforma>
    <grado><![CDATA[2]]></grado>
    <titulo>Relaciona las unidades de velocidad más comunes</titulo>
    <volumen><![CDATA[1]]></volumen>
    <nivel><![CDATA[3]]></nivel>
    <referencia><![CDATA[mn_3c_23_03]]></referencia>
    <id_reg><![CDATA[142]]></id_reg>
    <motor><![CDATA[M1b]]></motor>
    <lang>es</lang>
  </plataforma>
  <enunciado><![CDATA[Relaciona cada unidad de medida de velocidad con su definición.]]></enunciado>
  <masinfo inicio="0"/>
  <sinaleatoriedad><![CDATA[0]]></sinaleatoriedad>
  <calc><![CDATA[0]]></calc>
  <textoatexto cantidad="4">
    <cuestion>
      <pregunta><![CDATA[Nudo]]></pregunta>
      <respuesta><![CDATA[Unidad de medida de velocidad utilizada en navegación marítima y aérea. Equivale a 1,852 km/h y 1 milla náutica/h.]]></respuesta>
    </cuestion>
    <cuestion>
      <pregunta><![CDATA[Kilómetro por hora]]></pregunta>
      <respuesta><![CDATA[Unidad de medida de velocidad del Sistema Internacional, muy utilizada para el transporte terrestre.]]></respuesta>
    </cuestion>
    <cuestion>
      <pregunta><![CDATA[Milla por hora]]></pregunta>
      <respuesta><![CDATA[Unidad de medida de velocidad propia del sistema de medida anglosajón. Equivale a 1609 km/h.]]></respuesta>
    </cuestion>
    <cuestion>
      <pregunta><![CDATA[Metro por segundo]]></pregunta>
      <respuesta><![CDATA[Unidad de medida de velocidad del Sistema Internacional. Equivale a 3,6 km/h.]]></respuesta>
    </cuestion>
  </textoatexto>
  <textofalso cantidad="0"/>
</motor>