﻿<?xml version="1.0" encoding="UTF-8"?>
<motor tipo="3" clase="a" aprid="M3a">
  <plataforma>
    <grado><![CDATA[1]]></grado>
    <titulo>Identifica diferentes tipos de células del ser humano</titulo>
    <volumen><![CDATA[1]]></volumen>
    <nivel><![CDATA[2]]></nivel>
    <referencia><![CDATA[mn_3c_11_08]]></referencia>
    <id_reg><![CDATA[95]]></id_reg>
    <motor><![CDATA[M3a]]></motor>
    <lang>es</lang>
  </plataforma>
  <enunciado><![CDATA[Indica el tipo de célula y la forma que se correspondan con cada imagen.]]></enunciado>
  <masinfo inicio="0" />
  <sinaleatoriedad><![CDATA[0]]></sinaleatoriedad>
  <calc><![CDATA[0]]></calc>
  <sonidoaimagen cantidad="6">
    <cuestion>
      <imagen etiqueta="  "><![CDATA[ovulo_116pp.jpg]]></imagen>
      <respuestas>
        <respuesta etiqueta="Óvulo" />
        <respuesta etiqueta="Forma redonda" />
      </respuestas>
    </cuestion>
    <cuestion>
      <imagen etiqueta="  "><![CDATA[testinal_116.jpg]]></imagen>
      <respuestas>
        <respuesta etiqueta="Célula intestinal" />
        <respuesta etiqueta="Forma cúbica" />
      </respuestas>
    </cuestion>
    <cuestion>
      <imagen etiqueta="  "><![CDATA[001di701pp.jpg]]></imagen>
      <respuestas>
        <respuesta etiqueta="Glóbulo rojo" />
        <respuesta etiqueta="Forma bicóncava" />
      </respuestas>
    </cuestion>
    <cuestion>
      <imagen etiqueta="  "><![CDATA[0008tr01pp.jpg]]></imagen>
      <respuestas>
        <respuesta etiqueta="Neurona" />
        <respuesta etiqueta="Forma estrellada" />
      </respuestas>
    </cuestion>
    <cuestion>
      <imagen etiqueta="  "><![CDATA[atozoide_116.jpg]]></imagen>
      <respuestas>
        <respuesta etiqueta="Espermatozoide" />
        <respuesta etiqueta="Cabeza y cola" />
      </respuestas>
    </cuestion>
    <cuestion>
      <imagen etiqueta="  "><![CDATA[scular_116pp.jpg]]></imagen>
      <respuestas>
        <respuesta etiqueta="Célula muscular" />
        <respuesta etiqueta="Alargada o fusiforme" />
      </respuestas>
    </cuestion>
  </sonidoaimagen>
  <temps>10</temps>
</motor>