﻿<?xml version="1.0" encoding="UTF-8"?><motor tipo="5" clase="b" aprid="M5b"><enunciado><![CDATA[Visualiza la animación con atención y contesta a las siguientes preguntas acerca de los enlaces químicos.]]></enunciado><masinfo inicio="0" /><sinaleatoriedad><![CDATA[0]]></sinaleatoriedad><calc><![CDATA[0]]></calc><respuestaunica><![CDATA[0]]></respuestaunica><test cantidad="10"><cuestion><enunciado><![CDATA[¿Qué determina la formación de enlaces entre átomos?]]></enunciado><explicacion /><video>AN001058_LO.mp4</video><salto /><respuestas><respuesta contestacion="La distribución electrónica." correcta="1" /><respuesta contestacion="El número atómico." correcta="0" /><respuesta contestacion="El número másico." correcta="0" /></respuestas></cuestion><cuestion><enunciado><![CDATA[¿Qué tipo de enlace se produce entre un elemento metálico y uno no metálico?]]></enunciado><explicacion /><video>AN001058_LO.mp4</video><salto /><respuestas><respuesta contestacion="Un enlace iónico." correcta="1" /><respuesta contestacion="Un enlace metálico." correcta="0" /><respuesta contestacion="Un enlace covalente." correcta="0" /></respuestas></cuestion><cuestion><enunciado><![CDATA[¿Qué tipo de elemento atrae con más fuerza a los electrones?]]></enunciado><explicacion /><video>AN001058_LO.mp4</video><salto /><respuestas><respuesta contestacion="Un no metal." correcta="1" /><respuesta contestacion="Un metal." correcta="0" /></respuestas></cuestion><cuestion><enunciado><![CDATA[¿En qué tipo de ión se convierte un elemento metálico para formar un enlace iónico?]]></enunciado><explicacion /><video>AN001058_LO.mp4</video><salto /><respuestas><respuesta contestacion="En un catión." correcta="1" /><respuesta contestacion="En un anión." correcta="0" /></respuestas></cuestion><cuestion><enunciado><![CDATA[¿Qué tipo de enlace da lugar a estructuras cristalinas formadas por iones?]]></enunciado><explicacion /><video>AN001058_LO.mp4</video><salto /><respuestas><respuesta contestacion="El enlace iónico." correcta="1" /><respuesta contestacion="El enlace covalente." correcta="0" /><respuesta contestacion="El enlace metálico." correcta="0" /></respuestas></cuestion><cuestion><enunciado><![CDATA[¿Qué tipo de enlace se produce entre elementos no metálicos? ]]></enunciado><explicacion /><video>AN001058_LO.mp4</video><salto /><respuestas><respuesta contestacion="Un enlace metálico." correcta="0" /><respuesta contestacion="Un enlace covalente." correcta="1" /><respuesta contestacion="Un enlace iónico." correcta="0" /></respuestas></cuestion><cuestion><enunciado><![CDATA[¿Qué tipo de enlace se caracteriza por compartir pares de electrones?]]></enunciado><explicacion /><video>AN001058_LO.mp4</video><salto /><respuestas><respuesta contestacion="El enlace covalente." correcta="1" /><respuesta contestacion="El enlace iónico." correcta="0" /><respuesta contestacion="El enlace metálico." correcta="0" /><respuesta contestacion="Cualquier tipo de enlace." correcta="0" /></respuestas></cuestion><cuestion><enunciado><![CDATA[¿Qué tipo de enlace une el oxígeno a los hidrógenos en una molécula de agua?]]></enunciado><explicacion /><video>AN001058_LO.mp4</video><salto /><respuestas><respuesta contestacion="El covalente polar." correcta="1" /><respuesta contestacion="El iónico." correcta="0" /><respuesta contestacion="El covalente apolar." correcta="0" /><respuesta contestacion="El metálico." correcta="0" /></respuestas></cuestion><cuestion><enunciado><![CDATA[¿Qué enlace se caracteriza por tener una nube electrónica que envuelve los cationes?]]></enunciado><explicacion /><video>AN001058_LO.mp4</video><salto /><respuestas><respuesta contestacion="El enlace metálico." correcta="1" /><respuesta contestacion="El enlace iónico." correcta="0" /><respuesta contestacion="El enlace covalente polar." correcta="0" /><respuesta contestacion="El enlace covalente apolar." correcta="0" /></respuestas></cuestion><cuestion><enunciado><![CDATA[¿Qué tipo de enlace une a los átomos de sodio y de cloro para formar la sal?]]></enunciado><explicacion /><video>AN001058_LO.mp4</video><salto /><respuestas><respuesta contestacion="Un enlace iónico." correcta="1" /><respuesta contestacion="Un enlace covalente polar." correcta="0" /><respuesta contestacion="Un enlace metálico." correcta="0" /><respuesta contestacion="Un enlace covalente apolar." correcta="0" /></respuestas></cuestion></test><plataforma><grado><![CDATA[2]]></grado><titulo>Aprende sobre los enlaces químicos</titulo><area>6</area><nivel><![CDATA[3]]></nivel><referencia><![CDATA[FQ_09_03_06]]></referencia><idreg><![CDATA[162]]></idreg><motor><![CDATA[M5B]]></motor><lang>es</lang></plataforma></motor>