﻿<?xml version="1.0" encoding="UTF-8"?><!--Arbortext, Inc., 1988-2013, v.4002--><motor tipo="101" clase="a" aprid="M101a"><plataforma><grado><![CDATA[2]]></grado><titulo>Refuerza tu aprendizaje: ¿Qué es un elemento químico? </titulo><area>6</area><nivel>2</nivel><referencia><![CDATA[FQ_09_03]]></referencia><idreg><![CDATA[3485]]></idreg><motor><![CDATA[M101A]]></motor><lang>es</lang></plataforma><enunciado><![CDATA[Realiza la siguiente actividad. Cuando termines haz clic en Enviar. Si es necesario, entrega las respuestas en mano o por email a tu profesor para que pueda validarlas.]]></enunciado><masinfo inicio="0" /><calc><![CDATA[0]]></calc><preguntas cantidad="4"><pregunta><enunciado><![CDATA[Los elementos químicos que se encuentran en los seres vivos reciben el nombre de bioelementos. Elabora una lista de los bioelementos secundarios indispensables para los seres vivos e indica en qué alimentos se encuentran.]]></enunciado><explicacion /><nivel><![CDATA[1]]></nivel><tipo /><imagen /><ampliacion /></pregunta><pregunta><enunciado><![CDATA[Además del hidrógeno y el carbono, existen muchos otros elementos que presentan isótopos en la naturaleza. Menciona tres ejemplos.]]></enunciado><explicacion /><nivel><![CDATA[1]]></nivel><tipo /><imagen /><ampliacion /></pregunta><pregunta><enunciado><![CDATA[Explica las características principales de los dos procedimientos mediante los cuales se puede obtener energía nuclear.]]></enunciado><explicacion /><nivel><![CDATA[2]]></nivel><tipo /><imagen /><ampliacion /></pregunta><pregunta><enunciado><![CDATA[El oxígeno y el ozono son dos variedades alotrópicas del oxígeno. Cita dos ejemplos más de alótropos e indica el uso que presenta cada uno de ellos. ]]></enunciado><explicacion /><nivel><![CDATA[1]]></nivel><tipo /><imagen /><ampliacion /></pregunta></preguntas></motor>