﻿<?xml version="1.0" encoding="UTF-8"?><motor tipo="1" clase="d" aprid="M1d">
  <plataforma>
    <grado><![CDATA[2]]></grado>
    <titulo>¿Qué sabes de la formulación inorgánica?</titulo>
    <area>6</area>
    <nivel><![CDATA[1]]></nivel>
    <referencia><![CDATA[FQ_09_03_16]]></referencia>
    <idreg><![CDATA[1536]]></idreg>
    <motor><![CDATA[M1D]]></motor>
    <lang>es</lang>
  </plataforma>
  <enunciado><![CDATA[Escribe el nombre de los siguientes compuestos binarios siguiendo la nomenclatura de la IUPAC (mediante prefijos):]]></enunciado>
  <masinfo inicio="0"/>
  <sinaleatoriedad><![CDATA[0]]></sinaleatoriedad>
  <calc><![CDATA[0]]></calc>
  <textoatexto cantidad="8">
    <cuestion correccionSinMayusculas="1" correccionSinPuntuacion="0" correccionSinPuntuacionFinal="0">
      <pregunta><![CDATA[Fe2O3]]></pregunta>
      <respuesta><![CDATA[trióxido de dihierro]]></respuesta>
    </cuestion>
    <cuestion correccionSinMayusculas="1" correccionSinPuntuacion="0" correccionSinPuntuacionFinal="0">
      <pregunta><![CDATA[NaF]]></pregunta>
      <respuesta><![CDATA[fluoruro de sodio]]></respuesta>
    </cuestion>
    <cuestion correccionSinMayusculas="1" correccionSinPuntuacion="0" correccionSinPuntuacionFinal="0">
      <pregunta><![CDATA[MnCl2]]></pregunta>
      <respuesta><![CDATA[dicloruro de manganeso]]></respuesta>
    </cuestion>
    <cuestion correccionSinMayusculas="1" correccionSinPuntuacion="0" correccionSinPuntuacionFinal="0">
      <pregunta><![CDATA[SO2]]></pregunta>
      <respuesta><![CDATA[dióxido de azufre]]></respuesta>
    </cuestion>
    <cuestion correccionSinMayusculas="1" correccionSinPuntuacion="0" correccionSinPuntuacionFinal="0">
      <pregunta><![CDATA[MgO]]></pregunta>
      <respuesta><![CDATA[óxido de magnesio]]></respuesta>
    </cuestion>
    <cuestion correccionSinMayusculas="1" correccionSinPuntuacion="0" correccionSinPuntuacionFinal="0">
      <pregunta><![CDATA[KI]]></pregunta>
      <respuesta><![CDATA[yoduro de potasio]]></respuesta>
    </cuestion>
    <cuestion correccionSinMayusculas="1" correccionSinPuntuacion="0" correccionSinPuntuacionFinal="0">
      <pregunta><![CDATA[CsCl]]></pregunta>
      <respuesta><![CDATA[cloruro de cesio]]></respuesta>
    </cuestion>
    <cuestion correccionSinMayusculas="1" correccionSinPuntuacion="0" correccionSinPuntuacionFinal="0">
      <pregunta><![CDATA[LiH]]></pregunta>
      <respuesta><![CDATA[hidruro de litio]]></respuesta>
    </cuestion>
  </textoatexto>
  <textofalso cantidad="0"/>
</motor>