<?xml version="1.0" encoding="iso-8859-1"?>
<metadata xmlns="urn:InfoRecurso">
  <identificador>RES-FED337E5A4AB4A4FA9DD5CE3DA5DFC5F</identificador>
  <loid>CN_06_05_CO_Recurso240</loid>
  <titulo>Refuerza tu aprendizaje: Los cuidados y enfermedades del sistema digestivo</titulo>
  <descripcion>Actividad sobre los cuidados y enfermedades del sistema digestivo</descripcion>
  <relacionado>0</relacionado>
  <tiporecurso>Recurso sin ficha</tiporecurso>
  <tiempoestimado>30</tiempoestimado>
  <acciondidactica>Preguntas con respuesta libre</acciondidactica>
  <competencia>Competencia en el conocimiento y la interacci�n con el mundo f�sico</competencia>
  <tipomedia pesado="false" matricula="">Actividad</tipomedia>
  <conceptos>
    <concepto>sistema digestivo</concepto>
    <concepto>diarrea</concepto>
    <concepto>anorexia</concepto>
    <concepto>bulimia</concepto>
    <concepto>trastornos alimenticios</concepto>
    <concepto>apendicitis</concepto>
    <concepto>alimento</concepto>
    <concepto>enfermedades</concepto>
  </conceptos>
</metadata>