<?xml version='1.0' encoding='UTF-8'?><engine copy="Editorial Planeta" version="1" aprid="f13" title="Cantidad de bicarbonato en un antiácido " >
<section title="Presentación" path="section0.jpg" pathAmp="" image1Text="" zoom1="false" zoom2a="false" zoom2b="false" layout="0" >
<![CDATA[<p><span style="font-size:18px"><span style="font-family:verdana,geneva,sans-serif">La<strong>&nbsp;valoraci&oacute;n &aacute;cido-base</strong>&nbsp;es una t&eacute;cnica muy utilizada para determinar la cantidad de un &aacute;cido o una base en una muestra. Para ello se utiliza una disoluci&oacute;n&nbsp;cuya concentraci&oacute;n es conocida con precisi&oacute;n.&nbsp;Generalmente, los productos obtenidos en una valoraci&oacute;n de este tipo son una sal y&nbsp;agua.</span></span></p>

<p><span style="font-size:18px"><span style="font-family:verdana,geneva,sans-serif">Para saber cu&aacute;ndo se ha alcanzado el punto final de la valoraci&oacute;n, se debe a&ntilde;adir un indicador de pH a la disoluci&oacute;n que se va a valorar. Para elegir la sustancia indicadora adecuada, es importante tener en cuenta su intervalo de viraje.</span></span></p>

<p><span style="font-size:18px"><span style="font-family:verdana,geneva,sans-serif"><strong>El objetivo de esta actividad es que determines la cantidad de bicarbonato que contiene un anti&aacute;cido comercial mediante una valoraci&oacute;n &aacute;cido-base.</strong></span></span></p>

<p><span style="font-size:18px"><span style="font-family:verdana,geneva,sans-serif">Antes de iniciar la actividad responde las siguientes preguntas:</span></span></p>

<ul>
	<li style="margin-left: 18pt;"><span style="font-size:18px"><span style="font-family:verdana,geneva,sans-serif">&iquest;En qu&eacute; casos crees que se utiliza la valoraci&oacute;n &aacute;cido-base?</span></span><br />
	&nbsp;</li>
	<li style="margin-left: 18pt;"><span style="font-size:18px"><span style="font-family:verdana,geneva,sans-serif">&iquest;Qu&eacute; es un patr&oacute;n? &iquest;Para qu&eacute; sirve?</span></span><br />
	&nbsp;</li>
	<li style="margin-left: 18pt;"><span style="font-size:18px"><span style="font-family:verdana,geneva,sans-serif">Adem&aacute;s de utilizar una sustancia indicadora, &iquest;existe otro m&eacute;todo para conocer el punto final de una valoraci&oacute;n?</span></span></li>
</ul>

<p>&nbsp;</p>
]]></section>
<section title="Tarea" path="section1.jpg" pathAmp="" image1Text="" zoom1="false" zoom2a="false" zoom2b="false" layout="0" >
<![CDATA[<p><span style="font-size:18px"><span style="font-family:verdana,geneva,sans-serif"><strong>Material</strong></span></span></p>

<ul>
	<li style="margin-left: 18pt;"><span style="font-size:18px"><span style="font-family:verdana,geneva,sans-serif">Pinza Fisher</span></span></li>
	<li style="margin-left: 18pt;"><span style="font-size:18px"><span style="font-family:verdana,geneva,sans-serif">Soporte</span></span></li>
	<li style="margin-left: 18pt;"><span style="font-size:18px"><span style="font-family:verdana,geneva,sans-serif">Bureta de 25 ml</span></span></li>
	<li style="margin-left: 18pt;"><span style="font-size:18px"><span style="font-family:verdana,geneva,sans-serif">Vaso de precipitados de 50 ml</span></span></li>
	<li style="margin-left: 18pt;"><span style="font-size:18px"><span style="font-family:verdana,geneva,sans-serif">3 Erlenmeyer</span></span></li>
	<li style="margin-left: 18pt;"><span style="font-size:18px"><span style="font-family:verdana,geneva,sans-serif">Esp&aacute;tula</span></span></li>
	<li style="margin-left: 18pt;"><span style="font-size:18px"><span style="font-family:verdana,geneva,sans-serif">Balanza anal&iacute;tica</span></span></li>
	<li style="margin-left: 18pt;"><span style="font-size:18px"><span style="font-family:verdana,geneva,sans-serif">Varilla&nbsp;de vidrio</span></span></li>
	<li style="margin-left: 18pt;"><span style="font-size:18px"><span style="font-family:verdana,geneva,sans-serif">pH-metro</span></span></li>
</ul>

<p style="margin-left:18pt"><span style="font-size:18px"><span style="font-family:verdana,geneva,sans-serif"><strong>Sustancias </strong></span></span></p>

<ul>
	<li style="margin-left: 18pt;"><span style="font-size:18px"><span style="font-family:verdana,geneva,sans-serif">Agua desionizada</span></span></li>
	<li style="margin-left: 18pt;"><span style="font-size:18px"><span style="font-family:verdana,geneva,sans-serif">Disoluci&oacute;n comercial de &aacute;cido clorh&iacute;drico 0,1&nbsp;<em>M</em></span></span></li>
	<li style="margin-left: 18pt;"><span style="font-size:18px"><span style="font-family:verdana,geneva,sans-serif">Anti&aacute;cido comercial</span></span></li>
	<li style="margin-left: 18pt;"><span style="font-size:18px"><span style="font-family:verdana,geneva,sans-serif">Naranja de metilo (indicador)</span></span></li>
</ul>

<p><span style="font-size:18px"><span style="font-family:verdana,geneva,sans-serif"><strong>Procedimiento</strong></span></span></p>

<p><span style="font-size:18px"><span style="font-family:verdana,geneva,sans-serif">1.&nbsp;Fija la pinza Fisher al soporte y coloca la bureta correctamente, tal como se muestra en el esquema.</span></span></p>

<p><span style="font-size:18px"><span style="font-family:verdana,geneva,sans-serif">2.&nbsp;Aseg&uacute;rate de que la llave de paso est&aacute; cerrada. Llena la bureta con &aacute;cido clorh&iacute;drico hasta la se&ntilde;al de enrase. Puedes utilizar el vaso de precipitados para adicionar&nbsp;el &aacute;cido que sobre.</span></span></p>

<p><span style="font-size:18px"><span style="font-family:verdana,geneva,sans-serif">3.&nbsp;Ahora pesa en cada uno de los Erlenmeyer 0,16&nbsp;g del anti&aacute;cido, empleando la esp&aacute;tula y la balanza anal&iacute;tica. Anota los pesos en tu cuaderno.</span></span></p>

<p><span style="font-size:18px"><span style="font-family:verdana,geneva,sans-serif">4.&nbsp;A&ntilde;ade en cada caso agua desionizada y agita las mezclas con la varilla de vidrio. Adiciona un par de gotas de la disoluci&oacute;n indicadora (naranja de metilo) en cada Erlenmeyer.</span></span></p>

<p><span style="font-size:18px"><span style="font-family:verdana,geneva,sans-serif">5.&nbsp;Sit&uacute;a el Erlenmeyer bajo la bureta. Con la mano derecha ag&iacute;talo y con la izquierda abre la llave de paso, de modo que caiga el l&iacute;quido gota a gota. Cuando observes que el l&iacute;quido cambia de color (el indicador vira), cierra la llave de paso.</span></span></p>

<p><span style="font-size:18px"><span style="font-family:verdana,geneva,sans-serif">6.&nbsp;Los anti&aacute;cidos son de reacci&oacute;n lenta, por tanto, para asegurarte de que has alcanzado el final de la valoraci&oacute;n, puedes medir el pH de la disoluci&oacute;n con el pH-metro. Repite el proceso con las dos muestras restantes.</span></span></p>

<p><span style="font-size:18px"><span style="font-family:verdana,geneva,sans-serif">7. Escribe la reacci&oacute;n que se da en esta valoraci&oacute;n &aacute;cido-base. &iquest;C&oacute;mo cambia el color de la disoluci&oacute;n a lo largo de la valoraci&oacute;n? &iquest;Cu&aacute;l es el intervalo de viraje del naranja de metilo? &iquest;Se podr&iacute;a utilizar otro? &iquest;Qu&eacute; cantidad de bicarbonato contiene el &aacute;cido analizado? &iquest;Qu&eacute; funci&oacute;n desempe&ntilde;a el anti&aacute;cido en nuestro est&oacute;mago?</span></span></p>
]]></section>
</engine>