﻿<?xml version="1.0" encoding="utf-8"?><motor tipo="5" clase="a" aprid="m5a">
  <plataforma>
    <grado><![CDATA[2]]></grado>
    <titulo>Identifica la hibridación de los carbonos</titulo>
    <area>0</area>
    <nivel>2</nivel>
    <referencia/>
    <idreg><![CDATA[0]]></idreg>
    <motor><![CDATA[M5A]]></motor>
    <lang>es</lang>
  </plataforma>
  <enunciado><![CDATA[Selecciona la respuesta correcta. ]]></enunciado>
  <masinfo inicio="0"/>
  <sinaleatoriedad><![CDATA[0]]></sinaleatoriedad>
  <calc><![CDATA[0]]></calc>
  <respuestaunica><![CDATA[1]]></respuestaunica>
  <test cantidad="5">
    <cuestion>
      <enunciado><![CDATA[¿Cuántos átomos de carbono tienen hibridación {{cur}}sp{{normal}}{{sup}}3{{normal}} en la molécula?]]></enunciado>
      <explicacion/>
      <imagen><![CDATA[CN_11_10_REC90_img_01n.jpg]]></imagen>
      <ampliacion><![CDATA[CN_11_10_REC90_img_01a.jpg]]></ampliacion>
      <respuestas>
        <respuesta contestacion="2" correcta="0"/>
        <respuesta contestacion="3" correcta="0"/>
        <respuesta contestacion="5" correcta="0"/>
        <respuesta contestacion="6" correcta="1"/>
      </respuestas>
    </cuestion>
    <cuestion>
      <enunciado><![CDATA[¿Cuántos átomos de carbono tienen hibridación {{cur}}sp{{normal}}{{sup}}3{{normal}} en la molécula?]]></enunciado>
      <explicacion/>
      <imagen><![CDATA[CN_11_10_REC90_img_02n.jpg]]></imagen>
      <ampliacion><![CDATA[CN_11_10_REC90_img_02a.jpg]]></ampliacion>
      <respuestas>
        <respuesta contestacion="1" correcta="0"/>
        <respuesta contestacion="2" correcta="0"/>
        <respuesta contestacion="3" correcta="0"/>
        <respuesta contestacion="5" correcta="1"/>
      </respuestas>
    </cuestion>
    <cuestion>
      <enunciado><![CDATA[¿Cuántos átomos de carbono tienen hibridación {{cur}}sp{{normal}}{{sup}}2 {{normal}}en la molécula?]]></enunciado>
      <explicacion/>
      <imagen><![CDATA[CN_11_10_REC90_img_03n.jpg]]></imagen>
      <ampliacion><![CDATA[CN_11_10_REC90_img_03a.jpg]]></ampliacion>
      <respuestas>
        <respuesta contestacion="1" correcta="0"/>
        <respuesta contestacion="2" correcta="0"/>
        <respuesta contestacion="3" correcta="0"/>
        <respuesta contestacion="4" correcta="1"/>
      </respuestas>
    </cuestion>
    <cuestion>
      <enunciado><![CDATA[¿Cuántos átomos de carbono tienen hibridación {{cur}}sp {{normal}}en la molécula?]]></enunciado>
      <explicacion/>
      <imagen><![CDATA[CN_11_10_REC90_img_04n.jpg]]></imagen>
      <ampliacion><![CDATA[CN_11_10_REC90_img_04a.jpg]]></ampliacion>
      <respuestas>
        <respuesta contestacion="1" correcta="0"/>
        <respuesta contestacion="2" correcta="0"/>
        <respuesta contestacion="3" correcta="1"/>
        <respuesta contestacion="4" correcta="0"/>
      </respuestas>
    </cuestion>
    <cuestion>
      <enunciado><![CDATA[¿Cuántos átomos de carbono tienen hibridación {{cur}}sp{{normal}}{{sup}}2{{normal}} en la molécula?]]></enunciado>
      <explicacion/>
      <imagen><![CDATA[CN_11_10_REC90_img_05n.jpg]]></imagen>
      <ampliacion><![CDATA[CN_11_10_REC90_img_05a.jpg]]></ampliacion>
      <respuestas>
        <respuesta contestacion="1" correcta="0"/>
        <respuesta contestacion="3" correcta="0"/>
        <respuesta contestacion="6" correcta="1"/>
        <respuesta contestacion="7" correcta="0"/>
      </respuestas>
    </cuestion>
  </test>
</motor>