﻿<?xml version="1.0" encoding="UTF-8"?><engine copy="Editorial Planeta" version="1" aprid="f1"><css><![CDATA[.defaultCSSBox2 {
	background: #000000;
}
.defaultCSSBox3 {
	background: #ffffff;
}
.popupbox {
	-webkit-border-radius: 10px;
    -moz-border-radius: 10px;
    border-radius: 10px;
    border:2px solid #000000;
    background-color:#FFFFFF;
}
.tabla01 {
  border-collapse: collapse;
}

.tabla01 td {
  border: 3px solid black;
  padding: 3px;
  text-align: center;
  font-family:verdana,geneva,sans-serif
}]]></css><pantallas><pantalla id="pantalla_5"><event id="onPrepare" language="DO"><![CDATA[]]></event><event id="onShown" language="DO"><![CDATA[]]></event><components><component _type="_compImage" id="image_15" x="446" y="151" width="404" height="395" alpha="1" visible="1" enabled="1" cssClass="" adjustMode="4" alignMode="0" image="data/imagenes/img1.jpg" /><component _type="_compRichText" id="texto_126" x="-5" y="55" width="957" height="96" alpha="1" visible="1" enabled="1" scrollable="1"><content><![CDATA[<p style="text-align:center"><span style="font-size:28px"><span style="font-family:georgia,serif">La isomería en química orgánica</span></span></p>
]]></content></component><component _type="_compRoundButton" id="roundbutton_44" x="75" y="215" width="284" height="40" alpha="1" visible="1" enabled="1" cssClass="roundTextButton" group="-1"><content><![CDATA[Isómeros estructurales]]></content><event id="onClick" language="DO"><![CDATA[uiobject_set(rootSlider,"current",1)]]></event></component><component _type="_compRoundButton" id="roundbutton_10" x="75" y="354" width="284" height="40" alpha="1" visible="1" enabled="1" cssClass="roundTextButton" group="-1"><content><![CDATA[Estereoisómeros]]></content><event id="onClick" language="DO"><![CDATA[uiobject_set(rootSlider,"current",2)]]></event></component></components><animaciones></animaciones></pantalla><pantalla id="pantalla_11"><event id="onPrepare" language="DO"><![CDATA[]]></event><event id="onShown" language="DO"><![CDATA[]]></event><components><component _type="_compSlider" id="diaporama_77" x="0" y="0" width="950" height="608" alpha="1" visible="1" enabled="1" transMode="1" /><component _type="_compSliderNav" id="slidernav_122" x="45" y="526" width="162" height="37" alpha="1" visible="1" enabled="1" sliderId="diaporama_77" showHome="1" whiteButtons="0" mode="1" /><component _type="_compIconButton" id="iconbutton_34" x="46" y="526" width="37" height="37" alpha="1" visible="1" enabled="1" cssClass="iconHomeButton" group="-1"><event id="onClick" language="DO"><![CDATA[uiobject_set(rootSlider,"current",0)]]></event></component></components><animaciones></animaciones><slider id="diaporama_77"><pantalla id="pantalla_16"><event id="onPrepare" language="DO"><![CDATA[]]></event><event id="onShown" language="DO"><![CDATA[]]></event><components><component _type="_compImage" id="image_15" x="293" y="152" width="364" height="385" alpha="1" visible="1" enabled="1" cssClass="" adjustMode="4" alignMode="0" image="data/imagenes/img1.jpg" /><component _type="_compRichText" id="texto_126" x="107" y="57" width="747" height="131" alpha="1" visible="1" enabled="1" scrollable="1"><content><![CDATA[<p><span style="font-size:23px"><span style="font-family:verdana,geneva,sans-serif">Isómeros estructurales</span></span></p>
]]></content></component></components><animaciones></animaciones></pantalla><pantalla id="pantalla_20"><event id="onPrepare" language="DO"><![CDATA[]]></event><event id="onShown" language="DO"><![CDATA[]]></event><components><component _type="_compRichText" id="texto_126" x="107" y="57" width="747" height="131" alpha="1" visible="1" enabled="1" scrollable="1"><content><![CDATA[<p><span style="font-size:23px"><span style="font-family:verdana,geneva,sans-serif">Distinta distribución de los enlaces entre átomos.</span></span></p>
]]></content></component><component _type="_compImage" id="image_15" x="293" y="152" width="364" height="385" alpha="1" visible="1" enabled="1" cssClass="" adjustMode="4" alignMode="0" image="data/imagenes/img1.jpg" /></components><animaciones></animaciones></pantalla><pantalla id="pantalla_24"><event id="onPrepare" language="DO"><![CDATA[]]></event><event id="onShown" language="DO"><![CDATA[]]></event><components><component _type="_compImage" id="image_15" x="166" y="193" width="617" height="303" alpha="1" visible="1" enabled="1" cssClass="" adjustMode="4" alignMode="0" image="data/imagenes/img2.jpg" /><component _type="_compRichText" id="texto_126" x="107" y="57" width="747" height="131" alpha="1" visible="1" enabled="1" scrollable="1"><content><![CDATA[<p><span style="font-size:23px"><span style="font-family:verdana,geneva,sans-serif">Isomería de cadena</span></span></p>
]]></content></component></components><animaciones></animaciones></pantalla><pantalla id="pantalla_28"><event id="onPrepare" language="DO"><![CDATA[]]></event><event id="onShown" language="DO"><![CDATA[]]></event><components><component _type="_compRichText" id="texto_126" x="107" y="57" width="747" height="131" alpha="1" visible="1" enabled="1" scrollable="1"><content><![CDATA[<p><span style="font-size:23px"><span style="font-family:verdana,geneva,sans-serif">Isomería de posición</span></span></p>
]]></content></component><component _type="_compImage" id="image_15" x="166" y="193" width="617" height="303" alpha="1" visible="1" enabled="1" cssClass="" adjustMode="4" alignMode="0" image="data/imagenes/img3.jpg" /></components><animaciones></animaciones></pantalla><pantalla id="pantalla_32"><event id="onPrepare" language="DO"><![CDATA[]]></event><event id="onShown" language="DO"><![CDATA[]]></event><components><component _type="_compRichText" id="texto_126" x="107" y="57" width="747" height="131" alpha="1" visible="1" enabled="1" scrollable="1"><content><![CDATA[<p><span style="font-size:23px"><span style="font-family:verdana,geneva,sans-serif">Isomería de grupo funcional</span></span></p>
]]></content></component><component _type="_compRichText" id="texto_36" x="154" y="220" width="315" height="142" alpha="1" visible="1" enabled="1" scrollable="1"><content><![CDATA[<p style="text-align:center"><span style="font-size:23px"><em><span style="font-family:verdana,geneva,sans-serif">CH<sub>3</sub> &ndash; CH<sub>2</sub> &ndash; OH</span><br />
<br />
<span style="font-family:verdana,geneva,sans-serif">(etanol)</span></em></span></p>
]]></content></component><component _type="_compRichText" id="texto_37" x="474" y="220" width="315" height="142" alpha="1" visible="1" enabled="1" scrollable="1"><content><![CDATA[<p style="text-align:center"><span style="font-size:23px"><em><span style="font-family:verdana,geneva,sans-serif">CH<sub>3</sub> &ndash; O &ndash; CH<sub>3</sub> </span><br />
<br />
<span style="font-family:verdana,geneva,sans-serif">(&eacute;ter met&iacute;lico)</span></em></span></p>
]]></content></component></components><animaciones></animaciones></pantalla><pantalla id="pantalla_38"><event id="onPrepare" language="DO"><![CDATA[]]></event><event id="onShown" language="DO"><![CDATA[]]></event><components><component _type="_compRichText" id="texto_126" x="107" y="57" width="747" height="131" alpha="1" visible="1" enabled="1" scrollable="1"><content><![CDATA[<p><span style="font-size:23px"><span style="font-family:verdana,geneva,sans-serif">Tautomería</span></span></p>
]]></content></component><component _type="_compImage" id="image_15" x="104" y="183" width="741" height="303" alpha="1" visible="1" enabled="1" cssClass="" adjustMode="4" alignMode="0" image="data/imagenes/img4.jpg" /></components><animaciones></animaciones></pantalla></slider></pantalla><pantalla id="pantalla_42"><event id="onPrepare" language="DO"><![CDATA[]]></event><event id="onShown" language="DO"><![CDATA[]]></event><components><component _type="_compSlider" id="diaporama_77" x="0" y="0" width="950" height="608" alpha="1" visible="1" enabled="1" transMode="1" /><component _type="_compSliderNav" id="slidernav_122" x="45" y="526" width="162" height="37" alpha="1" visible="1" enabled="1" sliderId="diaporama_77" showHome="1" whiteButtons="0" mode="1" /><component _type="_compIconButton" id="iconbutton_34" x="46" y="526" width="37" height="37" alpha="1" visible="1" enabled="1" cssClass="iconHomeButton" group="-1"><event id="onClick" language="DO"><![CDATA[uiobject_set(rootSlider,"current",0)]]></event></component></components><animaciones></animaciones><slider id="diaporama_77"><pantalla id="pantalla_47"><event id="onPrepare" language="DO"><![CDATA[]]></event><event id="onShown" language="DO"><![CDATA[]]></event><components><component _type="_compImage" id="image_15" x="293" y="152" width="364" height="385" alpha="1" visible="1" enabled="1" cssClass="" adjustMode="4" alignMode="0" image="data/imagenes/img5.jpg" /><component _type="_compRichText" id="texto_126" x="107" y="57" width="747" height="131" alpha="1" visible="1" enabled="1" scrollable="1"><content><![CDATA[<p><span style="font-size:23px"><span style="font-family:verdana,geneva,sans-serif">Estereoisómeros</span></span></p>
]]></content></component></components><animaciones></animaciones></pantalla><pantalla id="pantalla_51"><event id="onPrepare" language="DO"><![CDATA[]]></event><event id="onShown" language="DO"><![CDATA[]]></event><components><component _type="_compImage" id="image_15" x="293" y="152" width="364" height="385" alpha="1" visible="1" enabled="1" cssClass="" adjustMode="4" alignMode="0" image="data/imagenes/img5.jpg" /><component _type="_compRichText" id="texto_126" x="107" y="57" width="747" height="131" alpha="1" visible="1" enabled="1" scrollable="1"><content><![CDATA[<p><span style="font-size:23px"><span style="font-family:verdana,geneva,sans-serif">Distinta orientación en el espacio.</span></span></p>
]]></content></component></components><animaciones></animaciones></pantalla><pantalla id="pantalla_55"><event id="onPrepare" language="DO"><![CDATA[]]></event><event id="onShown" language="DO"><![CDATA[]]></event><components><component _type="_compRichText" id="texto_37" x="108" y="138" width="348" height="396" alpha="1" visible="1" enabled="1" scrollable="1"><content><![CDATA[<ul>
	<li><span style="font-size:20px"><span style="font-family:verdana,geneva,sans-serif">Diastereois&oacute;meros.</span></span><br />
	&nbsp;</li>
	<li><span style="font-size:20px"><span style="font-family:verdana,geneva,sans-serif">Enanti&oacute;meros.</span></span></li>
</ul>
]]></content></component><component _type="_compRichText" id="texto_126" x="107" y="57" width="799" height="131" alpha="1" visible="1" enabled="1" scrollable="1"><content><![CDATA[<p><span style="font-size:23px"><span style="font-family:verdana,geneva,sans-serif">Dos tipos de estereoisómeros:</span></span></p>
]]></content></component><component _type="_compImage" id="image_15" x="507" y="152" width="283" height="385" alpha="1" visible="1" enabled="1" cssClass="" adjustMode="4" alignMode="0" image="data/imagenes/img6.jpg" /><component _type="_compCSSBox" id="fondo_59" x="90" y="262" width="339" height="180" alpha="1" visible="1" enabled="1" cssClass="defaultCSSBox3" /></components><animaciones><anim id="Entrada"><![CDATA[{"image_15":[],"image_15.x":[{"time":0,"value":507,"easing":"Linear.EaseNone"}],"image_15.y":[{"time":0,"value":152,"easing":"Linear.EaseNone"}],"image_15.width":[{"time":0,"value":283,"easing":"Linear.EaseNone"}],"image_15.height":[{"time":0,"value":385,"easing":"Linear.EaseNone"}],"image_15.alpha":[{"time":0,"value":0,"easing":"Linear.EaseNone"},{"time":1.8210000610351562,"value":0,"easing":"Linear.EaseNone"},{"time":2.866000061035156,"value":1,"easing":"Linear.EaseNone"}],"fondo_59":[],"fondo_59.x":[{"time":0,"value":95,"easing":"Linear.EaseNone"},{"time":2.031000061035156,"value":95,"easing":"Linear.EaseNone"}],"fondo_59.y":[{"time":0,"value":128,"easing":"Linear.EaseNone"},{"time":2.031000061035156,"value":258,"easing":"Linear.EaseNone"}],"fondo_59.width":[{"time":0,"value":339,"easing":"Linear.EaseNone"}],"fondo_59.height":[{"time":0,"value":180,"easing":"Linear.EaseNone"}],"fondo_59.alpha":[{"time":0,"value":1,"easing":"Linear.EaseNone"}]}]]></anim></animaciones></pantalla><pantalla id="pantalla_60"><event id="onPrepare" language="DO"><![CDATA[]]></event><event id="onShown" language="DO"><![CDATA[]]></event><components><component _type="_compRichText" id="texto_37" x="108" y="138" width="348" height="396" alpha="1" visible="1" enabled="1" scrollable="1"><content><![CDATA[<ul>
	<li><span style="font-size:20px"><span style="font-family:verdana,geneva,sans-serif">Isomería configuracional.</span></span></li>
</ul>
]]></content></component><component _type="_compCSSBox" id="fondo_59" x="108" y="202" width="444" height="142" alpha="1" visible="1" enabled="1" cssClass="defaultCSSBox3" /><component _type="_compRichText" id="texto_126" x="107" y="57" width="799" height="131" alpha="1" visible="1" enabled="1" scrollable="1"><content><![CDATA[<p><span style="font-size:23px"><span style="font-family:verdana,geneva,sans-serif">Los diastereoisómeros pueden presentar:</span></span></p>
]]></content></component><component _type="_compImage" id="image_15" x="121" y="252" width="718" height="210" alpha="1" visible="1" enabled="1" cssClass="" adjustMode="4" alignMode="0" image="data/imagenes/img7.jpg" /></components><animaciones><anim id="Entrada"><![CDATA[{"fondo_59":[],"fondo_59.x":[{"time":0,"value":109,"easing":"Linear.EaseNone"}],"fondo_59.y":[{"time":0,"value":118,"easing":"Linear.EaseNone"},{"time":1.2360000610351562,"value":198,"easing":"Linear.EaseNone"}],"fondo_59.width":[{"time":0,"value":444,"easing":"Linear.EaseNone"}],"fondo_59.height":[{"time":0,"value":142,"easing":"Linear.EaseNone"}],"fondo_59.alpha":[{"time":0,"value":1,"easing":"Linear.EaseNone"},{"time":1.2260000610351562,"value":1,"easing":"Linear.EaseNone"}],"image_15":[],"image_15.x":[{"time":0,"value":121,"easing":"Linear.EaseNone"}],"image_15.y":[{"time":0,"value":252,"easing":"Linear.EaseNone"}],"image_15.width":[{"time":0,"value":718,"easing":"Linear.EaseNone"}],"image_15.height":[{"time":0,"value":210,"easing":"Linear.EaseNone"}],"image_15.alpha":[{"time":0,"value":0,"easing":"Linear.EaseNone"},{"time":1.2260000610351562,"value":0,"easing":"Linear.EaseNone"},{"time":2.0810000610351564,"value":1,"easing":"Linear.EaseNone"}]}]]></anim></animaciones></pantalla><pantalla id="pantalla_64"><event id="onPrepare" language="DO"><![CDATA[]]></event><event id="onShown" language="DO"><![CDATA[]]></event><components><component _type="_compRichText" id="texto_126" x="107" y="57" width="799" height="131" alpha="1" visible="1" enabled="1" scrollable="1"><content><![CDATA[<p><span style="font-size:23px"><span style="font-family:verdana,geneva,sans-serif">Los diastereoisómeros pueden presentar:</span></span></p>
]]></content></component><component _type="_compRichText" id="texto_37" x="108" y="138" width="348" height="396" alpha="1" visible="1" enabled="1" scrollable="1"><content><![CDATA[<ul>
	<li><span style="font-size:20px"><span style="font-family:verdana,geneva,sans-serif">Isomería conformacional.</span></span></li>
</ul>
]]></content></component><component _type="_compCSSBox" id="fondo_59" x="104" y="132" width="444" height="142" alpha="1" visible="1" enabled="1" cssClass="defaultCSSBox3" /><component _type="_compImage" id="image_15" x="135" y="227" width="680" height="312" alpha="1" visible="1" enabled="1" cssClass="" adjustMode="4" alignMode="0" image="data/imagenes/img8.jpg" /></components><animaciones><anim id="Entrada"><![CDATA[{"fondo_59":[],"fondo_59.x":[{"time":0,"value":104,"easing":"Linear.EaseNone"}],"fondo_59.y":[{"time":0,"value":132,"easing":"Linear.EaseNone"},{"time":1.0560000610351563,"value":192,"easing":"Linear.EaseNone"}],"fondo_59.width":[{"time":0,"value":444,"easing":"Linear.EaseNone"}],"fondo_59.height":[{"time":0,"value":142,"easing":"Linear.EaseNone"}],"fondo_59.alpha":[{"time":0,"value":1,"easing":"Linear.EaseNone"}],"image_15":[],"image_15.x":[{"time":0,"value":135,"easing":"Linear.EaseNone"}],"image_15.y":[{"time":0,"value":227,"easing":"Linear.EaseNone"}],"image_15.width":[{"time":0,"value":680,"easing":"Linear.EaseNone"}],"image_15.height":[{"time":0,"value":312,"easing":"Linear.EaseNone"}],"image_15.alpha":[{"time":0,"value":0,"easing":"Linear.EaseNone"},{"time":1.0610000610351562,"value":0,"easing":"Linear.EaseNone"},{"time":1.7910000610351562,"value":1,"easing":"Linear.EaseNone"}]}]]></anim></animaciones></pantalla><pantalla id="pantalla_68"><event id="onPrepare" language="DO"><![CDATA[]]></event><event id="onShown" language="DO"><![CDATA[]]></event><components><component _type="_compRichText" id="texto_126" x="107" y="57" width="799" height="131" alpha="1" visible="1" enabled="1" scrollable="1"><content><![CDATA[<p><span style="font-size:23px"><span style="font-family:verdana,geneva,sans-serif">Los enantiómeros son imágenes especulares.</span></span></p>
]]></content></component><component _type="_compImage" id="image_15" x="122" y="207" width="706" height="312" alpha="1" visible="1" enabled="1" cssClass="" adjustMode="4" alignMode="0" image="data/imagenes/img9.jpg" /></components><animaciones></animaciones></pantalla><pantalla id="pantalla_72"><event id="onPrepare" language="DO"><![CDATA[]]></event><event id="onShown" language="DO"><![CDATA[]]></event><components><component _type="_compRichText" id="texto_126" x="107" y="57" width="799" height="131" alpha="1" visible="1" enabled="1" scrollable="1"><content><![CDATA[<p><span style="font-size:23px"><span style="font-family:verdana,geneva,sans-serif">Desvían el plano de polarización de la luz en sentidos contrarios.</span></span></p>
]]></content></component><component _type="_compImage" id="image_15" x="287" y="157" width="376" height="376" alpha="1" visible="1" enabled="1" cssClass="" adjustMode="4" alignMode="0" image="data/imagenes/img10.jpg" /><component _type="_compIconButton" id="iconbutton_34" x="226" y="526" width="37" height="37" alpha="1" visible="1" enabled="1" cssClass="iconInfoButton" group="-1"><event id="onClick" language="DO"><![CDATA[popup_open("pantalla_76")]]></event></component></components><animaciones></animaciones></pantalla></slider></pantalla></pantallas><popups><pantalla id="pantalla_76"><event id="onPrepare" language="DO"><![CDATA[]]></event><event id="onShown" language="DO"><![CDATA[]]></event><components><component _type="_compCSSBox" id="fondo_180" x="0" y="85" width="865" height="608" alpha="1" visible="1" enabled="1" cssClass="defaultCSSBox3" /><component _type="_compCSSBox" id="fondo_71" x="85" y="0" width="865" height="608" alpha="1" visible="1" enabled="1" cssClass="defaultCSSBox3" /><component _type="_compRichText" id="texto_37" x="107" y="125" width="728" height="396" alpha="1" visible="1" enabled="1" scrollable="1"><content><![CDATA[<p><span style="font-size:20px"><span style="font-family:verdana,geneva,sans-serif">Un &aacute;tomo de carbono quiral es aqu&eacute;l que presenta los cuatro sustituyentes diferentes.<br />
<br />
Quiral viene del griego <em>quiro</em>, mano. Las dos formas quirales de un compuesto son como la mano derecha y la mano izquierda: no pueden superponerse porque son sim&eacute;tricas.</span></span></p>
]]></content></component><component _type="_compIconButton" id="iconbutton_40" x="868" y="45" width="37" height="37" alpha="1" visible="1" enabled="1" cssClass="iconCloseButton" group="-1"><event id="onClick" language="DO"><![CDATA[popup_close()]]></event></component></components><animaciones></animaciones></pantalla></popups></engine>