﻿<?xml version="1.0" encoding="utf-8"?><motor tipo="5" clase="a" aprid="M5a"><plataforma><grado><![CDATA[2]]></grado><titulo>Identifica grupos funcionales</titulo><area>6</area><nivel>2</nivel><referencia><![CDATA[FQ_10_13_12]]></referencia><idreg><![CDATA[1184]]></idreg><motor><![CDATA[M5A]]></motor><lang>es</lang></plataforma><enunciado><![CDATA[Responde las siguientes preguntas sobre los grupos funcionales. Recuerda que solo hay una respuesta correcta.]]></enunciado><masinfo inicio="0" /><sinaleatoriedad><![CDATA[0]]></sinaleatoriedad><calc><![CDATA[0]]></calc><respuestaunica><![CDATA[1]]></respuestaunica><test cantidad="10"><cuestion><enunciado><![CDATA[¿Cómo se llama este grupo funcional?]]></enunciado><explicacion /><imagen><![CDATA[FQ_10_13_12_01.jpg]]></imagen><ampliacion><![CDATA[FQ_10_13_12_01.jpg]]></ampliacion><respuestas><respuesta contestacion="Alcano" correcta="1" /><respuesta contestacion="Alqueno" correcta="0" /><respuesta contestacion="Alquino" correcta="0" /></respuestas></cuestion><cuestion><enunciado><![CDATA[¿Cómo se llama este grupo funcional?]]></enunciado><explicacion /><imagen><![CDATA[FQ_10_13_12_02.jpg]]></imagen><ampliacion><![CDATA[FQ_10_13_12_02.jpg]]></ampliacion><respuestas><respuesta contestacion="Alqueno" correcta="1" /><respuesta contestacion="Alcano" correcta="0" /><respuesta contestacion="Alquino" correcta="0" /></respuestas></cuestion><cuestion><enunciado><![CDATA[¿Cómo se llama este grupo funcional?]]></enunciado><explicacion /><imagen><![CDATA[FQ_10_13_12_03.jpg]]></imagen><ampliacion><![CDATA[FQ_10_13_12_03.jpg]]></ampliacion><respuestas><respuesta contestacion="Alquino" correcta="1" /><respuesta contestacion="Alcano" correcta="0" /><respuesta contestacion="Alqueno" correcta="0" /></respuestas></cuestion><cuestion><enunciado><![CDATA[¿Cómo se llama este grupo funcional?]]></enunciado><explicacion /><imagen><![CDATA[FQ_10_13_12_04.jpg]]></imagen><ampliacion><![CDATA[FQ_10_13_12_04.jpg]]></ampliacion><respuestas><respuesta contestacion="Amina" correcta="1" /><respuesta contestacion="Amida" correcta="0" /><respuesta contestacion="Alcohol" correcta="0" /></respuestas></cuestion><cuestion><enunciado><![CDATA[¿Cómo se llama este grupo funcional?]]></enunciado><explicacion /><imagen><![CDATA[FQ_10_13_12_05.jpg]]></imagen><ampliacion><![CDATA[FQ_10_13_12_05.jpg]]></ampliacion><respuestas><respuesta contestacion="Alcohol" correcta="1" /><respuesta contestacion="Ácido carboxílico" correcta="0" /><respuesta contestacion="Cetona" correcta="0" /></respuestas></cuestion><cuestion><enunciado><![CDATA[¿Cómo se llama este grupo funcional?]]></enunciado><explicacion /><imagen><![CDATA[FQ_10_13_12_06.jpg]]></imagen><ampliacion><![CDATA[FQ_10_13_12_06.jpg]]></ampliacion><respuestas><respuesta contestacion="Ácido carboxílico" correcta="1" /><respuesta contestacion="Cetona" correcta="0" /><respuesta contestacion="Aldehído" correcta="0" /></respuestas></cuestion><cuestion><enunciado><![CDATA[¿Cómo se llama este grupo funcional?]]></enunciado><explicacion /><imagen><![CDATA[FQ_10_13_12_07.jpg]]></imagen><ampliacion><![CDATA[FQ_10_13_12_07.jpg]]></ampliacion><respuestas><respuesta contestacion="Aldehído" correcta="1" /><respuesta contestacion="Cetona" correcta="0" /><respuesta contestacion="Alcohol" correcta="0" /></respuestas></cuestion><cuestion><enunciado><![CDATA[¿Cómo se llama este grupo funcional?]]></enunciado><explicacion /><imagen><![CDATA[FQ_10_13_12_08.jpg]]></imagen><ampliacion><![CDATA[FQ_10_13_12_08.jpg]]></ampliacion><respuestas><respuesta contestacion="Cetona" correcta="1" /><respuesta contestacion="Aldehído" correcta="0" /><respuesta contestacion="Ácido carboxílico" correcta="0" /></respuestas></cuestion><cuestion><enunciado><![CDATA[¿Cómo se llama este grupo funcional?]]></enunciado><explicacion /><imagen><![CDATA[FQ_10_13_12_09.jpg]]></imagen><ampliacion><![CDATA[FQ_10_13_12_09.jpg]]></ampliacion><respuestas><respuesta contestacion="Amida" correcta="1" /><respuesta contestacion="Amina" correcta="0" /><respuesta contestacion="Éter" correcta="0" /></respuestas></cuestion><cuestion><enunciado><![CDATA[¿Cómo se llama este grupo funcional?]]></enunciado><explicacion /><imagen><![CDATA[FQ_10_13_12_10.jpg]]></imagen><ampliacion><![CDATA[FQ_10_13_12_10.jpg]]></ampliacion><respuestas><respuesta contestacion="Éter" correcta="1" /><respuesta contestacion="Éster" correcta="0" /><respuesta contestacion="Aldehído" correcta="0" /></respuestas></cuestion></test></motor>