﻿<?xml version="1.0" encoding="utf-8"?><motor tipo="4" clase="a" aprid="m4a">
  <plataforma>
    <grado><![CDATA[2]]></grado>
    <titulo>Evaluación</titulo>
    <area>0</area>
    <nivel>1</nivel>
    <referencia/>
    <idreg><![CDATA[0]]></idreg>
    <motor><![CDATA[M4A]]></motor>
    <lang>es</lang>
  </plataforma>
  <enunciado><![CDATA[Analiza las siguientes situaciones que involucran los conceptos vistos en esta sección.]]></enunciado>
  <masinfo inicio="0"/>
  <sinaleatoriedad><![CDATA[0]]></sinaleatoriedad>
  <calc><![CDATA[0]]></calc>
  <respuestaunica><![CDATA[0]]></respuestaunica>
  <test cantidad="10">
    <cuestion>
      <enunciado><![CDATA[Se encuentran dos cargas eléctricas a una distancia de 2 mm que se generan una fuerza eléctrica de 2 N. Si se alejan hasta los 8 mm, la fuerza eléctrica entre ellas será:]]></enunciado>
      <explicacion/>
      <imagen/>
      <ampliacion/>
      <respuestas>
        <respuesta contestacion="6 N" correcta="0"/>
        <respuesta contestacion="8 N" correcta="0"/>
        <respuesta contestacion="2/3 N" correcta="0"/>
        <respuesta contestacion="½ N" correcta="1"/>
      </respuestas>
    </cuestion>
    <cuestion>
      <enunciado><![CDATA[De acuerdo con la figura anterior, es de esperarse que el campo eléctrico (en magnitud) en el punto C sea...]]></enunciado>
      <explicacion/>
      <imagen><![CDATA[CN_11_07_REC240_IMG01n.jpg]]></imagen>
      <ampliacion><![CDATA[CN_11_07_REC240_IMG01a.jpg]]></ampliacion>
      <respuestas>
        <respuesta contestacion="mayor que en el punto A." correcta="0"/>
        <respuesta contestacion="mayor que en el punto B." correcta="0"/>
        <respuesta contestacion="nulo." correcta="1"/>
        <respuesta contestacion="igual que en el punto A y B." correcta="0"/>
      </respuestas>
    </cuestion>
    <cuestion>
      <enunciado><![CDATA[De acuerdo con las líneas de campo que se muestran en la figura, si se coloca la carga de prueba en la mitad del arreglo, ¿que ocurriría?]]></enunciado>
      <explicacion/>
      <imagen><![CDATA[CN_11_07_REC240_IMG02n.jpg]]></imagen>
      <ampliacion><![CDATA[CN_11_07_REC240_IMG02a.jpg]]></ampliacion>
      <respuestas>
        <respuesta contestacion="se mueve hacia la derecha atraída por la carga negativa." correcta="0"/>
        <respuesta contestacion="se queda en reposo ya que las fuerzas de restan entre sí." correcta="1"/>
        <respuesta contestacion="se mueve hacia abajo ya que debe caer." correcta="0"/>
        <respuesta contestacion="se mueve hacia el espacio entre cargas." correcta="0"/>
      </respuestas>
    </cuestion>
    <cuestion>
      <enunciado><![CDATA[Si se mide el voltaje entre dos puntos que están en una de las líneas azules se debe esperar que...]]></enunciado>
      <explicacion/>
      <imagen><![CDATA[CN_11_07_REC240_IMG03n.jpg]]></imagen>
      <ampliacion><![CDATA[CN_11_07_REC240_IMG03a.jpg]]></ampliacion>
      <respuestas>
        <respuesta contestacion="el voltaje sea nulo." correcta="0"/>
        <respuesta contestacion="el voltaje sea positivo." correcta="0"/>
        <respuesta contestacion="el voltaje sea negativo." correcta="1"/>
        <respuesta contestacion="ninguna de las anteriorres." correcta="0"/>
      </respuestas>
    </cuestion>
    <cuestion>
      <enunciado><![CDATA[Se coloca una carga eléctrica negativa con una velocidad inicial, tal y como muestra la figura. Es de esperarse que la partícula...]]></enunciado>
      <explicacion/>
      <imagen><![CDATA[CN_11_07_REC240_IMG04n.jpg]]></imagen>
      <ampliacion><![CDATA[CN_11_07_REC240_IMG04a.jpg]]></ampliacion>
      <respuestas>
        <respuesta contestacion="se mueva en linea recta hacia la derecha." correcta="0"/>
        <respuesta contestacion="haga un movimiento parabólico hacia abajo." correcta="0"/>
        <respuesta contestacion="se mueva en línea recta hacia abajo." correcta="0"/>
        <respuesta contestacion="haga un movimiento parabólico hacia arriba." correcta="1"/>
      </respuestas>
    </cuestion>
    <cuestion>
      <enunciado><![CDATA[A un material conductor se le aumenta su área transversal. Esto implica que la resistencia eléctrica...]]></enunciado>
      <explicacion/>
      <imagen/>
      <ampliacion/>
      <respuestas>
        <respuesta contestacion="disminuye." correcta="1"/>
        <respuesta contestacion="aumenta." correcta="0"/>
        <respuesta contestacion="permanece igual." correcta="0"/>
        <respuesta contestacion="se duplica." correcta="0"/>
      </respuestas>
    </cuestion>
    <cuestion>
      <enunciado><![CDATA[Al hacer un experimento, la gráfica de voltaje y corriente eléctrica sobre un material es una función cuadrática. Esto quiere decir que la resistencia eléctrica es...]]></enunciado>
      <explicacion/>
      <imagen/>
      <ampliacion/>
      <respuestas>
        <respuesta contestacion="ohmica, porque la ley de Ohm es cierta." correcta="0"/>
        <respuesta contestacion="no ohmica, porque la relación no es una línea recta." correcta="1"/>
        <respuesta contestacion="ohmica, porque el voltaje es función de la corriente eléctrica." correcta="0"/>
        <respuesta contestacion="no ohmica, porque la corriente y el voltaje cambian." correcta="0"/>
      </respuestas>
    </cuestion>
    <cuestion>
      <enunciado><![CDATA[Se colocan dos resistencias en serie y se obtiene una resistencia de 6 Ω. Al colocarlas en paralelo se tiene una resistencia total de 4/3 Ω. Cada resistencia tiene un valor de...]]></enunciado>
      <explicacion/>
      <imagen/>
      <ampliacion/>
      <respuestas>
        <respuesta contestacion="3 Ω, ambas." correcta="0"/>
        <respuesta contestacion="5 Ω y 1 Ω." correcta="0"/>
        <respuesta contestacion="4 Ω y 2 Ω." correcta="1"/>
        <respuesta contestacion="6 Ω, ambas." correcta="0"/>
      </respuestas>
    </cuestion>
    <cuestion>
      <enunciado><![CDATA[La corriente eléctrica sobre la resistencia de 3 ohmios es:]]></enunciado>
      <explicacion/>
      <imagen><![CDATA[CN_11_07_REC240_IMG05n.jpg]]></imagen>
      <ampliacion><![CDATA[CN_11_07_REC240_IMG05a.jpg]]></ampliacion>
      <respuestas>
        <respuesta contestacion="2 A" correcta="0"/>
        <respuesta contestacion="3 A" correcta="0"/>
        <respuesta contestacion="5 A" correcta="0"/>
        <respuesta contestacion="8 A" correcta="1"/>
      </respuestas>
    </cuestion>
    <cuestion>
      <enunciado><![CDATA[La resistencia R es igual a:]]></enunciado>
      <explicacion/>
      <imagen><![CDATA[CN_11_07_REC240_IMG05n.jpg]]></imagen>
      <ampliacion><![CDATA[CN_11_07_REC240_IMG05a.jpg]]></ampliacion>
      <respuestas>
        <respuesta contestacion="2  ohmios" correcta="0"/>
        <respuesta contestacion="8  ohmios" correcta="0"/>
        <respuesta contestacion="9  ohmios" correcta="1"/>
        <respuesta contestacion="13 ohmios" correcta="0"/>
      </respuestas>
    </cuestion>
  </test>
</motor>