﻿<?xml version="1.0" encoding="utf-8"?><motor tipo="4" clase="a" aprid="M4a">
  <plataforma>
    <grado><![CDATA[2]]></grado>
    <titulo>Usa la ley de Coulomb</titulo>
    <area>6</area>
    <nivel>2</nivel>
    <referencia><![CDATA[FQ_09_08_08]]></referencia>
    <idreg><![CDATA[78]]></idreg>
    <motor><![CDATA[M4A]]></motor>
    <lang>es</lang>
  </plataforma>
  <enunciado><![CDATA[Resuelve los siguientes problemas de cálculo de magnitudes eléctricas utilizando la ley de Coulomb.]]></enunciado>
  <masinfo inicio="0"/>
  <sinaleatoriedad><![CDATA[0]]></sinaleatoriedad>
  <calc><![CDATA[1]]></calc>
  <respuestaunica><![CDATA[0]]></respuestaunica>
  <test cantidad="10">
    <cuestion>
      <enunciado><![CDATA[Dos cargas puntuales de +5 µC y –8 µC se encuentran en el vacío, separadas por una distancia de 3 m. Calcula la intensidad de la fuerza con la que se atraen entre sí.]]></enunciado>
      <explicacion/>
      <imagen/>
      <ampliacion/>
      <respuestas>
        <respuesta contestacion="0,04 N" correcta="1"/>
        <respuesta contestacion="40 000 N" correcta="0"/>
        <respuesta contestacion="0,45 N" correcta="0"/>
        <respuesta contestacion="40 N" correcta="0"/>
      </respuestas>
    </cuestion>
    <cuestion>
      <enunciado><![CDATA[Dos cargas eléctricas se atraen con una intensidad de 4,5 N. Si una de ellas es de +5 mC y la distancia entre ambas es de 20 cm, calcula el valor de la segunda carga.]]></enunciado>
      <explicacion/>
      <imagen/>
      <ampliacion/>
      <respuestas>
        <respuesta contestacion=" -4 x 10{{sup}}-9{{/subsup}} C" correcta="1"/>
        <respuesta contestacion="+0,4 x 10{{sup}}-9{{/subsup}} C" correcta="0"/>
        <respuesta contestacion="-2,4 x 10{{sup}}9{{/subsup}} C" correcta="0"/>
        <respuesta contestacion="-5 mC" correcta="0"/>
      </respuestas>
    </cuestion>
    <cuestion>
      <enunciado><![CDATA[¿A qué distancia se encuentran dos cargas de +3 µC y –4 µC si sabemos que la fuerza de atracción existente entre ambas tiene un valor de 0,027 N?]]></enunciado>
      <explicacion/>
      <imagen/>
      <ampliacion/>
      <respuestas>
        <respuesta contestacion="2 m" correcta="1"/>
        <respuesta contestacion="40 cm" correcta="0"/>
        <respuesta contestacion="0,85 m" correcta="0"/>
        <respuesta contestacion="10 cm" correcta="0"/>
      </respuestas>
    </cuestion>
    <cuestion>
      <enunciado><![CDATA[Si se duplica la distancia entre dos cargas eléctricas, la fuerza entre ellas se...]]></enunciado>
      <explicacion/>
      <imagen/>
      <ampliacion/>
      <respuestas>
        <respuesta contestacion="duplica." correcta="0"/>
        <respuesta contestacion="cuadruplica." correcta="0"/>
        <respuesta contestacion="hace la mitad." correcta="0"/>
        <respuesta contestacion="hace la cuarta parte." correcta="1"/>
      </respuestas>
    </cuestion>
    <cuestion>
      <enunciado><![CDATA[¿A qué distancia se encuentran dos cargas de - 4,3 x 10{{sup}} -6{{/subsup}} C y +5,4 x 10{{sup}}-6{{/subsup}} C si sabemos que la fuerza de atracción existente entre ambas tiene un valor de 6,45 N?]]></enunciado>
      <explicacion/>
      <imagen/>
      <ampliacion/>
      <respuestas>
        <respuesta contestacion="18 cm" correcta="1"/>
        <respuesta contestacion="2 m" correcta="0"/>
        <respuesta contestacion="45 cm" correcta="0"/>
        <respuesta contestacion="1,8 m" correcta="0"/>
      </respuestas>
    </cuestion>
    <cuestion>
      <enunciado><![CDATA[Dos cargas eléctricas experimentan una fuerza eléctrica determinada entre ellas. Si el la primera carga se duplica y la segunda se triplica, ¿qué ocurre con la fuerza?]]></enunciado>
      <explicacion/>
      <imagen/>
      <ampliacion/>
      <respuestas>
        <respuesta contestacion="Se hace 6 veces mayor." correcta="1"/>
        <respuesta contestacion="Se hace 5 veces mayor." correcta="0"/>
        <respuesta contestacion="Se hace 6 veces menor." correcta="0"/>
        <respuesta contestacion="Se hace 5 veces menor." correcta="0"/>
      </respuestas>
    </cuestion>
    <cuestion>
      <enunciado><![CDATA[Si un medio A tiene una constante dieléctrica mayor que un medio B, ¿en cuál medio serán mayores las fuerzas eléctricas?]]></enunciado>
      <explicacion/>
      <imagen/>
      <ampliacion/>
      <respuestas>
        <respuesta contestacion="En A." correcta="0"/>
        <respuesta contestacion="En B." correcta="1"/>
        <respuesta contestacion="No se puede determinar." correcta="0"/>
        <respuesta contestacion="Las fuerzas son iguales en ambos medios." correcta="0"/>
      </respuestas>
    </cuestion>
    <cuestion>
      <enunciado><![CDATA[Dos cargas puntuales se repelen con una fuerza de 400 N. Si el valor de una de dichas cargas es de +3 x 10{{sup}}-4{{/subsup}} C y la distancia es de 2 m, calcula el valor de segunda carga es]]></enunciado>
      <explicacion/>
      <imagen/>
      <ampliacion/>
      <respuestas>
        <respuesta contestacion="+5,9 x 10{{sup}}-4{{/subsup}} C" correcta="1"/>
        <respuesta contestacion="+7,4 x 10³ C" correcta="0"/>
        <respuesta contestacion="-2,8 x 10{{sup}}-4{{/subsup}} C" correcta="0"/>
        <respuesta contestacion="-5,9 x 10{{sup}}-4{{/subsup}} C" correcta="0"/>
      </respuestas>
    </cuestion>
    <cuestion>
      <enunciado><![CDATA[Dos cargas puntuales de 10 C y 12 C se sumergen en aceite separadas por una distancia de 30 m. Si la constante dieléctrica del aceite es 4,6, la fuerza entre ellas es]]></enunciado>
      <explicacion/>
      <imagen/>
      <ampliacion/>
      <respuestas>
        <respuesta contestacion="3,6 x 10{{sup}}10{{/subsup}} N" correcta="0"/>
        <respuesta contestacion="1,2 x 10{{sup}}9{{/subsup}} N" correcta="0"/>
        <respuesta contestacion="2,6 x 10{{sup}}8{{/subsup}} N" correcta="1"/>
        <respuesta contestacion="7,8 x 10{{sup}}9{{/subsup}} N" correcta="0"/>
      </respuestas>
    </cuestion>
    <cuestion>
      <enunciado><![CDATA[Una fuerza eléctrica de 81 N en el vacío tiene una magnitud de 30 N en la gasolina. ¿Cuál es la constante dieléctrica de la gasolina?]]></enunciado>
      <explicacion/>
      <imagen/>
      <ampliacion/>
      <respuestas>
        <respuesta contestacion="2,7" correcta="1"/>
        <respuesta contestacion="51" correcta="0"/>
        <respuesta contestacion="0,37" correcta="0"/>
        <respuesta contestacion="111" correcta="0"/>
      </respuestas>
    </cuestion>
  </test>
</motor>