<?xml version="1.0" encoding="iso-8859-1"?>
<metadata xmlns="urn:InfoRecurso">
  <identificador>RES-70CEFE9D9E3F428DBCD07E30C6D90D35</identificador>
  <loid>CN_07_08_CO_Recurso240</loid>
  <titulo>Banco de actividades:</titulo>
  <descripcion>Banco de preguntas de respuesta abierta del tema Cambios en los ecosistemas</descripcion>
  <relacionado>0</relacionado>
  <tiporecurso>Recurso sin ficha</tiporecurso>
  <tiempoestimado>30</tiempoestimado>
  <acciondidactica>Generador de actividades</acciondidactica>
  <competencia>Competencia en el conocimiento y la interacci�n con el mundo f�sico</competencia>
  <tipomedia pesado="false" matricula="">Actividad</tipomedia>
  <conceptos>
    <concepto>cambios naturales</concepto>
    <concepto>cambios artificiales</concepto>
    <concepto>ecosistemas</concepto>
    <concepto>cambios locales</concepto>
    <concepto> cambios globales</concepto>
    <concepto>
    </concepto>
  </conceptos>
</metadata>