﻿<?xml version="1.0" encoding="utf-8"?><motor tipo="5" clase="b" aprid="m5b">
  <plataforma>
    <grado><![CDATA[2]]></grado>
    <titulo>Aprende sobre la radiactividad</titulo>
    <area>0</area>
    <nivel>1</nivel>
    <referencia/>
    <idreg><![CDATA[0]]></idreg>
    <motor><![CDATA[M5B]]></motor>
    <lang>es</lang>
  </plataforma>
  <enunciado><![CDATA[Responde las siguientes preguntas relacionadas con el video.]]></enunciado>
  <masinfo inicio="0"/>
  <sinaleatoriedad><![CDATA[0]]></sinaleatoriedad>
  <calc><![CDATA[0]]></calc>
  <respuestaunica><![CDATA[0]]></respuestaunica>
  <test cantidad="5">
    <cuestion>
      <enunciado><![CDATA[¿Con qué nombre se conoce al fenómeno de desintegración de núcleos atómicos?  ]]></enunciado>
      <explicacion/>
      <video><![CDATA[AN001065_CO_LO.mp4]]></video>
      <salto/>
      <respuestas>
        <respuesta contestacion="Atomismo" correcta="0"/>
        <respuesta contestacion="Radiactividad" correcta="1"/>
        <respuesta contestacion="Desintegración" correcta="0"/>
        <respuesta contestacion="Fusión" correcta="0"/>
      </respuestas>
    </cuestion>
    <cuestion>
      <enunciado><![CDATA[En una radiación electromagnética, ¿qué tipo de radiación se emite? ]]></enunciado>
      <explicacion/>
      <video><![CDATA[AN001065_CO_LO.mp4]]></video>
      <salto/>
      <respuestas>
        <respuesta contestacion="Gamma" correcta="1"/>
        <respuesta contestacion="Alfa" correcta="0"/>
        <respuesta contestacion="Beta" correcta="0"/>
        <respuesta contestacion="Eléctrica" correcta="0"/>
      </respuestas>
    </cuestion>
    <cuestion>
      <enunciado><![CDATA[¿Cómo se llama al electrón positivo? ]]></enunciado>
      <explicacion/>
      <video><![CDATA[AN001065_CO_LO.mp4]]></video>
      <salto/>
      <respuestas>
        <respuesta contestacion="Protón" correcta="0"/>
        <respuesta contestacion="Neutrón" correcta="0"/>
        <respuesta contestacion="Positrón" correcta="1"/>
        <respuesta contestacion="Electrón" correcta="0"/>
      </respuestas>
    </cuestion>
    <cuestion>
      <enunciado><![CDATA[¿Qué partículas se obtienen cuando un neutrón se transforma en un protón y se emite un electrón?]]></enunciado>
      <explicacion/>
      <video><![CDATA[AN001065_CO_LO.mp4]]></video>
      <salto/>
      <respuestas>
        <respuesta contestacion="Alfa" correcta="0"/>
        <respuesta contestacion="Beta" correcta="1"/>
        <respuesta contestacion="Gamma" correcta="0"/>
        <respuesta contestacion="Omega" correcta="0"/>
      </respuestas>
    </cuestion>
    <cuestion>
      <enunciado><![CDATA[¿Con qué material se puede detener la radiación Beta? ]]></enunciado>
      <explicacion/>
      <video><![CDATA[AN001065_CO_LO.mp4]]></video>
      <salto/>
      <respuestas>
        <respuesta contestacion="Papel" correcta="0"/>
        <respuesta contestacion="Madera " correcta="0"/>
        <respuesta contestacion="Aluminio" correcta="1"/>
        <respuesta contestacion="Porcelana" correcta="0"/>
      </respuestas>
    </cuestion>
  </test>
</motor>