﻿<?xml version="1.0" encoding="UTF-8"?><motor tipo="1" clase="b" aprid="M1b"><enunciado><![CDATA[Relaciona las siguientes propiedades de los metales con su definición.]]></enunciado><masinfo inicio="0" /><sinaleatoriedad><![CDATA[0]]></sinaleatoriedad><calc><![CDATA[0]]></calc><textoatexto cantidad="5"><cuestion><pregunta><![CDATA[Plasticidad]]></pregunta><respuesta><![CDATA[Capacidad de deformarse permanentemente sin romperse.]]></respuesta></cuestion><cuestion><pregunta><![CDATA[Electronegatividad baja]]></pregunta><respuesta><![CDATA[Poca tendencia a captar electrones.]]></respuesta></cuestion><cuestion><pregunta><![CDATA[Ductilidad]]></pregunta><respuesta><![CDATA[Capacidad de deformarse en hilos o alambres sin romperse.]]></respuesta></cuestion><cuestion><pregunta><![CDATA[Maleabilidad]]></pregunta><respuesta><![CDATA[Capacidad de deformarse en láminas sin romperse.]]></respuesta></cuestion><cuestion><pregunta><![CDATA[Tenacidad]]></pregunta><respuesta><![CDATA[Capacidad de ser golpeado sin romperse.]]></respuesta></cuestion></textoatexto><textofalso cantidad="0" /><plataforma><grado><![CDATA[2]]></grado><titulo>Descubre las propiedades de los metales</titulo><area>6</area><nivel>2</nivel><referencia><![CDATA[FQ_10_11_05]]></referencia><idreg><![CDATA[152 ]]></idreg><motor><![CDATA[M1B]]></motor><lang>es</lang></plataforma></motor>