﻿<?xml version="1.0" encoding="utf-8"?><motor tipo="2" clase="a" aprid="M2a">
  <plataforma>
    <grado><![CDATA[2]]></grado>
    <titulo>Conoce el experimento de Rutherford</titulo>
    <area>6</area>
    <nivel>2</nivel>
    <referencia><![CDATA[FQ_10_10_03]]></referencia>
    <idreg><![CDATA[168 ]]></idreg>
    <motor><![CDATA[M2A]]></motor>
    <lang>es</lang>
  </plataforma>
  <enunciado><![CDATA[Lee con atención el texto sobre el experimento de Rutherford y complétalo con las palabras que faltan.]]></enunciado>
  <masinfo inicio="0"/>
  <calc><![CDATA[0]]></calc>
  <sonido/>
  <textoacategoria>
    <cuestion>
      <pregunta><![CDATA[[*] realizó en 1911 una experiencia para confirmar el modelo atómico de [*]en el cual el átomo está compuesto por [*] incrustadas en una [*]. En el experimento se bombardeó con [*] una fina lámina de oro. Las partículas debían atravesar la lámina sin apenas desviarse ya que, a pesar de que dichas partículas tienen carga eléctrica [*], la esfera del átomo debía ser [*] al estar las cargas positivas y negativas distribuidas de manera uniforme. Sin embargo, algunas sufrieron [*] grandes y, lo más importante, un pequeño número de partículas [*]. Rutherford ideó un nuevo modelo para explicar el resultado del experimento: un núcleo positivo en torno al cual giran electrones cuya masa es [*].]]></pregunta>
      <respuestas>
        <respuesta orden="1"><![CDATA[Rutherford]]></respuesta>
        <respuesta orden="2"><![CDATA[Thomson]]></respuesta>
        <respuesta orden="3"><![CDATA[partículas negativas]]></respuesta>
        <respuesta orden="4"><![CDATA[esfera positiva]]></respuesta>
        <respuesta orden="5"><![CDATA[partículas α]]></respuesta>
        <respuesta orden="6"><![CDATA[positiva]]></respuesta>
        <respuesta orden="7"><![CDATA[neutra]]></respuesta>
        <respuesta orden="8"><![CDATA[desviaciones]]></respuesta>
        <respuesta orden="9"><![CDATA[rebotaron]]></respuesta>
        <respuesta orden="10"><![CDATA[insignificante]]></respuesta>
      </respuestas>
    </cuestion>
  </textoacategoria>
  <textofalso cantidad="0"/>
</motor>