﻿<?xml version="1.0" encoding="utf-8"?><motor tipo="5" clase="a" aprid="M5a">
  <plataforma>
    <grado><![CDATA[2]]></grado>
    <titulo>Practica con la configuración electrónica de los átomos</titulo>
    <area>6</area>
    <nivel>2</nivel>
    <referencia><![CDATA[FQ_10_10_04]]></referencia>
    <idreg><![CDATA[169]]></idreg>
    <motor><![CDATA[M5A]]></motor>
    <lang>es</lang>
  </plataforma>
  <enunciado><![CDATA[Observa el elemento de la imagen y deduce su configuración electrónica.]]></enunciado>
  <masinfo inicio="0"/>
  <sinaleatoriedad><![CDATA[0]]></sinaleatoriedad>
  <calc><![CDATA[0]]></calc>
  <respuestaunica><![CDATA[1]]></respuestaunica>
  <test cantidad="8">
    <cuestion>
      <enunciado><![CDATA[¿Qué configuración electrónica corresponde al elemento de la imagen?]]></enunciado>
      <explicacion/>
      <imagen><![CDATA[GT-FQ_10_10_04-1.jpg]]></imagen>
      <ampliacion/>
      <respuestas>
        <respuesta contestacion="1{{cur}}s{{normal}}² 2{{cur}}s{{normal}}² 2{{cur}}p{{normal}}{{sup}}6{{normal}}" correcta="1"/>
        <respuesta contestacion="1{{cur}}s{{normal}}² 2{{cur}}s{{normal}}² 2{{cur}}p{{normal}}{{sup}}5{{normal}}" correcta="0"/>
        <respuesta contestacion="1{{cur}}s{{normal}}² 2{{cur}}s{{normal}}² 2{{cur}}p{{normal}}{{sup}}6{{normal}} 3s¹" correcta="0"/>
        <respuesta contestacion="1{{cur}}s{{normal}}² 2{{cur}}s{{normal}}² 2{{cur}}p{{normal}}{{sup}}6{{normal}} 3s²" correcta="0"/>
      </respuestas>
    </cuestion>
    <cuestion>
      <enunciado><![CDATA[¿Qué configuración electrónica corresponde al elemento de la imagen?]]></enunciado>
      <explicacion/>
      <imagen><![CDATA[FQ_10_10_04_V02_286.jpg]]></imagen>
      <ampliacion><![CDATA[FQ_10_10_04_V02.jpg]]></ampliacion>
      <respuestas>
        <respuesta contestacion="1s² 2s² 2p{{sup}}6{{normal}} 3{{cur}}s{{normal}}² 3{{cur}}p{{normal}}{{sup}}6{{normal}}" correcta="1"/>
        <respuesta contestacion="1{{cur}}s{{normal}}² 2{{cur}}s{{normal}}² 2{{cur}}p{{normal}}{{sup}}6{{normal}} 3s¹" correcta="0"/>
        <respuesta contestacion="1{{cur}}s{{normal}}² 2{{cur}}s{{normal}}² 2{{cur}}p{{normal}}{{sup}}6{{normal}} 3{{cur}}s{{normal}}² 3{{cur}}p{{normal}}{{sup}}5{{normal}}" correcta="0"/>
        <respuesta contestacion="1{{cur}}s{{normal}}² 2{{cur}}s{{normal}}² 2{{cur}}p{{normal}}{{sup}}6{{normal}} 3{{cur}}s{{normal}}² 3{{cur}}p{{normal}}{{sup}}4{{normal}}" correcta="0"/>
      </respuestas>
    </cuestion>
    <cuestion>
      <enunciado><![CDATA[¿Qué configuración electrónica corresponde al elemento de la imagen?]]></enunciado>
      <explicacion/>
      <imagen><![CDATA[GT-FQ_10_10_04-3.jpg]]></imagen>
      <ampliacion/>
      <respuestas>
        <respuesta contestacion="1{{cur}}s{{normal}}² 2{{cur}}s{{normal}}² 2{{cur}}p{{normal}}{{sup}}6{{normal}}" correcta="1"/>
        <respuesta contestacion="1{{cur}}s{{normal}}² 2{{cur}}s{{normal}}² 2{{cur}}p{{normal}}{{sup}}6{{normal}} 3{{cur}}s{{normal}}²" correcta="0"/>
        <respuesta contestacion="1{{cur}}s{{normal}}² 2{{cur}}s{{normal}}² 2{{cur}}p{{normal}}{{sup}}6{{normal}} 3{{cur}}s{{normal}}¹" correcta="0"/>
        <respuesta contestacion="1{{cur}}s{{normal}}² 2{{cur}}s{{normal}}² 2{{cur}}p{{normal}}{{sup}}5{{normal}}" correcta="0"/>
      </respuestas>
    </cuestion>
    <cuestion>
      <enunciado><![CDATA[¿Qué configuración electrónica corresponde al elemento de la imagen?]]></enunciado>
      <explicacion/>
      <imagen><![CDATA[GT-FQ_10_10_04-4.jpg]]></imagen>
      <ampliacion/>
      <respuestas>
        <respuesta contestacion="[Ne] 3{{cur}}s{{normal}}² 3{{cur}}p{{normal}}³" correcta="1"/>
        <respuesta contestacion="[He] 3{{cur}}s{{normal}}² 3{{cur}}p{{normal}}³" correcta="0"/>
        <respuesta contestacion="[Ne] 3{{cur}}s{{normal}}² 3{{cur}}p{{normal}}²" correcta="0"/>
        <respuesta contestacion="[Ar] 3{{cur}}s{{normal}}² 3{{cur}}p{{normal}}²" correcta="0"/>
      </respuestas>
    </cuestion>
    <cuestion>
      <enunciado><![CDATA[¿Qué configuración electrónica corresponde al elemento de la imagen?]]></enunciado>
      <explicacion/>
      <imagen><![CDATA[GT-FQ_10_10_04-5.jpg]]></imagen>
      <ampliacion/>
      <respuestas>
        <respuesta contestacion="[Ar] 4{{cur}}s{{normal}}² 3{{cur}}d{{normal}}{{sup}}10{{normal}} 4{{cur}}p{{normal}}{{sup}}4{{normal}}" correcta="1"/>
        <respuesta contestacion="[Kr] 4{{cur}}s{{normal}}² 3{{cur}}d{{normal}}{{sup}}10{{normal}} 4{{cur}}p{{normal}}{{sup}}4{{normal}}" correcta="0"/>
        <respuesta contestacion="[Ar] 4{{cur}}s{{normal}}² 3{{cur}}d{{normal}}{{sup}}10{{normal}} 4{{cur}}p{{normal}}{{sup}}3{{normal}}" correcta="0"/>
        <respuesta contestacion="[Kr] 4{{cur}}s{{normal}}² 3{{cur}}d{{normal}}{{sup}}10{{normal}}" correcta="0"/>
      </respuestas>
    </cuestion>
    <cuestion>
      <enunciado><![CDATA[¿Qué configuración electrónica corresponde al elemento de la imagen?]]></enunciado>
      <explicacion/>
      <imagen><![CDATA[GT-FQ_10_10_04-6.jpg]]></imagen>
      <ampliacion/>
      <respuestas>
        <respuesta contestacion="[Kr] 5{{cur}}s{{normal}}² 4{{cur}}d{{normal}}{{sup}}10{{normal}} 5{{cur}}p{{normal}}²" correcta="1"/>
        <respuesta contestacion="[Kr] 5{{cur}}s{{normal}}² 4{{cur}}d{{normal}}{{sup}}10{{normal}} 5{{cur}}p{{normal}}{{sup}}3{{normal}}" correcta="0"/>
        <respuesta contestacion="[Ar] 5{{cur}}s{{normal}}² 4{{cur}}d{{normal}}{{sup}}10{{normal}} 5{{cur}}p{{normal}}²" correcta="0"/>
        <respuesta contestacion="[Kr] 5{{cur}}s{{normal}}² 4{{cur}}d{{normal}}{{sup}}10{{normal}} 5{{cur}}p{{normal}}¹" correcta="0"/>
      </respuestas>
    </cuestion>
    <cuestion>
      <enunciado><![CDATA[¿Qué configuración electrónica corresponde al elemento de la imagen?]]></enunciado>
      <explicacion/>
      <imagen><![CDATA[GT-FQ_10_10_04-7.jpg]]></imagen>
      <ampliacion/>
      <respuestas>
        <respuesta contestacion="[Ar] 4{{cur}}s{{normal}}²" correcta="1"/>
        <respuesta contestacion="[Kr] 5{{cur}}s{{normal}}² 4{{cur}}d{{normal}}{{sup}}10{{normal}} 5{{cur}}p{{normal}}²" correcta="0"/>
        <respuesta contestacion="[Kr] 4{{cur}}s{{normal}}² 4{{cur}}d{{normal}}{{sup}}9{{normal}}" correcta="0"/>
        <respuesta contestacion="[Ar] 5{{cur}}s{{normal}}² 4{{cur}}d{{normal}}{{sup}}10{{normal}}" correcta="0"/>
      </respuestas>
    </cuestion>
    <cuestion>
      <enunciado><![CDATA[¿Qué configuración electrónica corresponde al elemento de la imagen?]]></enunciado>
      <explicacion/>
      <imagen><![CDATA[GT-FQ_10_10_04-8.jpg]]></imagen>
      <ampliacion/>
      <respuestas>
        <respuesta contestacion="[Xe] 6{{cur}}s{{normal}}² 4{{cur}}f{{normal}}{{sup}}3{{normal}}" correcta="0"/>
        <respuesta contestacion="[Xe] 6{{cur}}s{{normal}}² 4{{cur}}f{{normal}}{{sup}}4{{normal}}" correcta="1"/>
        <respuesta contestacion="[Xe] 6{{cur}}s{{normal}}² 4{{cur}}f{{normal}}{{sup}}2{{normal}}" correcta="0"/>
        <respuesta contestacion="[Rn] 6{{cur}}s{{normal}}² 4{{cur}}f{{normal}}{{sup}}3{{normal}}" correcta="0"/>
      </respuestas>
    </cuestion>
  </test>
</motor>