<?xml version='1.0' encoding='UTF-8'?><motor tipo="1" clase="b" aprid="m1b">
  <plataforma>
    <grado><![CDATA[2]]></grado>
    <titulo/>
    <area>0</area>
    <nivel>1</nivel>
    <referencia/>
    <idreg><![CDATA[0]]></idreg>
    <motor><![CDATA[M1B]]></motor>
    <lang>es</lang>
  </plataforma>
  <enunciado><![CDATA[Relaciona las partes del sistema digestivo con la función respectiva.]]></enunciado>
  <masinfo inicio="0"/>
  <sinaleatoriedad><![CDATA[0]]></sinaleatoriedad>
  <calc><![CDATA[0]]></calc>
  <textoatexto cantidad="5">
    <cuestion>
      <pregunta><![CDATA[Estómago]]></pregunta>
      <respuesta><![CDATA[En este órgano se realiza gran parte de la digestión química, dado que allí actúan los jugos gástricos.]]></respuesta>
    </cuestion>
    <cuestion>
      <pregunta><![CDATA[Boca]]></pregunta>
      <respuesta><![CDATA[Lugar por donde se ingieren y se trituran los alimentos por acción de los dientes.]]></respuesta>
    </cuestion>
    <cuestion>
      <pregunta><![CDATA[Intestino grueso]]></pregunta>
      <respuesta><![CDATA[En este órgano se absorbe agua del alimento que no fue digerido.]]></respuesta>
    </cuestion>
    <cuestion>
      <pregunta><![CDATA[Intestino delgado]]></pregunta>
      <respuesta><![CDATA[Es el órgano en el que se realiza la absorción de nutrientes.]]></respuesta>
    </cuestion>
    <cuestion>
      <pregunta><![CDATA[Hígado]]></pregunta>
      <respuesta><![CDATA[En este órgano se produce la bilis, la cual es una sustancia que ayuda a descomponer lípidos y grasas.]]></respuesta>
    </cuestion>
  </textoatexto>
  <textofalso cantidad="0"/>
</motor>