﻿<?xml version="1.0" encoding="UTF-8"?>
<motor tipo="1" clase="b" aprid="M1b">
  <enunciado>Relaciona los materiales de uso industrial con su característica.</enunciado>
  <textoatexto cantidad="5">
    <cuestion>
      <pregunta>Metal</pregunta>
      <respuesta>Al mezclarse entre ellos forman aleaciones.</respuesta>
    </cuestion>
    <cuestion>
      <pregunta>Papel</pregunta>
      <respuesta>Mezcla de celulosa a la que se le añaden otras sustancias para darle nuevas propiedades.</respuesta>
    </cuestion>
    <cuestion>
      <pregunta>Fibra textil</pregunta>
      <respuesta>Material compuesto por filamentos naturales o artificiales que forman hilos o telas.</respuesta>
    </cuestion>
    <cuestion>
      <pregunta>Cerámica</pregunta>
      <respuesta>Material formado generalmente por mezclas de arcillas.</respuesta>
    </cuestion>
    <cuestion>
      <pregunta>Vidrio</pregunta>
      <respuesta>Mezcla homogénea de arena de sílice, carbonato de sodio y caliza.</respuesta>
    </cuestion>
  </textoatexto>
  <textofalso cantidad="0">
  </textofalso>
  <plataforma>
    <grado><![CDATA[2]]></grado>
    <titulo>Caracteriza los materiales de uso industrial</titulo>
    <volumen><![CDATA[1]]></volumen>
    <nivel><![CDATA[2]]></nivel>
    <referencia><![CDATA[cn_07_11_11]]></referencia>
    <id_reg><![CDATA[160]]></id_reg>
    <motor><![CDATA[M1b]]></motor>
    <lang>es</lang>
  </plataforma>
</motor>