﻿<?xml version="1.0" encoding="utf-8"?><motor tipo="2" clase="a" aprid="m2a">
  <plataforma>
    <grado><![CDATA[1]]></grado>
    <titulo>¿Qué sabes de la clasificación de la materia?</titulo>
    <area>0</area>
    <nivel>1</nivel>
    <referencia/>
    <idreg><![CDATA[0]]></idreg>
    <motor><![CDATA[M2A]]></motor>
    <lang>es</lang>
  </plataforma>
  <enunciado><![CDATA[Rellena los espacios eligiendo los términos apropiados para darle sentido correcto al siguiente texto. ]]></enunciado>
  <masinfo inicio="0"/>
  <calc><![CDATA[0]]></calc>
  <sonido/>
  <textoacategoria>
    <cuestion>
      <pregunta><![CDATA[La materia se puede clasificar en dos grandes grupos, las [*] y las [*]. Las primeras tienen propiedades características que las distinguen, sin tener en cuenta la cantidad, y las segundas son agrupaciones [*] de dos o más sustancias puras, que se pueden separar mediante procesos físicos y además se pueden clasificar en [*] y [*]. Los compuestos químicos son sustancias puras formadas por más de un tipo de [*], que a su vez constituyen los [*], y que están organizados en la [*].]]></pregunta>
      <respuestas>
        <respuesta orden="1"><![CDATA[sustancias puras]]></respuesta>
        <respuesta orden="2"><![CDATA[mezclas]]></respuesta>
        <respuesta orden="3"><![CDATA[físicas ]]></respuesta>
        <respuesta orden="4"><![CDATA[homogéneas ]]></respuesta>
        <respuesta orden="5"><![CDATA[heterogéneas]]></respuesta>
        <respuesta orden="6"><![CDATA[átomos]]></respuesta>
        <respuesta orden="7"><![CDATA[elementos químicos]]></respuesta>
        <respuesta orden="8"><![CDATA[tabla periódica]]></respuesta>
      </respuestas>
    </cuestion>
  </textoacategoria>
  <textofalso cantidad="0"/>
</motor>