﻿<?xml version="1.0" encoding="utf-8"?>
<motor tipo="1" clase="b" aprid="m1b">
  <plataforma>
    <grado><![CDATA[2]]></grado>
    <titulo>Las enfermedades asociadas al sistema digestivo</titulo>
    <area>0</area>
    <nivel>1</nivel>
    <referencia />
    <idreg><![CDATA[0]]></idreg>
    <motor><![CDATA[M1B]]></motor>
    <lang>es</lang>
  </plataforma>
  <enunciado><![CDATA[Relaciona las enfermedades asociadas al sistema digestivo con su respectiva descripción.]]></enunciado>
  <masinfo inicio="0" />
  <sinaleatoriedad><![CDATA[0]]></sinaleatoriedad>
  <calc><![CDATA[0]]></calc>
  <textoatexto cantidad="4">
    <cuestion>
      <pregunta><![CDATA[Caries]]></pregunta>
      <respuesta><![CDATA[Son perforaciones que aparecen en los dientes debido a bacterias que convierten los alimentos en ácidos.]]></respuesta>
    </cuestion>
    <cuestion>
      <pregunta><![CDATA[Gastritis]]></pregunta>
      <respuesta><![CDATA[Es la inflamación o hinchazón de la cubierta interna del estómago. Puede durar un corto tiempo o prolongarse por años.]]></respuesta>
    </cuestion>
    <cuestion>
      <pregunta><![CDATA[Diarrea]]></pregunta>
      <respuesta><![CDATA[Consiste en la eliminación de heces muy líquidas. Generalmente, se presenta por infecciones intestinales.]]></respuesta>
    </cuestion>
    <cuestion>
      <pregunta><![CDATA[Colon irritable]]></pregunta>
      <respuesta><![CDATA[Aparición de dolor abdominal. Algunos síntomas son: calambres, hinchazón, gases y cambios en los hábitos de evacuación intestinal.]]></respuesta>
    </cuestion>
  </textoatexto>
  <textofalso cantidad="0" />
</motor>