﻿<?xml version="1.0" encoding="UTF-8"?>
<motor tipo="4" clase="a" aprid="m4a">
  <plataforma>
    <grado><![CDATA[2]]></grado>
    <titulo>Las características de las plantas</titulo>
    <area>0</area>
    <nivel>1</nivel>
    <referencia />
    <idreg><![CDATA[0]]></idreg>
    <motor><![CDATA[M4A]]></motor>
    <lang>es</lang>
  </plataforma>
  <enunciado><![CDATA[Responde las siguientes preguntas acerca de las características de las plantas.]]></enunciado>
  <masinfo inicio="0" />
  <sinaleatoriedad><![CDATA[0]]></sinaleatoriedad>
  <calc><![CDATA[0]]></calc>
  <respuestaunica><![CDATA[0]]></respuestaunica>
  <test cantidad="8">
    <cuestion>
      <enunciado><![CDATA[¿Qué tipo de célula constituye a las plantas? ]]></enunciado>
      <explicacion />
      <imagen />
      <respuestas>
        <respuesta contestacion="Procariota." correcta="0" />
        <respuesta contestacion="Unicelular." correcta="0" />
        <respuesta contestacion="Eucariota" correcta="1" />
      </respuestas>
    </cuestion>
    <cuestion>
      <enunciado><![CDATA[Teniendo en cuenta que las plantas son capaces de fabricar su propio alimento, ¿qué tipo de nutrición tienen?]]></enunciado>
      <explicacion />
      <imagen />
      <respuestas>
        <respuesta contestacion="Heterótrofa." correcta="0" />
        <respuesta contestacion="Absorción." correcta="0" />
        <respuesta contestacion="Autótrofa." correcta="1" />
      </respuestas>
    </cuestion>
    <cuestion>
      <enunciado><![CDATA[¿Cuál de las siguientes características no la poseen los musgos y hepáticas?]]></enunciado>
      <explicacion />
      <imagen />
      <respuestas>
        <respuesta contestacion="Tejidos especializados de transporte de sustancias." correcta="1" />
        <respuesta contestacion="Realizan la fotosíntesis." correcta="0" />
        <respuesta contestacion="Mecanismos de reproducción." correcta="0" />
      </respuestas>
    </cuestion>
    <cuestion>
      <enunciado><![CDATA[¿Cómo se llaman las estructuras que utilizan los helechos para realizar el proceso de reproducción?]]></enunciado>
      <explicacion />
      <imagen />
      <respuestas>
        <respuesta contestacion="Semillas." correcta="0" />
        <respuesta contestacion="Esporas." correcta="1" />
        <respuesta contestacion="Hojas." correcta="0" />
      </respuestas>
    </cuestion>
    <cuestion>
      <enunciado><![CDATA[¿Qué nombre recibe el orgánulo celular encargado de realizar el proceso de fotosíntesis en las plantas?]]></enunciado>
      <explicacion />
      <imagen />
      <respuestas>
        <respuesta contestacion="Vacuola." correcta="0" />
        <respuesta contestacion="Ribosoma." correcta="0" />
        <respuesta contestacion="Cloroplasto." correcta="1" />
      </respuestas>
    </cuestion>
    <cuestion>
      <enunciado><![CDATA[¿Cuál de las siguientes fórmulas corresponde a la fotosíntesis? ]]></enunciado>
      <explicacion />
      <imagen />
      <respuestas>
        <respuesta contestacion="6CO{{sub}}2{{normal}} + 6H{{sub}}2{{normal}}O + energía solar ⋙ C{{sub}}6{{normal}}H{{sub}}12{{normal}}O{{sub}}6{{normal}} + 6O{{sub}}2{{normal}}" correcta="1" />
        <respuesta contestacion="6O{{sub}}2{{normal}} + 6CO{{sub}}2{{normal}} + energía química ⋙ C{{sub}}6{{normal}}H{{sub}}12{{normal}}O{{sub}}6{{normal}} + 6H{{sub}}2{{normal}}O" correcta="0" />
        <respuesta contestacion="6H{{sub}}2{{normal}}O + 6CO{{sub}}2{{normal}} ⋙ Energía solar + C{{sub}}6{{normal}}H{{sub}}12{{normal}}O{{sub}}6{{normal}} + 6O{{sub}}2{{normal}}" correcta="0" />
      </respuestas>
    </cuestion>
    <cuestion>
      <enunciado><![CDATA[¿Cómo se llama la sustancia que conforma la pared celular de las células vegetales?]]></enunciado>
      <explicacion />
      <imagen />
      <respuestas>
        <respuesta contestacion="Celulosa." correcta="1" />
        <respuesta contestacion="Quitina." correcta="0" />
        <respuesta contestacion="Parafina." correcta="0" />
      </respuestas>
    </cuestion>
    <cuestion>
      <enunciado><![CDATA[En la cadena alimenticia, ¿qué nombre reciben las plantas?]]></enunciado>
      <explicacion />
      <imagen />
      <respuestas>
        <respuesta contestacion="Consumidores." correcta="0" />
        <respuesta contestacion="Descomponedores." correcta="0" />
        <respuesta contestacion="Productores." correcta="1" />
      </respuestas>
    </cuestion>
  </test>
  <temps>
  </temps>
</motor>