﻿<?xml version="1.0" encoding="UTF-8"?>
<?xml-stylesheet href="cuadernoestudio/dtd/libro.xslt" type="text/xsl"?>
<!--Arbortext, Inc., 1988-2013, v.4002-->
<!DOCTYPE libro SYSTEM "cuadernoestudio/dtd/libro.dtd">
<libro id="CN_08_09_CO">
<libroTitulo>Los ácidos y las bases</libroTitulo>
<seccion1 id="S1_CN_08_09_CO_340DC584679641289E750854383DEEFF">
<seccion1Titulo>Qué son los ácidos y las bases</seccion1Titulo>
<seccion1Texto>
<p>Los ácidos y las bases son dos grupos de sustancias químicas que
están presentes en muchos productos de uso cotidiano. Por ejemplo,
los frutos cítricos, el vinagre usado en las ensaladas y algunos medicamentos
como la aspirina contienen <negrita>ácidos</negrita>. El uso de algunas
sustancias <negrita>básicas</negrita> se puede encontrar en jabones,
antiácidos y agroquímicos para jardinería, entre otros.</p>
<imagen src="CN_08_09_CO_img_01_small.jpg">
<p>El vinagre de manzana que consumimos contiene sustancias de carácter
ácido. Producto de la fermentación, los azúcares de la manzana se
transforman en ácido málico y ácido acético. Se utiliza para la limpieza
y la conservación de alimentos.</p>
</imagen>
<profundiza>
<enlace
destino="/LoIdRedirect.aspx?LoId=CN_08_09_CO_Recurso010&amp;IdRecurso=RES-34B20377A75647CFA57A148E9757C6FC"
>Conoce el nombre de algunos ácidos y bases</enlace>
</profundiza><seccion2
id="S2_CN_08_09_CO_20BA8EA58F5B453F82DB8699A5DCBC4B">
<seccion2Titulo>Los ácidos</seccion2Titulo>
<seccion2Texto>
<p>Los ácidos poseen una serie de <negrita>propiedades</negrita> que
sirven para clasificarlos y reconocerlos. Además, los ácidos se caracterizan
por cambiar las propiedades químicas de la solución donde se adicionan.
Por ejemplo, al adicionar 50 mililitros de jugo de limón a medio litro
de agua, la solución resultante nos da un sabor agrio característico.
El principal componente del jugo de limón es el ácido cítrico (C<subindice
>6</subindice>H<subindice>8</subindice>O<subindice>7</subindice>).</p>
<recuerda><recuerdaTexto>
<p>La palabra <negrita>ácido proviene</negrita> del latín <cursiva
>acidus</cursiva>, que significa “agrio”.</p>
</recuerdaTexto></recuerda>
<p>Algunos ácidos, como el sulfúrico (H<subindice>2</subindice>SO<subindice
>4</subindice>) en solución acuosa, son conductores de la corriente
eléctrica, con este propósito se usa en las baterías de los automóviles.
Se debe tener cuidado con las sustancias ácidas, ya que su naturaleza
química hace que sean peligrosas al entrar en contacto con la piel.
Generalmente, los ácidos son sustancias corrosivas, es decir, tienen
la capacidad de disolver los metales. Por ejemplo, cuando el zinc
se disuelve en ácido clorhídrico se forma el ion Zn<superindice>+2</superindice>
.</p>
<p>Los ácidos, al reaccionar con las bases, forman agua. Por ejemplo,
el ácido clorhídrico (HCl) al reaccionar con hidróxido de potasio
(KOH).</p>
<recuerda><recuerdaTexto>
<p>Las <negrita>sustancias corrosivas</negrita>, al contacto con la
piel, producen irritación e, incluso, quemaduras graves. Por tal motivo,
su manipulación debe hacerse utilizando elementos de protección personal
como guantes apropiados, bata, gafas, entre otros.</p>
</recuerdaTexto></recuerda><destacado><destacadoTitulo>Algunas características
de los ácidos</destacadoTitulo><destacadoTexto>
<p>•	Son corrosivos e irritantes.</p>
<p>•	Disuelven muchas sustancias.</p>
<p>•	En disolución acuosa, son conductores de la corriente eléctrica</p>
<p>•	Se clasifican en ácidos fuertes y ácidos débiles, de acuerdo
con su comportamiento en solución.</p>
</destacadoTexto></destacado>
<p>Los residuos contaminantes generados por la industria y los vehículos
contribuyen a la formación de la lluvia ácida.</p>
<imagen src="CN_08_09_CO_img_02_small.jpg">
<p>Los ácidos son irritantes y producen quemaduras. Es importante
usar elementos de protección personal para su manipulación y contar
con una orientación profesional para su uso. El ácido fluorhídrico
(HF) y el ácido perclórico (HClO<subindice>4</subindice>) requieren
protección especial, como se aprecia en la imagen.</p>
</imagen>
<profundiza>
<enlace
destino="/LoIdRedirect.aspx?LoId=CN_08_09_CO_Recurso030&amp;IdRecurso=RES-4EA817759D594528914AE0681D80E4B7"
>Conoce más acerca de los ácidos</enlace>
</profundiza><practica>
<enlace
destino="/LoIdRedirect.aspx?LoId=CN_08_09_CO_Recurso020&amp;IdRecurso=RES-63EE72FDB6E44AA5A7684CA459E1E616"
>Las características de los ácidos</enlace>
</practica></seccion2Texto></seccion2><seccion2
id="S2_CN_08_09_CO_47A32CB12F0E493BA3E916441B183555">
<seccion2Titulo>Las bases</seccion2Titulo>
<seccion2Texto>
<p>Las bases poseen una serie de propiedades que sirven para clasificarlas
y reconocerlas. Varían el pH de la solución, y cambian propiedades
químicas como la conductividad eléctrica de la solución donde han
sido adicionadas. Un ingrediente en la cocina es el polvo de hornear,
que contiene bicarbonato de sodio. Las bases reaccionan con los ácidos
y producen sal y agua. La reacción entre un ácido y una base se conoce
como <negrita>neutralización</negrita>.</p>
<recuerda><recuerdaTexto>
<p>La palabra base o álcali proviene del término árabe <cursiva>Al-Qali</cursiva>
, con el cual se denominaba al hidróxido de sodio. En general, nombra
a cualquier sustancia que presente propiedades alcalinas.</p>
</recuerdaTexto></recuerda>
<p>Un ejemplo de neutralización es el que se presenta entre el HCl
(ácido clorhídrico) y el NaOH (hidróxido de sodio), en donde obtenemos
agua (H<subindice>2</subindice>O) y NaCl (cloruro de sodio), un producto
que usamos en muestra alimentación como sal de cocina.</p>
<destacado><destacadoTitulo>Algunas características de las bases</destacadoTitulo>
<destacadoTexto>
<p>•	Al igual que los ácidos, son corrosivas e irritantes, disuelven
muchas sustancias; en disolución acuosa, son conductores de la corriente
eléctrica.</p>
<p>•	Se clasifican en bases fuertes y bases débiles, de acuerdo con
su comportamiento en solución.</p>
<p>•	Cambian el color de los indicadores ácido-base.</p>
<p>•	Reaccionan con grasas para formar jabones.</p>
</destacadoTexto></destacado>
<p>En la neutralización de dos sustancias, una de carácter ácido y
otra de carácter básico, se forman una sal y agua. También debemos
recordar que las propiedades de la solución cambian, entre ellas el
pH. El parámetro ácido-base se mide con la escala de pH. </p>
<imagen src="CN_08_09_CO_img_03_small.jpg">
<p>En medicina, un antiácido es una sustancia, generalmente una base,
que se usa para contrarrestar la acidez estomacal. Los antiácidos
son bases débiles que, al reaccionar con el ácido estomacal, forman
agua y una sal; así reducen la acidez en el estómago al aumentar el
pH.</p>
</imagen>
<profundiza>
<enlace
destino="/LoIdRedirect.aspx?LoId=CN_08_09_CO_Recurso050&amp;IdRecurso=RES-C897220DB73D422BA958060562D0071A"
>Conoce más acerca de las bases</enlace>
</profundiza><practica>
<enlace
destino="/LoIdRedirect.aspx?LoId=CN_08_09_CO_Recurso040&amp;IdRecurso=RES-4C48089AF96A4A4FBB6E9CBB465B564F"
>Las características de las bases</enlace>
</practica></seccion2Texto></seccion2><seccion2
id="S2_CN_08_09_CO_7106EDA440B147CCA007FC970B344572">
<seccion2Titulo>La importancia de los ácidos y las bases</seccion2Titulo>
<seccion2Texto>
<p>Los ácidos y las bases tienen gran aplicación en la industria,
no solo son reactivos de laboratorio. Por ejemplo, en grandes cantidades
se usa ácido sulfúrico para el procesamiento de los metales y del
petróleo. Los ácidos y las bases se emplean para fabricar limpiadores
para las casas, bebidas azucaradas y otros alimentos procesados, así
como para hacer cosméticos, telas, productos farmacéuticos y agrícolas.</p>
<recuerda><recuerdaTexto>
<p>En el país, una de las principales fuentes de contaminación del
agua es el vertimiento de aguas residuales, ácidas o básicas, provenientes
de las residencias, fábricas y minas. Los ácidos y las bases en el
suelo y el agua causan daños ambientales.</p>
</recuerdaTexto></recuerda>
<p>Desafortunadamente, en el mundo no se logra todavía un manejo responsable
de los residuos industriales, que son ácidos y bases fuertes. En nuestro
país, estos residuos tóxicos provienen de la industria manufacturera
—particularmente del procesamiento del petróleo—, de la industria
química y las curtiembres (cuero), y todos tienen un impacto importante
en el ambiente.</p>
<destacado><destacadoTitulo>Los ácidos y las bases en la historia</destacadoTitulo>
<destacadoTexto>
<p>•	En el siglo XVII se utilizó la neutralización como la reacción
entre un ácido y una base para formar una sal.</p>
<p>•	Al físico Robert Boyle se le atribuye la primera clasificación
de ácidos y bases realizada a finales del siglo XVII.</p>
<p>•	En papiros egipcios se mencionan algunas sustancias químicas,
como el vinagre y los extractos de frutas para la preparación de alimentos.</p>
</destacadoTexto></destacado>
<imagen src="CN_08_09_CO_img_04_small.jpg">
<p>La industria química es la principal consumidora de ácido sulfúrico,
el cual se utiliza en procesos de refinación del petróleo crudo o
en la producción de fertilizantes, entre otros.</p>
</imagen>
<p> Por otra parte, al quemar combustibles fósiles en las industrias
y vehículos, se desprenden óxidos de azufre y nitrógeno, que al reaccionar
con el agua llegan a formar la <negrita>lluvia ácida</negrita>. Este
compuesto, producto de la contaminación ambiental, afecta a todos
los organismos e incluso disuelve poco a poco las edificaciones, obras
y esculturas hechas con piedra. </p>
<p>En el organismo humano, un ingrediente que no se descompone fácilmente
en presencia del ácido del estómago, ni por la acción de las enzimas
digestivas de los intestinos es la base de goma (chicle); a pesar
de que los jugos gástricos poseen un valor de pH cercano a 0,8  (durante
la digestión de los alimentos este puede subir a un valor cercano
a 2). </p>
<p>La goma de mascar o chicle es por tanto una sustancia imposible
de digerir aunque el pH del estómago sea ácido. </p>
<p>También, en la boca del organismo humano, ciertas bacterias transforman
los azúcares en ácidos, y estos son tan fuertes que forman la caries
dental que perfora los dientes. Sin embargo, la crema dental está
preparada con bases suaves que logran neutralizar estos ácidos, de
ahí la importancia del cepillado después de consumir alimentos, especialmente
dulces.</p>
<destacado><destacadoTitulo>Algunos ejemplos del uso y la importancia
de ácidos y bases</destacadoTitulo><destacadoTexto>
<p>•	La sal del ácido sulfúrico, conocida como sulfato de cobre (II),
se utiliza principalmente como algicida en tanques de almacenamiento
de agua y piscinas, también como fungicida y en fertilizantes.</p>
<p>•	Al realizar ejercicio físico intenso, se puede producir dolor
por cristalización del ácido láctico en los músculos.</p>
<p>•	Los lípidos ingeridos con la dieta se descomponen en ácidos grasos,
y estos, a través del sistema circulatorio, se reparten por todas
las células del cuerpo.</p>
<p>•	Hoy en día, el vinagre se usa básicamente como condimento y limpiador;
en otras épocas fue empleado como conservante.</p>
</destacadoTexto></destacado><practica>
<enlace
destino="/LoIdRedirect.aspx?LoId=CN_08_09_CO_Recurso060&amp;IdRecurso=RES-2EB6DC5C70BD400889238997D761871F"
>Las herramientas para conocer el riesgo de las sustancias</enlace>
</practica></seccion2Texto></seccion2><seccion2
id="S2_CN_08_09_CO_7182157280A84981878F6AD71622F475">
<seccion2Titulo>Consolidación</seccion2Titulo>
<seccion2Texto>
<p>Actividades para consolidar lo que has aprendido en esta sección.</p>
<practica>
<enlace
destino="/LoIdRedirect.aspx?LoId=CN_08_09_CO_Recurso080&amp;IdRecurso=RES-0B38FACC556B409EBAD92E557912F031"
>Refuerza tu aprendizaje: Qué son los ácidos y las bases</enlace>
</practica></seccion2Texto></seccion2></seccion1Texto></seccion1>
<seccion1 id="S1_CN_08_09_CO_A435B590E6B9494CA67CE685981D77A0">
<seccion1Titulo>Las teorías ácido-base</seccion1Titulo>
<seccion1Texto>
<p>En 1923, el danés Johannes N. Brønsted  y el inglés Thomas M. Lowry,
desarrollaron un modelo para explicar el comportamiento ácido-base,
el cual puede aplicarse a todas las soluciones aunque no se realicen
en medio acuoso. Igualmente, en 1884, Svante August Arrhenius, en
su tesis de posgrado, investigó las propiedades electrolíticas de
diferentes soluciones. En 1923, Gilbert Newton Lewis, presenta una
teoría sobre ácidos y bases, que permitió entender el enlace entre
los átomos, y amplió el concepto de estas sustancias.</p>
<recuerda><recuerdaTexto>
<p>Las bases son sustancias químicas que, en combinación con ácidos,
los neutralizan y forman sales y agua.</p>
</recuerdaTexto></recuerda>
<p>Los conceptos de basicidad y acidez han sido definidos por oposición
sucesiva de teorías químicas relacionadas con el comportamiento ácido-base
de las sustancias. Su aplicación se ha ampliado a nuevos tipos de
compuestos y reacciones. Los grados de basicidad y acidez se miden
mediante la escala pH.</p>
<profundiza>
<enlace
destino="/LoIdRedirect.aspx?LoId=CN_08_09_CO_Recurso090&amp;IdRecurso=RES-A3E079C84F9F4047847A329C6C439D14"
>Las teorías ácido-base </enlace>
</profundiza><seccion2
id="S2_CN_08_09_CO_373DC9628ACB4043ADD29FB939484B40">
<seccion2Titulo>La teoría de Brønsted-Lowry</seccion2Titulo>
<seccion2Texto>
<p>La teoría de Brønsted-Lowry define el ácido como un dador de protones
y la base como un aceptor de protones. De este modelo se desprende
que para que exista un ácido debe existir una sustancia que actúe
como una base; por lo cual, el carácter ácido o básico es relativo
y depende de cuál de las sustancias presentes tenga un mayor carácter
dador o aceptor.</p>
<imagen src="CN_08_09_CO_img_05_small.jpg">
<p><negrita>Johannes Nicolaus Brønsted</negrita> (Varde, 1879 – Copenhague,
1947). Químico danés. Profesor de química física y de química orgánica
en la Politécnica de Copenhague, estudió las relaciones entre la afinidad
química y el calor de reacción. En 1923, volvió a definir el concepto
de ácido y de base al señalar a estas sustancias como donantes o receptoras
de protones.</p>
</imagen>
<recuerda><recuerdaTexto>
<p>Todas las sustancias ácidas y básicas presentan propiedades comunes
que se pueden entender gracias al desarrollo de diferentes teorías
o modelos.</p>
</recuerdaTexto></recuerda>
<imagen src="CN_08_09_CO_img_06_small.jpg">
<p>Thomas M. Lowry (Low Moor, 1874 – Cambridge, 1936). Químico británico.
En 1923 elaboró, de forma independiente a Brønsted, una teoría que
ampliaba los conceptos de ácido y de base al definir los ácidos como
donantes de protones y las bases como receptoras de protones.</p>
</imagen>
<p>Según esta teoría, un ácido es cualquier especie química capaz
de ceder un protón, y una base es cualquier especie química capaz
de aceptar un protón. Se puede decir, de forma abreviada, que un ácido
es un dador de protones y una base es un aceptor de protones. Cuando
se hace referencia al comportamiento de un ácido o una base frente
al agua, se dice que se trata de una reacción de disociación del ácido
o de la base.</p>
<p>HBr    + H<subindice>2</subindice>O            H<subindice>3</subindice
>O<superindice>+</superindice>   +  Br<superindice>-</superindice
></p>
<p>Ácido      base              ion bromuro </p>
<formula alineacion="centrada" src="images_xml/CN_08_09_formula-01.gif">
</formula>
<destacado><destacadoTitulo>Algunas conclusiones de la teoría de Brønsted-Lowry</destacadoTitulo>
<destacadoTexto>
<p>•	Los ácidos y las bases de Brønsted incluyen todas las sustancias
que en la vida cotidiana se conocen como ácidos y bases.</p>
<p>•	El concepto de Brønsted no está limitado al caso de las disoluciones
acuosas. También pueden tener lugar reacciones ácido-base en otros
disolventes, como por ejemplo, en amoniaco o en ácido acético.</p>
</destacadoTexto></destacado></seccion2Texto></seccion2><seccion2
id="S2_CN_08_09_CO_373DC9628ACB4043ADD29FB939484B51">
<seccion2Titulo>La teoría de Arrhenius</seccion2Titulo>
<seccion2Texto>
<p>El químico sueco Svante August Arrhenius, desarrolló la teoría
de la disociación electrolítica. Esta idea de la disociación permitió
a Arrhenius dar una definición de ácido y de base. En 1887, Arrhenius
propuso que las propiedades de los ácidos deben asociarse con las
del protón, H<superindice>+</superindice>, y las propiedades de las
bases con las del ion hidroxilo (OH<superindice>−</superindice>),
de manera que se denomina ácido a la sustancia que contiene hidrógeno
y que al disolverse en agua se disocia dando protones, y se denomina
base a la sustancia que al disolverse en agua da iones hidróxido.</p>
<imagen src="CN_08_09_CO_img_07_small.jpg">
<p>Svante August Arrhenius (Uppsala, 1859 – Estocolmo, 1927). Físico
y químico sueco. Desde 1891, fue catedrático de física y rector de
la Universidad de Estocolmo, donde dirigió el Instituto Nobel (1905).
En 1887, enunció la teoría de la disociación electrolítica, demostrando
que la disociación se produce en el momento de la fusión o solución,
con independencia del paso de corriente. En 1906, formuló la hipótesis
de la panspermia, según la cual la vida se propagaría por el espacio
en forma de esporas. En 1903 le fue concedido el Premio Nobel de Química.</p>
</imagen>
<recuerda><recuerdaTexto>
<p>•	Las sustancias que son ácidas en la teoría de Arrhenius también
lo son en la de Brønsted.</p>
<p>•	Los ácidos son aquellas sustancias que producen iones hidrógeno
(H<superindice>+</superindice>) en disolución acuosa, mientras que
las bases producen iones hidroxilo (OH<superindice>−</superindice
>).</p>
</recuerdaTexto></recuerda>
<p>Por ejemplo, el bromuro de hidrógeno (HBr) contiene hidrógeno y
al disolverse en agua cede protones (H<superindice>+</superindice
>). La disolución acuosa de bromuro de hidrógeno en agua se denomina
ácido bromhídrico (y de forma análoga para el resto de ácidos similares).</p>
<p> HBr    + H<subindice>2</subindice>O                          
           H<subindice>3</subindice>O<superindice>+</superindice> 
 +  Br<superindice>-</superindice></p>
<formula alineacion="centrada" src="images_xml/CN_08_09_formula-02.gif">
</formula>
<p>Según la definición de Arrhenius, los hidróxidos, como el hidróxido
de potasio (KOH), son bases, ya que su disolución acuosa contiene
un exceso de iones hidróxido (OH<superindice>-</superindice>).</p>
<p>KOH    + H<subindice>2</subindice>O                           
      K<superindice>+</superindice>   + OH<superindice>-</superindice
></p>
<formula alineacion="centrada" src="images_xml/CN_08_09_formula-03.gif">
</formula>
<destacado><destacadoTitulo>Conclusiones de la teoría de Arrhenius</destacadoTitulo>
<destacadoTexto>
<p>•	Arrhenius propuso que las propiedades de los ácidos deben asociarse
con las del protón H<superindice>+</superindice>, y las propiedades
de las bases con las del ion hidróxido OH<superindice>−</superindice
>.</p>
<p>•	De manera que se denomina ácido a la sustancia que contiene hidrógeno
y que al disolverse en agua se disocia dando protones, y se denomina
base a la sustancia que al disolverse en agua da iones hidróxido.</p>
<p>•	Esta definición presenta algunos problemas, ya que, en disolución
acuosa, el protón no puede encontrarse libre y se asocia con una molécula
de agua, para formar el llamado ion oxonio, o ion hidronio (H<subindice
>3</subindice>O<superindice>+</superindice>).</p>
</destacadoTexto></destacado></seccion2Texto></seccion2><seccion2
id="S2_CN_08_09_CO_373DC9628ACB4043ADD29FB939484B62">
<seccion2Titulo>La teoría de Lewis</seccion2Titulo>
<seccion2Texto>
<p>Un ácido de Lewis es un aceptor de pares de electrones y una base
de Lewis es una sustancia química dadora de pares de electrones. Así,
en la reacción entre el óxido de calcio (CaO) y el dióxido de silicio
(SiO<subindice>2</subindice>), el primero actúa como una base de Lewis
y el segundo como un ácido de Lewis: CaO + SiO<subindice>2</subindice
> → Ca(SiO<subindice>3</subindice>)</p>
<imagen src="CN_08_09_CO_img_08_small.jpg">
<p>Gilbert Newton Lewis (Weymouth, Massachusetts, 1875 - Berkeley,
California, 1946). Químico estadounidense. Su teoría sobre los pares
de electrones permitió entender el enlace covalente y amplió el concepto
de ácidos y bases. También investigó la termodinámica de las reacciones
químicas y colaboró con Harold C. Urey en el descubrimiento del agua
pesada (1931).</p>
</imagen>
<recuerda><recuerdaTexto>
<p>Las teorías descritas anteriormente definen las propiedades de
los ácidos únicamente en solución acuosa (agua). En la década de 1920,
Lewis amplió el concepto de ácido-base de modo que no estuviera necesariamente
ligado a este medio acuoso.</p>
</recuerdaTexto></recuerda>
<p>La definición de ácidos y bases de Brønsted-Lowry es normalmente
la más aceptada pero, según esta, para que una sustancia sea un ácido
debe contener como mínimo un átomo de hidrógeno. De acuerdo con el
concepto de acidez y basicidad de Lewis, un ácido es aceptor de pares
de electrones y una base es un dador de pares de electrones. Para
que una sustancia sea una base de Lewis debe tener, al menos, un par
libre de electrones en uno de sus átomos.</p>
<formula alineacion="centrada" src="images_xml/CN_08_09_formula-04.gif">
</formula><?Pub Caret -1?>
<destacado><destacadoTitulo>Lo más destacable de la teoría de Lewis</destacadoTitulo>
<destacadoTexto>
<p>•	Las bases de Brønsted son bases de Lewis, ya que todas ellas
tienen un par de electrones libres; sin embargo, los ácidos de Brønsted
no pueden, en principio, considerarse ácidos de Lewis. </p>
<p>•	Las reacciones entre ácidos y bases de Brønsted son, según el
modelo de Lewis, reacciones de desplazamiento básico, donde la base
más fuerte desplaza a la más débil.</p>
</destacadoTexto></destacado><practica>
<enlace
destino="/LoIdRedirect.aspx?LoId=CN_08_09_CO_Recurso100&amp;IdRecurso=RES-4013DA1BF6EA47838E5DA90806C62246"
>Las herramientas para reconocer la importancia de las teorías ácido-base</enlace>
</practica></seccion2Texto></seccion2><seccion2
id="S2_CN_08_09_CO_373DC9628ACB4043ADD29FB939484B73">
<seccion2Titulo>Consolidación</seccion2Titulo>
<seccion2Texto>
<p>Actividades para consolidar lo que has aprendido en esta sección.</p>
<practica>
<enlace
destino="/LoIdRedirect.aspx?LoId=CN_08_09_CO_Recurso110&amp;IdRecurso=RES-4D24882501964CA29C6A63FFEA1B8975"
>Refuerza tu aprendizaje: Las teorías ácido-base</enlace>
</practica></seccion2Texto></seccion2></seccion1Texto></seccion1>
<seccion1 id="S1_CN_08_09_CO_746B6C76662C43E49CA052F6C7111718">
<seccion1Titulo>El concepto de pH</seccion1Titulo>
<seccion1Texto>
<p>Para medir la <negrita>fuerza</negrita> de un <negrita>ácido</negrita
>, debemos conocer la concentración de <negrita>iones hidronio</negrita
> en la disolución. Lo mismo ocurre para las <negrita>bases</negrita
> respecto a la concentración de <negrita>iones hidroxilo</negrita
> (OH<superindice>‒</superindice>). </p>
<p>Los valores verdaderos de las concentraciones de estos iones son
muy pequeños (del orden de 10<superindice>‒1</superindice> a 10<superindice
>‒14</superindice>), por lo que resulta incómodo hacer cálculos con
estas cifras. Para evitarlo, se usa pH o potencial de hidrógeno definido
como –log [H<superindice>+</superindice>].</p>
<imagen src="CN_08_09_CO_img_09_small.jpg">
<p>Una alternativa para conocer el pH de las sustancias es el uso
de cintas indicadoras de pH, las cuales cambian de color de acuerdo
con la acidez.</p>
</imagen>
<destacado><destacadoTitulo>Origen del término pH</destacadoTitulo>
<destacadoTexto>
<p>En 1909, el químico danés Søren Peter Lauritz Sørensen (1868-1939)
ideó un método que hacía más sencilla la manipulación de las concentraciones
de iones H<subindice>3</subindice>O<superindice>+</superindice>, al
cual denominó <negrita>potencial de hidrógeno</negrita> o <negrita
>pH</negrita>.</p>
</destacadoTexto></destacado><profundiza>
<enlace
destino="/LoIdRedirect.aspx?LoId=CN_08_09_CO_Recurso120&amp;IdRecurso=RES-F9C588057F8A4524BB5F0911EB8AA9ED"
>La medición de pH</enlace>
</profundiza><seccion2
id="S2_CN_08_09_CO_15ECEE7D46E64A04829CBB6ECFB5F48E">
<seccion2Titulo>La escala de pH</seccion2Titulo>
<seccion2Texto>
<p>El <negrita>pH</negrita> se relaciona con la <negrita>concentración
de iones hidronio</negrita> (H<subindice>3</subindice>O<superindice
>+</superindice>) presentes en una disolución acuosa ácida o básica,
y se puede calcular mediante la siguiente ecuación:</p>
<p>pH = -log [H<subindice>3</subindice>O<superindice>+</superindice
>]</p>
<p>Donde [H<subindice>3</subindice>O<superindice>+</superindice>]
es la concentración de iones H<subindice>3</subindice>O<superindice
>+</superindice> en moles por litro (mol/L).</p>
<p>De la misma manera, para las disoluciones básicas, el pOH, se expresa
como:</p>
<p>pOH = -log [OH<superindice>-</superindice>]</p>
<p>El pH y el pOH están relacionados por la fórmula: pH +  pOH = 14.</p>
<recuerda><recuerdaTexto>
<p>•	En la escala de pH, la <negrita>acidez</negrita> se ubica del
punto neutro (7) hacia cero; la <negrita>basicidad</negrita>, del
punto 7 hacia 14.</p>
<p>•	La molaridad (M) es una forma de expresar la concentración de
las disoluciones. Se define como el número de moles de soluto disueltos
en 1 L de disolución, y su unidad es mol/L.</p>
</recuerdaTexto></recuerda>
<p>La <negrita>escala de pH</negrita> es una recta numérica que va
del 0 al 14 y que sirve para medir la acidez. La escala está dividida
en 14 unidades. El pH de cualquier disolución acuosa ácida o básica
estará siempre comprendido entre estos dos valores.</p>
<imagen src="CN_08_09_CO_img_10_small.jpg">
<p>Escala de pH: la acidez aumenta a medida que disminuye el pH (de
6 a 0) y la basicidad aumenta a medida que aumenta el pH (de 8 a 14).</p>
</imagen>
<destacado><destacadoTitulo>El pH en el cuerpo humano</destacadoTitulo>
<destacadoTexto>
<p>•	Lo que la gente conoce comúnmente como pH neutro es el agua,
pero ¿sabías que la sangre tiene pH cercano al neutro, con un valor
aproximado de 7,4? Una función de la sangre humana es transportar
el CO<subindice>2</subindice> de los tejidos a los pulmones para ser
exhalado.</p>
<p>•	Un adulto promedio produce diariamente entre 2 y 3 litros de
jugo gástrico, que contiene ácido clorhídrico, entre otras sustancias.
El pH del jugo gástrico es de 1,5 aproximadamente; tiene el propósito
de ayudar a digerir alimentos y favorecer la actividad de ciertas
enzimas digestivas.</p>
</destacadoTexto></destacado><practica>
<enlace
destino="/LoIdRedirect.aspx?LoId=CN_08_09_CO_Recurso130&amp;IdRecurso=RES-7DE4610A9B434760AEC61534C4DF10B5"
>Distingue entre ácidos y bases usando el concepto de pH</enlace>
</practica></seccion2Texto></seccion2><seccion2
id="S2_CN_08_09_CO_4C8C1929AAA84AF38824EB12A36EE92E">
<seccion2Titulo>Los indicadores ácido-base</seccion2Titulo>
<seccion2Texto>
<p>Para averiguar con rapidez si una disolución es ácida o básica,
se utilizan los <negrita>indicadores</negrita>. Estas sustancias tienen
la propiedad de <negrita>cambiar de color</negrita> cuando la acidez
o basicidad de una disolución sobrepasa un determinado valor. Algunos
cambian de color si están en contacto con un ácido o con una base.
Basta con añadir dos o tres gotas de indicador a la disolución y observar
qué color adquiere el líquido.</p>
<p>Hay varios indicadores ácido-base; dos de los más usados en el
laboratorio de química son la <negrita>fenolftaleína</negrita> y el <negrita
>tornasol</negrita>. Puedes observar el intervalo de viraje de algunos
indicadores ácido-base en el siguiente esquema de la Gran Enciclopedia
Planeta [<enlace
destino="http://profesores.aulaplaneta.com/BCRedir.aspx?URL=/encyclopedia/default.asp?idpack=11&amp;idpil=001D8H01&amp;ruta=Buscador"
>VER</enlace>].</p>
<recuerda><recuerdaTexto>
<p>Además de las cintas indicadoras de pH y el pH-metro, podemos determinar
el pH con indicadores ácido-base.</p>
</recuerdaTexto></recuerda>
<p>Los indicadores permiten reconocer la presencia de un ácido o de
una base en disolución.</p>
<table border="1"><caption>Los indicadores ácido base más comunes</caption>
<colgroup><col/><col/><col/></colgroup>
<tbody>
<tr>
<td>INDICADOR</td>
<td>COLOR EN MEDIO ÁCIDO</td>
<td>COLOR EN MEDIO BASICO</td>
</tr>
<tr>
<td>Tornasol</td>
<td>Rojo </td>
<td>Azul</td>
</tr>
<tr>
<td>Fenolftaleína</td>
<td>Incoloro</td>
<td>Rosa violeta</td>
</tr>
</tbody>
</table>
<destacado><destacadoTitulo>La necesidad de los indicadores ácido-base
en química</destacadoTitulo><destacadoTexto>
<p>•	Los indicadores ácido-base son sustancias que se añaden en concentraciones
muy pequeñas a la solución que se desea valorar, y que permiten determinar,
mediante un cambio visible de color, el punto en el que se encuentran
en la escala de pH.</p>
<p>•	El papel indicador y el pH-metro nos sirven para medir el pH.
El papel indicador se comercializa en tiras impregnadas de una solución
de indicador universal.</p>
</destacadoTexto></destacado>
<imagen src="CN_08_09_CO_img_11_small.jpg">
<p>El gráfico muestra el pH de distintas soluciones y objetos de uso
cotidiano, y los colores que adquiere el papel pH con cada una de
ellas.</p>
</imagen>
<p>La <negrita>escala de pH</negrita> muestra una serie de sustancias
presentes en el ámbito cotidiano que cubren todo el rango de valores
de pH, esto nos permite saber los valores de pH que corresponde a
estas sustancias ácidas o básicas. Otra forma de establecer la escala
de pH y conocer la acidez de las sustancias es con el uso de indicadores.
Por ejemplo, la <negrita>fenolftaleína</negrita>, que es un indicador
ácido base poco soluble en agua, y soluble en alcohol diluido, es
una solución incolora en medios con un pH inferior a 8,5 pero de una
intensa coloración roja con mayores valores de pH. Esta propiedad
determina su uso como <negrita>indicador de pH</negrita>.</p>
<imagen src="CN_08_09_CO_img_12_small.jpg">
<p>La fenolftaleína, que presenta una forma ácida incolora y una forma
básica de color rosa-violeta, es el indicador ácido-base más común.
A un pH inferior a 8,2, la fenolftaleína es incolora, y a un pH superior
a 10 es de color rosa violáceo. El intervalo de pH comprendido entre
8,2 y 10 se denomina rango de viraje.</p>
</imagen>
<p>Para que el indicador cambie de color se debe consumir una pequeña
cantidad de reactivo; así pues, un colorante determinado podrá ser
utilizado como indicador en una volumetría siempre que tenga colores
intensos, con el fin de consumir la menor cantidad posible del indicador
(gotas) y para que esta sea despreciable frente al volumen total.
Además, el cambio de color debe producirse lo más cerca posible del
pH en donde todos los componentes de la solución han reaccionado.</p>
<destacado><destacadoTitulo>Ecuaciones para calcular pH y pOH y la
concentración</destacadoTitulo><destacadoTexto>
<p>•	El <negrita>pH</negrita> indica la <negrita>concentración de
iones hidronio</negrita> (H<subindice>3</subindice>O<superindice>+</superindice
>), se puede calcular mediante la siguiente ecuación:  pH = -log (H<subindice
>3</subindice>O<superindice>+</superindice>). </p>
<p>• [H<subindice>3</subindice>O<superindice>+</superindice>] es la
concentración de iones H<subindice>3</subindice>O<superindice>+</superindice
> en moles por litro (mol/L). </p>
<p>• La concentración de [H<subindice>3</subindice>O<superindice>+</superindice
>]  se calcula así: [H<subindice>3</subindice>O<superindice>+</superindice
>] = 10 –<superindice>pH</superindice>.</p>
<p>• El <negrita>pOH</negrita> se expresa como: pOH = -log (OH<superindice
>-</superindice>).</p>
<p>• El pH y el pOH están relacionados por la fórmula:  pH + pOH =
14.</p>
</destacadoTexto></destacado>
<p>Para tener un ejemplo, calcularemos las concentraciones de <negrita
>iones hidronio</negrita> u oxonio (H<subindice>3</subindice>O<superindice
>+</superindice>) y de <negrita>iones hidroxilo</negrita> (OH<superindice
>-</superindice>) de una solución, en donde sabemos que el <negrita
>pH</negrita> es 4,50.  </p>
<p>Para ello aplicaremos la siguiente ecuación: <negrita>pH = -log
[H<subindice>3</subindice>O<superindice>+</superindice>]</negrita
>, es decir, que el pH es el logaritmo negativo de la concentración
de iones hidronio; 4,5 = <negrita>-log [H<subindice>3</subindice>O<superindice
>+</superindice>]</negrita>. Así, <negrita>[H<subindice>3</subindice
>O<superindice>+</superindice>]</negrita> = 10<superindice>(-pH)</superindice
>, <negrita>[H<subindice>3</subindice>O<superindice>+</superindice
>]</negrita> = 10<superindice>(-4,5)</superindice>, [H<subindice>3</subindice
>O<superindice>+</superindice>] = 3,16 x 10<superindice>-5</superindice
>. La concentración de iones hidroxilo (OH<superindice>-</superindice
>) se puede calcular usando pH + pOH = 14, en donde reemplazamos 4,5
+ pOH = 14 y pOH = 14 – 4,5; es decir 9,5.  </p>
<p>La concentración de iones hidroxilo [OH<superindice>-</superindice
>], teniendo en cuenta el cálculo anterior, pOH= -log (OH<superindice
>-</superindice>), es 9,5 = -log (OH<superindice>-</superindice>),
[OH<superindice>-</superindice>] = 10<superindice>(-pOH)</superindice
>, [OH<superindice>-</superindice>] = 3,16 x 10<superindice>-10</superindice
></p>
<practica>
<enlace
destino="/LoIdRedirect.aspx?LoId=CN_08_09_CO_Recurso140&amp;IdRecurso=RES-3CDB05CE7CD4409FBF7D7D36AC450AC2"
>El cálculo de pH y la concentración de H<subindice>3</subindice>O<superindice
>+</superindice> en una solución</enlace>
</practica></seccion2Texto></seccion2><seccion2
id="S2_CN_08_09_CO_E18B2FA87C3B47858D864E81EFB937E7">
<seccion2Titulo>Las soluciones reguladoras de pH</seccion2Titulo>
<seccion2Texto>
<p>El control del pH es de gran interés en las reacciones químicas
y bioquímicas. El éxito en muchas reacciones depende del pH. Algunas
enzimas importantes en el organismo humano tienen un pH óptimo para
realizar su función. La <negrita>pepsina</negrita>, que es una enzima
segregada por la <negrita>mucosa estomacal</negrita>, tiene un pH
óptimo de 1,5 cuando actúa sobre la albúmina, una proteína del huevo
que comes al desayuno. El pH del <negrita>jugo gástrico</negrita> se
mantiene entre 1,2 y 3 gracias al ácido clorhídrico que segrega el
estómago.</p>
<p>Las soluciones reguladoras de pH juegan un papel importante en
nuestro cuerpo, en la conservación de alimentos, por ejemplo algunos
de los alimentos que consumimos a diario tienen como conservantes
sorbato de potasio, citratos, entre otros compuestos que en solución
forman soluciones reguladoras de pH. </p>
<recuerda><recuerdaTexto>
<p>El pH en el cuerpo humano varía de un fluido a otro, por ejemplo,
el pH de la sangre es alrededor de 7,4. Aquí juegan un papel importante
las soluciones reguladoras de pH.</p>
</recuerdaTexto></recuerda><destacado><destacadoTitulo>Algunas sustancias
reguladoras de pH</destacadoTitulo><destacadoTexto>
<p>•	El ácido cítrico se emplea para preparar diversas bebidas refrescantes.
También se usa como regulador del pH en alimentos, funcionando como
antioxidante y antiespumante.</p>
<p>•	El ácido benzoico se emplea en la fabricación de colorantes y
en la conservación de productos alimenticios, farmacéuticos y cosméticos. </p>
<p>•	En el pulmón y los riñones se regula la cantidad de CO<subindice
>2 </subindice>(dióxido de carbono) y la de ion bicarbonato [HCO<subindice
>3-</subindice>] respectivamente, lo cual permite mantener el pH de
la sangre en un valor estable.</p>
</destacadoTexto></destacado>
<imagen src="CN_08_09_CO_img_13_small.jpg">
<p>El tejido pulmonar realiza el intercambio de oxígeno (O<subindice
>2</subindice>) y dióxido de carbono (CO<subindice>2</subindice>)
entre el aire atmosférico y la sangre. El oxígeno es imprescindible
para la obtención de energía y la nutrición de las células del cuerpo,
mientras que el dióxido de carbono es un producto de desecho que hay
que eliminar. En la imagen se observa tejido pulmonar visto al microscopio
óptico.</p>
</imagen>
<practica>
<enlace
destino="/LoIdRedirect.aspx?LoId=CN_08_09_CO_Recurso150&amp;IdRecurso=RES-E822774D5020402F8A8D9113A23A5CE6"
>El uso de soluciones reguladoras de pH </enlace>
</practica></seccion2Texto></seccion2><seccion2
id="S2_CN_08_09_CO_E18B2FA87C3B47858D864E81EFB937F8">
<seccion2Titulo>Consolidación</seccion2Titulo>
<seccion2Texto>
<p>Actividades para consolidar lo que has aprendido en esta sección.</p>
<practica>
<enlace
destino="/LoIdRedirect.aspx?LoId=CN_08_09_CO_Recurso170&amp;IdRecurso=RES-A946B1224B524E4DA4BBDC913455101E"
>Refuerza tu aprendizaje: Actividades sobre el concepto y escala de
pH</enlace>
</practica></seccion2Texto></seccion2></seccion1Texto></seccion1>
<seccion1 id="S1_CN_08_09_CO_1EE7142D09B84BE892B9B3CF720180EE">
<seccion1Titulo>Los ácidos y las bases en la vida cotidiana</seccion1Titulo>
<seccion1Texto>
<p>Algunas disoluciones ácidas que se utilizan a diario son el vinagre
(contiene ácido acético), el té (tiene ácido tánico), el limón (posee
ácido cítrico) o la leche (contiene ácido láctico). En la vida cotidiana,
los ácidos se identifican con el sabor de algunos alimentos. Los ácidos
se conocen desde el siglo VIII, cuando el árabe Geber preparó el ácido
nítrico, y obtuvo soluciones de ácido acético concentrado destilando
vinagre. Estos ácidos se usan todavía en la industria farmacéutica
y de cosméticos, entre otras.</p>
<practica>
<enlace
destino="/LoIdRedirect.aspx?LoId=CN_08_09_CO_Recurso200&amp;IdRecurso=RES-4E6D90BE443B40A3838CDD0DC51E175E"
>Refuerza tu aprendizaje: Los ácidos y las bases en la vida diaria</enlace>
</practica>
<imagen src="CN_08_09_CO_img_14_small.jpg">
<p>Ejemplos de productos que contienen ácidos: cítricos, vinagre y
leche.</p>
</imagen>
<p>Algunas disoluciones básicas cotidianas son los productos utilizados
para desatascar cañerías (que llevan hidróxido de sodio), algunos
artículos de limpieza (que contienen amoniaco) o los antiácidos para
aliviar la acidez del estómago (elaborados con hidróxido de magnesio).</p>
<imagen src="CN_08_09_CO_img_15_small.jpg">
<p>Ejemplos de productos que contienen bases: jabones, productos de
limpieza y antiácidos.</p>
</imagen>
<p>En la industria química el uso de los ácidos y las bases es de
gran interés económico, también lo es para la agricultura y la preparación
de medicamentos.</p>
<recuerda><recuerdaTexto>
<p>•	El hidróxido de sodio se utiliza para la fabricación de jabones,
papel, explosivos, tinturas. También se usa para la elaboración de
blanqueador de lavandería.</p>
<p>•	El ácido cítrico, está presente en los cítricos (jugo de los
limones), se usa como regulador del pH en alimentos.</p>
</recuerdaTexto></recuerda><practica>
<enlace
destino="/LoIdRedirect.aspx?LoId=CN_08_09_CO_Recurso180&amp;IdRecurso=RES-1B2FC83532CC4C50A2ACED61B381B84B"
>Conoce los ácidos más comunes y sus usos</enlace>
</practica><seccion2
id="S2_CN_08_09_CO_E18B2FA87C3B47858D864E81EFB937G9">
<seccion2Titulo>Los ácidos y las bases como sustancias de uso común </seccion2Titulo>
<seccion2Texto>
<p>Los ácidos y bases se encuentran en nuestro entorno cotidiano,
los alimentos, los medicamentos, los productos de limpieza, y otros
tantos. A nivel generalizado en la industria, estos se utilizan en
la fabricación de papel, jabones y refinación de petróleo, recuperación
de caucho entre otros usos, siendo una base muy importante en la industria,
se conoce como sosa cáustica (NaOH). Otra sustancia como el Ácido
sulfúrico se utilizada para la fabricación fertilizantes. </p>
<p>Algunos de los sustancias utilizadas para estos fines producen
contaminación ambiental importante, como lo que ocurrió en agosto
de 2014 en donde el derrame de ácido sulfúrico tornó naranja al río
Sonora en México </p>
<p>Además de estudiar el impacto real del vertimiento de residuos,
el mitigar los riesgos de los daños ambientales con el fin de minimizar
los efectos del derrame de sustancias es una responsabilidad que nos
compete.</p>
<practica>
<enlace
destino="/LoIdRedirect.aspx?LoId=CN_08_09_CO_Recurso190&amp;IdRecurso=RES-79D530C806D64F53B86C7144AB350440"
>Conoce las bases más comunes y sus usos</enlace>
</practica>
<p>El uso inadecuado de estas sustancias, aprovechadas en diferentes
tareas cotidianas, registra cada año nuevos casos de ataques, tanto
con sustancias ácidas como básicas en todo el mundo, de acuerdo con
la Fundación Internacional de Sobrevivientes del Ácido (ASTI, por
sus siglas en inglés: Acid Survivors Trust International). Es muy
probable que  gran cantidad de casos no sean reportados, en Colombia
el reporte de casos del uso indebido de sustancias químicas es frecuente,
por tanto no es sólo un problema local, y el conocimiento y cuidado
personal al manipular sustancias de características corrosivas es
un tema que debemos conocer.</p>
</seccion2Texto></seccion2><seccion2
id="S2_CN_08_09_CO_E18B2FA87C3B47858D864E81EFB948G9">
<seccion2Titulo>Consolidación</seccion2Titulo>
<seccion2Texto>
<p>Actividades para consolidar lo que has aprendido en esta sección.</p>
<practica>
<enlace
destino="/LoIdRedirect.aspx?LoId=CN_08_09_CO_Recurso200&amp;IdRecurso=RES-4E6D90BE443B40A3838CDD0DC51E175E"
>Refuerza tu aprendizaje: Los ácidos y las bases en la vida cotidiana</enlace>
</practica></seccion2Texto></seccion2></seccion1Texto></seccion1>
<seccion1 id="S1_CN_08_09_CO_ECAF5783164B4FACB62DF30EDEB26C9F">
<seccion1Titulo>Competencias</seccion1Titulo>
<seccion1Texto>
<p>Pon a prueba tus capacidades y aplica lo aprendido con estos recursos.
Aquí va un PÁRRAFO</p>
<practica>
<enlace
destino="/LoIdRedirect.aspx?LoId=CN_08_09_CO_Recurso210&amp;IdRecurso=RES-8FC8B28595514202B78D7C833918EE2A"
>Competencias: preparación de un indicador ácido-base</enlace>
<enlace
destino="/LoIdRedirect.aspx?LoId=CN_08_09_CO_Recurso220&amp;IdRecurso=RES-ACF508D14ABA419AAA33E84971E88F77"
>Proyecto: la construcción de la escala de pH</enlace>
</practica></seccion1Texto></seccion1><masinformacion
id="MI_CN_08_09_CO_44B042D99F904359A56C28D394974876"><mapaconceptual>
<enlace
destino="/LoIdRedirect.aspx?LoId=CN_08_09_CO_Recurso240&amp;IdRecurso=RES-8CD9C2CB0D164547AC103510F74E19C2"
>Mapa Conceptual</enlace></mapaconceptual><autoevaluate><enlace
destino="/LoIdRedirect.aspx?LoId=CN_08_09_CO_Recurso250&amp;IdRecurso=RES-B4168CA10D8C44408F5F6A6C88F80330"
>Evaluación</enlace></autoevaluate><enlacesreferencia>
<enlace
destino="http://www.virtual.unal.edu.co/cursos/ciencias/mtria_ensenanza/acidos_bases/html/und1/u1_1.html"
>Ácidos, bases y pH</enlace>
<enlace
destino="http://www.catedu.es/cienciaragon/index.php?Itemid=44&amp;id=54&amp;option=com_content&amp;task=view"
>Ácidos y bases</enlace>
<enlace destino="http://www.quimitube.com/ejercicios-acido-base-2"
>Ejercicios de química  ácido base</enlace>
</enlacesreferencia></masinformacion></libro>
