﻿<?xml version="1.0" encoding="utf-8"?><motor tipo="4" clase="a" aprid="m4a">
  <plataforma>
    <grado><![CDATA[2]]></grado>
    <titulo>Revisa las características de la circulación a nivel celular</titulo>
    <area>0</area>
    <nivel>1</nivel>
    <referencia/>
    <idreg><![CDATA[0]]></idreg>
    <motor><![CDATA[M4A]]></motor>
    <lang>es</lang>
  </plataforma>
  <enunciado><![CDATA[Responde las siguientes preguntas relacionadas con la circulación en la célula.]]></enunciado>
  <masinfo inicio="0"/>
  <sinaleatoriedad><![CDATA[0]]></sinaleatoriedad>
  <calc><![CDATA[0]]></calc>
  <respuestaunica><![CDATA[0]]></respuestaunica>
  <test cantidad="5">
    <cuestion>
      <enunciado><![CDATA[¿En cuál de los siguientes tipos de transporte celular hay gasto de energía?]]></enunciado>
      <explicacion/>
      <imagen/>
      <respuestas>
        <respuesta contestacion="Difusión simple." correcta="0"/>
        <respuesta contestacion="Ósmosis." correcta="0"/>
        <respuesta contestacion="Transporte activo." correcta="1"/>
      </respuestas>
    </cuestion>
    <cuestion>
      <enunciado><![CDATA[¿Qué nombre recibe el proceso por el cual la célula excreta sustancias de desecho resultantes de procesos metabólicos?]]></enunciado>
      <explicacion/>
      <imagen/>
      <respuestas>
        <respuesta contestacion="Endocitosis." correcta="0"/>
        <respuesta contestacion="Exocitosis." correcta="1"/>
        <respuesta contestacion="Difusión facilitada." correcta="0"/>
      </respuestas>
    </cuestion>
    <cuestion>
      <enunciado><![CDATA[¿Qué tipo de mecanismo utiliza la célula para el ingreso y la salida de sustancias como el agua o el oxígeno?]]></enunciado>
      <explicacion/>
      <imagen/>
      <respuestas>
        <respuesta contestacion="Transporte activo antiporte." correcta="0"/>
        <respuesta contestacion="Exocitosis." correcta="0"/>
        <respuesta contestacion="Difusión simple." correcta="1"/>
      </respuestas>
    </cuestion>
    <cuestion>
      <enunciado><![CDATA[¿A nivel celular, qué tipo de transporte se realiza en favor del gradiente de concentración de sustancias, sin gasto energético?]]></enunciado>
      <explicacion/>
      <imagen/>
      <respuestas>
        <respuesta contestacion="Transporte activo." correcta="0"/>
        <respuesta contestacion="Endocitosis." correcta="0"/>
        <respuesta contestacion="Transporte pasivo." correcta="1"/>
      </respuestas>
    </cuestion>
    <cuestion>
      <enunciado><![CDATA[¿En qué tipo de solución se debe encontrar una célula para que se produzca la turgencia?]]></enunciado>
      <explicacion/>
      <imagen/>
      <respuestas>
        <respuesta contestacion="Isotónica." correcta="0"/>
        <respuesta contestacion="Hipertónica." correcta="0"/>
        <respuesta contestacion="Hipotónica." correcta="1"/>
      </respuestas>
    </cuestion>
  </test>
</motor>