﻿<?xml version="1.0" encoding="UTF-8"?>
<?xml-stylesheet href="cuadernoestudio/dtd/libro.xslt" type="text/xsl"?>
<!--Arbortext, Inc., 1988-2013, v.4002-->
<!DOCTYPE libro SYSTEM "cuadernoestudio/dtd/libro.dtd">
<?Pub Inc?>
<libro id="CN_06_09_CO">
<libroTitulo>La materia y sus propiedades</libroTitulo>
<seccion1 id="S1_CN_06_09_CO_0E14D89C01584AA2BFB026C959AAAE11">
<seccion1Titulo>La materia</seccion1Titulo>
<seccion1Texto>
<p>Todos los cuerpos del universo están compuestos por materia, desde
la tierra que pisamos hasta el aire que respiramos. Los objetos que
podemos ver, tocar y percibir con nuestros sentidos, así como aquellos
que no podemos apreciar directamente, como los gases del aire, están
formados por materia.</p>
<p>Llamamos <negrita>materia</negrita> a todo aquello que ocupa un
espacio y tiene masa. Estas características nos permiten distinguir
la materia de las cosas inmateriales, como la alegría o los recuerdos.</p>
<imagen src="CN_06_09_CO_img_01_small.jpg">
<p>La materia es lo que forma las estrellas, los seres vivos, el aire
y todos los cuerpos del universo.</p>
</imagen>
<recuerda><recuerdaTexto>
<p>La materia está compuesta por pequeñísimas partículas, llamadas <negrita
>átomos</negrita>, que se agrupan para formar <negrita>moléculas</negrita
>, las cuales dan origen a las distintas clases de materia.</p>
</recuerdaTexto></recuerda>
<p>Además, la materia se puede encontrar en diferentes estados, según
las fuerzas que mantienen unidas a las partículas que la componen.
Encontramos así la materia en estado <negrita>sólido</negrita>, <negrita
>líquido</negrita> y <negrita>gaseoso</negrita>, y también en estado
de <negrita>plasma</negrita>.</p>
<profundiza>
<enlace
destino="/LoIdRedirect.aspx?LoId=CN_06_09_CO_Recurso010&amp;IdRecurso=RES-DCA995AC79E0438DB767816F5BCCB706"
>Introducción a la materia</enlace>
</profundiza><practica>
<enlace
destino="/LoIdRedirect.aspx?LoId=CN_06_09_CO_Recurso020&amp;IdRecurso=RES-909E634624664B059BC5EE5383027BE5"
>Las propiedades de la materia</enlace>
</practica><seccion2
id="S2_CN_06_09_CO_D462C222C8BA4BB7899FFF08851ADDD8">
<seccion2Titulo>Las propiedades de la materia</seccion2Titulo>
<seccion2Texto>
<p>Todos los cuerpos del universo están constituidos de materia. Esta
tiene unas propiedades generales, que son la masa y el volumen, y
unas propiedades específicas, que nos permiten identificar los distintos
tipos de materia, como la densidad, el punto de fusión y la solubilidad,
entre otras.</p>
<p>Muchas de las cosas materiales que nos rodean podemos ponerlas
en cajas, frascos, sacos, etc. Cuando inflamos un globo podemos comprender
que el aire es materia, porque ocupa un lugar en el espacio. Por eso
decimos que la materia ocupa un <negrita>volumen</negrita>.</p>
<p>Con la balanza podemos medir la <negrita>masa</negrita> que tienen
distintas cosas que nos rodean, por eso podemos afirmar que es materia.</p>
<p>La materia presenta diferentes propiedades: cualitativas, cuantitativas,
generales y específicas. En el siguiente enlace encontrarás mayor
información acerca de las propiedades de la materia [<enlace
destino="http://www.fullquimica.com/2010/09/propiedades-de-la-materia.html"
>VER</enlace>].</p>
<seccion3 id="S3_CN_06_09_CO_407F52866C644B5FBD2311052CC9086C">
<seccion3Titulo>Las propiedades cualitativas de la materia</seccion3Titulo>
<seccion3Texto>
<p>Las <negrita>propiedades cualitativas</negrita> son aquellas que <negrita
>no se pueden medir</negrita>, es decir, no se pueden expresar por
medio de cantidades. Son llamadas también propiedades <negrita>organolépticas</negrita
> porque se perciben con los sentidos sin necesidad de medirlas, por
ejemplo color (amarillo, azul, rojo…), olor (agradable, desagradable…),
textura (suave, liso, rugoso...) y estado de la materia (sólido, líquido…)</p>
<imagen src="CN_06_09_CO_img_02_small.jpg">
<p>El color verde, el sabor dulce, un olor agradable, una textura
lisa y un estado de la materia sólido, son las propiedades cualitativas
de la materia que describen a la manzana.</p>
</imagen>
</seccion3Texto></seccion3><seccion3
id="S3_CN_06_09_CO_913980954DEC4636A922E673C5583A87">
<seccion3Titulo>Las propiedades cuantitativas de la materia</seccion3Titulo>
<seccion3Texto>
<p>Las <negrita>propiedades cuantitativas</negrita> son aquellas que
se pueden <negrita>medir</negrita>, es decir, se pueden expresar por
medio de cantidades. Por ejemplo, la materia presenta propiedades
cuantitativas como la masa, el volumen, la temperatura, etc.</p>
<destacado><destacadoTitulo>La medida</destacadoTitulo><destacadoTexto>
<p>Para <negrita>medir</negrita> las propiedades cuantitativas se
usan aparatos e instrumentos con <negrita>referencias o patrones</negrita
>, por ejemplo, la balanza o el metro. Todo lo que puede medirse se
denomina magnitud: masa, volumen, tiempo, temperatura, etc. </p>
</destacadoTexto></destacado><profundiza>
<enlace
destino="/LoIdRedirect.aspx?LoId=CN_06_09_CO_Recurso030&amp;IdRecurso=RES-268B1D5429FE4D8AB9BBFB28BB9C10B3"
>Los instrumentos de medición</enlace>
</profundiza></seccion3Texto></seccion3><seccion3
id="S3_CN_06_09_CO_7DFFC00D619245D695A2E15E84ED81E9">
<seccion3Titulo>Las propiedades generales de la materia</seccion3Titulo>
<seccion3Texto>
<p>Las <negrita>propiedades generales</negrita> de la materia son
aquellas que comparten todas las sustancias. Las más representativas
son: <negrita>masa</negrita> y <negrita>volumen</negrita>. Es decir,
toda materia tiene una masa y ocupa un volumen.</p>
<listaSinNumerar>
<listaElemento><negrita>La masa</negrita></listaElemento>
</listaSinNumerar>
<p>Una de las propiedades de la materia es la masa. La <negrita>masa</negrita
> <cursiva>m</cursiva> es la <negrita>cantidad</negrita> de materia
que posee un cuerpo; cuanta más materia tiene, mayor es su masa. Esta
propiedad puede expresarse en diferentes unidades: gramos (g), miligramos
(mg) o toneladas (t), pero la unidad del Sistema Internacional de
Unidades (SI) es el <negrita>kilogramo (kg)</negrita>. Otras unidades
para medir la masa son los submúltiplos, como el decigramo (dg), centigramo
(cg) y miligramo (mg).</p>
<p>Para pasar de un múltiplo a otro se multiplica o divide por 10:</p>
<table border="1"><caption>Las unidades de medida de la masa</caption>
<colgroup align="center"><col align="left"/><col/><col/></colgroup>
<tbody>
<tr>
<td>Kilogramo</td>
<td>(kg)</td>
<td>1 000 g</td>
</tr>
<tr>
<td>Hectogramo</td>
<td>(hg)</td>
<td>100 g</td>
</tr>
<tr>
<td>Decagramo</td>
<td>(dag)</td>
<td>10 g</td>
</tr>
<tr>
<td>Gramo </td>
<td>(g)</td>
<td>1</td>
</tr>
<tr>
<td>Decigramo</td>
<td>(dg)</td>
<td>0,1 g</td>
</tr>
<tr>
<td>Centigramo </td>
<td>(cg)</td>
<td>0,01 g</td>
</tr>
<tr>
<td>Miligramo </td>
<td>(mg)</td>
<td>0,001 g</td>
</tr>
</tbody>
</table>
<p>Otras unidades para medir la masa son los submúltiplos, como el
decigramo, centigramo y miligramo.</p>
<p>Para medir la <negrita>masa</negrita> de los objetos, se utilizan
las <negrita>balanzas</negrita>. La masa es una propiedad intrínseca
de la materia y cada muestra de material tiene su propia masa, que
permanece invariable aunque cambie de estado.</p>
<recuerda><recuerdaTexto>
<p>No debemos confundir <negrita>masa</negrita> con <negrita>peso</negrita
>. La <negrita>masa</negrita> de un cuerpo <negrita>no varía</negrita
>, no importa el lugar en el que esté, pero el <negrita>peso</negrita
> es una medida que depende de la fuerza gravitatoria que actúa sobre
el objeto, es decir, de la fuerza con la que la Tierra atrae a ese
cuerpo, por tanto, varía de un sitio a otro, sobre todo con la altura.	</p>
</recuerdaTexto></recuerda>
<listaSinNumerar>
<listaElemento><negrita>El volumen</negrita></listaElemento>
</listaSinNumerar>
<p>El <negrita>volumen</negrita>, o <cursiva>V</cursiva>, es el espacio
que ocupa un cuerpo; cuanto más espacio ocupa, mayor es su volumen.
La unidad de volumen del SI es el metro cúbico (m<subindice>3</subindice
>). Sin embargo, sobre todo en líquidos, también se acepta el <negrita
>litro (l)</negrita>, usado de manera general y que es una medida
de capacidad.</p>
<recuerda><recuerdaTexto>
<p>1 litro equivale a 1 dm<superindice>3</superindice>, mientras que
1 ml equivale a 1 cm<superindice>3</superindice>: </p>
<p>1 l = 1 dm<superindice>3</superindice></p>
<p>1 ml = 1 cm<superindice>3</superindice></p>
<p>1 kl = 1 m<superindice>3</superindice> = 1 000 l</p>
</recuerdaTexto></recuerda>
<p>El <negrita>volumen varía</negrita> con la <negrita>temperatura</negrita
> y con los cambios de <negrita>estado de la materia</negrita>, es
decir, un cuerpo no ocupa el mismo volumen en estado sólido, que en
estado líquido o gaseoso. En los sólidos y los líquidos, el volumen
es prácticamente constante, mientras que en los gases el volumen es
variable y depende del volumen del recipiente. Si no existe ningún
recipiente, el gas ocupa todo el volumen posible.</p>
<practica>
<enlace
destino="/LoIdRedirect.aspx?LoId=CN_06_09_CO_Recurso040&amp;IdRecurso=RES-E32B1C0F73D742EB8BA292101A41928A"
>La masa y el volumen </enlace>
</practica></seccion3Texto></seccion3><seccion3
id="S3_CN_06_09_CO_913980954DEC4636A922E673C5583A98">
<seccion3Titulo>Las propiedades específicas de la materia</seccion3Titulo>
<seccion3Texto>
<p>Las <negrita>propiedades específicas</negrita> de la materia son
aquellas que <negrita>varían de unas sustancias a otras</negrita>,
es decir, permiten diferenciar un tipo de materia de otra y no dependen
de su cantidad. Por ejemplo, la densidad del agua es distinta a la
del aceite sin importar la cantidad que se tenga.</p>
<p>Las propiedades específicas más representativas son: la <negrita
>densidad</negrita>, la <negrita>dureza</negrita>, la <negrita>tenacidad</negrita
>, la <negrita>transparencia</negrita>, la <negrita>flotabilidad</negrita
>, la <negrita>impermeabilidad</negrita>, la <negrita>conductividad
térmica</negrita> o <negrita>eléctrica</negrita> y el <negrita>aislamiento
térmico</negrita> o <negrita>eléctrico</negrita>.</p>
<listaSinNumerar>
<listaElemento><negrita>La densidad</negrita></listaElemento>
</listaSinNumerar>
<p>¿Qué pesa más, un kilo de hierro o un kilo de espuma? Esta pregunta
“trampa” juega con la percepción que tenemos de que el hierro pesa
más que la espuma. Así, tendemos a contestar que el kilo de hierro
pesa más. La diferencia entre un kilo de hierro y un kilo de espuma,
sin embargo, es que no ocupan el mismo espacio o el mismo volumen.</p>
<p>En el caso propuesto, el kilo de hierro ocupa un volumen menor
que el kilo de espuma, por lo que decimos que la densidad del hierro
es mucho mayor que la de la espuma.</p>
<p>La <negrita>densidad</negrita> (cuyo símbolo es <cursiva>ρ</cursiva
>) es la magnitud que relaciona la masa de un material con el volumen
que ocupa. Indica la cantidad de materia por cada unidad de volumen
y su unidad del SI es el <negrita>kg/m<superindice>3</superindice
></negrita>, aunque la densidad se expresa en cualquier unidad de
masa sobre volumen, por ejemplo, g/cm<superindice>3</superindice>,
mg/l, etc.</p>
<p>La densidad se calcula dividiendo la masa de un cuerpo por el volumen
que ocupa:</p>
<formula alineacion="centrada" src="CN_06_09_formula_01.gif"></formula>
<p>Además, la densidad varía con la temperatura y con el estado del
material; por eso, cuando se especifica la densidad de una sustancia
se deben indicar estos parámetros (unidades de masa / unidades de
volumen). Puedes consultar el siguiente enlace ampliar la información
acerca de la densidad [<enlace
destino="http://www.quimicayalgomas.com/quimica-general/concepto-de-densidad-problemas-resueltos/"
>VER</enlace>].</p><?Pub Caret 299?>
<p>Por ejemplo, para determinar la densidad de un cubo de plástico
que tiene un volumen de 5 litros y una masa de 15 gramos. Se recomiendan
los siguientes pasos:</p>
<listaNumerada>
<listaElemento>Teniendo en cuenta que densidad <cursiva>ρ</cursiva
> es masa sobre volumen <formula alineacion="centrada"
src="CN_06_09_formula_01.gif"></formula></listaElemento>
<listaElemento>Por tanto, la densidad del cubo es<formula
alineacion="centrada" src="CN_06_09_formula_02.gif"></formula></listaElemento>
</listaNumerada>
<recuerda><recuerdaTexto>
<p>Una sustancia se puede identificar por su densidad, ya que esta
es una <negrita>propiedad característica</negrita>, es decir, depende
del tipo de materia y no de su cantidad.</p>
</recuerdaTexto></recuerda>
<imagen src="CN_06_09_CO_img_03_small.jpg">
<p>La densidad del agua es <negrita>1 g/cm<superindice>3</superindice
></negrita>. Si la densidad de un material es menor que este valor,
flotará; mientras que si es mayor, se hundirá.</p>
</imagen>
<practica>
<enlace
destino="/LoIdRedirect.aspx?LoId=CN_06_09_CO_Recurso050&amp;IdRecurso=RES-9EBBAA891C4743B58338021EAF259E85"
>La densidad</enlace>
</practica><profundiza>
<enlace
destino="/LoIdRedirect.aspx?LoId=CN_06_09_CO_Recurso060&amp;IdRecurso=RES-38661D69BA3E473898DACCEA6148F0C6"
>Los conceptos asociados a la densidad</enlace>
</profundiza>
<p>Otras propiedades específicas de la materia son:</p>
<listaSinNumerar>
<listaElemento><negrita>La dureza</negrita></listaElemento>
</listaSinNumerar>
<p>Es la resistencia que opone una sustancia a ser rayada por un material.
Cuanto más dura es una sustancia, más difícil es que la rayen.</p>
<listaSinNumerar>
<listaElemento><negrita>La tenacidad</negrita></listaElemento>
</listaSinNumerar>
<p>Es la oposición que ofrece un material a romperse o deformarse.</p>
<listaSinNumerar>
<listaElemento><negrita>La transparencia </negrita></listaElemento>
</listaSinNumerar>
<p>Es la capacidad de una sustancia para dejar pasar la luz.</p>
<listaSinNumerar>
<listaElemento><negrita>La flotabilidad</negrita> </listaElemento>
</listaSinNumerar>
<p>Es la capacidad de un cuerpo para sostenerse en un fluido. Depende
normalmente de la cantidad de aire que tiene el cuerpo. Es positiva
si flota y negativa si se hunde.</p>
<listaSinNumerar>
<listaElemento><negrita>La impermeabilidad</negrita> </listaElemento>
</listaSinNumerar>
<p>Es la capacidad de una sustancia para evitar que el agua la atraviese. </p>
<listaSinNumerar>
<listaElemento><negrita>La ligereza</negrita> </listaElemento>
</listaSinNumerar>
<p>Es la facilidad de un cuerpo para ser levantado.</p>
<listaSinNumerar>
<listaElemento><negrita>La conductividad térmica o eléctrica</negrita
>  </listaElemento>
</listaSinNumerar>
<p>Indica la capacidad de una sustancia para conducir el calor o la
electricidad. Es decir, cuanta más conductividad tenga una sustancia,
más fácil será para el calor o la electricidad pasar a través de ella.</p>
<listaSinNumerar>
<listaElemento><negrita>El aislamiento térmico o eléctrico</negrita
>  </listaElemento>
</listaSinNumerar>
<p>Es la capacidad de una sustancia para evitar que el calor o la
electricidad pasen a través de ella.</p>
<imagen src="CN_06_09_CO_img_04_small.jpg">
<p>La propiedad específica que permite que el material del que está
hecho el paraguas no deje filtrar el agua es la Impermeabilidad.</p>
</imagen>
<practica>
<enlace
destino="/LoIdRedirect.aspx?LoId=CN_06_09_CO_Recurso070&amp;IdRecurso=RES-6FA5DD12C37F4E7AB5B57C9D2899D39F"
>Reconoce las propiedades físicas de la materia</enlace>
</practica></seccion3Texto></seccion3></seccion2Texto></seccion2>
<seccion2 id="S2_CN_06_09_CO_8597D4291208408797F2A18EB02F811C">
<seccion2Titulo>Consolidación</seccion2Titulo>
<seccion2Texto>
<p>Actividades para consolidar lo que has aprendido en esta sección.</p>
<practica>
<enlace
destino="/LoIdRedirect.aspx?LoId=CN_06_09_CO_Recurso080&amp;IdRecurso=RES-DD294183662B48738FA1B0FF3C3D3ADD"
>Refuerza tu aprendizaje: La materia y sus propiedades</enlace>
</practica></seccion2Texto></seccion2></seccion1Texto></seccion1>
<seccion1 id="S1_CN_06_09_CO_D3B41DA856E64BD39B52CA94F24E1123">
<seccion1Titulo>Los estados de la materia</seccion1Titulo>
<seccion1Texto>
<p>En la Tierra, la materia se presenta habitualmente en tres estados
físicos: <negrita>sólido</negrita>, <negrita>líquido</negrita> y <negrita
>gaseoso</negrita>. Existe además un cuarto estado, llamado <negrita
>plasma</negrita>, que es poco frecuente en la Tierra, pero es el
estado en que se encuentra la mayor parte de la materia que forma
las estrellas y otros cuerpos del universo.</p>
<p>El <negrita>estado</negrita> físico en que se presenta la materia
depende de las condiciones de <negrita>temperatura</negrita> y <negrita
>presión</negrita> en que se encuentre. De acuerdo con esto, las partículas
que la forman (moléculas o átomos), se disponen de una manera u otra.
A mayor temperatura y menor presión, más distancia entre moléculas
y mayor movimiento de estas (<negrita>energía cinética</negrita>),
mientras que a menor temperatura y mayor presión, las moléculas están
más quietas y juntas. Por ejemplo, al calentar un cubo de hielo sus
moléculas adquieren más movimiento y pasan a su forma líquida. En
la siguiente tabla podrás encontrar las particularidades de cada uno
de los estados en que se encuentra la materia.  </p>
<table border="1"><caption>Las características de los estados de la
materia</caption><colgroup><col/><col/><col/><col/></colgroup>
<tbody>
<tr>
<td align="center"><negrita>ESTADO</negrita></td>
<td align="center"><negrita>UNIÓN ENTRE LAS PARTÍCULAS</negrita></td>
<td align="center"><negrita>FORMA</negrita></td>
<td align="center"><negrita>VOLUMEN</negrita></td>
</tr>
<tr>
<td>Sólido</td>
<td>Fuerte</td>
<td>Constante</td>
<td>Constante</td>
</tr>
<tr>
<td>Líquido</td>
<td>Débil</td>
<td>Variable</td>
<td>Constante</td>
</tr>
<tr>
<td>Gas</td>
<td>Muy débil</td>
<td>Variable</td>
<td>Variable</td>
</tr>
<tr>
<td>Plasma</td>
<td>Ninguna</td>
<td>Variable</td>
<td>Variable</td>
</tr>
</tbody>
</table>
<seccion2 id="S2_CN_06_09_CO_BD1AE6CEF5344118A289B8643B22E179">
<seccion2Titulo>El estado sólido</seccion2Titulo>
<seccion2Texto>
<p>En <negrita>estado sólido</negrita>, las partículas se encuentran
fuertemente unidas, la atracción entre ellas es muy grande y esto
impide que se desplacen. Por esa razón, los sólidos mantienen una
forma y un volumen fijos. </p>
<imagen src="CN_06_09_CO_img_05_small.jpg">
<p>Aunque los sólidos tienen forma definida, a veces esta puede modelarse,
como por ejemplo, la plastilina.</p>
</imagen>
</seccion2Texto></seccion2><seccion2
id="S2_CN_06_09_CO_23BA3421446C4A3FB2A67DFAD40F1462">
<seccion2Titulo>El estado líquido </seccion2Titulo>
<seccion2Texto>
<p>En <negrita>estado líquido</negrita>, las partículas también están
unidas, pero de forma más débil que en los sólidos, y pueden desplazarse
con mayor libertad. Por consiguiente, los líquidos pueden fluir y
no tienen una forma definida, es decir, pueden variar su forma, pero
no su volumen. Los líquidos tienen <negrita>volumen</negrita> constante
sin importar el recipiente que los contiene.</p>
<recuerda><recuerdaTexto>
<p>Un <negrita>fluido</negrita> es aquel que puede deslizarse (puede
fluir) y adoptar la forma del recipiente que lo contiene, debido a
que las partículas que lo constituyen se hallan débilmente unidas.
Los líquidos y los gases son fluidos.</p>
</recuerdaTexto></recuerda></seccion2Texto></seccion2><seccion2
id="S2_CN_06_09_CO_3CD8751D2EAC4406B6D02FED66DEC05E">
<seccion2Titulo>El estado gaseoso</seccion2Titulo>
<seccion2Texto>
<p>En <negrita>estado gaseoso</negrita>, las partículas no están unidas
entre sí, por lo que pueden moverse con mucha libertad. Por tanto,
los gases se distribuyen por todo el espacio disponible y ocupan todo
el volumen del recipiente que los contiene. No tienen forma definida
ni volumen fijo.</p>
<profundiza>
<enlace
destino="/LoIdRedirect.aspx?LoId=CN_06_09_CO_Recurso090&amp;IdRecurso=RES-64CCC0786BAF425AAF1583C178A73E2C"
>Las características de los estados físicos de la materia</enlace>
</profundiza><practica>
<enlace
destino="/LoIdRedirect.aspx?LoId=CN_06_09_CO_Recurso100&amp;IdRecurso=RES-5DD5691CF313498DA74C56AE204D4695"
>¿Qué sabes sobre las propiedades de sólidos, líquidos y gases? </enlace>
</practica></seccion2Texto></seccion2><seccion2
id="S2_CN_06_09_CO_23BA3421446C4A3FB2A78DFAD40F1473">
<seccion2Titulo>El estado plasma</seccion2Titulo>
<seccion2Texto>
<p>El <negrita>estado plasma</negrita>, es el nombre que recibe el
cuarto estado de la materia. En este, la temperatura y la presión
son tan elevadas que los protones, neutrones y electrones están libres
y continuamente en movimiento, y reaccionan entre sí para formar elementos
ligeros mediante reacciones nucleares. Este estado de la materia es
poco frecuente en la Tierra (por ejemplo, en las auroras boreales),
pero es el que predomina en la mayor parte de la materia del universo,
como la del Sol y otras estrellas.</p>
<imagen src="CN_06_09_CO_img_06_small.jpg">
<p>Las <negrita>auroras polares</negrita> tienen lugar cuando las
partículas del viento solar penetran en las capas altas de la atmósfera
por acción del campo magnético e <negrita>ionizan</negrita> el oxígeno,
que entonces emite luz. La materia de las auroras se encuentra en
estado plasma.</p>
</imagen>
<recuerda><recuerdaTexto>
<p>Un <negrita>ion</negrita> es una partícula con carga eléctrica
positiva o negativa que se obtiene cuando un átomo pierde o gana electrones.</p>
</recuerdaTexto></recuerda><practica>
<enlace
destino="/LoIdRedirect.aspx?LoId=CN_06_09_CO_Recurso110&amp;IdRecurso=RES-591C238D13E1444A8123A27C32DF4B5F"
>Reconoce el estado de la materia</enlace>
<enlace
destino="/LoIdRedirect.aspx?LoId=CN_06_09_CO_Recurso260&amp;IdRecurso=RES-A5710BFBA20D435CA4B9AA34A8DBA4C7"
>¿Qué tanto sabes de los estados de la materia?</enlace>
</practica></seccion2Texto></seccion2><seccion2
id="S2_CN_06_09_CO_BD1AE6CEF5344119B289B8643B22E289">
<seccion2Titulo>Los cambios de estado </seccion2Titulo>
<seccion2Texto>
<p>Cuando la materia pasa de un estado a otro, se produce un <negrita
>cambio de estado</negrita>. Estos cambios se deben a la variación
de la energía interna de las partículas por efecto de la temperatura. </p>
<p>Por ejemplo, cuando el agua se encuentra a temperaturas comprendidas
entre los 0 °C y los 100 °C, predomina el estado líquido. En este
estado, sus partículas se hallan unidas entre sí y el movimiento es
limitado. Por debajo de los 0 °C, en condiciones normales de presión,
el agua predomina el estado sólido (hielo), es decir, la agrupación
que conforman las partículas genera rigidez en la estructura, limitando
el movimiento.  </p>
<p>En el <negrita>punto de fusión</negrita>, la temperatura permite
el equilibrio de fases sólido-líquido. Si la temperatura se sitúa
por encima de los 100 °C, el agua supera el <negrita>punto de ebullición</negrita
> y predomina el estado gaseoso. En este estado, las uniones entre
las partículas se rompen, de modo que estas se mueven libremente y
ocupan todo el espacio disponible.</p>
<profundiza>
<enlace
destino="/LoIdRedirect.aspx?LoId=CN_06_09_CO_Recurso300&amp;IdRecurso=RES-E9AA6C7C2075429F9C97D3541AE14724"
>Los estados de la materia </enlace>
</profundiza>
<p>Cada cambio de estado recibe un nombre, por ejemplo, el paso de
sólido a líquido se llama <negrita>fusión</negrita>, mientras que
el de líquido a sólido, se llama <negrita>solidificación</negrita
>. El paso de líquido a gas se denomina <negrita>vaporización</negrita
>, mientras que el proceso inverso, es decir, el paso de gas a líquido
se llama condensación.</p>
<p>Por su parte, el paso del estado sólido directamente al gaseoso,
sin pasar por el estado líquido, se denomina <negrita>sublimación</negrita
>, como sucede con el hielo seco (CO<subindice>2</subindice>) que
pasa a su forma gaseosa sin pasar por la líquida; el proceso inverso
es la <negrita>sublimación regresiva</negrita>. El yodo, por ejemplo,
es una sustancia que pasa directamente de gas a sólido cuando se disminuye
su temperatura. Los demás cambios de estado son fácilmente observables,
por ejemplo, en el agua, con el aumento o la disminución de la temperatura.</p>
<imagen src="CN_06_09_CO_img_07_small.jpg">
<p>Los cambios de un estado a otro son reversibles y pueden producirse
tanto en un sentido como en el contrario, invirtiendo las condiciones
(con el aporte o la sustracción de calor).</p>
</imagen>
<destacado><destacadoTitulo>Punto de fusión y punto de ebullición</destacadoTitulo>
<destacadoTexto>
<p>Se llama <negrita>punto de fusión</negrita> a la <negrita>temperatura</negrita
> que se debe alcanzar para que un sólido pase al estado líquido.
Asimismo, el <negrita>punto de ebullición</negrita> es la temperatura
a la que una sustancia en estado líquido hierve a una presión dada.
La temperatura permanece constante durante el cambio de estado.</p>
</destacadoTexto></destacado><recuerda><recuerdaTexto>
<p>La vaporización puede ocurrir de dos formas: por evaporación y
por ebullición. La <negrita>evaporación</negrita> es el cambio del
estado líquido al gaseoso de forma lenta después de adquirir suficiente
energía para vencer la <negrita>tensión superficial</negrita> (se
produce solo en la superficie del líquido) y ocurre a <negrita>cualquier
temperatura</negrita> (esta es la diferencia con la ebullición), aunque
es mayor cuanto más elevada es la temperatura.</p>
</recuerdaTexto></recuerda>
<imagen src="CN_06_09_CO_img_08_small.jpg">
<p>La principal función de la evaporación del sudor en la superficie
de la piel es mantener constante la temperatura corporal. El sudor
está compuesto por agua casi en un 99 %. Para evaporarse necesita
absorber calor y lo toma del cuerpo, el cual se enfría. En los charcos
formados después de la lluvia, el agua se evapora por acción del calor
del sol.</p>
</imagen>
</seccion2Texto></seccion2><seccion2
id="S2_CN_06_09_CO_23BA3421446C4A3FB2A67DFAD40F2573">
<seccion2Titulo>Consolidación</seccion2Titulo>
<seccion2Texto>
<p>Actividades para consolidar lo que has aprendido en esta sección.</p>
<practica>
<enlace
destino="/LoIdRedirect.aspx?LoId=CN_06_09_CO_Recurso130&amp;IdRecurso=RES-7544F9936EC346A7923701D1A06EB4B0"
>Refuerza tu aprendizaje: los estados de la materia </enlace>
</practica></seccion2Texto></seccion2></seccion1Texto></seccion1>
<seccion1 id="S1_CN_06_09_CO_E51B79CACEAE4F2F80B7F7585D04EA6F">
<seccion1Titulo>La clasificación de la materia</seccion1Titulo>
<seccion1Texto>
<p>La materia se divide en dos grandes grupos, las <negrita>sustancias
puras</negrita> y las <negrita>mezclas</negrita>.  </p>
<p>Las <negrita>sustancias puras</negrita> son aquellas que no pueden
separarse en distintos componentes por ningún procedimiento físico
ordinario. En cambio, las <negrita>mezclas</negrita> son agrupaciones
de dos o más sustancias puras que se pueden separar mediante algún
proceso físico. Algunas de las <negrita>técnicas</negrita> para separar
mezclas pueden implicar un cambio de estado de la materia.</p>
<seccion2 id="S2_CN_06_09_CO_7135DE8FFA114D159940205E4619B08A">
<seccion2Titulo>Las sustancias puras</seccion2Titulo>
<seccion2Texto>
<p>Las <negrita>sustancias puras</negrita> tienen unas propiedades
características que las distinguen, sea cual sea la muestra que se
analice de ellas. Por ejemplo, la sal de cocina, el agua destilada
y el gas butano son tres sustancias puras.  </p>
<p>Los átomos que componen cada una de estas sustancias se combinan
siempre del <negrita>mismo modo</negrita>, y forman una estructura
que se repite en cualquier parte de las mismas. Las sustancias puras
pueden ser <negrita>elementos químicos</negrita> o <negrita>compuestos
químicos</negrita>.</p>
<p>Un <negrita>elemento químico</negrita> es una sustancia pura que
está compuesta por <negrita>un solo tipo de átomos</negrita>. Los
elementos <negrita>no se pueden descomponer</negrita> en otras sustancias
más simples por <negrita>ningún procedimiento</negrita>. Por ejemplo,
el mercurio de los termómetros, el grafito de la mina del lápiz y
el helio que se utiliza para inflar los globos, son elementos. </p>
<p>Cualquier elemento de la <negrita>tabla periódica</negrita> es
una sustancia pura, es decir, un elemento químico. En la naturaleza,
existen 91 elementos diferentes y a partir de ellos se obtienen todos
los compuestos químicos conocidos. Por ejemplo, podemos encontrar <negrita
>hidrógeno</negrita> en las estrellas y en el agua, <negrita>boro</negrita
> en los productos de pirotecnia, <negrita>carbono</negrita> en la
mayoría de los compuestos que constituyen los seres vivos, etc. Además,
se han obtenido casi treinta elementos químicos más, de forma artificial,
aunque son muy inestables.</p>
<p>Los <negrita>compuestos químicos</negrita> son sustancias puras
formadas por <negrita>más de un tipo de átomos</negrita>. Se pueden <negrita
>descomponer</negrita> por métodos <negrita>fisicoquímicos</negrita
> en otras sustancias más simples (elementos). Por ejemplo, la sal
común (NaCl) está formada por los elementos sodio (Na) y cloro (Cl),
y el agua (H<subindice>2</subindice>O) está compuesta por dos elementos,
que son el hidrógeno (H) y el oxígeno (O).</p>
<imagen src="CN_06_09_CO_img_09_small.jpg">
<p>La tabla periódica contiene todos los elementos químicos conocidos,
en esta se organizan según sus propiedades y características. Cada
elemento químico es una sustancia pura. </p>
</imagen>
<practica>
<enlace
destino="/LoIdRedirect.aspx?LoId=CN_06_09_CO_Recurso140&amp;IdRecurso=RES-71EA626415A34FF5BEF8EACF0ECF93E6"
>Identifica los elementos químicos</enlace>
</practica></seccion2Texto></seccion2><seccion2
id="S2_CN_06_09_CO_5392519EDFFE45938B2D69C421CE7A72">
<seccion2Titulo>Las mezclas</seccion2Titulo>
<seccion2Texto>
<p>Las mezclas son combinaciones de dos o más sustancias puras que
se pueden separar mediante procesos físicos. Por ejemplo, son mezclas
el aire de la atmósfera, el agua del mar y el acero. Las mezclas no
tienen propiedades fijas, estas varían según la proporción de sus
componentes. Existen mezclas de todo tipo de sustancias y en cualquiera
de sus estados: líquido, sólido o gaseoso. Podemos clasificar las
mezclas en dos grupos, las <negrita>heterogéneas</negrita> y las <negrita
>homogéneas</negrita>:</p>
<listaSinNumerar>
<listaElemento>En las mezclas heterogéneas las sustancias que las
conforman se distinguen a simple vista o con ayuda de un microscopio
óptico, y sus propiedades varían según el lugar donde se toma la muestra.
Cada uno de los componentes mantiene sus propiedades características.
Por ejemplo, en una ensalada de frutas se pueden observar sus componentes
a simple vista; en la mayonesa, en cambio, necesitamos un microscopio
para observar las pequeñas gotas de aceite dispersas</listaElemento>
<listaElemento>Las mezclas homogéneas, también llamadas disoluciones,
son aquellas que presentan un aspecto uniforme y no es posible distinguir
los componentes que las forman, ni siquiera con un microscopio óptico.
Estas mezclas presentan las mismas propiedades en todas sus partes.
Pueden estar formadas por dos o más sustancias. Por ejemplo, el agua
de mar es una disolución líquida constituida por agua y varias sales,
y el aire es una disolución gaseosa compuesta por una mezcla de gases,
como el oxígeno y el nitrógeno, entre otros. También existen disoluciones
sólidas, llamadas aleaciones, como el acero y el bronce.</listaElemento>
</listaSinNumerar>
<p>En el siguiente enlace encontrarás actividades para aclarar tus
conocimientos sobre las sustancias puras y las mezclas [<enlace
destino="http://vecinadelpicasso.wordpress.com/2011/10/30/actividades-sustancias-puras-y-mezclas/"
>VER</enlace>].</p>
<destacado><destacadoTitulo>Las disoluciones</destacadoTitulo>
<destacadoTexto>
<p>En una disolución, el componente que se halla en mayor proporción
recibe el nombre de disolvente y el que está en menor proporción se
denomina soluto. Por ejemplo, en el agua de mar, el disolvente es
el agua, mientras que el soluto son las sales, como el cloruro de
sodio, entre otras.</p>
</destacadoTexto></destacado><profundiza>
<enlace
destino="/LoIdRedirect.aspx?LoId=CN_06_09_CO_Recurso150&amp;IdRecurso=RES-128E016ACB3F468DB42095DB45F7FF12"
>Las disoluciones</enlace>
</profundiza><practica>
<enlace
destino="/LoIdRedirect.aspx?LoId=CN_06_09_CO_Recurso310&amp;IdRecurso=RES-8D291465D4524B31AC81F2521C52B717"
>Las sustancias puras y las mezclas</enlace>
<enlace
destino="/LoIdRedirect.aspx?LoId=CN_06_09_CO_Recurso160&amp;IdRecurso=RES-CE8E304A4617438FBF6BFF3EB3AC1768"
>¿Qué sabes sobre las sustancias puras y las mezclas?</enlace>
</practica></seccion2Texto></seccion2><seccion2
id="S2_CN_06_09_CO_91517134CF08462DAE99D53E302ECA5C">
<seccion2Titulo>Los métodos de separación de mezclas</seccion2Titulo>
<seccion2Texto>
<p>Para separar los componentes de una mezcla, se pueden utilizar
diferentes <negrita>técnicas de separación</negrita>. Algunas de ellas
implican un cambio de estado y otras no. La elección de una u otra
técnica depende de las propiedades de las sustancias que constituyen
la mezcla. </p>
<p>Entre las técnicas de separación que se basan en <negrita>cambios
de estado</negrita> de alguno de sus componentes, encontramos:</p>
<listaSinNumerar>
<listaElemento>La <negrita>evaporación</negrita>: permite separar
una mezcla homogénea de un soluto sólido no volátil en un disolvente
líquido. En este caso, el soluto se puede recuperar pero el disolvente
no. El líquido (por lo general, agua) se evapora por calentamiento
o pasa al estado gaseoso, mientras que el sólido se cristaliza, es
decir, forma pequeños cristales. Por ejemplo, si mezclamos sal común
con agua y dejamos evaporar el agua de la disolución, nos quedarán
los cristales de sal en el fondo del recipiente.</listaElemento>
<listaElemento>La <negrita>destilación</negrita>: permite separar
mezclas homogéneas de solutos sólidos no volátiles o líquidos en disolventes
líquidos. A diferencia de la evaporación, en este caso es posible
recuperar ambos componentes. El componente de menor punto de ebullición
se evapora primero y luego se condensa, pero en un recipiente separado.
Para separar una disolución mediante esta técnica, se usa un aparato
de destilación.</listaElemento>
</listaSinNumerar>
<recuerda><recuerdaTexto>
<p>El <negrita>punto de ebullición</negrita> es la <negrita>temperatura</negrita
> a la que hierve una sustancia en estado líquido, a una presión dada.
La temperatura permanece constante durante el proceso de cambio de
estado. </p>
</recuerdaTexto></recuerda>
<imagen src="CN_06_09_CO_img_10_small.jpg">
<p><negrita>Aparato de destilación</negrita>. La disolución que se
desea separar se coloca en el balón de la izquierda. El componente
de menor punto de ebullición pasa al estado <negrita>gaseoso</negrita
>, se <negrita>condensa</negrita> en el refrigerante (tubo central)
y se recoge por separado en el matraz de la derecha.</p>
</imagen>
<p>Entre las técnicas de separación que no implican un cambio de estado
encontramos:</p>
<listaSinNumerar>
<listaElemento>La <negrita>filtración</negrita>: permite separar mezclas
heterogéneas formadas por un componente sólido y otro líquido. Para
esto, se hace pasar la mezcla por un filtro hecho de un material poroso
que deja pasar el líquido pero retiene el sólido.</listaElemento>
<listaElemento>La <negrita>decantación</negrita>: permite separar
mezclas heterogéneas de dos líquidos de densidad diferente, como el
agua y el aceite, o de sólidos y líquidos, como la arena y el agua.
Consiste en dejar reposar la mezcla y luego verter el líquido que
queda en la parte superior, en otro recipiente.</listaElemento>
<listaElemento>La <negrita>centrifugación</negrita>: permite separar
mezclas heterogéneas de sólidos y líquidos cuando el componente sólido
está formado por partículas muy pequeñas que quedan en suspensión
en el líquido, por ejemplo, agua con tierra. Para ello, se usa un
aparato llamado centrífuga, que acelera el proceso de decantación.
Las partículas del sólido se acumulan en el fondo del recipiente y
el líquido sobrenadante se vierte en otro recipiente.</listaElemento>
<listaElemento>La <negrita>cromatografía</negrita>: permite separar
los distintos solutos de una disolución. Se basa en la diferente afinidad
de las sustancias por un disolvente. Cada soluto es arrastrado por
el disolvente (más rápidamente los más afines y con lentitud los menos)
y queda fijado en distintas zonas de un papel de filtro, utilizado
como soporte.</listaElemento>
<listaElemento>La <negrita>separación magnética</negrita>: permite
separar mezclas heterogéneas en las que uno de los componentes tiene
propiedades magnéticas, es decir, es atraído por un imán.</listaElemento>
</listaSinNumerar>
<practica>
<enlace
destino="/LoIdRedirect.aspx?LoId=CN_06_09_CO_Recurso170&amp;IdRecurso=RES-67F301DE087C4B4CB9B1A005EF6B1B18"
>Completa el crucigrama sobre técnicas de separación</enlace>
<enlace
destino="/LoIdRedirect.aspx?LoId=CN_06_09_CO_Recurso180&amp;IdRecurso=RES-AFFED0FC4F2C4C6E80237A5C684D1D81"
>¿Qué sabes de la clasificación de la materia?  </enlace>
<enlace
destino="/LoIdRedirect.aspx?LoId=CN_06_09_CO_Recurso250&amp;IdRecurso=RES-759BAC112D54439F9B917E912FA69B24"
>Las mezclas y las técnicas de separación  </enlace>
</practica></seccion2Texto></seccion2><seccion2
id="S2_CN_06_09_CO_7135DE8FFA114D260040205E4619B09B">
<seccion2Titulo>Consolidación </seccion2Titulo>
<seccion2Texto>
<p>Actividades para consolidar lo que has aprendido en esta sección.</p>
<practica>
<enlace
destino="/LoIdRedirect.aspx?LoId=CN_06_09_CO_Recurso190&amp;IdRecurso=RES-D985AEC57CCC4FE796896B960B0ED0C6"
>Refuerza tu aprendizaje: Los métodos de separación de mezclas </enlace>
</practica></seccion2Texto></seccion2></seccion1Texto></seccion1>
<seccion1 id="S1_CN_06_09_CO_B8FEEB8A1E464383A3523B65A04F6D74">
<seccion1Titulo>Competencias</seccion1Titulo>
<seccion1Texto>
<p>A continuación encontrarás una serie de ejercicios para que pongas
a prueba lo aprendido.</p>
<practica>
<enlace
destino="/LoIdRedirect.aspx?LoId=CN_06_09_CO_Recurso200&amp;IdRecurso=RES-7CA43BDF02E942968345B31713FCFF21"
>Competencias: identificación de las propiedades de la materia</enlace>
<enlace
destino="/LoIdRedirect.aspx?LoId=CN_06_09_CO_Recurso210&amp;IdRecurso=RES-5CD95122F1F64574A57637E933C62735"
>Competencias: estudio de los cambios de estado de la materia</enlace>
<enlace
destino="/LoIdRedirect.aspx?LoId=CN_06_09_CO_Recurso220&amp;IdRecurso=RES-154FAC5ECE054C7DB4D961B18B305DD9"
>Competencias: determinación de la masa, el volumen y la densidad</enlace>
<enlace
destino="/LoIdRedirect.aspx?LoId=CN_06_09_CO_Recurso230&amp;IdRecurso=RES-D2F7798B4E6348619BA042D6EFCB8231"
>Competencias: estudio del proceso de solidificación de la materia</enlace>
<enlace
destino="/LoIdRedirect.aspx?LoId=CN_06_09_CO_Recurso240&amp;IdRecurso=RES-49172C39F09241F0982501725E2AD89B"
>Competencias: observación de técnicas para separar mezclas</enlace>
</practica></seccion1Texto></seccion1><masinformacion
id="MI_CN_06_09_CO_CD71EA67D0B04A9589846924EE5F798A"><mapaconceptual>
<enlace
destino="/LoIdRedirect.aspx?LoId=CN_06_09_CO_Recurso280&amp;IdRecurso=RES-4CB44307098A41019F8E578452281765"
>Mapa Conceptual</enlace></mapaconceptual><autoevaluate><enlace
destino="/LoIdRedirect.aspx?LoId=CN_06_09_CO_Recurso290&amp;IdRecurso=RES-C1808BE91CF44378A125446541C092B5"
>Evaluación</enlace></autoevaluate><enlacesreferencia>
<enlace destino="http://www.iesaguilarycano.com/dpto/fyq/mat/mat3.htm"
>Actividades sobre los estados de la materia del portal IES Aguilar
y Cano de la junta de Andalucia </enlace>
<enlace destino="http://www.iesaguilarycano.com/dpto/fyq/mat/mat10.htm"
>Página con actividades sobre las mezclas y las técnicas de separación
del portal IES Aguilar y Cano de la junta de Andalucia </enlace>
<enlace
destino="https://cienciasnaturalesgtb.wikispaces.com/file/view/problemas+densidad.pdf "
>PDF con ejercicios de cálculo de densidad, masa y volumen desarrollado
por IES Gonzalo Torrente Ballester </enlace>
<enlace destino="http://www.iesaguilarycano.com/dpto/fyq/mat/mat2.htm"
>Interactivo con actividades de las características de la materia
del IES Aguilar y Cano de la junta de Andalucia </enlace>
</enlacesreferencia></masinformacion></libro>
