<?xml version="1.0" encoding="UTF-8"?>
<engine title="Identificación de los órganos del aparato respiratorio" copy="Editorial Planeta" version="1" aprid="F13">
  <section title="Presentación" path="medias/section0.jpg" image1Text="" zoom1="false" zoom2a="false" zoom2b="false" layout="1"><![CDATA[<TextFlow><p><span fontSize="12">El aparato respiratorio está compuesto por diferentes órganos que tienen como función aportar oxígeno al organismo y expulsar dióxido de carbono.</span></p><p><span fontSize="12"></span></p><p><span fontSize="12">Las vías respiratorias son el primer componente del aparato respiratorio que entra en contacto con el aire exterior. Están compuestas por las fosas nasales, la laringe, la faringe y la tráquea, y por ellas pasa el aire hasta llegar a los bronquios y pulmones. </span></p><p><span fontSize="12"></span></p><p><span fontSize="12" fontWeight="bold">El objetivo de esta actividad es que identifiques los diferentes elementos que componen el aparato respiratorio.</span></p><p><span fontSize="12"></span></p><p><span fontSize="12">Antes de realizar la actividad, contesta a las siguientes preguntas para repasar tus conocimientos sobre el tema:</span></p><p><span fontSize="12"></span></p><p paragraphStartIndent="20" styleName="bullet"><span fontSize="12">¿Qué hay en el aire que respiramos?</span></p><p paragraphStartIndent="20" styleName="bullet"><span fontSize="12">¿Qué movimientos respiratorios conoces?</span></p><p paragraphStartIndent="20" styleName="bullet"><span fontSize="12">¿Qué órganos del aparato respiratorio conoces?</span></p><p><span fontSize="12"></span></p></TextFlow>]]></section>
  <section title="Tarea" path="medias/section1.jpg" image1Text="&lt;TextFlow&gt;&lt;p&gt;&lt;span&gt;Aparato respiratorio.&lt;/span&gt;&lt;/p&gt;&lt;/TextFlow&gt;" zoom1="true" zoom2a="false" zoom2b="false" layout="0"><![CDATA[<TextFlow><p><span fontSize="12">Para realizar esta tarea consigue el material que te indicamos y sigue los pasos del procedimiento.</span></p><p><span fontSize="12"></span></p><p><span fontSize="12" fontWeight="bold">Material:</span></p><p><span fontSize="12"></span></p><p paragraphStartIndent="20" styleName="bullet"><span fontSize="12">Pulmón y bronquios de cerdo.</span></p><p paragraphStartIndent="20" styleName="bullet"><span fontSize="12">Unos guantes de látex.</span></p><p paragraphStartIndent="20" styleName="bullet"><span fontSize="12">Un tubo de plástico.</span></p><p paragraphStartIndent="20" styleName="bullet"><span fontSize="12">Una bandeja limpia.</span></p><p paragraphStartIndent="20" styleName="bullet"><span fontSize="12">Unas pinzas.</span></p><p><span fontSize="12" fontWeight="bold"></span></p><p><span fontSize="12" fontWeight="bold">Procedimiento:</span></p><p><span fontSize="12"></span></p><p><span fontSize="12">1.º Coloca los pulmones en la bandeja e inspecciónalos con ayuda de las pinzas.</span></p><p><span fontSize="12"></span></p><p><span fontSize="12">2.º Describe cómo son.</span></p><p><span fontSize="12"></span></p><p><span fontSize="12">3.º Identifica qué otros elementos observas además de los pulmones.</span></p><p><span fontSize="12"></span></p><p><span fontSize="12">4.º Introduce el tubo de plástico por la tráquea dejando que sobresalga un poco y sopla por el extremo.</span></p><p><span fontSize="12"></span></p><p><span fontSize="12">5.º Anota todo lo que ocurre en los pulmones.</span></p><p><span fontSize="12"></span></p><p><span fontSize="12">6.º Piensa ahora qué sucede en nuestros pulmones cuando inspiramos aire.</span></p><p><span fontSize="12"></span></p><p><span fontSize="12">Compara los pulmones que has estudiado con los de un ser humano y usa la imagen que ilustra la actividad para situar todas las partes y los órganos del aparato respiratorio que reconozcas. </span></p><p><span fontSize="12"></span></p></TextFlow>]]></section>
</engine>
