﻿<?xml version="1.0" encoding="utf-8"?><motor tipo="1" clase="c" aprid="m1c">
  <plataforma>
    <grado><![CDATA[2]]></grado>
    <titulo>Los tipos de tropismos</titulo>
    <area>0</area>
    <nivel>1</nivel>
    <referencia/>
    <idreg><![CDATA[0]]></idreg>
    <motor><![CDATA[M1C]]></motor>
    <lang>es</lang>
  </plataforma>
  <enunciado><![CDATA[Relaciona las siguientes frases sobre los tropismos de las plantas.]]></enunciado>
  <masinfo inicio="0"/>
  <sinaleatoriedad><![CDATA[0]]></sinaleatoriedad>
  <calc><![CDATA[0]]></calc>
  <textoatexto cantidad="5">
    <cuestion>
      <pregunta><![CDATA[El fototropismo es el crecimiento direccional de la planta... ]]></pregunta>
      <respuesta><![CDATA[condicionado por la luz. Este es positivo en tallos y hojas y negativo en las raíces.]]></respuesta>
    </cuestion>
    <cuestion>
      <pregunta><![CDATA[El movimiento de la planta dependiente del estímulo generado por la fuerza de gravedad...]]></pregunta>
      <respuesta><![CDATA[se llama geotropismo. Este es positivo para las raíces y negativo para los tallos.]]></respuesta>
    </cuestion>
    <cuestion>
      <pregunta><![CDATA[El tigmotropismo es la respuesta de la planta al contacto con un cuerpo sólido, ...]]></pregunta>
      <respuesta><![CDATA[como una pared o un tronco. Es común en plantas trepadoras y enredaderas.]]></respuesta>
    </cuestion>
    <cuestion>
      <pregunta><![CDATA[El movimiento que se da en la planta como respuesta a la presencia de ciertas sustancias químicas en el ambiente...]]></pregunta>
      <respuesta><![CDATA[se llama quimiotropismo. Si la planta requiere de dichas sustancias, crece hacia ellas.]]></respuesta>
    </cuestion>
    <cuestion>
      <pregunta><![CDATA[El hidrotropismo es el crecimiento direccional de la planta...]]></pregunta>
      <respuesta><![CDATA[ante la disponibilidad de agua. Este ocurre principalmente en las raíces.]]></respuesta>
    </cuestion>
  </textoatexto>
  <textofalso cantidad="0"/>
</motor>