<?xml version='1.0' encoding='UTF-8'?><motor tipo="2" clase="c" aprid="m2c">
  <plataforma>
    <grado><![CDATA[2]]></grado>
    <titulo>¿Cómo se mueven los procariotas?</titulo>
    <area>0</area>
    <nivel>1</nivel>
    <referencia/>
    <idreg><![CDATA[0]]></idreg>
    <motor><![CDATA[M2C]]></motor>
    <lang>es</lang>
  </plataforma>
  <enunciado><![CDATA[Completa el siguiente texto acerca del movimiento en organismos procariotas.]]></enunciado>
  <masinfo inicio="0"/>
  <calc><![CDATA[0]]></calc>
  <sonido/>
  <textoacategoria>
    <cuestion>
      <pregunta><![CDATA[La capacidad de los [*] para desplazarse depende de procesos elaborados, e incluso de la presencia de [*] especializadas, que varían en gran medida al interior de estos grupos de [*]. Entre las diferentes estrategias están: a) el movimiento por [*], el cual es un filamento delgado que genera [*] helicoidales, impulsando así al organismo; b) el movimiento por [*], que se da por liberación de sustancias viscosas al ambiente o por [*], lo que ocasiona ciertos "espasmos" o "tirones", y c) las respuestas [*], que son movimientos mediados por [*] del ambiente externo, como por ejemplo, la luz, los agentes químicos, la disponibilidad de [*], entre otros.]]></pregunta>
      <respuestas>
        <respuesta orden="1">
          <opcion correcta="1"><![CDATA[procariotas ]]></opcion>
          <opcion correcta="0"><![CDATA[eucariotas]]></opcion>
          <opcion correcta="0"><![CDATA[hongos]]></opcion>
        </respuesta>
        <respuesta orden="2">
          <opcion correcta="0"><![CDATA[moléculas]]></opcion>
          <opcion correcta="1"><![CDATA[estructuras]]></opcion>
          <opcion correcta="0"><![CDATA[proteínas]]></opcion>
        </respuesta>
        <respuesta orden="3">
          <opcion correcta="0"><![CDATA[seres multicelulares]]></opcion>
          <opcion correcta="1"><![CDATA[microorganismos]]></opcion>
          <opcion correcta="0"><![CDATA[macroorganismos]]></opcion>
        </respuesta>
        <respuesta orden="4">
          <opcion correcta="1"><![CDATA[flagelo]]></opcion>
          <opcion correcta="0"><![CDATA[rotor]]></opcion>
          <opcion correcta="0"><![CDATA[motor]]></opcion>
        </respuesta>
        <respuesta orden="5">
          <opcion correcta="1"><![CDATA[ondulaciones]]></opcion>
          <opcion correcta="0"><![CDATA[transformaciones]]></opcion>
          <opcion correcta="0"><![CDATA[intercambios]]></opcion>
        </respuesta>
        <respuesta orden="6">
          <opcion correcta="0"><![CDATA[gravedad]]></opcion>
          <opcion correcta="0"><![CDATA[adhesión]]></opcion>
          <opcion correcta="1"><![CDATA[deslizamiento]]></opcion>
        </respuesta>
        <respuesta orden="7">
          <opcion correcta="0"><![CDATA[mucosas]]></opcion>
          <opcion correcta="1"><![CDATA[fimbrias]]></opcion>
          <opcion correcta="0"><![CDATA[flagelos]]></opcion>
        </respuesta>
        <respuesta orden="8">
          <opcion correcta="1"><![CDATA[sensoriales]]></opcion>
          <opcion correcta="0"><![CDATA[somáticas]]></opcion>
          <opcion correcta="0"><![CDATA[nerviosas]]></opcion>
        </respuesta>
        <respuesta orden="9">
          <opcion correcta="0"><![CDATA[recursos]]></opcion>
          <opcion correcta="1"><![CDATA[estímulos]]></opcion>
          <opcion correcta="0"><![CDATA[moléculas]]></opcion>
        </respuesta>
        <respuesta orden="10">
          <opcion correcta="1"><![CDATA[oxígeno]]></opcion>
          <opcion correcta="0"><![CDATA[membranas]]></opcion>
          <opcion correcta="0"><![CDATA[tierra]]></opcion>
        </respuesta>
      </respuestas>
    </cuestion>
  </textoacategoria>
</motor>