﻿<?xml version="1.0" encoding="utf-8"?><motor tipo="4" clase="a" aprid="m4a">
  <plataforma>
    <grado><![CDATA[2]]></grado>
    <titulo>El movimiento en las plantas y los hongos</titulo>
    <area>0</area>
    <nivel>1</nivel>
    <referencia/>
    <idreg><![CDATA[0]]></idreg>
    <motor><![CDATA[M4A]]></motor>
    <lang>es</lang>
  </plataforma>
  <enunciado><![CDATA[Responde las siguientes preguntas relacionadas con el movimiento en las plantas y los hongos.]]></enunciado>
  <masinfo inicio="0"/>
  <sinaleatoriedad><![CDATA[0]]></sinaleatoriedad>
  <calc><![CDATA[0]]></calc>
  <respuestaunica><![CDATA[0]]></respuestaunica>
  <test cantidad="6">
    <cuestion>
      <enunciado><![CDATA[¿Qué nombre reciben las estructuras flageladas de reproducción que poseen algunos hongos? ]]></enunciado>
      <explicacion/>
      <imagen/>
      <respuestas>
        <respuesta contestacion="Esporas y gametos." correcta="1"/>
        <respuesta contestacion="Macromicetos." correcta="0"/>
        <respuesta contestacion="Micromicetos." correcta="0"/>
      </respuestas>
    </cuestion>
    <cuestion>
      <enunciado><![CDATA[¿Qué tipo de locomoción presentan las hifas de los hongos?]]></enunciado>
      <explicacion/>
      <imagen/>
      <respuestas>
        <respuesta contestacion="Ondulaciones helicoidales." correcta="0"/>
        <respuesta contestacion="No presentan locomoción." correcta="1"/>
        <respuesta contestacion="Por medio de cilios." correcta="0"/>
      </respuestas>
    </cuestion>
    <cuestion>
      <enunciado><![CDATA[¿Qué nombre reciben los diversos mecanismos de movimiento presentes en las plantas?]]></enunciado>
      <explicacion/>
      <imagen/>
      <respuestas>
        <respuesta contestacion="Tropismos, nastias y circumnutaciones." correcta="1"/>
        <respuesta contestacion="Fototropismo, hidronastia y deslizamiento." correcta="0"/>
        <respuesta contestacion="Estímulos sensoriales, tropismo positivo, tropismo negativo." correcta="0"/>
      </respuestas>
    </cuestion>
    <cuestion>
      <enunciado><![CDATA[¿Cuál de las siguientes opciones se refiere a un movimiento direccionado de la planta como respuesta a la disponibilidad de luz?]]></enunciado>
      <explicacion/>
      <imagen/>
      <respuestas>
        <respuesta contestacion="Fototropismo." correcta="1"/>
        <respuesta contestacion="Fotonastia." correcta="0"/>
        <respuesta contestacion="Respuesta lumínica." correcta="0"/>
      </respuestas>
    </cuestion>
    <cuestion>
      <enunciado><![CDATA[¿Qué tipo de tropismo presentan las raíces de las plantas al crecer en sentido de la disponibilidad de agua en el suelo?]]></enunciado>
      <explicacion/>
      <imagen/>
      <respuestas>
        <respuesta contestacion="Hidrotropismo positivo." correcta="1"/>
        <respuesta contestacion="Hidrotropismo negativo." correcta="0"/>
        <respuesta contestacion="Hidronastia." correcta="0"/>
      </respuestas>
    </cuestion>
    <cuestion>
      <enunciado><![CDATA[¿Qué nombre recibe el movimiento en las hojas de algunas carnívoras como respuesta a un estímulo vibratorio? ]]></enunciado>
      <explicacion/>
      <imagen/>
      <respuestas>
        <respuesta contestacion="Sismonastia." correcta="1"/>
        <respuesta contestacion="Tigmotropismo." correcta="0"/>
        <respuesta contestacion="Gravitropismo." correcta="0"/>
      </respuestas>
    </cuestion>
  </test>
</motor>