<?xml version='1.0' encoding='UTF-8'?><motor tipo="1" clase="a" aprid="m1a">
  <plataforma>
    <grado><![CDATA[2]]></grado>
    <titulo/>
    <area>0</area>
    <nivel>1</nivel>
    <referencia/>
    <idreg><![CDATA[0]]></idreg>
    <motor><![CDATA[M1A]]></motor>
    <lang>es</lang>
  </plataforma>
  <enunciado><![CDATA[Relaciona cada tipo de nastia con el factor o estímulo respectivo.]]></enunciado>
  <masinfo inicio="0"/>
  <sinaleatoriedad><![CDATA[0]]></sinaleatoriedad>
  <calc><![CDATA[0]]></calc>
  <textoatexto cantidad="5">
    <cuestion>
      <pregunta><![CDATA[Termonastia]]></pregunta>
      <respuesta><![CDATA[Calor o frío]]></respuesta>
    </cuestion>
    <cuestion>
      <pregunta><![CDATA[Nictinastia]]></pregunta>
      <respuesta><![CDATA[Noche]]></respuesta>
    </cuestion>
    <cuestion>
      <pregunta><![CDATA[Fotonastia]]></pregunta>
      <respuesta><![CDATA[Luz]]></respuesta>
    </cuestion>
    <cuestion>
      <pregunta><![CDATA[Hidronastia]]></pregunta>
      <respuesta><![CDATA[Humedad]]></respuesta>
    </cuestion>
    <cuestion>
      <pregunta><![CDATA[Sismonastia]]></pregunta>
      <respuesta><![CDATA[Vibración]]></respuesta>
    </cuestion>
  </textoatexto>
  <textofalso cantidad="0"/>
</motor>