﻿<?xml version="1.0" encoding="utf-8"?>
<engine copy="Editorial Planeta" version="1" aprid="f4">
  <main title="La nutrición autótrofa y la nutrición heterótrofa" path="cn_06_04_rec30_img01.jpg" buttonsHeight="53">
    <info path="">
      <text><![CDATA[<p style="text-align:justify"><span style="font-family:verdana,geneva,sans-serif">Hay dos formas de nutrici&oacute;n,&nbsp;<strong>aut&oacute;trofa</strong> y <strong>heter&oacute;trofa</strong>; depende de los nutrientes utilizados y del mecanismo de obtenci&oacute;n de energ&iacute;a.&nbsp;</span></p>

<p style="text-align:justify"><span style="font-family:verdana,geneva,sans-serif">Los organismos que tienen nutrici&oacute;n <strong>aut&oacute;trofa</strong>&nbsp;producen su propio alimento a partir de <strong>materia prima inorg&aacute;nica</strong>,&nbsp;agua, di&oacute;xido de carbono y sales minerales.&nbsp;Obtienen la energ&iacute;a de la luz&nbsp;del Sol por medio de la <strong>fotos&iacute;ntesis </strong>o a trav&eacute;s de ciertas&nbsp;<strong>reacciones qu&iacute;micas</strong>.&nbsp;Las plantas, las algas y algunas bacterias y protozoos tienen nutrici&oacute;n aut&oacute;trofa.</span></p>

<p style="text-align:justify"><span style="font-family:verdana,geneva,sans-serif">Los organismos con nutrici&oacute;n <strong>heter&oacute;trofa&nbsp;</strong>se alimentan de <strong>sustancias org&aacute;nicas</strong> que han sido fabricadas por otros seres. Por esto,&nbsp;deben descomponer los alimentos en mol&eacute;culas m&aacute;s simples por medio de distintos procesos de&nbsp;<strong>digesti&oacute;n</strong>, para luego poder transportarlas a las c&eacute;lulas. Los animales, los hongos y algunas bacterias y protozoos son seres heter&oacute;trofos.</span></p>

<p>&nbsp;</p>
]]></text>
    </info>
  </main>
  <questions respCorrecta="Respuesta correcta." respIncorrecta="Respuesta incorrecta.">
    <question title="¿Qué formas de nutrición tienen los seres vivos?" path="cn_06_04_rec30_img02.jpg">
      <answers>
        <answer correct="0">
          <text><![CDATA[Autótrofa y herbivoría.]]></text>
          <explanation width="394"><![CDATA[<p style="text-align:justify"><span style="font-family:verdana,geneva,sans-serif">La nutrici&oacute;n herbivor&iacute;a hace referencia a una subdivisi&oacute;n de la nutrici&oacute;n heter&oacute;trofa.&nbsp;</span></p>
]]></explanation>
        </answer>
        <answer correct="1">
          <text><![CDATA[Autótrofa y heterótrofa.]]></text>
          <explanation width="394"><![CDATA[]]></explanation>
        </answer>
        <answer correct="0">
          <text><![CDATA[Heterótrofa y terrestre.]]></text>
          <explanation width="394"><![CDATA[<p style="text-align:justify"><span style="font-family:verdana,geneva,sans-serif">La palabra terrestre, no representa propiamente un tipo de nutrici&oacute;n de los seres vivos, esta hace referencia al h&aacute;bito o al ambiente en el que viven los organismos.</span></p>
]]></explanation>
        </answer>
        <answer correct="0">
          <text><![CDATA[]]></text>
          <explanation width="394"><![CDATA[]]></explanation>
        </answer>
        <answer correct="0">
          <text><![CDATA[]]></text>
          <explanation width="394"><![CDATA[]]></explanation>
        </answer>
        <answer correct="0">
          <text><![CDATA[]]></text>
          <explanation width="394"><![CDATA[]]></explanation>
        </answer>
        <answer correct="0">
          <text><![CDATA[]]></text>
          <explanation width="394"><![CDATA[]]></explanation>
        </answer>
        <answer correct="0">
          <text><![CDATA[]]></text>
          <explanation width="394"><![CDATA[]]></explanation>
        </answer>
      </answers>
      <info path="">
        <text><![CDATA[]]></text>
      </info>
    </question>
    <question title="Los seres vivos con nutrición autótrofa son aquellos que…" path="cn_06_04_rec30_img03.jpg">
      <answers>
        <answer correct="1">
          <text><![CDATA[Producen su propio alimento.]]></text>
          <explanation width="394"><![CDATA[]]></explanation>
        </answer>
        <answer correct="0">
          <text><![CDATA[Se alimentan de otros organismos.]]></text>
          <explanation width="394"><![CDATA[<p style="text-align:justify"><span style="font-family:verdana,geneva,sans-serif">Los organismos que se alimentan de otros son los heter&oacute;trofos.</span></p>
]]></explanation>
        </answer>
        <answer correct="0">
          <text><![CDATA[Se alimentan de insectos.]]></text>
          <explanation width="394"><![CDATA[<p style="text-align:justify"><span style="font-family:verdana,geneva,sans-serif">Los organismos que se alimentan de insectos se les llama&nbsp;insect&iacute;voros y son heter&oacute;trofos.</span></p>
]]></explanation>
        </answer>
        <answer correct="0">
          <text><![CDATA[]]></text>
          <explanation width="394"><![CDATA[]]></explanation>
        </answer>
        <answer correct="0">
          <text><![CDATA[]]></text>
          <explanation width="394"><![CDATA[]]></explanation>
        </answer>
        <answer correct="0">
          <text><![CDATA[]]></text>
          <explanation width="394"><![CDATA[]]></explanation>
        </answer>
        <answer correct="0">
          <text><![CDATA[]]></text>
          <explanation width="394"><![CDATA[]]></explanation>
        </answer>
        <answer correct="0">
          <text><![CDATA[]]></text>
          <explanation width="394"><![CDATA[]]></explanation>
        </answer>
      </answers>
      <info path="">
        <text><![CDATA[]]></text>
      </info>
    </question>
    <question title="¿Cuál de los siguientes organismos tiene nutrición autótrofa?" path="cn_06_04_rec30_img04.jpg">
      <answers>
        <answer correct="0">
          <text><![CDATA[Las ranas.]]></text>
          <explanation width="394"><![CDATA[<p style="text-align:justify"><span style="font-family:verdana,geneva,sans-serif">Las ranas son animales con nutrici&oacute;n heter&oacute;trofa y se alimentan principalmente de insectos.&nbsp;</span></p>
]]></explanation>
        </answer>
        <answer correct="1">
          <text><![CDATA[Las algas.]]></text>
          <explanation width="394"><![CDATA[<p style="text-align:justify"><span style="font-family:verdana,geneva,sans-serif">Las algas, al igual que las plantas, son aut&oacute;trofas y realizan fotos&iacute;ntesis.</span></p>
]]></explanation>
        </answer>
        <answer correct="0">
          <text><![CDATA[La lombriz de tierra.]]></text>
          <explanation width="394"><![CDATA[<p style="text-align:justify"><span style="font-family:verdana,geneva,sans-serif">La lombriz de tierra es heter&oacute;trofa y se alimenta de materia org&aacute;nica en descomposici&oacute;n.&nbsp;</span></p>
]]></explanation>
        </answer>
        <answer correct="0">
          <text><![CDATA[]]></text>
          <explanation width="394"><![CDATA[]]></explanation>
        </answer>
        <answer correct="0">
          <text><![CDATA[]]></text>
          <explanation width="394"><![CDATA[]]></explanation>
        </answer>
        <answer correct="0">
          <text><![CDATA[]]></text>
          <explanation width="394"><![CDATA[]]></explanation>
        </answer>
        <answer correct="0">
          <text><![CDATA[]]></text>
          <explanation width="394"><![CDATA[]]></explanation>
        </answer>
        <answer correct="0">
          <text><![CDATA[]]></text>
          <explanation width="394"><![CDATA[]]></explanation>
        </answer>
      </answers>
      <info path="">
        <text><![CDATA[]]></text>
      </info>
    </question>
    <question title="Un ejemplo de organismo autótrofo qumiosintético es: " path="cn_06_04_rec30_img05.jpg">
      <answers>
        <answer correct="0">
          <text><![CDATA[La jirafa.]]></text>
          <explanation width="394"><![CDATA[<p style="text-align:justify"><span style="font-family:verdana,geneva,sans-serif">La jirafa es un organismo heter&oacute;trofo, la base de&nbsp;su dieta son plantas.</span></p>
]]></explanation>
        </answer>
        <answer correct="0">
          <text><![CDATA[El helecho.]]></text>
          <explanation width="394"><![CDATA[<p style="text-align:justify"><span style="font-family:verdana,geneva,sans-serif">Los helechos son organismos aut&oacute;trofos que&nbsp;obtienen la energ&iacute;a de la luz solar, por tanto, realizan&nbsp;fotos&iacute;ntesis.</span></p>
]]></explanation>
        </answer>
        <answer correct="1">
          <text><![CDATA[Bacterias que fijan nitrógeno.]]></text>
          <explanation width="394"><![CDATA[<p style="text-align:justify"><span style="font-family:verdana,geneva,sans-serif">Estas bacterias son aut&oacute;trofas y obtienen la energ&iacute;a, necesaria para sus funciones, a partir de reacciones qu&iacute;micas con sustancias inorg&aacute;nicas.</span></p>
]]></explanation>
        </answer>
        <answer correct="0">
          <text><![CDATA[]]></text>
          <explanation width="394"><![CDATA[]]></explanation>
        </answer>
        <answer correct="0">
          <text><![CDATA[]]></text>
          <explanation width="394"><![CDATA[]]></explanation>
        </answer>
        <answer correct="0">
          <text><![CDATA[]]></text>
          <explanation width="394"><![CDATA[]]></explanation>
        </answer>
        <answer correct="0">
          <text><![CDATA[]]></text>
          <explanation width="394"><![CDATA[]]></explanation>
        </answer>
        <answer correct="0">
          <text><![CDATA[]]></text>
          <explanation width="394"><![CDATA[]]></explanation>
        </answer>
      </answers>
      <info path="">
        <text><![CDATA[]]></text>
      </info>
    </question>
    <question title="¿Cómo se llama el tipo de nutrición en la que un ser vivo se alimenta de otros organismos? " path="cn_06_04_rec30_img06.jpg">
      <answers>
        <answer correct="0">
          <text><![CDATA[Autótrofa.]]></text>
          <explanation width="394"><![CDATA[<p style="text-align:justify"><span style="font-family:verdana,geneva,sans-serif">Los organismos aut&oacute;trofos son aquellos que producen su propio alimento.</span></p>
]]></explanation>
        </answer>
        <answer correct="1">
          <text><![CDATA[Heterótrofa.]]></text>
          <explanation width="394"><![CDATA[]]></explanation>
        </answer>
        <answer correct="0">
          <text><![CDATA[Fotosíntesis.]]></text>
          <explanation width="394"><![CDATA[<p style="text-align:justify"><span style="font-family:verdana,geneva,sans-serif">La fotos&iacute;ntesis es el proceso por el cual un organismo&nbsp;<strong>aut&oacute;trofo</strong>&nbsp;capta&nbsp;energ&iacute;a solar para luego&nbsp;producir su propio alimento.</span></p>
]]></explanation>
        </answer>
        <answer correct="0">
          <text><![CDATA[]]></text>
          <explanation width="394"><![CDATA[]]></explanation>
        </answer>
        <answer correct="0">
          <text><![CDATA[]]></text>
          <explanation width="394"><![CDATA[]]></explanation>
        </answer>
        <answer correct="0">
          <text><![CDATA[]]></text>
          <explanation width="394"><![CDATA[]]></explanation>
        </answer>
        <answer correct="0">
          <text><![CDATA[]]></text>
          <explanation width="394"><![CDATA[]]></explanation>
        </answer>
        <answer correct="0">
          <text><![CDATA[]]></text>
          <explanation width="394"><![CDATA[]]></explanation>
        </answer>
      </answers>
      <info path="">
        <text><![CDATA[]]></text>
      </info>
    </question>
    <question title="¿Cuál es el tipo de nutrición y de alimentación  del animal de la imagen? " path="cn_06_04_rec30_img07.jpg">
      <answers>
        <answer correct="1">
          <text><![CDATA[Heterótrofo y carnívoro.]]></text>
          <explanation width="394"><![CDATA[<p style="text-align:justify"><span style="font-family:verdana,geneva,sans-serif">El oso polar&nbsp;es heter&oacute;trofo carn&iacute;voro&nbsp;y se alimenta principalmente de focas,&nbsp;tambi&eacute;n consume morsas&nbsp;y algunos&nbsp;peces.&nbsp;</span></p>
]]></explanation>
        </answer>
        <answer correct="0">
          <text><![CDATA[Heterótrofo y frugívoro.]]></text>
          <explanation width="394"><![CDATA[<p style="text-align:justify"><span style="font-family:verdana,geneva,sans-serif">Los organismos frug&iacute;voros son aquellos que se alimentan de frutas.</span></p>
]]></explanation>
        </answer>
        <answer correct="0">
          <text><![CDATA[Autótrofo y omnívoro.]]></text>
          <explanation width="394"><![CDATA[<p style="text-align:justify"><span style="font-family:verdana,geneva,sans-serif">Los organismos aut&oacute;trofos son los que producen su propio alimento. Los&nbsp;omn&iacute;voros son seres vivos heter&oacute;trofos que se&nbsp;alimentan tanto de animales como de plantas.</span></p>
]]></explanation>
        </answer>
        <answer correct="0">
          <text><![CDATA[]]></text>
          <explanation width="394"><![CDATA[]]></explanation>
        </answer>
        <answer correct="0">
          <text><![CDATA[]]></text>
          <explanation width="394"><![CDATA[]]></explanation>
        </answer>
        <answer correct="0">
          <text><![CDATA[]]></text>
          <explanation width="394"><![CDATA[]]></explanation>
        </answer>
        <answer correct="0">
          <text><![CDATA[]]></text>
          <explanation width="394"><![CDATA[]]></explanation>
        </answer>
        <answer correct="0">
          <text><![CDATA[]]></text>
          <explanation width="394"><![CDATA[]]></explanation>
        </answer>
      </answers>
      <info path="">
        <text><![CDATA[]]></text>
      </info>
    </question>
    <question title="¿Cómo se llama a los organismos que se alimentan de materia orgánica en descomposición? " path="cn_06_04_rec30_img08.jpg">
      <answers>
        <answer correct="0">
          <text><![CDATA[Herbívoros.]]></text>
          <explanation width="394"><![CDATA[<p style="text-align:justify"><span style="font-family:verdana,geneva,sans-serif">Los organismos herb&iacute;voros son aquellos que se alimentan de plantas.</span></p>
]]></explanation>
        </answer>
        <answer correct="1">
          <text><![CDATA[Saprófitos.]]></text>
          <explanation width="394"><![CDATA[<p style="text-align:justify"><span style="font-family:verdana,geneva,sans-serif">Se llama sapr&oacute;fitos a los organismos que se alimentan de materia org&aacute;nica en descomposici&oacute;n. Un ejemplo de estos&nbsp;son los hongos.</span></p>
]]></explanation>
        </answer>
        <answer correct="0">
          <text><![CDATA[Productores.]]></text>
          <explanation width="394"><![CDATA[<p style="text-align:justify"><span style="font-family:verdana,geneva,sans-serif">Se llama productores a los seres vivos que producen su propio alimento y est&aacute;n en la base de la cadena alimentaria.</span></p>
]]></explanation>
        </answer>
        <answer correct="0">
          <text><![CDATA[]]></text>
          <explanation width="394"><![CDATA[]]></explanation>
        </answer>
        <answer correct="0">
          <text><![CDATA[]]></text>
          <explanation width="394"><![CDATA[]]></explanation>
        </answer>
        <answer correct="0">
          <text><![CDATA[]]></text>
          <explanation width="394"><![CDATA[]]></explanation>
        </answer>
        <answer correct="0">
          <text><![CDATA[]]></text>
          <explanation width="394"><![CDATA[]]></explanation>
        </answer>
        <answer correct="0">
          <text><![CDATA[]]></text>
          <explanation width="394"><![CDATA[]]></explanation>
        </answer>
      </answers>
      <info path="">
        <text><![CDATA[]]></text>
      </info>
    </question>
    <question title="¿Cómo se le llama a los organismos que comen tanto plantas como animales?" path="cn_06_04_rec30_img09.jpg">
      <answers>
        <answer correct="0">
          <text><![CDATA[Folívoros.]]></text>
          <explanation width="394"><![CDATA[<p style="text-align:justify"><span style="font-family:verdana,geneva,sans-serif">Los fol&iacute;voros hace referencia a aquellos animales que solo consumen las hojas de las plantas.</span></p>
]]></explanation>
        </answer>
        <answer correct="0">
          <text><![CDATA[Granívoros.]]></text>
          <explanation width="394"><![CDATA[<p style="text-align:justify"><span style="font-family:verdana,geneva,sans-serif">Los organismos gran&iacute;voros son aquellos que tienen una dieta exclusiva en semillas.</span></p>
]]></explanation>
        </answer>
        <answer correct="1">
          <text><![CDATA[Omnívoros.]]></text>
          <explanation width="394"><![CDATA[<p style="text-align:justify"><span style="font-family:verdana,geneva,sans-serif">Los organismos omn&iacute;voros se alimentan tanto de plantas como de animales, dos ejemplos de estos son los seres humanos y los cerdos.</span></p>
]]></explanation>
        </answer>
        <answer correct="0">
          <text><![CDATA[]]></text>
          <explanation width="394"><![CDATA[]]></explanation>
        </answer>
        <answer correct="0">
          <text><![CDATA[]]></text>
          <explanation width="394"><![CDATA[]]></explanation>
        </answer>
        <answer correct="0">
          <text><![CDATA[]]></text>
          <explanation width="394"><![CDATA[]]></explanation>
        </answer>
        <answer correct="0">
          <text><![CDATA[]]></text>
          <explanation width="394"><![CDATA[]]></explanation>
        </answer>
        <answer correct="0">
          <text><![CDATA[]]></text>
          <explanation width="394"><![CDATA[]]></explanation>
        </answer>
      </answers>
      <info path="">
        <text><![CDATA[]]></text>
      </info>
    </question>
  </questions>
</engine>