<?xml version="1.0" encoding="UTF-8"?>
<engine title="Equilibrio de fuerzas" copy="Editorial Planeta" version="1" aprid="F13">
  <section title="Presentación" path="medias/section0.jpg" image1Text="" zoom1="true" zoom2a="false" zoom2b="false" layout="0"><![CDATA[<TextFlow><p><span>Un cuerpo que se encuentra en condiciones estáticas se dice que está en equilibrio. Esta situación se da cuando no actúa ninguna fuerza sobre el objeto, o bien, cuando la resultante de las fuerzas intervinientes es nula. De esta manera, se evita el desplazamiento del cuerpo.</span></p><p><span></span></p><p><span>El par de fuerzas es un sistema constituido por dos fuerzas paralelas de igual módulo y sentido contrario. En este caso se cumple la condición descrita anteriormente y la resultante es cero, pero los momentos de cada una de las fuerzas provocan un movimiento de rotación respecto a un punto. Por tanto, para que dos fuerzas se encuentren en equilibrio también debe cumplirse que el momento sea nulo.</span></p><p><span></span></p><p><span fontSize="12" fontWeight="bold">El objetivo de esta actividad es que entiendas los conceptos de centro de gravedad y equilibrio de fuerzas.</span></p><p><span></span></p><p><span>Antes de iniciar la actividad, responde las siguientes preguntas:</span></p><p><span></span></p><p paragraphStartIndent="20" styleName="bullet"><span>Describe tres situaciones en las que estén presentes fuerzas en equilibrio.</span></p><p paragraphStartIndent="20" styleName="bullet"><span>¿Un sistema de fuerzas en equilibrio puede estar formado por más de dos fuerzas? Pon algún ejemplo.</span></p><p><span></span></p><p><span></span></p></TextFlow>]]></section>
  <section title="Tarea" path="medias/section1.jpg" image1Text="" zoom1="true" zoom2a="false" zoom2b="false" layout="0"><![CDATA[<TextFlow><p><span fontSize="12" fontWeight="bold">Material: </span></p><p><span></span></p><p paragraphStartIndent="20" styleName="bullet"><span>Regla de 30 cm</span></p><p paragraphStartIndent="20" styleName="bullet"><span>Martillo</span></p><p paragraphStartIndent="20" styleName="bullet"><span>Goma elástica</span></p><p><span></span></p><p><span fontSize="12" fontWeight="bold">Procedimiento:</span></p><p><span></span></p><p><span fontSize="12">Puedes ver una demostración del experimento que realizarás en este vídeo </span><a href="http://www.youtube.com/watch?v=Hj-NX0xtcVY" target="_blank"><span fontSize="12">[ver</span></a><span fontSize="12">].</span></p><p><span fontSize="12"></span></p><p><span fontSize="12">1</span><span>.º Coloca la regla sobre el martillo de manera que su extremo sobresalga 10 cm aproximadamente. Ata los dos objetos con la goma elástica. Ten en cuenta que el mango del martillo debe quedar a unos 10 cm del extremo de la regla, tal como se muestra en el esquema.</span></p><p><span></span></p><p><span fontSize="12">2</span><span>.º Ahora apoya el extremo de la regla más cercano a la cabeza del martillo sobre la mesa de trabajo. Observa y anota qué sucede.</span></p><p><span></span></p><p><span fontSize="12">3</span><span>.º Desplaza la regla hacia el extremo de la mesa. ¿Qué observas?</span></p><p><span></span></p><p><span fontSize="12">4.º</span><span> Dibuja un esquema del montaje y representa todas las fuerzas que actúan. ¿Dónde se encuentra el centro de gravedad en este caso?</span></p><p><span></span></p><p><span>Existen numerosos ejemplos de curiosos equilibrios de objetos. Observa los siguientes vídeos [</span><a href="http://www.youtube.com/watch?v=vxQKiYcLlv4" target="_blank"><span>ver</span></a><span>] y [</span><a href="http://www.youtube.com/watch?v=kUxcE2IQmGg&amp;list=PL835D45C6E1BCB58F" target="_blank"><span>ver</span></a><span>]  e intenta explicar el fundamento de los experimentos.</span></p><p><span></span></p></TextFlow>]]></section>
</engine>
