<?xml version='1.0' encoding='UTF-8'?><engine copy="Editorial Planeta" version="1" aprid="f13" title="Verificación de la transmisión del sonido" >
<section title="Presentación" path="section0.jpg" pathAmp="" image1Text="" zoom1="false" zoom2a="false" zoom2b="false" layout="0" >
<![CDATA[<p><span style="font-size:18px"><span style="font-family:verdana,geneva,sans-serif">Las ondas sonoras son mec&aacute;nicas y, por tanto, necesitan un medio f&iacute;sico para ser transmitidas. La velocidad a la que se propagan depende del medio a trav&eacute;s del cual lo hacen. Las ondas sonoras son captadas por nuestros o&iacute;dos e interpretadas por nuestro cerebro como sonidos.</span></span></p>

<p><span style="font-size:18px"><span style="font-family:verdana,geneva,sans-serif">La intensidad, el timbre y el tono son las tres cualidades que caracterizan un sonido y son las que nos permiten diferenciar uno de otro.</span></span></p>

<p><span style="font-size:18px"><span style="font-family:verdana,geneva,sans-serif"><strong>El objetivo de esta actividad es que construyas un tel&eacute;fono y analices c&oacute;mo se produce la transmisi&oacute;n de las ondas sonoras a trav&eacute;s de &eacute;l.</strong></span></span></p>

<p><span style="font-size:18px"><span style="font-family:verdana,geneva,sans-serif">Antes de iniciar la actividad, responde las siguientes preguntas:</span></span></p>

<ul>
	<li><span style="font-size:18px"><span style="font-family:verdana,geneva,sans-serif">&iquest;Las ondas sonoras pueden reflejarse y refractarse? Da un ejemplo.</span></span></li>
	<li><span style="font-size:18px"><span style="font-family:verdana,geneva,sans-serif">&iquest;Con qu&eacute; magnitud se relaciona la intensidad de un sonido?</span></span></li>
	<li><span style="font-size:18px"><span style="font-family:verdana,geneva,sans-serif"><span style="font-size:18px"><span style="font-family:verdana,geneva,sans-serif">&iquest;Qu&eacute; cualidad nos permite diferenciar el sonido emitido por dos instrumentos distintos?</span></span></span></span></li>
</ul>
]]></section>
<section title="Tarea" path="section1.jpg" pathAmp="" image1Text="" zoom1="false" zoom2a="false" zoom2b="false" layout="0" >
<![CDATA[<p><span style="font-size:18px"><span style="font-family:verdana,geneva,sans-serif"><strong><span style="color:rgb(51, 51, 51)">Materiales</span></strong></span></span></p>

<ul>
	<li><span style="font-size:18px"><span style="font-family:verdana,geneva,sans-serif">Vasos de pl&aacute;stico de diferentes tama&ntilde;os y formas.</span></span></li>
</ul>

<ul>
	<li><span style="font-size:18px"><span style="font-family:verdana,geneva,sans-serif">Bol&iacute;grafo.</span></span></li>
</ul>

<ul>
	<li><span style="font-size:18px"><span style="font-family:verdana,geneva,sans-serif">Lana.</span></span></li>
</ul>

<ul>
	<li><span style="font-size:18px"><span style="font-family:verdana,geneva,sans-serif">Nailon.</span></span></li>
</ul>

<ul>
	<li><span style="font-size:18px"><span style="font-family:verdana,geneva,sans-serif">Goma el&aacute;stica.</span></span></li>
</ul>

<p><span style="font-size:18px"><span style="font-family:verdana,geneva,sans-serif"><strong><span style="color:#333333; font-family:&#10; font-size:12.0pt">Procedimiento</span></strong></span></span></p>

<p><span style="font-size:18px"><span style="font-family:verdana,geneva,sans-serif"><span style="color:#333333; font-family:&#10; font-size:12.0pt">1. &Uacute;nete a otro compa&ntilde;ero para realizar el experimento. Coge un par de vasos iguales y haz un agujero en su base utilizando el bol&iacute;grafo.</span></span></span></p>

<p><span style="font-size:18px"><span style="font-family:verdana,geneva,sans-serif"><span style="color:#333333; font-family:&#10; font-size:12.0pt">2. Pasa el hilo de lana a trav&eacute;s de los orificios y anuda cada uno de los extremos. Ya tienes tu tel&eacute;fono. Ahora habla a trav&eacute;s de &eacute;l manteniendo el hilo tenso. Tambi&eacute;n puedes probar c&oacute;mo es la transmisi&oacute;n si el hilo est&aacute; flojo. &iquest;Notas alguna diferencia?</span></span></span></p>

<p><span style="font-size:18px"><span style="font-family:verdana,geneva,sans-serif"><span style="color:#333333; font-family:&#10; font-size:12.0pt">3. Ahora utiliza un hilo de lana m&aacute;s largo. Anota tus observaciones.</span></span></span></p>

<p><span style="font-size:18px"><span style="font-family:verdana,geneva,sans-serif"><span style="color:#333333; font-family:&#10; font-size:12.0pt">4. Repite el proceso utilizando vasos de otras formas y tama&ntilde;os. Tambi&eacute;n puedes experimentar c&oacute;mo se transmite el sonido a trav&eacute;s de otros materiales, como una cuerda de nailon y una goma el&aacute;stica.</span></span></span></p>

<p><span style="font-size:18px"><span style="font-family:verdana,geneva,sans-serif"><span style="color:#333333; font-family:&#10; font-size:12.0pt">5. Una vez recogidos todos los datos del experimento, analiza c&oacute;mo influyen los siguientes aspectos en la transmisi&oacute;n del sonido:</span></span></span></p>

<ul>
	<li><span style="font-size:18px"><span style="font-family:verdana,geneva,sans-serif">Vasos: forma y tama&ntilde;o.</span></span></li>
</ul>

<ul>
	<li><span style="font-size:18px"><span style="font-family:verdana,geneva,sans-serif">Cuerda: tensi&oacute;n, longitud y material.</span></span></li>
</ul>

<p><span style="font-size:18px"><span style="font-family:verdana,geneva,sans-serif"><span style="color:#333333; font-family:&#10; font-size:12.0pt">Pon en com&uacute;n los resultados con el resto de tus compa&ntilde;eros.</span></span></span></p>
]]></section>
</engine>