<?xml version="1.0" encoding="UTF-8"?>
<engine title="Estudio del equilibrio térmico" copy="Editorial Planeta" version="1" aprid="F13">
  <section title="Presentación" path="medias/section0.jpg" image1Text="" zoom1="false" zoom2a="false" zoom2b="false" layout="0"><![CDATA[<TextFlow><p><span>La energía calorífica puede transferirse de un cuerpo a otro cuando éstos se encuentran a diferente temperatura. La transferencia siempre se produce desde el cuerpo que se encuentra a una temperatura mayor hacia el que se halla a una temperatura más baja. Este proceso puede darse mediante conducción, convección o radiación. </span></p><p><span></span></p><p><span>Se dice que se ha alcanzado el </span><span fontSize="12" fontWeight="bold">equilibrio térmico</span><span> cuando los dos cuerpos alcanzan la misma temperatura. Esta magnitud física se relaciona con la energía cinética de las partículas que forman parte de una sustancia ya que, cuanto más se muevan, mayor será la temperatura.</span></p><p><span fontSize="12" fontWeight="bold"></span></p><p><span fontSize="12" fontWeight="bold">El objetivo de esta actividad es que observes el proceso de transferencia de calor entre dos sustancias hasta que alcancen el equilibrio térmico.</span></p><p><span></span></p><p><span>Antes de iniciar la actividad, responde las siguientes preguntas:</span></p><p><span></span></p><p paragraphStartIndent="20" styleName="bullet"><span>¿Qué es la energía cinética? ¿Por qué se encuentra relacionada con la temperatura?</span></p><p paragraphStartIndent="20" styleName="bullet"><span>¿En qué consisten la conducción, la convección y la radiación? ¿En qué condiciones se produce cada una de ellas?</span></p><p paragraphStartIndent="20" styleName="bullet"><span>¿La transferencia de calor se puede dar a través del vacío?</span></p><p><span></span></p><p><span></span></p></TextFlow>]]></section>
  <section title="Tarea" path="medias/section1.jpg" image1Text="" zoom1="false" zoom2a="false" zoom2b="false" layout="0"><![CDATA[<TextFlow><p><span fontSize="12" fontWeight="bold">Material: </span></p><p><span fontSize="12" fontWeight="bold"></span></p><p paragraphStartIndent="20" styleName="bullet"><span>Bandeja de plástico</span></p><p paragraphStartIndent="20" styleName="bullet"><span>Matraz Erlenmeyer</span></p><p paragraphStartIndent="20" styleName="bullet"><span>Agua</span></p><p paragraphStartIndent="20" styleName="bullet"><span>2 termómetros</span></p><p><span></span></p><p><span fontSize="12" fontWeight="bold">Procedimiento:</span></p><p><span></span></p><p><span>1.º Llena la bandeja de agua caliente, a unos 60 ºC. Mide la temperatura exacta con uno de los termómetros.</span></p><p><span></span></p><p><span>2.º Llena el matraz Erlenmeyer con agua a temperatura ambiente. Comprueba su temperatura utilizando el segundo termómetro.</span></p><p><span></span></p><p><span>3.º Ahora introduce el matraz Erlenmeyer en la bandeja. Mide la temperatura de ambos recipientes cada minuto. Recoge los datos en una tabla en la que registres la temperatura de cada recipiente en función del tiempo.</span></p><p><span></span></p><p><span>4.º Representa la temperatura frente al tiempo en cada caso y analiza los resultados obtenidos. ¿Qué conclusiones puedes extraer? ¿En qué momento se alcanza el equilibrio térmico? ¿A qué temperatura? ¿Cómo crees que se ha llevado a cabo la transferencia de calor?</span></p><p><span></span></p></TextFlow>]]></section>
</engine>
