﻿<?xml version="1.0" encoding="utf-8"?>
<engine copy="Editorial Planeta" version="1" aprid="f12">
  <main mode="f12" title="El aparato reproductor masculino">
    <video>AN010188_LO.mp4</video>
  </main>
  <understanding title="" title2="" buttons="false" visible="true">
    <definition>
      <title>
      </title>
      <def><![CDATA[<p><span style="font-size: 36px; color: #ff6600; ;font-family: Verdana,Arial,sans-serif;">Comprensión</span></p><ul><li><span style="font-size: 30px; ;font-family: Verdana,Arial,sans-serif;">¿Qué órganos forman el aparato genital masculino?</span></li></ul><ul><li><span style="font-size: 30px; ;font-family: Verdana,Arial,sans-serif;">¿Cuáles son los órganos genitales masculinos externos?</span></li></ul>]]></def>
    </definition>
    <definition>
      <title>
      </title>
      <def><![CDATA[<p><span style="font-size: 36px; color: #ff6600; ;font-family: Verdana,Arial,sans-serif;">Comprensión</span></p><ul><li><span style="font-size: 30px; ;font-family: Verdana,Arial,sans-serif;">¿Qué nombre recibe la bolsa donde se encuentran los testículos?</span></li></ul><ul><li><span style="font-size: 30px; ;font-family: Verdana,Arial,sans-serif;">¿Cuál es la función de los testículos?</span></li></ul>]]></def>
    </definition>
    <definition>
      <title>
      </title>
      <def><![CDATA[<p><span style="font-size: 36px; color: #ff6600; ;font-family: Verdana,Arial,sans-serif;">Comprensión</span></p><ul><li><span style="font-size: 30px; ;font-family: Verdana,Arial,sans-serif;">¿Cómo reaccionan los genitales masculinos ante un estímulo erótico?</span></li></ul><ul><li><span style="font-size: 30px; ;font-family: Verdana,Arial,sans-serif;">¿En qué consiste la eyaculación?</span></li></ul>]]></def>
    </definition>
  </understanding>
  <definitions title="" title2="" visible="true">
    <definition>
      <title>Pene</title>
      <def><![CDATA[<p><span style="font-family:verdana,geneva,sans-serif;"><strong><span style="font-size: 27px;">Pene:</span></strong></span></p>

<p><span style="font-family:verdana,geneva,sans-serif;"><span style="font-size: 27px;">&oacute;rgano sexual masculino, de forma cil&iacute;ndrica, que libera los espermatozoides dentro del aparato reproductor femenino.</span></span></p>]]></def>
    </definition>
    <definition>
      <title>Cuerpo cavernoso</title>
      <def><![CDATA[<p><span style="font-family:verdana,geneva,sans-serif;"><span style="font-weight: bold; font-size: 27px;">Cuerpo cavernoso:</span></span></p>

<p><span style="font-family:verdana,geneva,sans-serif;"><span style="font-size: 27px;">parte interna del pene formada por tejido er&eacute;ctil,&nbsp;fuertemente irrigado.</span></span></p>]]></def>
    </definition>
    <definition>
      <title>Testículos</title>
      <def><![CDATA[<p><span style="font-family:verdana,geneva,sans-serif;"><span style="font-weight: bold; font-size: 27px;">Test&iacute;culos:</span></span></p>

<p><span style="font-family:verdana,geneva,sans-serif;"><span style="font-size: 27px;">son dos &oacute;rganos de forma ovalada que se encuentran dentro del escroto. Producen espermatozoides y la hormona sexual masculina, testosterona.</span></span></p>]]></def>
    </definition>
    <definition>
      <title>Próstata</title>
      <def><![CDATA[<p><span style="font-family:verdana,geneva,sans-serif;"><span style="font-weight: bold; font-size: 27px;">Pr&oacute;stata:</span></span></p>

<p><span style="font-family:verdana,geneva,sans-serif;"><span style="font-size: 27px;">gl&aacute;ndula situada debajo de la vejiga,&nbsp;rodeando la uretra. Secreta el l&iacute;quido prost&aacute;tico, un l&iacute;quido lechoso que constituye aproximadamente el 25% del semen.</span></span></p>]]></def>
    </definition>
    <definition>
      <title>Cond. deferentes</title>
      <def><![CDATA[<p><span style="font-family:verdana,geneva,sans-serif;"><span style="font-weight: bold; font-size: 27px;">Conductos deferentes:</span></span></p>

<p><span style="font-family:verdana,geneva,sans-serif;"><span style="font-size: 27px;">conductos que conducen los espermatozoides desde el epid&iacute;dimo hacia la uretra, durante la excitaci&oacute;n sexual.</span></span></p>]]></def>
    </definition>
    <definition>
      <title>Epidídimo</title>
      <def><![CDATA[<p><span style="font-family:verdana,geneva,sans-serif;"><span style="font-weight: bold; font-size: 27px;">Epid&iacute;dimo:</span></span></p>

<p><span style="font-family:verdana,geneva,sans-serif;"><span style="font-size: 27px;">&oacute;rgano ubicado detr&aacute;s de cada test&iacute;culo. All&iacute; maduran los espermatozoides y&nbsp;despu&eacute;s son impulsados al conducto deferente.</span></span></p>]]></def>
    </definition>
    <definition>
      <title>Uretra</title>
      <def><![CDATA[<p><span style="font-family:verdana,geneva,sans-serif;"><span style="font-weight: bold; font-size: 27px;">Uretra:</span></span></p>

<p><span style="font-family:verdana,geneva,sans-serif;"><span style="font-size: 27px;">conducto que circula por el interior del pene. Es la v&iacute;a de salida del semen y de la orina.</span></span></p>]]></def>
    </definition>
    <definition>
      <title>Ves. seminales</title>
      <def><![CDATA[<p><span style="font-family:verdana,geneva,sans-serif;"><span style="font-weight: bold; font-size: 27px;">Ves&iacute;culas seminales:</span></span></p>

<p><span style="font-family:verdana,geneva,sans-serif;"><span style="font-size: 27px;">gl&aacute;ndulas situadas por encima&nbsp;de la pr&oacute;stata,&nbsp;que secretan cerca del 60% del l&iacute;quido seminal.</span></span></p>]]></def>
    </definition>
    <definition>
      <title>Conductos eyaculadores</title>
      <def><![CDATA[<p><span style="font-family:verdana,geneva,sans-serif;"><span style="font-weight: bold; font-size: 27px;">Conductos eyaculadores:</span></span></p>

<p><span style="font-family:verdana,geneva,sans-serif;"><span style="font-size: 27px;">se encuentran en la parte superior de la pr&oacute;stata y expulsan espermatozoides hacia la uretra.</span></span></p>]]></def>
    </definition>
    <definition>
      <title>Glándulas bulbouretrales</title>
      <def><![CDATA[<p><span style="font-family:verdana,geneva,sans-serif;"><span style="font-weight: bold; font-size: 27px;">Gl&aacute;ndulas bulbouretrales:</span></span></p>

<p><span style="font-family:verdana,geneva,sans-serif;"><span style="font-size: 27px;">ubicadas debajo de la pr&oacute;stata. Segregan un l&iacute;quido hacia la uretra que protege a los espermatozoides de la acidez de la orina que aun pueda haber.</span></span></p>
]]></def>
    </definition>
    <definition>
      <title>Escroto</title>
      <def><![CDATA[<p><span style="font-family:verdana,geneva,sans-serif;"><span style="font-weight: bold; font-size: 27px;">Escroto:</span></span></p>

<p><span style="font-family:verdana,geneva,sans-serif;"><span style="font-size: 27px;">bolsa de piel que envuelve y protege los test&iacute;culos.</span></span></p>]]></def>
    </definition>
  </definitions>
  <reaserch title="" title2="Investiga" buttons="false" visible="true">
    <definition>
      <title>
      </title>
      <def><![CDATA[<p><span style="font-size: 36px; color: #ff6600; ;font-family: Verdana,Arial,sans-serif;">Investiga</span></p>

<p><span style="font-size: 24px; ;font-family: Verdana,Arial,sans-serif;">Busca&nbsp;informaci&oacute;n sobre la espermatog&eacute;nesis: su definici&oacute;n, las etapas que la componen y d&oacute;nde se lleva a cabo.</span></p>]]></def>
    </definition>
    <definition>
      <title>
      </title>
      <def><![CDATA[<p><span style="font-size: 36px; color: #ff6600; ;font-family: Verdana,Arial,sans-serif;">Investiga</span></p>

<p><span style="font-size: 24px; ;font-family: Verdana,Arial,sans-serif;">Existen enfermedades que pueden afectar al aparato reproductor masculino. Consulta&nbsp;la siguiente p&aacute;gina web para reunir informaci&oacute;n sobre alguna de las m&aacute;s importantes.</span></p>

<ul>
	<li><a href="http://www.nlm.nih.gov/medlineplus/spanish/malereproductivesystem.html" target="_blank"><span style="font-size: 24px; ;font-family: Verdana,Arial,sans-serif;">MedlinePlus</span></a></li>
</ul>]]></def>
    </definition>
  </reaserch>
  <activity title2="" visible="true" path="BG_09_08_02.zip">
  </activity>
</engine>