<?xml version='1.0' encoding='UTF-8'?><engine copy="Editorial Planeta" version="1" aprid="f13" title="Investigación del origen de una máquina" >
<section title="Presentación" path="section0.jpg" pathAmp="section0_big.jpg" image1Text="" zoom1="true" zoom2a="false" zoom2b="false" layout="1" >
<![CDATA[<p><span style="font-size:18px"><span style="font-family:verdana,geneva,sans-serif">Todas las m&aacute;quinas que usamos a diario han sido ideadas y construidas por el ser humano. Las personas que crean m&aacute;quinas se denominan inventores.</span></span></p>

<p><span style="font-size:18px"><span style="font-family:verdana,geneva,sans-serif">Estos inventores usan todo tipo de herramientas para fabricar m&aacute;quinas que realicen un trabajo o cumplan un objetivo. Por ejemplo, ante la necesidad de comunicaci&oacute;n a larga distancia se invent&oacute; el tel&eacute;grafo y posteriormente el tel&eacute;fono, y para transportar mercanc&iacute;as entre puntos muy alejados el uno del otro se cre&oacute; el tren.</span></span></p>

<p><span style="font-size:18px"><span style="font-family:verdana,geneva,sans-serif"><strong>El objetivo de esta actividad es que realices una investigaci&oacute;n para comprender c&oacute;mo y por qu&eacute; se cre&oacute; una determinada m&aacute;quina.</strong></span></span></p>

<div>
<p><span style="font-size:18px"><span style="font-family:verdana,geneva,sans-serif">Antes de realizar la actividad, repasa lo que has aprendido sobre los avances tecnol&oacute;gicos para la humanidad basados en las m&aacute;quinas simples, sus aplicaciones pr&aacute;cticas y funciones.</span></span></p>
</div>
]]></section>
<section title="Tarea" path="" pathAmp="" image1Text="" zoom1="false" zoom2a="false" zoom2b="false" layout="2" >
<![CDATA[<p><span style="font-size:18px"><span style="font-family:verdana,geneva,sans-serif"><span style="color:rgb(51, 51, 51)">Para realizar esta tarea sigue los pasos del procedimiento.</span></span></span></p>

<p><span style="font-size:18px"><span style="font-family:verdana,geneva,sans-serif"><strong><span style="color:rgb(51, 51, 51)">Procedimiento</span></strong></span></span></p>

<p><span style="font-size:18px"><span style="font-family:verdana,geneva,sans-serif"><span style="color:rgb(51, 51, 51)">1. Escoge una m&aacute;quina.</span></span></span></p>

<p><span style="font-size:18px"><span style="font-family:verdana,geneva,sans-serif"><span style="color:rgb(51, 51, 51)">2. Busca el nombre de la m&aacute;quina en una enciclopedia o en una enciclopedia digital, como la Gran Enciclopedia Planeta.</span></span></span></p>

<p><span style="font-size:18px"><span style="font-family:verdana,geneva,sans-serif"><span style="color:rgb(51, 51, 51)">3. Identifica al inventor que construy&oacute; la m&aacute;quina.</span></span></span></p>

<p><span style="font-size:18px"><span style="font-family:verdana,geneva,sans-serif"><span style="color:rgb(51, 51, 51)">4. Localiza la fecha en que se cre&oacute; el invento.</span></span></span></p>

<p><span style="font-size:18px"><span style="font-family:verdana,geneva,sans-serif"><span style="color:rgb(51, 51, 51)">5. Investiga la funci&oacute;n de la m&aacute;quina.</span></span></span></p>

<p><span style="font-size:18px"><span style="font-family:verdana,geneva,sans-serif"><span style="color:rgb(51, 51, 51)">6. Busca el problema que solucion&oacute; la invenci&oacute;n de la m&aacute;quina.</span></span></span></p>

<p><span style="font-size:18px"><span style="font-family:verdana,geneva,sans-serif"><span style="color:rgb(51, 51, 51)">7. Resume toda la informaci&oacute;n en una hoja.</span></span></span></p>

<p><span style="font-size:18px"><span style="font-family:verdana,geneva,sans-serif"><span style="color:rgb(51, 51, 51)">Realiza el procedimiento para tres inventos diferentes. Puedes completar cada hoja con una peque&ntilde;a introducci&oacute;n en la que expliques por qu&eacute; has escogido la m&aacute;quina seleccionada.</span></span></span></p>
]]></section>
</engine>