﻿<?xml version="1.0" encoding="utf-8"?>
<motor tipo="4" clase="a" aprid="m4a">
  <plataforma>
    <grado><![CDATA[2]]></grado>
    <titulo>¿Cómo se nutren los microorganismos?</titulo>
    <area>0</area>
    <nivel>1</nivel>
    <referencia />
    <idreg><![CDATA[0]]></idreg>
    <motor><![CDATA[M4A]]></motor>
    <lang>es</lang>
  </plataforma>
  <enunciado><![CDATA[Responde las siguientes preguntas relacionadas con la nutrición en los microorganismos.]]></enunciado>
  <masinfo inicio="0" />
  <sinaleatoriedad><![CDATA[0]]></sinaleatoriedad>
  <calc><![CDATA[0]]></calc>
  <respuestaunica><![CDATA[0]]></respuestaunica>
  <test cantidad="6">
    <cuestion>
      <enunciado><![CDATA[¿Cómo se llama a las bacterias y protistas que se alimentan de materia orgánica en descomposición?]]></enunciado>
      <explicacion />
      <imagen />
      <respuestas>
        <respuesta contestacion="Saprófitos." correcta="1" />
        <respuesta contestacion="Depredadores." correcta="0" />
        <respuesta contestacion="Parásitos." correcta="0" />
      </respuestas>
    </cuestion>
    <cuestion>
      <enunciado><![CDATA[¿Qué nombre reciben los microorganismos que viven a expensas de otros causándoles enfermedades?]]></enunciado>
      <explicacion />
      <imagen />
      <respuestas>
        <respuesta contestacion="Parásitos." correcta="1" />
        <respuesta contestacion="Descomponedores." correcta="0" />
        <respuesta contestacion="Omnívoros." correcta="0" />
      </respuestas>
    </cuestion>
    <cuestion>
      <enunciado><![CDATA[¿Cómo se llama la extensión citoplasmática que modifica la forma de la membrana celular, permitiéndole a los microorganismos depredadores ingerir su alimento?]]></enunciado>
      <explicacion />
      <imagen />
      <respuestas>
        <respuesta contestacion="Pseudópodos." correcta="1" />
        <respuesta contestacion="Cilios." correcta="0" />
        <respuesta contestacion="Flagelos." correcta="0" />
      </respuestas>
    </cuestion>
    <cuestion>
      <enunciado><![CDATA[¿Cuál es el tipo de transporte celular en el cual no hay gasto energético?]]></enunciado>
      <explicacion />
      <imagen />
      <respuestas>
        <respuesta contestacion="Transporte medio." correcta="0" />
        <respuesta contestacion="Transporte activo." correcta="0" />
        <respuesta contestacion="Transporte pasivo." correcta="1" />
      </respuestas>
    </cuestion>
    <cuestion>
      <enunciado><![CDATA[¿Qué nombre reciben los organismos que fabrican su alimento a partir de la energía que obtienen de la descomposición de compuestos inorgánicos?]]></enunciado>
      <explicacion />
      <imagen />
      <respuestas>
        <respuesta contestacion="Fotosintéticos." correcta="0" />
        <respuesta contestacion="Quimiosintéticos." correcta="1" />
        <respuesta contestacion="Heterótrofos." correcta="0" />
      </respuestas>
    </cuestion>
    <cuestion>
      <enunciado><![CDATA[¿Cómo se llama al mecanismo por el cual se obtienen sustancias líquidas por medio de pliegues en la membrana celular?]]></enunciado>
      <explicacion />
      <imagen />
      <respuestas>
        <respuesta contestacion="Pinocitosis." correcta="1" />
        <respuesta contestacion="Fagocitosis." correcta="0" />
        <respuesta contestacion="Difusión facilitada." correcta="0" />
      </respuestas>
    </cuestion>
  </test>
</motor>