<?xml version="1.0" encoding="UTF-8"?>
<engine title="Comprobación de la teoría de la selección natural" copy="Editorial Planeta" version="1" aprid="F13">
  <section title="Presentación" path="medias/section0.jpg" image1Text="" zoom1="true" zoom2a="false" zoom2b="false" layout="1"><![CDATA[<TextFlow><p><span>En los bosques de abedules de Inglaterra vivía, a principios del siglo XIX, una especie de mariposa, la mariposa del abedul. Era difícil de ver porque por su color se confundía con los líquenes que crecían en los troncos de los abedules. Las mariposas estaban muy bien adaptadas a ese entorno en el que los líquenes de los abedules les permitían ocultarse y así pasar desapercibidas frente a sus depredadores, fundamentalmente los pájaros. </span></p><p><span></span></p><p><span>Pero, en ocasiones, nacían mariposas del abedul negras y, por lo tanto, quedaban desprotegidas. La proporción de mariposas negras era muy baja porque no conseguían dejar descendencia ya que eran muy visibles para los pájaros, que se las comían.</span></p><p><span></span></p><p><span>Con la Revolución Industrial, proliferaron las fábricas con máquinas de vapor. Se desprendía de ellas mucho humo que se difundió por los bosques y cubrió de hollín los troncos de los abedules. El entorno de la mariposa cambió y dejó de ser favorable para las mariposas de tonos claros, que ahora eran mucho más visibles. Así que las aves empezaron a comerse las mariposas claras, mientras que las negras, que se camuflaban con los troncos oscurecidos, pudieron dejar descendencia. Al cabo de muchos años, la proporción de mariposas de abedul negras aumentó muchísimo.</span></p><p><span></span></p><p><span fontSize="12" fontWeight="bold">El objetivo de esta actividad es comprobar cómo actúa la selección natural reproduciendo una situación práctica hipotética.</span></p><p><span></span></p><p><span>Para contextualizar la tarea que vas a realizar es interesante que reflexiones sobre las siguientes preguntas:</span></p><p><span></span></p><p paragraphStartIndent="20" styleName="bullet"><span>¿Por qué aumentó la población de mariposas de abedul negras ?</span></p><p paragraphStartIndent="20" styleName="bullet"><span>¿Los individuos se adaptan al medio o el medio cambia y las especies mejor adaptadas a este nuevo medio son seleccionadas? </span></p></TextFlow>]]></section>
  <section title="Tarea" path="medias/section1.jpg" image1Text="" zoom1="true" zoom2a="false" zoom2b="false" layout="0"><![CDATA[<TextFlow><p><span>Para realizar esta tarea consigue el material que te indicamos y sigue los pasos del procedimiento.</span></p><p><span></span></p><p><span fontSize="12" fontWeight="bold">Material:</span></p><p><span fontSize="12" fontWeight="bold"></span></p><p paragraphStartIndent="20" styleName="bullet"><span>Dados</span></p><p paragraphStartIndent="20" styleName="bullet"><span>Papel</span></p><p paragraphStartIndent="20" styleName="bullet"><span>Lápices o rotuladores de colores</span></p><p><span></span></p><p><span fontSize="12" fontWeight="bold">Procedimiento:</span></p><p><span></span></p><p><span>1.º Dibuja en una hoja 6 organismos (5 de color negro y 1 de color azul). Estos formarán la generación 0 (G0).</span></p><p><span></span></p><p><span>2.º Imagina que el color azul se debe a una mutación que es dominante y perjudicial en el ambiente en el que viven estos organismos. El genotipo de los organismos negros es “aa” y el genotipo de los azules es “Aa”.</span></p><p><span></span></p><p><span>3.º Cruza los diferentes individuos entre ellos, de manera que uno de los cruces se dará entre un organismo negro y otro azul.</span></p><p><span></span></p><p><span>4.º Tira el dado una vez por cada pareja para decidir cuál será su número de descendientes. La descendencia formará la primera generación filial (F1).</span></p><p><span></span></p><p><span>5.º Escribe debajo de cada descendiente el genotipo que les corresponda y píntalos con el fenotipo correspondiente. El cruce del organismo de color negro (aa) y el de color azul (Aa) podrá dar como resultado descendencia de color negro o color azul con una probabilidad de 1/2 para cada fenotipo. Para decidirlo, lanza el dado para cada descendiente de esta pareja, si sale par serán “aa” y si sale impar serán “Aa”.</span></p><p><span></span></p><p><span>6.º Determina la supervivencia de cada descendiente. Para ello, tira el dado otra vez por cada uno de ellos. Como la mutación dominante es perjudicial supondremos que estos individuos tienen una probabilidad de morir de 1/2 y el organismo no mutado (negro) tendrá una probabilidad de morir de 1/6. De manera que:</span></p><p><span></span></p><p paragraphStartIndent="20" styleName="bullet"><span>Si el organismo es negro morirá únicamente en el caso de que salga un 6.</span></p><p paragraphStartIndent="20" styleName="bullet"><span>Si el organismo es azul morirá si sale un número par.</span></p><p><span></span></p><p><span>7.º Repite el procedimiento cruzando los individuos de la F1 entre ellos. Obtendrás la F2.</span></p><p><span></span></p><p><span>8.º Completa una tabla como la adjunta con los datos obtenidos.</span></p><p><span></span></p><p><span>Teniendo presentes los resultados de tu experimento y la tabla que has elaborado, justifica el aumento o disminución de la frecuencia de mutantes. Ahora piensa: ¿Qué pasaría si la mutación que produce organismos azules fuera beneficiosa para su adaptación al medio en el que viven estos organismos? Razona tu respuesta.</span></p><p><span></span></p></TextFlow>]]></section>
</engine>
