﻿<?xml version="1.0" encoding="UTF-8"?>
<?xml-stylesheet href="cuadernoestudio/dtd/libro.xslt" type="text/xsl"?>
<!--Arbortext, Inc., 1988-2011, v.4002-->
<!DOCTYPE libro SYSTEM "cuadernoestudio/dtd/libro.dtd">
<?Pub Inc?>
<libro id="CN_11_07_CO">
<libroTitulo>Electricidad</libroTitulo>
<seccion1 id="S1_CN_11_07_CO_3106B21440AC48F699FD1C1ED7C4CD83">
<seccion1Titulo>La naturaleza de las cargas eléctricas</seccion1Titulo>
<seccion1Texto>
<p>Imagina la vida de los seres humano hace 2500 años: piensa en los
lugares en los que se resguardaban y en cómo se calentaban; en cómo
conseguían los alimentos o si podían mantenerlos frescos, y en qué
labores podían realizar durante la noche.</p>
<p>Estas situaciones difíciles y muy distintas de resolver en ese
tiempo tienen hoy soluciones sencillas, que surgieron de un hecho
algo interesante y, en principio, irrelevante.</p>
<p>En la antigua Grecia se observó que al frotar un material particular
con un trozo de tela este atraía otros materiales; el <negrita>ámbar</negrita
> (electrón en griego) atraía pedazos de un material parecido al papel
común de ahora. Esta experiencia particular dio inicio al estudio
de los <negrita>fenómenos eléctricos</negrita> que condujo al desarrollo
del concepto de la <negrita>carga eléctrica</negrita>.</p>
<p>Así, se determinó que había materiales que retenían las cargas
eléctricas y que estas atraían a otros materiales. ¿De qué manera?</p>
<p>Hay cargas de dos tipos: <negrita>positivas</negrita> (protones)
y <negrita>negativas</negrita> (electrones) (se ha visto que el protón
es divisible en partículas aún más pequeñas).</p>
<p>Normalmente, los átomos tienen igual número de electrones que de
protones, de manera que las cargas positivas de los protones anulan
a las negativas de los electrones para mantenerlos en estado neutro.
Pero dado que los electrones no permanecen unidos al átomo, pueden
pasar de un cuerpo a otro, por ejemplo, al frotar dos cuerpos. </p>
<p>De otra parte, las <negrita>cargas eléctricas</negrita> confieren
a la materia la propiedad de generar <negrita>fuerza eléctrica</negrita
>. Por esto, un cuerpo con carga eléctrica es capaz de ejercer una
fuerza eléctrica sobre otro cuerpo cargado. Así, las cargas del mismo
signo se repelen, mientras que las de signo contrario se atraen.</p>
<imagen src="CN_11_07_CO_IMG01_small.jpg">
<p><negrita>Charles Coulomb</negrita> (1736-1806) fue el primero en
describir matemáticamente la fuerza de atracción entre dos cargas
eléctricas; por esto, en el Sistema Internacional (SI), la unidad
de medida de la carga eléctrica es el <negrita>coulomb (C)</negrita
>. </p>
</imagen>
<destacado><destacadoTitulo>Ejercicio de aplicación</destacadoTitulo>
<destacadoTexto>
<p>Un electrón tiene 10<superindice>-19</superindice> C. En una instalación
eléctrica común de una vivienda se usan 2 C por segundo. ¿Cuántos
electrones pasan por segundo en una instalación eléctrica?</p>
<p>Para dar solución a este ejercicio es importante conocer qué datos
nos brinda el enunciado. Para este caso son:</p>
<formula alineacion="centrada" src="CN_11_07_CO_formula_01.gif">
</formula>
<formula alineacion="centrada" src="CN_11_07_CO_formula_02.gif">
</formula>
<p>Para conocer la cantidad de electrones que pasa en un segundo por
la instalación eléctrica de una casa, simplemente debemos saber cuántos
electrones conformarán los 2 C de carga: </p>
<formula alineacion="centrada" src="CN_11_07_CO_formula_03.gif">
</formula>
<formula alineacion="centrada" src="CN_11_07_CO_formula_04.gif">
</formula>
<formula alineacion="centrada" src="CN_11_07_CO_formula_05.gif">
</formula>
<p>La cantidad de electrones que pasan en un segundo sería de 2 x
10<superindice>19</superindice>, que es una gran cantidad para un
segundo.</p><?Pub Caret 36?>
</destacadoTexto></destacado><profundiza>
<enlace
destino="/LoIdRedirect.aspx?LoId=CN_11_07_CO_Recurso010&amp;IdRecurso=RES-CC0A660E6E4A45F296EFEE42AFABDBE3"
>La definición de electricidad</enlace>
</profundiza><seccion2
id="S2_CN_11_07_CO_8D6A441521DF4C0C9A1397A2C9197C7D">
<seccion2Titulo>Los aislantes, conductores y semiconductores</seccion2Titulo>
<seccion2Texto>
<p>Como se mencionó, hay materiales que pueden “retener” las cargas
eléctricas; a estos materiales se les llama <negrita>aislantes</negrita
>. Al mantener las cargas eléctricas impiden que estas se muevan a
través de su superficie y así se mantienen en el material.</p>
<p>Por otra parte, aquellos materiales en los que las cargas eléctricas
se mueven a través de sus superficies se conocen como <negrita>conductores
eléctricos</negrita>. Los conductores eléctricos tienen una propiedad
que permite cuantificar esta “habilidad” de conducir las cargas eléctricas,
llamada <negrita>conductividad</negrita>. Del mismo modo, presentan
una propiedad llamada <negrita>resistencia eléctrica</negrita> que,
entre otras cosas, permite medir la capacidad de un material para
impedir el movimiento de las cargas eléctricas.</p>
<p>Un conductor ideal tiene resistencia eléctrica nula y un aislante
ideal tiene resistencia eléctrica infinita. Finalmente, hay materiales
que, dependiendo de las condiciones en las que se encuentren, se comportan
como aislantes o como conductores; son llamados <negrita>semiconductores</negrita
> y son muy usados en los dispositivos electrónicos.</p>
<practica>
<enlace
destino="/LoIdRedirect.aspx?LoId=CN_11_07_CO_Recurso020&amp;IdRecurso=RES-F255FF8FBAF842EB83C7CC0DC4939CCB"
>Diferencia materiales conductores y aislantes</enlace>
</practica></seccion2Texto></seccion2><seccion2
id="S2_CN_11_07_CO_69CEA0BE1BEC4824BCFFA6056B22D3DF">
<seccion2Titulo>Las formas de cargar un cuerpo </seccion2Titulo>
<seccion2Texto>
<p>Hoy se sabe que la estructura atómica consiste en un núcleo cargado
positivamente y una nube electrónica cargada negativamente; por esto,
cargar negativamente un cuerpo no es nada diferente a agregar electrones
a esta estructura, y cargar positivamente es lo mismo que “quitar”
electrones a la misma. </p>
<p>Hace siglos, cuando estos conceptos no estaban claros, se imaginaba
a la materia compuesta por fluidos eléctricos positivos y negativos,
que para cargarlos fluían de un cuerpo a otro. Ahora se sabe que no
es así, entonces, ¿de qué formas se puede cargar, positiva o negativamente,
un cuerpo?</p>
<p>A continuación se discutirán los métodos que se pueden usar para
responder esta pregunta.</p>
<seccion3 id="S3_CN_11_07_CO_4D0A7A88986D4D02ABBCF61618A5A4BE">
<seccion3Titulo>La electrización por frotamiento</seccion3Titulo>
<seccion3Texto>
<p>Esta es la forma más sencilla y fue la primera en encontrarse.
Se mencionó que el concepto de las cargas eléctricas surgió de observar
que al frotar ciertos cuerpos (aislantes), estos atraían pedazos de
papel. </p>
<p>Ahora se puede afirmar que al frotar cuerpos hechos de materiales
aislantes lo que hacemos es tomar cargas eléctricas de un cuerpo y
pasarlas al otro. Debido a que un material que aísla no conduce las
cargas, ellas permanecen en la superficie del cuerpo quedando cargado.</p>
<imagen src="CN_11_07_CO_IMG02_small.jpg">
<p>Electrización de un lapicero por medio de un pedazo de tela. La
carga eléctrica en la superficie de un objeto que cause la atracción
o la repulsión de otros es conocida como electricidad estática, para
distinguirla de la corriente. Los antiguos griegos descubrieron que
al frotar dos cuerpos neutros —como en este caso, un lapicero y un
trozo de tela—, estos quedan cargados, de manera que son capaces de
atraer a cierta distancia el cabello o trozos de papel. </p>
</imagen>
<p>Al frotar un lapicero con un trozo de tela, las cargas eléctricas
negativas pasan del lapicero a la tela, agregándole más cargas negativas,
por lo que el otro cuerpo queda con más cargas positivas. Este fenómeno
se hace visible en la oscuridad de una habitación cuando al final
del día, al quitarnos la ropa hecha de materiales que se cargan con
facilidad (licra o lana), “saltan” algunas chispas. Esto sucede, usualmente,
porque las prendas han ido adquiriendo cargas a lo largo del día.</p>
</seccion3Texto></seccion3><seccion3
id="S3_CN_11_07_CO_4D0A7A88986D4D02ABBCF61618A5A5BF">
<seccion3Titulo>La electrización por contacto</seccion3Titulo>
<seccion3Texto>
<p>Esta se logra cuando ponemos en contacto un cuerpo cargado con
otro que no lo está. Imagina que el lapicero del ejemplo anterior
queda cargado negativamente; si se acerca a un trozo de papel, este
se unirá al lapicero, pero, un poco después, se separan y ya no se
pueden volver a unir. Esto sucede porque cuando el lapicero y el papel
entran en contacto, este último toma los “electrones libres” del lapicero
dejándolo sin carga eléctrica. La razón es que el lapicero se carga
por frotamiento, mas no por contacto (del mismo modo ocurriría si
lo que se desea es cargar trozos de papel por frotamiento).</p>
</seccion3Texto></seccion3><seccion3
id="S3_CN_11_07_CO_4D0A7A88986D4D02ABBCF61618A5A6BA">
<seccion3Titulo>La electrización por inducción</seccion3Titulo>
<seccion3Texto>
<p>Los elementos conductores presentan excelentes ventajas cuando
se quieren mover cargas eléctricas, y son la base de las instalaciones
eléctricas actuales. Sin embargo, para poder cargar un conductor es
posible usar la carga por inducción. La electrización por inducción
sucede cuando, sin realizar contacto con un material, se logra que
este se cargue eléctricamente.</p>
<p>Imagina que se tiene un material cargado eléctricamente (por ejemplo,
el lapicero del ejemplo anterior) y que lo acercamos a un conductor,
que está sostenido sobre una base aislante pero conectado al piso.
El lapicero atraerá las cargas negativas del conductor. Al desconectar
el conductor del piso, se tendrá al material cargado negativamente
debido a que se aislaron las cargas negativas para que no fueran a
tierra sino para que fueran atraídas por el mismo lapicero.</p>
<imagen src="CN_11_07_CO_IMG03_small.jpg">
<p>Al acercar el lapicero a la barra de metal conectada a un “polo
a tierra”, este atraerá las cargas negativas del conductor. Si se
desconecta “la tierra” del conductor, este queda cargado negativamente.</p>
</imagen>
<practica>
<enlace
destino="/LoIdRedirect.aspx?LoId=CN_11_07_CO_Recurso260&amp;IdRecurso=RES-4CE9DEB5EAF84EBEBF7FC451D231A233"
>Conoce la naturaleza de la electricidad</enlace>
<enlace
destino="/LoIdRedirect.aspx?LoId=CN_11_07_CO_Recurso030&amp;IdRecurso=RES-781B141FB66640EEB99B39A7E84DC00B"
>Comprende los conceptos de la electricidad</enlace>
</practica></seccion3Texto></seccion3></seccion2Texto></seccion2>
<seccion2 id="S2_CN_11_07_CO_69CEA0BE1BEC4824BCFFA6056B22D2DE">
<seccion2Titulo>Consolidación</seccion2Titulo>
<seccion2Texto>
<p>Actividades para consolidar lo que has aprendido en esta sección.</p>
<practica>
<enlace
destino="/LoIdRedirect.aspx?LoId=CN_11_07_CO_Recurso060&amp;IdRecurso=RES-E976BFE63DC64A7ABF5F7476DC55B684"
>Refuerza tu aprendizaje: La carga eléctrica</enlace>
</practica></seccion2Texto></seccion2></seccion1Texto></seccion1>
<seccion1 id="S1_CN_11_07_CO_7F0F7A888EF146C9B59E90B0F9D8364D">
<seccion1Titulo>Ley de Coulomb</seccion1Titulo>
<seccion1Texto>
<p>Ya hemos descrito lo que ocurre cuando hay cargas eléctricas en
un conductor o en un aislante. Sin embargo, para describir el proceso
físico es necesario implementar un modelo matemático que nos permita
identificar y medir las interacciones eléctricas. Y es lo que mostraremos
a continuación.</p>
<profundiza>
<enlace
destino="/LoIdRedirect.aspx?LoId=CN_11_07_CO_Recurso070&amp;IdRecurso=RES-646F7EB8EEBF45B6A938CFCB17D49CC6"
>La ley de Coulomb</enlace>
</profundiza><seccion2
id="S2_CN_11_07_CO_65A7886DCD7542B7A1FD612F3089B752">
<seccion2Titulo>La fuerza eléctrica</seccion2Titulo>
<seccion2Texto>
<p>Hemos dicho que al existir cargas eléctricas estas interactúan
entre sí, pero ¿cómo interactúan dos cargas eléctricas?</p>
<p>En 1777, el francés <negrita>Charles Coulomb</negrita> diseñó un
artefacto que permitía medir la fuerza entre dos cuerpos cargados.
Para lograrlo, determinó unos parámetros de carga eléctrica y, por
medio de una especie de balanza, pudo medir la fuerza aplicada sobre
dos cuerpos cargados. Coulomb encontró que la <negrita>fuerza aplicada</negrita
> era proporcional al producto de las cargas en interacción e inversamente
proporcional al cuadrado de la distancia entre ellas:</p>
<formula alineacion="centrada" src="CN_11_07_CO_formula_06.gif">
</formula>
<p>Al tener en cuenta que la fuerza es un vector, la dirección de
la fuerza eléctrica es radial. Es decir, que la fuerza aplicada va
en dirección de la carga que la ejerce. La constante <negritacursiva
>k</negritacursiva> depende del sistema de unidades escogido. En el <negrita
>SI</negrita>, la constante es 9 x 10 <superindice>9</superindice
> Nm<superindice>2</superindice>/C<superindice>2</superindice>.</p>
<imagen src="CN_11_07_CO_IMG04_small.jpg">
<p>Fuerza eléctrica entre dos cargas puntuales. El signo de las cargas
se puede incluir en los valores de q y Q.</p>
</imagen>
<destacado><destacadoTitulo>Relación entre la fuerza aplicada y la
carga</destacadoTitulo><destacadoTexto>
<listaSinNumerar>
<listaElemento>¿Qué ocurre con la fuerza aplicada si duplico el valor
de una de las cargas?</listaElemento>
</listaSinNumerar>
<p>Ocurrirá que la fuerza aplicada se duplicará.</p>
<listaSinNumerar>
<listaElemento>¿Qué ocurre con la fuerza aplicada si duplico la distancia
entre las cargas?</listaElemento>
</listaSinNumerar>
<p>Ocurrirá que la fuerza se disminuye cuatro veces.</p>
</destacadoTexto></destacado><practica>
<enlace
destino="/LoIdRedirect.aspx?LoId=CN_11_07_CO_Recurso080&amp;IdRecurso=RES-94B39CCD92F64EA4A14E60476C8B4D4E"
>Usa la ley de Coulomb</enlace>
<enlace
destino="/LoIdRedirect.aspx?LoId=CN_11_07_CO_Recurso270&amp;IdRecurso=RES-9452DEAC1EEC494DBFDD6809BCAA5B0C"
>Comprende la fuerza eléctrica</enlace>
</practica></seccion2Texto></seccion2><seccion2
id="S2_CN_11_07_CO_012B128823D344D1844A11B8BAFF4283">
<seccion2Titulo>Consolidación</seccion2Titulo>
<seccion2Texto>
<p>Actividades para consolidar lo que has aprendido en esta sección.</p>
<practica>
<enlace
destino="/LoIdRedirect.aspx?LoId=CN_11_07_CO_Recurso280&amp;IdRecurso=RES-64BF1F872EDA4A51B7FAC5B081B5DDA5"
>Refuerza tu aprendizaje: La fuerza eléctrica</enlace>
</practica></seccion2Texto></seccion2></seccion1Texto></seccion1>
<seccion1 id="S1_CN_11_07_CO_B861239AE92B47438C9A5C1DE44C2C93">
<seccion1Titulo>El campo eléctrico</seccion1Titulo>
<seccion1Texto>
<p>Ubiquémonos por un momento en el siglo XVIII. En esa época no existían
televisores ni teléfonos celulares. Todo lo que se podía transmitir
requería de un medio físico y, por tanto, para enviar información
de un lugar a otro se usaban conductores físicos. ¿Cómo se explicaba
entonces la interacción eléctrica y la gravitacional? Aparentemente,
no existía nada que transmitiera aquellas interacciones, por lo que
se llamaron <negrita>interacciones a distancia</negrita>.</p>
<p>En el siglo XIX, <negrita>Michael Faraday</negrita> propone una
forma de entender las interacciones a distancia. Faraday supone una
carga eléctrica <negrita>Q</negrita> en un lugar del espacio. Luego,
pide ubicar una carga de prueba sobre un lugar y que se pinte la fuerza
aplicada sobre la misma. Este procedimiento se debe repetir hasta
cubrir todo el espacio, de tal forma que se obtiene una serie de líneas
para una carga positiva o negativa, como la de la imagen.</p>
<imagen src="CN_11_07_CO_IMG05_small.jpg">
<p>Líneas de campo entre dos cargas eléctricas (positiva y negativa).
Si ubicamos una carga eléctrica de prueba en algún punto del espacio,
las líneas indicarán la dirección de la fuerza aplicada en ese punto. </p>
</imagen>
<p>Puedes observar cómo el espacio entre las cargas eléctricas es
modificado por las líneas dibujadas. <negrita>Michael Faraday</negrita
> propuso que el espacio era modificado alrededor de una carga eléctrica;
esta modificación se conoce con el nombre de <negrita>campo eléctrico</negrita
>. Para una carga puntual <negrita><cursiva>Q</cursiva></negrita>,
el campo eléctrico estaría dado por la expresión:</p>
<formula alineacion="centrada" src="CN_11_07_CO_formula_07.gif">
</formula>
<p>En este caso, el campo eléctrico se encuentra simplemente por la
razón entre la fuerza aplicada y la carga de prueba <negrita>q</negrita
>. Si se encuentra más de una carga puntual, el campo eléctrico total
sobre un punto es igual a la suma (vectorial) de los campos eléctricos
generados por cada carga. Este efecto se conoce como el <negrita>principio
de superposición</negrita>.</p>
<profundiza>
<enlace
destino="/LoIdRedirect.aspx?LoId=CN_11_07_CO_Recurso290&amp;IdRecurso=RES-0EEDB261EDD54A18A39A318BD9527EF4"
>El campo eléctrico y el potencial </enlace>
</profundiza><seccion2
id="S2_CN_11_07_CO_0AD0657C3FAC4C5AAE280078616A9054">
<seccion2Titulo>El campo eléctrico uniforme</seccion2Titulo>
<seccion2Texto>
<p>Al ser un vector, para encontrar un campo eléctrico uniforme es
necesario que en una región del espacio haya un campo constante, tanto
en magnitud como en dirección. ¿De qué manera podríamos, entonces,
generar un campo eléctrico uniforme?</p>
<p>Imagina que colocamos una placa de carga eléctrica positiva de
gran longitud (en casos prácticos de longitud infinita), y a una distancia <negrita
>d</negrita> se coloca una placa de carga eléctrica negativa, tal
como se ilustra en la siguiente figura.</p>
<imagen src="CN_11_07_CO_IMG06_small.jpg">
<p>Placas paralelas y generación de campo eléctrico uniforme. Al colocar
una carga de prueba, las contribuciones transversales se contrarrestan
dejando solamente la contribución perpendicular a las placas. (La
longitud de las placas es grande comparada con la distancia entre
ellas). </p>
</imagen>
<p>Si se coloca una carga eléctrica de prueba en medio de las placas,
se observará que la única fuerza aplicada sería en dirección a la
placa negativa. Este campo es la razón entre la densidad de carga
superficial en las placas y la <negrita>permitividad eléctrica</negrita
> del medio entre las mismas.</p>
<formula alineacion="centrada" src="CN_11_07_CO_formula_08.gif">
</formula>
<destacado><destacadoTitulo>El vacío</destacadoTitulo><destacadoTexto>
<p>Es interesante cómo al <negrita>vacío</negrita> se le han asignado
propiedades durante el estudio de la física (si es vacío no debería
tener propiedades). La <negrita>permitividad eléctrica</negrita> es
una propiedad que permite saber qué tan eficiente es un medio para
dejar fluir el campo eléctrico. Así, la permitividad del vacío es:</p>
<formula alineacion="centrada" src="CN_11_07_CO_formula_09.gif">
</formula>
</destacadoTexto></destacado><practica>
<enlace
destino="/LoIdRedirect.aspx?LoId=CN_11_07_CO_Recurso090&amp;IdRecurso=RES-33B6FF18E7AF4CECA364254B898CBBA4"
>Aplica tus conocimientos sobre campo eléctrico</enlace>
</practica></seccion2Texto></seccion2><seccion2
id="S2_CN_11_07_CO_1E4177B135B44B59BF7543E5702E45F2">
<seccion2Titulo>El potencial eléctrico </seccion2Titulo>
<seccion2Texto>
<p>Supón que se tiene una región donde hay un campo eléctrico. Ahora
que se va a traer una <negrita>carga de prueba</negrita> desde el
infinito (un lugar muy lejano a esa región) y se va a ubicar en un
punto de ese <negrita>campo eléctrico</negrita>, es de esperarse que,
debido a la interacción entre la carga eléctrica y el campo eléctrico,
se deba efectuar un trabajo para ubicar la carga de prueba en ese
lugar. Al hacerlo, se ha colocado una <negrita>energía potencial</negrita
> para que la carga de prueba, por ejemplo, se mueva y así obtenga
energía cinética.</p>
<p>Lo que se observa en este experimento puntual es que el campo eléctrico
contiene una energía (potencial debido a la naturaleza radial de la
interacción electromagnética), y si omitimos la carga de prueba se
tendría un <negrita>potencial eléctrico</negrita>, es decir, un potencial
para generar energía eléctrica si colocamos una carga de prueba en
el campo.</p>
<p>El potencial eléctrico de una carga puntual está definido por la
expresión:</p>
<formula alineacion="centrada" src="CN_11_07_CO_formula_10.gif">
</formula>
<p>Como el potencial eléctrico está íntimamente relacionado con el
campo eléctrico, se tiene que este último es el opuesto al <negrita
>gradiente</negrita> del primero; es decir, el cambio que tiene el <negrita
>potencial eléctrico</negrita> en el espacio. Si se quiere determinar
el <negrita>campo eléctrico en una dimensión</negrita>, se puede usar
la aproximación:</p>
<formula alineacion="centrada" src="CN_11_07_CO_formula_11.gif">
</formula>
<p>En todo lugar donde el potencial eléctrico es el mismo, se tiene
una <negrita>superficie equipotencial</negrita>, tal y como se ilustra
en la figura.</p>
<imagen src="CN_11_07_CO_IMG07_small.jpg">
<p>Superficies equipotenciales en cargas positivas y negativas. Las
líneas de campo muestran regiones esféricas (circulares en la imagen)
que representan el mismo potencial eléctrico (superficie equipotencial).
Observa cómo la dirección de las líneas de campo es perpendicular
a la superficie equipotencial.</p>
</imagen>
<p>Esto implica que si queremos mover una carga de prueba sobre una <negrita
>superficie equipotencial</negrita> no habría ninguna reacción del
campo eléctrico y, por tanto, la energía que usemos no será eléctrica
ni se habrá guardado energía potencial en el campo eléctrico. </p>
<seccion3 id="S3_CN_11_07_CO_D812520920E84C51B4B3EB62FE9528FD">
<seccion3Titulo>El voltaje o la diferencia de potencial</seccion3Titulo>
<seccion3Texto>
<p>Es interesante ver lo que ocurre entre dos superficies equipotenciales;
si movemos una carga de una superficie equipotencial a otra, quiere
decir que, o usamos la energía eléctrica para moverla o guardamos
más energía potencial en el campo. Esta diferencia entre dos superficies
equipotenciales se llama <negrita>diferencia de potencial</negrita
> o <negrita>voltaje</negrita>.</p>
<p>El voltaje es una expresión más usada en ingeniería. Muy seguramente
habrás oído hablar del voltaje de las baterías, expresado en unidades
de voltaje, que es el <negrita>voltio (V)</negrita>. Esta unidad de
potencial eléctrico o voltaje se nombró en honor de <negrita>Alessandro
Volta</negrita>, quien fue el primero en crear una batería de corriente
directa. </p>
<p>Esto hace que la unidad de <negrita>campo eléctrico</negrita> (usando
la ecuación anterior), sea el <negrita>voltio por metro</negrita> (V/m)
en el sistema internacional de unidades. </p>
</seccion3Texto></seccion3><seccion3
id="S3_CN_11_07_CO_D812520920E84C51B4B3EB62FE9526FF">
<seccion3Titulo>El potencial eléctrico en un campo eléctrico uniforme </seccion3Titulo>
<seccion3Texto>
<p>Observa que el campo eléctrico presenta un cambio de potencial
respecto a la posición; también, que el campo eléctrico es perpendicular
a una superficie equipotencial. Entonces, si el campo eléctrico es
uniforme, el potencial eléctrico variará de manera constante respecto
a la posición, lo cual implica que varía proporcionalmente con la
posición donde se tome el potencial:</p>
<formula alineacion="centrada" src="CN_11_07_CO_formula_12.gif">
</formula>
<p>Se ha escogido el valor de referencia <negrita>0</negrita> para
el potencial en una de las placas (usualmente se escoge la placa negativa
para tener potencial 0). </p>
<p>Imagina que colocamos la carga de prueba muy cerca de la placa
positiva, entonces, el potencial es alto y la carga comenzará a moverse,
de tal forma que al llegar a la placa negativa tiene bastante energía
cinética. Por otra parte, si se coloca la misma carga cerca de la
placa negativa, ocurrirá que la carga no aumentará su energía cinética
y habrá muy poco potencial eléctrico.</p>
<practica>
<enlace
destino="/LoIdRedirect.aspx?LoId=CN_11_07_CO_Recurso110&amp;IdRecurso=RES-F38D86EF5CEB4B8E9EFA3A4BF02DE620"
>Calcula el potencial eléctrico</enlace>
</practica></seccion3Texto></seccion3></seccion2Texto></seccion2>
<seccion2 id="S2_CN_11_07_CO_6153F7ACE9C84F7882915E063435B17C">
<seccion2Titulo>Consolidación</seccion2Titulo>
<seccion2Texto>
<p>Actividades para consolidar lo que has aprendido en esta sección.</p>
<practica>
<enlace
destino="/LoIdRedirect.aspx?LoId=CN_11_07_CO_Recurso130&amp;IdRecurso=RES-62931EC4DAFF460C871280A4990C3E40"
>Refuerza tu aprendizaje: El campo y el potencial eléctrico</enlace>
</practica></seccion2Texto></seccion2></seccion1Texto></seccion1>
<seccion1 id="S1_CN_11_07_CO_F4DC507C25D54F5FB2502E09FDACFA99">
<seccion1Titulo>Los circuitos eléctricos</seccion1Titulo>
<seccion1Texto>
<p>Hasta el momento se han descrito los campos eléctricos y todas
las propiedades eléctricas en el espacio. Pero, ¿esto qué tiene que
ver con la electricidad que usamos en casa? Y, ¿qué tiene que ver
con la electricidad que sabemos que tenemos en nuestro cuerpo? </p>
<p>Para responder a estas preguntas iniciemos el estudio de los circuitos
eléctricos.</p>
<seccion2 id="S2_CN_11_07_CO_6153F7ACE9C84F7882915E063435B27D">
<seccion2Titulo>La corriente eléctrica</seccion2Titulo>
<seccion2Texto>
<p>En la sección 1.1 se habló de materiales conductores y aislantes.
En los conductores se encontró que las cargas eléctricas se mueven
a través de las superficies de los cuerpos. Sin embargo, ¿cómo podemos
describir ese movimiento de cargas?</p>
<p>El movimiento de cargas eléctricas (<negrita>impulsos eléctricos</negrita
>) en un conductor se mide y se describe a partir de la <negrita>corriente
eléctrica</negrita>. La corriente eléctrica es la razón de cambio
de carga eléctrica. Es decir, si una carga eléctrica se está moviendo,
se tiene una corriente eléctrica. Los conductores permiten que esa
corriente eléctrica se mantenga dentro de ellos y, por esto, sea sencillo
usarla para nuestras labores cotidianas.</p>
<p>La corriente eléctrica tiene como símbolo la letra <negritacursiva
>i</negritacursiva> y la unidad de medida es el <negrita>amperio</negrita
>, en honor a <negrita>André Ampère</negrita>, quien estudió los efectos
de la corriente eléctrica para generar <negrita>magnetismo</negrita
>. </p>
<profundiza>
<enlace
destino="/LoIdRedirect.aspx?LoId=CN_11_07_CO_Recurso140&amp;IdRecurso=RES-A7CE50D5FB104857BE89C6DD2CAECD4C"
>La corriente eléctrica</enlace>
</profundiza><practica>
<enlace
destino="/LoIdRedirect.aspx?LoId=CN_11_07_CO_Recurso150&amp;IdRecurso=RES-4836FF4323A241398C576DC327242E8D"
>Identifica los tipos de corriente</enlace>
</practica></seccion2Texto></seccion2><seccion2
id="S2_CN_11_07_CO_6153F7ACE9C84F7882915E063435B37E">
<seccion2Titulo>La resistencia, la resistividad y la ley de Ohm</seccion2Titulo>
<seccion2Texto>
<p>Los conductores presentan cierta resistencia a que las cargas eléctricas
se muevan en su superficie. Esta <negrita>resistencia eléctrica</negrita
> fue ampliamente estudiada por <negrita>Georg Simon Ohm</negrita
>, razón por la cual la unidad de resistencia eléctrica es el ohmio.
Para materiales como el cobre, la resistencia eléctrica es tan baja
que se supone nula. Esto quiere decir que la corriente fluye sin dificultades
y no hay pérdidas de energía, por lo que el voltaje también es nulo
entre los extremos de un alambre conductor.</p>
<p>Para efectos prácticos, es importante tener una medida de qué tan
buen conductor es un material considerando su longitud y su área transversal.
Para esto, supón un pedazo de material de longitud <negritacursiva
>l</negritacursiva> y sección transversal <negritacursiva>A</negritacursiva
>. Observemos las siguientes características:</p>
<p>1. Entre mayor resistencia eléctrica posea el material, más difícil
es pasar una corriente eléctrica de un extremo del material al otro.</p>
<p>2. Entre mayor sea el área transversal, se hará más difícil conducir
la corriente al otro extremo del material.</p>
<p>3. Si la longitud es pequeña y no pasa la corriente, quiere decir
que el material es mal conductor.</p>
<p>Con esta información, la resistencia específica o resistividad
de un material se define como:</p>
<formula alineacion="centrada" src="CN_11_07_CO_formula_13.gif">
</formula>
<p>Esto nos permite imaginar la estructura de la materia a partir
de cargas organizadas en un material que impide que las cargas eléctricas
se muevan. <negrita>Georg Ohm</negrita> aplicó voltajes a diferentes
tipos de materiales conductores para ver qué ocurría cuando lo aumentaba.
Así, encontró que la corriente que pasaba por dicho conductor era,
en algunos casos, proporcional al voltaje aplicado. Este hecho se
conoce como la <negrita>ley de Ohm</negrita> y es aplicada en el manejo
de circuitos eléctricos; por ejemplo, los de las bombillas de nuestras
viviendas.</p>
<formula alineacion="centrada" src="CN_11_07_CO_formula_14.gif">
</formula>
<p>De ahora en adelante, se supondrá que todos los materiales usados
cumplen la ley de Ohm.</p>
<destacado><destacadoTitulo>La resistencia</destacadoTitulo>
<destacadoTexto>
<p>¿Qué uso tiene una resistencia eléctrica si lo que se desea es
mantener un flujo de cargas eléctricas? Algunas estufas tienen resistencias
eléctricas. Estas se usan para convertir la energía eléctrica en otra
forma de energía: calor. Por otra parte, las bombillas de las lámparas
de nuestras casas usan la energía eléctrica y la convierten en energía
lumínica y en calor. Todos los materiales tienen un “nivel de resistencia”
a dejar pasar los electrones; sin embargo, el cobre ofrece menos resistencia
que el nicromo y los cables delgados ofrecen mayor resistencia que
los gruesos. Cuando se gasta energía para forzar el paso de los electrones
a través de un material resistente, se genera calor. Por esto, las
teteras y los secadores de pelo tienen en su interior cables largos
enrollados que aumentan la resistencia y pueden generar más calor.</p>
</destacadoTexto></destacado><profundiza>
<enlace
destino="/LoIdRedirect.aspx?LoId=CN_11_07_CO_Recurso160&amp;IdRecurso=RES-2DE1CD8BCC0A4A3895A039F75576EE94"
>Tipos de resistencias</enlace>
</profundiza></seccion2Texto></seccion2><seccion2
id="S2_CN_11_07_CO_6153F7ACE9C84F7882915E063435B47A">
<seccion2Titulo>La resistencia total en serie y en paralelo</seccion2Titulo>
<seccion2Texto>
<p>Observa la disposición de resistencias mostradas en la siguiente
figura.</p>
<imagen src="CN_11_07_CO_IMG08_small.jpg">
<p>Ubicación de resistencias en serie (izquierda) y en paralelo (derecha).
En un circuito, las resistencias se pueden organizar una detrás de
la otra, en serie, o de manera que la corriente fluya paralelamente
por dos o más resistencias. Por esto, en las hornillas en alto se
encuentran funcionando las resistencias en paralelo; en medio funciona
una resistencia, y en bajo funcionan resistencias en serie.</p>
</imagen>
<p>En la imagen, a la izquierda, las resistencias están en serie.
Al existir un solo camino en la ubicación de resistencias quiere decir
que la corriente debe permanecer constante (la misma corriente asegura
la conservación de la carga). Del mismo modo, el voltaje sobre cada
resistencia puede cambiar, ya que para saber el voltaje se deben escoger
dos puntos en la disposición. </p>
<p>Supongamos que las resistencias se notan como R1 y R2. Si usamos
la ley de Ohm, el voltaje total es igual a la suma de los voltajes
sobre cada resistencia:</p>
<formula alineacion="centrada" src="CN_11_07_CO_formula_15.gif">
</formula>
<p>Entonces, tener dos resistencias en serie (o más) es igual a tener
una resistencia que es igual a la suma aritmética de las resistencias
en serie.</p>
<p>Por otra parte, si se observa la disposición en paralelo (parte
derecha de la figura) se encontrará que el voltaje es el mismo (las
resistencias están conectadas a los mismos puntos de la batería, pero
al haber dos caminos la corriente se divide). De este modo, la corriente
total, que es la suma de las corrientes, es igual a:</p>
<formula alineacion="centrada" src="CN_11_07_CO_formula_16.gif">
</formula>
<p>Lo que permite deducir la regla para la resistencia equivalente
en paralelo:</p>
<formula alineacion="centrada" src="CN_11_07_CO_formula_17.gif">
</formula>
<p>Esta se puede expresar como que el recíproco de la resistencia
equivalente es igual a la suma de los recíprocos de las resistencias
en paralelo.</p>
<practica>
<enlace
destino="/LoIdRedirect.aspx?LoId=CN_11_07_CO_Recurso170&amp;IdRecurso=RES-D409999443114D1EA3D3E827B57DBD05"
>Aplica la ley de Ohm</enlace>
<enlace
destino="/LoIdRedirect.aspx?LoId=CN_11_07_CO_Recurso180&amp;IdRecurso=RES-15A623088642493394E91DC57A2750E0"
>Calcula la resistencia equivalente en un circuito</enlace>
</practica></seccion2Texto></seccion2><seccion2
id="S2_CN_11_07_CO_6153F7ACE9C84F7882915E063435B58A">
<seccion2Titulo>Las leyes de Kirchhoff</seccion2Titulo>
<seccion2Texto>
<p>Una vez establecidos los circuitos eléctricos, se comenzó su estudio. <negrita
>Gustav Kirchhoff</negrita>, en el siglo XIX, fue el primero en destacar
las leyes de la física en los circuitos y combinarlas en dos leyes
para la solución y descripción de cualquier circuito eléctrico:</p>
<p>1. <negrita>Conservación de la carga eléctrica:</negrita> en un
nodo, es decir, en un punto de un circuito, la suma de las corrientes
debe ser nula. De otro modo indicaríamos que las corrientes que ingresan
a un nodo son iguales a las corrientes que salen del mismo.</p>
<p>2. <negrita>Conservación de la energía:</negrita> en un circuito
cerrado, la suma de los voltajes debe ser nula. Para este caso, se
debe tener en cuenta la dirección de la corriente y la posición de
las baterías.</p>
<p>Para entender un poco el uso de las leyes de Kirchhoff es conveniente
observar la siguiente figura: </p>
<imagen src="CN_11_07_CO_IMG09_small.jpg">
<p>Circuito eléctrico donde se aplican las leyes de Kirchhoff. El
voltaje sobre las resistencias es negativo si va en la misma dirección
de la corriente eléctrica.</p>
</imagen>
<p>Se puede observar un nodo en la parte superior del circuito donde
se debe cumplir que:</p>
<formula alineacion="centrada" src="CN_11_07_CO_formula_18.gif">
</formula>
<p>dado que las corrientes que entran son iguales a las corrientes
que salen.</p>
<p>Por otra parte, se observan dos caminos cerrados. En la imagen,
el camino de la izquierda se compone de una batería y una resistencia,
y el de la derecha se compone de dos resistencias. Para el camino
de la derecha imagina que en la parte superior izquierda empezamos
a movernos en dirección de la corriente 1, luego bajamos por la resistencia
2, teniendo una disminución en el potencial ya que la resistencia
consume energía. Luego nos movemos por el cable hacia la batería donde
pasamos del borne negativo al positivo, es decir, tenemos un aumento
de potencial. Usando la ley de Ohm y la segunda ley de Kirchhoff se
tiene que:</p>
<formula alineacion="centrada" src="CN_11_07_CO_formula_19.gif">
</formula>
<p>Para el lado derecho del circuito, si iniciamos en el nodo pasaremos
en dirección de la corriente a la resistencia 3, teniendo una disminución
de potencial, y luego subiremos en contra de la corriente 2 para pasar
a la resistencia 2, de tal forma que ese voltaje será positivo. Esto
conduce a la ecuación:</p>
<formula alineacion="centrada" src="CN_11_07_CO_formula_20.gif">
</formula>
<p>De esta manera se tiene como resultado el sistema de ecuaciones
que nos permite determinar cualquier corriente o voltaje desconocido.</p>
<practica>
<enlace
destino="/LoIdRedirect.aspx?LoId=CN_11_07_CO_Recurso300&amp;IdRecurso=RES-8B06904EFBF042658AA9ADCCE55F52B3"
>Resuelve circuitos</enlace>
</practica></seccion2Texto></seccion2><seccion2
id="S2_CN_11_07_CO_6153F7ACE9C84F7882915E063435D48A">
<seccion2Titulo>Consolidación</seccion2Titulo>
<seccion2Texto>
<p>Actividades para consolidar lo que has aprendido en esta sección.</p>
<practica>
<enlace
destino="/LoIdRedirect.aspx?LoId=CN_11_07_CO_Recurso200&amp;IdRecurso=RES-F6893554B6894D74B0D8C8F0F6326706"
>Refuerza tu aprendizaje: Los circuitos eléctricos</enlace>
</practica></seccion2Texto></seccion2></seccion1Texto></seccion1>
<seccion1 id="S1_CN_11_07_CO_F4DC507C25D54F5FB2502E09FDACFA89">
<seccion1Titulo>Competencias</seccion1Titulo>
<seccion1Texto>
<p>Pon a prueba tus capacidades y aplica lo aprendido con estos recursos.</p>
<practica>
<enlace
destino="/LoIdRedirect.aspx?LoId=CN_11_07_CO_Recurso210&amp;IdRecurso=RES-96FE0A937A944F74AFB35FFDDE28AB19"
>Competencias: identificación de circuitos en serie y en paralelo</enlace>
</practica></seccion1Texto></seccion1><masinformacion
id="MI_CN_11_07_CO_991ADE12AB6E43ACAAE131D1487EACA5"><mapaconceptual>
<enlace
destino="/LoIdRedirect.aspx?LoId=CN_11_07_CO_Recurso240&amp;IdRecurso=RES-E17469978E2F46F29158F2A7647E2FB6"
>Mapa conceptual del tema: La electricidad</enlace></mapaconceptual>
<autoevaluate><enlace
destino="/LoIdRedirect.aspx?LoId=CN_11_07_CO_Recurso250&amp;IdRecurso=RES-7F86BC36E30D4669941960811920AFDB"
>Evalúa tus conocimientos sobre el tema de la electricidad</enlace>
</autoevaluate><enlacesreferencia>
<enlace
destino="http://hyperphysics.phy-astr.gsu.edu/hbasees/hframe.html"
>Electricidad</enlace>
<enlace
destino="http://www.sc.ehu.es/sbweb/fisica/elecmagnet/elecmagnet.htm"
>Conceptos electricidad</enlace>
<enlace
destino="http://electronicacompleta.com/lecciones/leyes-de-kirchhoff/"
>Circuitos</enlace>
</enlacesreferencia></masinformacion></libro>
