﻿<?xml version="1.0" encoding="utf-8"?><motor tipo="101" clase="a" aprid="m101a">
  <plataforma>
    <grado>2</grado>
    <titulo>Refuerza tu aprendizaje: Fluidos en movimiento</titulo>
    <volumen/>
    <nivel><![CDATA[1]]></nivel>
    <referencia/>
    <motor/>
    <lang>es</lang>
  </plataforma>
  <enunciado><![CDATA[Realiza la siguiente actividad. Cuando termines, envíala dando clic. Si es necesario, entrega tus respuestas por escrito.]]></enunciado>
  <masinfo inicio="0"/>
  <calc><![CDATA[0]]></calc>
  <preguntas cantidad="7">
    <pregunta>
      <enunciado><![CDATA[Define qué es el flujo laminar y describe qué aplicaciones tiene este concepto en la vida cotidiana.]]></enunciado>
      <explicacion/>
      <nivel><![CDATA[3]]></nivel>
      <tipo/>
      <imagen/>
      <ampliacion/>
      <texto/>
    </pregunta>
    <pregunta>
      <enunciado><![CDATA[Explica por qué cuando un jugador de fútbol patea un balón, este puede lograr un efecto y realizar una trayectoria curva. ]]></enunciado>
      <explicacion/>
      <nivel><![CDATA[3]]></nivel>
      <tipo/>
      <imagen/>
      <ampliacion/>
      <texto/>
    </pregunta>
    <pregunta>
      <enunciado><![CDATA[Analiza por qué el ala de un avión es más curva en la parte superior que en la inferior y cómo se relaciona dicha curva con la presión y la sustentación del aparato. Justifica tu respuesta. ]]></enunciado>
      <explicacion/>
      <nivel><![CDATA[3]]></nivel>
      <tipo/>
      <imagen/>
      <ampliacion/>
      <texto/>
    </pregunta>
    <pregunta>
      <enunciado><![CDATA[El grifo de un lavaplatos tiene un área de 1,5 cm{{sup}}2{{normal}}, ¿cuál es el caudal y la velocidad a la que sale el agua si una jarra, con capacidad de 2 litros, se llena en 1 minuto? ]]></enunciado>
      <explicacion/>
      <nivel><![CDATA[3]]></nivel>
      <tipo/>
      <imagen/>
      <ampliacion/>
      <texto/>
    </pregunta>
    <pregunta>
      <enunciado><![CDATA[Explica por qué si dos trenes que van a gran velocidad y pasan cerca el uno del otro, tienden a atraerse.]]></enunciado>
      <explicacion/>
      <nivel><![CDATA[3]]></nivel>
      <tipo/>
      <imagen/>
      <ampliacion/>
      <texto/>
    </pregunta>
    <pregunta>
      <enunciado><![CDATA[Teniendo en cuenta el principio de Bernoulli explica cómo funcionan las chimeneas de las casas.]]></enunciado>
      <explicacion/>
      <nivel><![CDATA[3]]></nivel>
      <tipo/>
      <imagen/>
      <ampliacion/>
      <texto/>
    </pregunta>
    <pregunta>
      <enunciado><![CDATA[Por un tubo circulan 400 L/s de agua. El extremo por donde entra el agua tiene un diámetro de 40 cm y está sobre el piso; en este punto la presión es de 2 atm. El extremo final está a 6 m de altura del piso y tiene un diámetro de 30 cm, ¿cuál es la velocidad del agua en los dos extremos y la presión en el extremo final?  ]]></enunciado>
      <explicacion/>
      <nivel><![CDATA[3]]></nivel>
      <tipo/>
      <imagen/>
      <ampliacion/>
      <texto/>
    </pregunta>
  </preguntas>
</motor>