﻿<?xml version="1.0" encoding="utf-8"?><engine copy="Editorial Planeta" version="1" aprid="f13" title="El principio de Bernoulli" >
<section title="Introducción" path="cn_10_07_rec170_img_01n.jpg" pathAmp="cn_10_07_rec170_img_01a.jpg" image1Text="" zoom1="true" zoom2a="false" zoom2b="false" layout="0" >
<![CDATA[<p><span style="color:#000000"><span style="font-size:18px"><span style="font-family:verdana,geneva,sans-serif"><strong>Daniel Bernoulli</strong> (1700-1782) fue un matem&aacute;tico y f&iacute;sico suizo que estudi&oacute; numerosos problemas de la teor&iacute;a de probabilidades y de f&iacute;sica matem&aacute;tica. Su trabajo m&aacute;s importante se relaciona con el campo de la <strong>hidrodin&aacute;mica</strong>, en el cual aport&oacute; el&nbsp;<strong>teorema de conservaci&oacute;n de la energ&iacute;a en un fluido</strong>.&nbsp;</span></span></span></p>

<p><span style="color:#000000"><span style="font-size:18px"><span style="font-family:verdana,geneva,sans-serif">El teorema o <strong>principio de Bernoulli</strong> establece que, en cualquier punto de una tuber&iacute;a, por la que pasa un fluido, se mantienen&nbsp;<strong>constantes</strong> la suma de la <strong>presi&oacute;n</strong>, la <strong>energ&iacute;a cin&eacute;tica</strong> y la <strong>energ&iacute;a potencial gravitacional&nbsp;</strong>por unidad de volumen.</span></span></span></p>

<p><span style="color:#000000"><span style="font-size:18px"><span style="font-family:verdana,geneva,sans-serif">Este principio est&aacute; relacionado con la <strong>conservaci&oacute;n de la energ&iacute;a mec&aacute;nica</strong> en un <strong>fluido laminar</strong>, <strong>incompresible</strong> y <strong>no viscoso</strong>.&nbsp;</span></span></span></p>
]]></section>
<section title="Tarea" path="cn_10_07_rec170_img_02n.jpg" pathAmp="cn_10_07_rec170_img_02a.jpg" image1Text="" zoom1="true" zoom2a="false" zoom2b="false" layout="1" >
<![CDATA[<p><span style="color:#000000"><span style="font-size:18px"><span style="font-family:verdana,geneva,sans-serif">A partir de cuatro experimentos sencillos se comprobar&aacute; el teorema o principio de Bernoulli. Para ello deber&aacute;s organizarte con tres compa&ntilde;eros m&aacute;s y conseguir los siguientes materiales:</span></span></span></p>

<ul>
	<li><span style="color:#000000"><span style="font-size:18px"><span style="font-family:verdana,geneva,sans-serif">1&nbsp;tira de papel de 3 cm de ancho por 20 de largo.</span></span></span></li>
	<li><span style="color:#000000"><span style="font-size:18px"><span style="font-family:verdana,geneva,sans-serif">2 latas de gaseosa (vac&iacute;as).&nbsp;</span></span></span></li>
	<li><span style="color:#000000"><span style="font-size:18px"><span style="font-family:verdana,geneva,sans-serif">1 pitillo.</span></span></span></li>
	<li><span style="color:#000000"><span style="font-size:18px"><span style="font-family:verdana,geneva,sans-serif">3 bolas de icopor de diferentes tama&ntilde;os.</span></span></span></li>
	<li><span style="color:#000000"><span style="font-size:18px"><span style="font-family:verdana,geneva,sans-serif">1 secador de pelo.</span></span></span></li>
	<li><span style="color:#000000"><span style="font-size:18px"><span style="font-family:verdana,geneva,sans-serif">3 vasos.</span></span></span></li>
	<li><span style="color:#000000"><span style="font-size:18px"><span style="font-family:verdana,geneva,sans-serif">1 manguera delgada de 0,5 m.</span></span></span></li>
	<li><span style="color:#000000"><span style="font-size:18px"><span style="font-family:verdana,geneva,sans-serif">5 libros o cuadernos.</span></span></span></li>
	<li><span style="color:#000000"><span style="font-size:18px"><span style="font-family:verdana,geneva,sans-serif">3 vasos pl&aacute;sticos transparentes.</span></span></span></li>
	<li><span style="color:#000000"><span style="font-size:18px"><span style="font-family:verdana,geneva,sans-serif">Tijeras.</span></span></span></li>
	<li><span style="color:#000000"><span style="font-size:18px"><span style="font-family:verdana,geneva,sans-serif">1 libreta de apuntes.</span></span></span></li>
</ul>

<p>&nbsp;</p>
]]></section>
<section title="Proceso" path="imagendummy_motorm.png" pathAmp="imagendummy_motorm.png" image1Text="" zoom1="true" zoom2a="false" zoom2b="false" layout="0" >
<![CDATA[<p><strong>Experimento 1</strong></p>

<p>Toma la tira de papel como se muestra en la imagen y s&oacute;plala por la parte superior. Observa y describe lo que sucede.</p>

<p><strong>Experimento 2</strong></p>

<p>Coloca las dos latas de gaseosa vac&iacute;as, una al lado de la otra, dejando un espacio aproximado de 1 cm a 1,5 cm. Luego, con ayuda del pitillo, sopla en medio de las dos latas de gaseosa.&nbsp;Observa y describe lo que sucede.</p>

<p><strong>Experimento 3</strong></p>

<p>Enciende el secador de pelo dirigiendo el flujo de aire hacia arriba; luego coloca una pelota de icopor en el flujo de aire y observa c&oacute;mo se mantiene sostenida en el aire. Luego, cuando logres que la pelota se quede volando en el aire, inclina lentamente el secador.&nbsp;Observa y describe lo que sucede.</p>

<p><strong>Experimento 4</strong></p>

<p>Coloca los tres vasos a diferente altura como se muestra en la imagen. Luego, llena con agua el vaso que se encuentra a&nbsp;mayor altura. Corta la manguera en dos mitades y col&oacute;calas de tal forma que unan los vasos entre s&iacute;.&nbsp;</p>

<p>Toma el extremo de la manguera que est&aacute; en el vaso vac&iacute;o del medio y que conecta con el vaso lleno de agua, apl&iacute;cale un poco de succi&oacute;n con la boca y deja que el vaso&nbsp;empiece a llenarse de agua.</p>

<p>Luego, toma el extremo de la manguera que se encuentra en el vaso a menor altura y apl&iacute;cale tambi&eacute;n succi&oacute;n para que el agua fluya ahora hacia este vaso. Analiza por qu&eacute; el agua pasa de un vaso al otro y explica qu&eacute; sucede con la altura final del agua en los diferentes vasos.&nbsp;&nbsp;&nbsp;&nbsp;&nbsp;</p>
]]></section>
<section title="Conclusión" path="cn_10_07_rec170_img_04n.jpg" pathAmp="cn_10_07_rec170_img_04a.jpg" image1Text="" zoom1="true" zoom2a="false" zoom2b="false" layout="0" >
<![CDATA[<p><span style="font-size:18px"><span style="font-family:verdana,geneva,sans-serif">Haz un cuadro en el cual analices y expliques&nbsp;con tus propias palabras c&oacute;mo se cumple el teorema o principio de Bernoulli en cada uno de los experimentos realizados. &nbsp;</span></span></p>

<p><span style="font-size:18px"><span style="font-family:verdana,geneva,sans-serif">Con lo aprendido de forma experimental, y un poco de consulta adicional,&nbsp;realiza un resumen en el cual expliques c&oacute;mo hacen los aviones para volar; utiliza la imagen de la ficha &quot;tarea&quot;.</span></span></p>

<p><span style="font-size:18px"><span style="font-family:verdana,geneva,sans-serif">Consulta qu&eacute; otras aplicaciones tiene el principio de Bernoulli en la vida cotidiana y adici&oacute;nalo en el informe de tus resultados.</span></span></p>

<p>&nbsp;</p>
]]></section>
</engine>