﻿<?xml version="1.0" encoding="UTF-8"?>
<motor tipo="5" clase="a" aprid="m5a">
  <plataforma>
    <grado><![CDATA[2]]></grado>
    <titulo>Evaluación</titulo>
    <area>0</area>
    <nivel>1</nivel>
    <referencia />
    <idreg><![CDATA[0]]></idreg>
    <motor><![CDATA[M5A]]></motor>
    <lang>es</lang>
  </plataforma>
  <enunciado><![CDATA[Escoge la respuesta o respuestas correctas para comprobar tus conocimientos sobre la energía]]></enunciado>
  <masinfo inicio="0" />
  <sinaleatoriedad><![CDATA[1]]></sinaleatoriedad>
  <calc><![CDATA[0]]></calc>
  <respuestaunica><![CDATA[0]]></respuestaunica>
  <test cantidad="10">
    <cuestion>
      <enunciado><![CDATA[Se conoce como energía mecánica a la energía que posee un cuerpo que está…]]></enunciado>
      <explicacion />
      <imagen><![CDATA[cn_06_12_rec260__img01n.jpg]]></imagen>
      <ampliacion><![CDATA[cn_06_12_rec260__img01a.jpg]]></ampliacion>
      <respuestas>
        <respuesta contestacion="…caliente o frío." correcta="0" />
        <respuesta contestacion="…en movimiento o en reposo." correcta="1" />
        <respuesta contestacion="… a cierta altura." correcta="0" />
        <respuesta contestacion="… radiante u opaco." correcta="0" />
      </respuestas>
    </cuestion>
    <cuestion>
      <enunciado><![CDATA[¿Cómo se denomina a la energía que aprovecha el movimiento de las corrientes de aire?]]></enunciado>
      <explicacion />
      <imagen><![CDATA[cn_06_12_rec260__img02n.jpg]]></imagen>
      <ampliacion><![CDATA[cn_06_12_rec260__img02a.jpg]]></ampliacion>
      <respuestas>
        <respuesta contestacion="Energía hidráulica." correcta="0" />
        <respuesta contestacion="Energía nuclear." correcta="0" />
        <respuesta contestacion="Energía eólica." correcta="1" />
        <respuesta contestacion="Energía fotovoltaica." correcta="0" />
      </respuestas>
    </cuestion>
    <cuestion>
      <enunciado><![CDATA[La energía nuclear es la que se libera ]]></enunciado>
      <explicacion />
      <imagen><![CDATA[cn_06_12_rec260__img03n.jpg]]></imagen>
      <ampliacion><![CDATA[cn_06_12_rec260__img03a.jpg]]></ampliacion>
      <respuestas>
        <respuesta contestacion="por la vibración de las partículas internas." correcta="0" />
        <respuesta contestacion="espontáneamente en las reacciones nucleares." correcta="0" />
        <respuesta contestacion="por procesos de fisión." correcta="1" />
        <respuesta contestacion="por generación de átomos." correcta="0" />
      </respuestas>
    </cuestion>
    <cuestion>
      <enunciado><![CDATA[¿Cuáles son las fuentes de energía?]]></enunciado>
      <explicacion />
      <imagen><![CDATA[cn_06_12_rec260__img04n.jpg]]></imagen>
      <ampliacion><![CDATA[cn_06_12_rec260__img04a.jpg]]></ampliacion>
      <respuestas>
        <respuesta contestacion="-	El carbón, el gas natural y el petróleo." correcta="1" />
        <respuesta contestacion="-	El Sol y el viento." correcta="1" />
        <respuesta contestacion="-	La biomasa." correcta="1" />
        <respuesta contestacion="-	Los ríos." correcta="1" />
      </respuestas>
    </cuestion>
    <cuestion>
      <enunciado><![CDATA[¿Cuáles son las fuentes de energía renovables?]]></enunciado>
      <explicacion />
      <imagen><![CDATA[cn_06_12_rec260__img05n.jpg]]></imagen>
      <ampliacion><![CDATA[cn_06_12_rec260__img05a.jpg]]></ampliacion>
      <respuestas>
        <respuesta contestacion="-	Las que se agotarán a largo plazo." correcta="1" />
        <respuesta contestacion="-	Las que no se agotan por mucho que se utilicen." correcta="1" />
        <respuesta contestacion="-	Las que se agotan cuando más se utilizan." correcta="0" />
        <respuesta contestacion="-	Las que se utilizan cuando la energía se degrada." correcta="0" />
      </respuestas>
    </cuestion>
    <cuestion>
      <enunciado><![CDATA[La temperatura depende de:]]></enunciado>
      <explicacion />
      <imagen><![CDATA[cn_06_12_rec260__img06n.jpg]]></imagen>
      <ampliacion><![CDATA[cn_06_12_rec260__img06a.jpg]]></ampliacion>
      <respuestas>
        <respuesta contestacion="La cantidad de calor que tiene un cuerpo." correcta="0" />
        <respuesta contestacion="La cantidad de energía que posee un cuerpo." correcta="1" />
        <respuesta contestacion="La cantidad de calor que pierde un cuerpo." correcta="0" />
        <respuesta contestacion="La cantidad de energía que gana un cuerpo." correcta="0" />
      </respuestas>
    </cuestion>
    <cuestion>
      <enunciado><![CDATA[¿Cuáles son fuentes de energía no renovables?]]></enunciado>
      <explicacion />
      <imagen><![CDATA[cn_06_12_rec260__img07n.jpg]]></imagen>
      <ampliacion><![CDATA[cn_06_12_rec260__img07a.jpg]]></ampliacion>
      <respuestas>
        <respuesta contestacion="Petróleo, viento y gas natural." correcta="0" />
        <respuesta contestacion="Petróleo, gas natural y carbón." correcta="1" />
        <respuesta contestacion="Petróleo, gas natural y aguas termales." correcta="0" />
        <respuesta contestacion="Carbón, energía solar y energía eólica." correcta="0" />
      </respuestas>
    </cuestion>
    <cuestion>
      <enunciado><![CDATA[¿Qué caracteriza la energía geotérmica?]]></enunciado>
      <explicacion />
      <imagen><![CDATA[cn_06_12_rec260__img08n.jpg]]></imagen>
      <ampliacion><![CDATA[cn_06_12_rec260__img08a.jpg]]></ampliacion>
      <respuestas>
        <respuesta contestacion="-	Se abastece de géiseres y aguas termales." correcta="0" />
        <respuesta contestacion="-	Es una fuente de energía renovable." correcta="1" />
        <respuesta contestacion="-	Aprovecha el calor del interior de la tierra." correcta="1" />
        <respuesta contestacion="-	Aprovecha el calor del sol." correcta="0" />
      </respuestas>
    </cuestion>
    <cuestion>
      <enunciado><![CDATA[¿Cómo podemos contribuir al consumo responsable de la energía?]]></enunciado>
      <explicacion />
      <imagen><![CDATA[cn_06_12_rec260__img09n.jpg]]></imagen>
      <ampliacion><![CDATA[cn_06_12_rec260__img09a.jpg]]></ampliacion>
      <respuestas>
        <respuesta contestacion="-	Regulando la calefacción y el aire acondicionado." correcta="1" />
        <respuesta contestacion="-	Utilizando el transporte público." correcta="1" />
        <respuesta contestacion="-	Consumiendo menos electricidad en las casas." correcta="1" />
        <respuesta contestacion="-	Ahorrando agua." correcta="1" />
      </respuestas>
    </cuestion>
    <cuestion>
      <enunciado><![CDATA[¿Qué es la energía?]]></enunciado>
      <explicacion />
      <imagen><![CDATA[cn_06_12_rec260__img10n.jpg]]></imagen>
      <ampliacion><![CDATA[cn_06_12_rec260__img10a.jpg]]></ampliacion>
      <respuestas>
        <respuesta contestacion="-	Es aquello que produce cambios físicos en la materia." correcta="1" />
        <respuesta contestacion="-	Es aquello que permite realizar un trabajo." correcta="1" />
        <respuesta contestacion="-	Es aquello que produce cambios químicos en la materia." correcta="1" />
        <respuesta contestacion="-	Es aquello que se nos dificulta aprender." correcta="0" />
      </respuestas>
    </cuestion>
  </test>
  <temps>20</temps>
</motor>