<?xml version='1.0' encoding='UTF-8'?><mapa aprid="mapa">
  <copyright>(c) Editorial Planeta</copyright>
  <version>1.0</version>
  <botonMapaConceptual>mostrar</botonMapaConceptual>
  <botonMapaMudo>ocultar</botonMapaMudo>
  <botonMudo>0</botonMudo>
  <objeto>
    <ref>00</ref>
    <texto>Los hidrocarburos</texto>
    <hijos>11,10</hijos>
    <padre/>
    <siz>0</siz>
    <negcur>00000000000000000</negcur>
    <cen>1</cen>
    <img/>
    <audio/>
  </objeto>
  <objeto>
    <ref>10</ref>
    <texto>son</texto>
    <hijos>20</hijos>
    <padre>00</padre>
    <siz>14</siz>
    <negcur>000</negcur>
    <cen>1</cen>
    <img/>
    <audio/>
  </objeto>
  <objeto>
    <ref>20</ref>
    <texto>Compuestos</texto>
    <hijos>30</hijos>
    <padre>10</padre>
    <siz>0</siz>
    <negcur>0000000000</negcur>
    <cen>1</cen>
    <img/>
    <audio/>
  </objeto>
  <objeto>
    <ref>11</ref>
    <texto>su fuente principal es el</texto>
    <hijos>21</hijos>
    <padre>00</padre>
    <siz>0</siz>
    <negcur>00000000000000000000000000</negcur>
    <cen>1</cen>
    <img/>
    <audio/>
  </objeto>
  <objeto>
    <ref>21</ref>
    <texto>Petróleo</texto>
    <hijos/>
    <padre>11</padre>
    <siz>0</siz>
    <negcur>00000000</negcur>
    <cen>1</cen>
    <img/>
    <audio/>
  </objeto>
  <objeto>
    <ref>30</ref>
    <texto>constituidos por</texto>
    <hijos>40</hijos>
    <padre>20</padre>
    <siz>0</siz>
    <negcur>0000000000000000</negcur>
    <cen>1</cen>
    <img/>
    <audio/>
  </objeto>
  <objeto>
    <ref>40</ref>
    <texto>• carbono
• hidrógeno</texto>
    <hijos>50</hijos>
    <padre>30</padre>
    <siz>0</siz>
    <negcur>000000000000000000000</negcur>
    <cen>0</cen>
    <img/>
    <audio/>
  </objeto>
  <objeto>
    <ref>50</ref>
    <texto>pueden ser</texto>
    <hijos>62,61,60</hijos>
    <padre>40</padre>
    <siz>0</siz>
    <negcur>0000000000</negcur>
    <cen>1</cen>
    <img/>
    <audio/>
  </objeto>
  <objeto>
    <ref>60</ref>
    <texto>aromáticos</texto>
    <hijos/>
    <padre>50</padre>
    <siz>0</siz>
    <negcur>0000000000</negcur>
    <cen>1</cen>
    <img/>
    <audio/>
  </objeto>
  <objeto>
    <ref>61</ref>
    <texto>alicíclicos</texto>
    <hijos>70</hijos>
    <padre>50</padre>
    <siz>0</siz>
    <negcur>00000000000</negcur>
    <cen>1</cen>
    <img/>
    <audio/>
  </objeto>
  <objeto>
    <ref>62</ref>
    <texto>de cadena abierta</texto>
    <hijos>71</hijos>
    <padre>50</padre>
    <siz>0</siz>
    <negcur>00000000000000000</negcur>
    <cen>1</cen>
    <img/>
    <audio/>
  </objeto>
  <objeto>
    <ref>70</ref>
    <texto>como los</texto>
    <hijos>80</hijos>
    <padre>61</padre>
    <siz>0</siz>
    <negcur>00000000</negcur>
    <cen>1</cen>
    <img/>
    <audio/>
  </objeto>
  <objeto>
    <ref>80</ref>
    <texto>• cicloalcanos
• cicloalquenos
• cicloalquinos</texto>
    <hijos/>
    <padre>70</padre>
    <siz>0</siz>
    <negcur>0000000000000000000000000000000000000000000000</negcur>
    <cen>0</cen>
    <img/>
    <audio/>
  </objeto>
  <objeto>
    <ref>71</ref>
    <texto>pueden ser</texto>
    <hijos>81,82</hijos>
    <padre>62</padre>
    <siz>0</siz>
    <negcur>0000000000</negcur>
    <cen>1</cen>
    <img/>
    <audio/>
  </objeto>
  <objeto>
    <ref>81</ref>
    <texto>saturados</texto>
    <hijos>90</hijos>
    <padre>71</padre>
    <siz>0</siz>
    <negcur>000000000</negcur>
    <cen>1</cen>
    <img/>
    <audio/>
  </objeto>
  <objeto>
    <ref>82</ref>
    <texto>insaturados</texto>
    <hijos>91</hijos>
    <padre>71</padre>
    <siz>0</siz>
    <negcur>00000000000</negcur>
    <cen>1</cen>
    <img/>
    <audio/>
  </objeto>
  <objeto>
    <ref>90</ref>
    <texto>llamados</texto>
    <hijos>a0</hijos>
    <padre>81</padre>
    <siz>0</siz>
    <negcur>00000000</negcur>
    <cen>1</cen>
    <img/>
    <audio/>
  </objeto>
  <objeto>
    <ref>a0</ref>
    <texto>alcanos</texto>
    <hijos>b2,b1,b0</hijos>
    <padre>90</padre>
    <siz>0</siz>
    <negcur>0000000</negcur>
    <cen>1</cen>
    <img/>
    <audio/>
  </objeto>
  <objeto>
    <ref>b0</ref>
    <texto>con fórmula</texto>
    <hijos>c0</hijos>
    <padre>a0</padre>
    <siz>0</siz>
    <negcur>00000000000</negcur>
    <cen>1</cen>
    <img/>
    <audio/>
  </objeto>
  <objeto>
    <ref>c0</ref>
    <texto>CnH2n+2</texto>
    <hijos/>
    <padre>b0</padre>
    <siz>0</siz>
    <negcur>0000000</negcur>
    <cen>1</cen>
    <img/>
    <audio/>
  </objeto>
  <objeto>
    <ref>b1</ref>
    <texto>presentan</texto>
    <hijos>c1</hijos>
    <padre>a0</padre>
    <siz>0</siz>
    <negcur>000000000</negcur>
    <cen>1</cen>
    <img/>
    <audio/>
  </objeto>
  <objeto>
    <ref>c1</ref>
    <texto>enlace
sencillo</texto>
    <hijos/>
    <padre>b1</padre>
    <siz>0</siz>
    <negcur>000000000000000</negcur>
    <cen>1</cen>
    <img/>
    <audio/>
  </objeto>
  <objeto>
    <ref>b2</ref>
    <texto>nomenclatura
con sufijo</texto>
    <hijos>c2</hijos>
    <padre>a0</padre>
    <siz>0</siz>
    <negcur>00000000000000000000000</negcur>
    <cen>1</cen>
    <img/>
    <audio/>
  </objeto>
  <objeto>
    <ref>c2</ref>
    <texto>-ano</texto>
    <hijos/>
    <padre>b2</padre>
    <siz>0</siz>
    <negcur>0000</negcur>
    <cen>1</cen>
    <img/>
    <audio/>
  </objeto>
  <objeto>
    <ref>91</ref>
    <texto>llamados</texto>
    <hijos>a1,a2</hijos>
    <padre>82</padre>
    <siz>0</siz>
    <negcur>00000000</negcur>
    <cen>1</cen>
    <img/>
    <audio/>
  </objeto>
  <objeto>
    <ref>a1</ref>
    <texto>alquenos</texto>
    <hijos>b5,b4,b3</hijos>
    <padre>91</padre>
    <siz>0</siz>
    <negcur>00000000</negcur>
    <cen>1</cen>
    <img/>
    <audio/>
  </objeto>
  <objeto>
    <ref>a2</ref>
    <texto>alquinos</texto>
    <hijos>b8,b7,b6</hijos>
    <padre>91</padre>
    <siz>0</siz>
    <negcur>00000000</negcur>
    <cen>1</cen>
    <img/>
    <audio/>
  </objeto>
  <objeto>
    <ref>b3</ref>
    <texto>con fórmula</texto>
    <hijos>c3</hijos>
    <padre>a1</padre>
    <siz>0</siz>
    <negcur>00000000000</negcur>
    <cen>1</cen>
    <img/>
    <audio/>
  </objeto>
  <objeto>
    <ref>c3</ref>
    <texto>CnH2n</texto>
    <hijos/>
    <padre>b3</padre>
    <siz>0</siz>
    <negcur>00000</negcur>
    <cen>1</cen>
    <img/>
    <audio/>
  </objeto>
  <objeto>
    <ref>b4</ref>
    <texto>presentan</texto>
    <hijos>c4</hijos>
    <padre>a1</padre>
    <siz>0</siz>
    <negcur>000000000</negcur>
    <cen>1</cen>
    <img/>
    <audio/>
  </objeto>
  <objeto>
    <ref>c4</ref>
    <texto>enlace
doble</texto>
    <hijos/>
    <padre>b4</padre>
    <siz>0</siz>
    <negcur>000000000000</negcur>
    <cen>1</cen>
    <img/>
    <audio/>
  </objeto>
  <objeto>
    <ref>b5</ref>
    <texto>nomenclatura
con sufijo</texto>
    <hijos>c5</hijos>
    <padre>a1</padre>
    <siz>0</siz>
    <negcur>00000000000000000000000</negcur>
    <cen>1</cen>
    <img/>
    <audio/>
  </objeto>
  <objeto>
    <ref>c5</ref>
    <texto>-eno</texto>
    <hijos/>
    <padre>b5</padre>
    <siz>0</siz>
    <negcur>0000</negcur>
    <cen>1</cen>
    <img/>
    <audio/>
  </objeto>
  <objeto>
    <ref>b6</ref>
    <texto>su fórmula</texto>
    <hijos>c6</hijos>
    <padre>a2</padre>
    <siz>0</siz>
    <negcur>0000000000</negcur>
    <cen>1</cen>
    <img/>
    <audio/>
  </objeto>
  <objeto>
    <ref>c6</ref>
    <texto>CnH2n-2</texto>
    <hijos/>
    <padre>b6</padre>
    <siz>0</siz>
    <negcur>0000000</negcur>
    <cen>1</cen>
    <img/>
    <audio/>
  </objeto>
  <objeto>
    <ref>b7</ref>
    <texto>con</texto>
    <hijos>c7</hijos>
    <padre>a2</padre>
    <siz>0</siz>
    <negcur>000</negcur>
    <cen>1</cen>
    <img/>
    <audio/>
  </objeto>
  <objeto>
    <ref>c7</ref>
    <texto>enlace
triple</texto>
    <hijos/>
    <padre>b7</padre>
    <siz>0</siz>
    <negcur>0000000000000</negcur>
    <cen>1</cen>
    <img/>
    <audio/>
  </objeto>
  <objeto>
    <ref>b8</ref>
    <texto>nomenclatura
con sufijo</texto>
    <hijos>c8</hijos>
    <padre>a2</padre>
    <siz>0</siz>
    <negcur>00000000000000000000000</negcur>
    <cen>1</cen>
    <img/>
    <audio/>
  </objeto>
  <objeto>
    <ref>c8</ref>
    <texto>-ino</texto>
    <hijos/>
    <padre>b8</padre>
    <siz>0</siz>
    <negcur>0000</negcur>
    <cen>1</cen>
    <img/>
    <audio/>
  </objeto>
</mapa>