﻿<?xml version="1.0" encoding="UTF-8"?>
<motor tipo="8" clase="a" aprid="M8a">
  <enunciado><![CDATA[Responde correctamente las siguientes preguntas sobre la biotecnología y sus aplicaciones médicas. Recuerda que puede haber más de una respuesta correcta.]]></enunciado>
  <masinfo inicio="0" />
  <sinaleatoriedad><![CDATA[0]]></sinaleatoriedad>
  <calc><![CDATA[0]]></calc>
  <respuestaunica><![CDATA[0]]></respuestaunica>
  <test cantidad="7">
    <cuestion>
      <enunciado><![CDATA[¿Qué es la biotecnología?]]></enunciado>
      <imagen><![CDATA[94496713_ok.jpg]]></imagen>
      <ampliacion />
      <explicacion><![CDATA[La biotecnología es una ciencia que se aplica en la salud, la industria y la agricultura.]]></explicacion>
      <respuestas>
        <respuesta contestacion="El uso de tecnología en seres vivos para crear productos." correcta="on" />
        <respuesta contestacion="La manipulación de genes para mejorar los seres vivos." correcta="0" />
        <respuesta contestacion="El uso de los seres vivos para investigar la tecnología." correcta="0" />
        <respuesta contestacion="El uso de tecnología para el tratamiento de enfermedades." correcta="0" />
      </respuestas>
    </cuestion>
    <cuestion>
      <enunciado><![CDATA[¿Qué es la ingeniería genética?]]></enunciado>
      <imagen><![CDATA[BG_10_08_04_02_ok.jpg]]></imagen>
      <ampliacion />
      <explicacion><![CDATA[Las distintas aplicaciones de la ingeniería genética van desde insertar pequeñas secuencias en el genoma hasta la clonación de individuos.]]></explicacion>
      <respuestas>
        <respuesta contestacion="La manipulación genética para conseguir un provecho." correcta="on" />
        <respuesta contestacion="El uso de maquinaria para estudiar las células." correcta="0" />
        <respuesta contestacion="El uso de la ingeniería para estudiar los genes." correcta="0" />
        <respuesta contestacion="La adicción de genes defectuosos en el genoma." correcta="0" />
      </respuestas>
    </cuestion>
    <cuestion>
      <enunciado><![CDATA[¿Qué usos médicos puede tener la clonación?]]></enunciado>
      <imagen><![CDATA[BG_10_08_04_03_ok.jpg]]></imagen>
      <ampliacion />
      <explicacion><![CDATA[Con la clonación de células madre se pueden obtener los diferentes tipos celulares necesarios para regenerar tejidos o tratar enfermedades.]]></explicacion>
      <respuestas>
        <respuesta contestacion="Regeneración de tejidos." correcta="on" />
        <respuesta contestacion="Tratamiento de enfermedades." correcta="on" />
        <respuesta contestacion="Creación de vacunas." correcta="0" />
        <respuesta contestacion="Modificación de genes." correcta="0" />
      </respuestas>
    </cuestion>
    <cuestion>
      <enunciado><![CDATA[¿Qué posibilidades ofrece la biotecnología en la salud humana?]]></enunciado>
      <imagen><![CDATA[BG_10_08_04_04_ok.jpg]]></imagen>
      <ampliacion />
      <explicacion><![CDATA[La biotecnología es una ciencia que ofrece multitud de posibilidades dentro del campo de la salud humana desconocidas hasta hace muy poco.]]></explicacion>
      <respuestas>
        <respuesta contestacion="Prevención de enfermedades hereditarias." correcta="on" />
        <respuesta contestacion="Terapia génica." correcta="on" />
        <respuesta contestacion="Producción de sustancias terapéuticas." correcta="on" />
        <respuesta contestacion="Producción de vacunas." correcta="on" />
      </respuestas>
    </cuestion>
    <cuestion>
      <enunciado><![CDATA[¿Qué es la terapia génica?]]></enunciado>
      <imagen><![CDATA[BG_10_08_04_05_ok.jpg]]></imagen>
      <ampliacion />
      <explicacion><![CDATA[Algunas enfermedades están causadas por una alteración genética. La terapia génica propone introducir los genes correctos para que sustituyan a los alterados.]]></explicacion>
      <respuestas>
        <respuesta contestacion="Introducción de genes para evitar enfermedades genéticas." correcta="on" />
        <respuesta contestacion="Introducción de sustancias terapéuticas en los genes." correcta="0" />
        <respuesta contestacion="Supresión de genes en los gametos para tener hijos sanos." correcta="0" />
        <respuesta contestacion="Alteración de los genes para obtener individuos más sanos." correcta="0" />
      </respuestas>
    </cuestion>
    <cuestion>
      <enunciado><![CDATA[¿Qué organismos son los más usados en la producción de sustancias terapéuticas?]]></enunciado>
      <imagen><![CDATA[BG_10_08_04_06_ok.jpg]]></imagen>
      <ampliacion />
      <explicacion><![CDATA[Las bacterias se mantienen vivas en casi cualquier entorno, su genoma es más sencillo y, además, tienen una división celular y un metabolismo muy rápidos.]]></explicacion>
      <respuestas>
        <respuesta contestacion="Bacterias" correcta="on" />
        <respuesta contestacion="Virus" correcta="0" />
        <respuesta contestacion="Mamíferos" correcta="0" />
        <respuesta contestacion="Hongos" correcta="0" />
      </respuestas>
    </cuestion>
    <cuestion>
      <enunciado><![CDATA[¿Cuál fue uno de los primeros usos de la biotecnología en la salud?]]></enunciado>
      <imagen><![CDATA[BG_10_08_04_07_ok.jpg]]></imagen>
      <ampliacion />
      <explicacion><![CDATA[En la antigüedad, hace unos dos mil años, ya se empezaron a usar agentes infecciosos en pequeñas cantidades para inmunizar a las personas contra las infecciones.]]></explicacion>
      <respuestas>
        <respuesta contestacion="La vacunación contra enfermedades." correcta="on" />
        <respuesta contestacion="La modificación de plantas para fines agrícolas." correcta="0" />
        <respuesta contestacion="El uso de las fermentaciones." correcta="0" />
        <respuesta contestacion="La terapia génica mediante vectores víricos." correcta="0" />
      </respuestas>
    </cuestion>
  </test>
  <plataforma>
    <grado><![CDATA[2]]></grado>
    <titulo>¿Qué es la biotecnología y cuáles son sus aplicaciones?</titulo>
    <area>7</area>
    <nivel><![CDATA[2]]></nivel>
    <referencia><![CDATA[BG_10_08_04]]></referencia>
    <idreg><![CDATA[26]]></idreg>
    <motor><![CDATA[M8A]]></motor>
    <lang>es</lang>
  </plataforma>
</motor>