<?xml version="1.0" encoding="UTF-8"?>
<engine title="Representación de la mitosis y la meiosis" copy="Editorial Planeta" version="1" aprid="F13">
  <section title="Presentación" path="medias/section0.jpg" image1Text="" zoom1="true" zoom2a="false" zoom2b="false" layout="1"><![CDATA[<TextFlow><p><span fontSize="12">La división celular se desarrolla en dos fases. La primera fase consiste en la división del núcleo, donde se encuentra el material genético. La segunda, llamada citocinesis, incluye la división del citoplasma de la célula.</span></p><p><span fontSize="12"></span></p><p><span fontSize="12">Tanto la mitosis como la meiosis son divisiones celulares, pero presentan ciertas diferencias entre ellas. En el cuerpo humano se dan ambos tipos de división. La mayor parte de las células del cuerpo humano se reproduce por mitosis, lo que contribuye al desarrollo y la regeneración de los tejidos del cuerpo humano. Solo las células sexuales se reproducen por meiosis para dar como resultado la formación de gametos. </span></p><p><span fontSize="12"></span></p><p><span fontSize="12" fontWeight="bold">El objetivo de esta práctica es que comprendas qué sucede en la meiosis y en la mitosis y entiendas sus diferencias.</span></p><p><span fontSize="12"></span></p><p><span fontSize="12">Antes de empezar la tarea es interesante que respondas estas preguntas:</span></p><p><span fontSize="12"></span></p><p paragraphStartIndent="20" styleName="bullet"><span fontSize="12">¿Qué es la cromatina?</span></p><p paragraphStartIndent="20" styleName="bullet"><span fontSize="12">¿Qué es un cromosoma?</span></p><p paragraphStartIndent="20" styleName="bullet"><span fontSize="12">¿Cuándo podemos observar los cromosomas? </span></p><p paragraphStartIndent="20" styleName="bullet"><span fontSize="12">¿Cuáles son las fases de la mitosis?¿Y de la meiosis?</span></p><p paragraphStartIndent="20" styleName="bullet"><span fontSize="12">¿Qué es una célula haploide?¿Y una diploide?</span></p><p paragraphStartIndent="20" styleName="bullet"><span fontSize="12">¿Puede una célula haploide sufrir una división meiótica?¿Por qué?</span></p><p><span fontSize="12"></span></p></TextFlow>]]></section>
  <section title="Tarea" zoom1="false" zoom2a="false" zoom2b="false" layout="2"><![CDATA[<TextFlow><p><span fontSize="12">Puedes realizar esta actividad con un compañero. Para realizar la tarea consigue el material que te indicamos y sigue los pasos del procedimiento.</span></p><p><span fontSize="12"></span></p><p><span fontSize="12" fontWeight="bold">Material:</span></p><p><span fontSize="12"></span></p><p paragraphStartIndent="20" styleName="bullet"><span>Plastilinas de colores.</span></p><p paragraphStartIndent="20" styleName="bullet"><span>Dos cartulinas grandes. </span></p><p><span></span></p><p><span fontSize="12" fontWeight="bold">Procedimiento:</span></p><p><span fontSize="12" fontWeight="bold"></span></p><p><span>1.º Representa una división mitótica. Para ello, modela con la plastilina una célula humana con su núcleo y las estructuras necesarias para empezar la división.</span></p><p><span></span></p><p><span>2.º Coloca tu célula sobre la cartulina. En la parte inferior de la cartulina, indica y dibuja las fases de la mitosis y cómo van afectando a la célula. No es necesario que dibujes todos los cromosomas, puedes especificarlo con un número debajo del dibujo. Ten en cuenta los cambios que sufre el núcleo a lo largo de la mitosis y represéntalos también.</span></p><p><span></span></p><p><span>3.º Explica brevemente debajo de cada representación qué sucede en cada fase. </span></p><p><span></span></p><p><span>4-º Realiza el mismo procedimiento para representar la meiosis en otra cartulina.</span></p><p><span fontSize="12"></span></p><p><span fontSize="12">Una vez hayas representado los dos tipos de divisiones, colabora con tus compañeros, en grupos de 4 personas, para comparar vuestras representaciones y elaborar una tabla que recoja todas las características y diferencias de la mitosis y la meiosis.</span></p><p><span fontSize="12"></span></p></TextFlow>]]></section>
</engine>
