<?xml version='1.0' encoding='UTF-8'?><engine copy="Editorial Planeta" version="1" aprid="f7"><main layout="1">
<title>Las características de una población natural</title>
<footer>Descubre las diferencias entre distribución, tamaño y densidad</footer>
</main>
<sections>
<section i="0" star="false" hasSubsections="true">
<menuImage path="imagendummy_motorf.jpg" border="0">
<title><![CDATA[¿Dónde se encuentra?]]></title>
</menuImage>
<submenu>
<main layout="0">
<title>Distribución de la población de loro orejiamarillo</title>
<footer>Haz clic en las imágenes para conocer en dónde se encuentra esta especie</footer>
</main>
<sections>
<section i="0" star="false" hasSubsections="false">
<menuImage path="imagendummy_motorf.jpg" border="0">
<title><![CDATA[Distribución de la población en el mundo]]></title>
</menuImage>
<pages>
<page i="0" visible="true" color="">
<title>Distribución espacial de la población en Colombia</title>
<description><![CDATA[<p><span style="font-size:18px;"><span style="font-family:verdana,geneva,sans-serif;">Esta especie se considera end&eacute;mica, ya que solo se encuentra en la cordillera de los Andes en Colombia. Su distribuci&oacute;n es muy restringida debido a las necesidades ecosist&eacute;micas de la especie. Tambi&eacute;n depende de las poblaciones de palma de cera porque anidan en sus troncos. Actualmente en el departamento del Tolima se encuentran las poblaciones m&aacute;s grandes de loro orejiamarillo, por eso all&iacute; se ubican los principales proyectos de conservaci&oacute;n de la especie.</span></span></p>
]]></description>
<images>
<image path="" border = "0" pathbig="iconomed_motorf.jpg">
<title><![CDATA[Ubicación de la población más grande de loro orejiamarillo]]></title>
</image>
</images>
</page>
</pages>
</section><section i="0" star="false" hasSubsections="false">
<menuImage path="imagendummy_motorf.jpg" border="0">
<title><![CDATA[Distribución de la población en Colombia]]></title>
</menuImage>
<pages>
<page i="0" visible="true" color="">
<title>Distribución histórica de la población de loro orejiamarillo</title>
<description><![CDATA[<p><span style="font-family:verdana,geneva,sans-serif;"><span style="font-size:18px;">Existen registros hist&oacute;ricos de la especie en las cordilleras de los Andes incluso hasta el Ecuador. All&iacute; se creen extintas ya que han pasado muchos a&ntilde;os desde el &uacute;ltimo avistamiento de alg&uacute;n individuo de la especie. Actualmente solo se encuentran poblaciones de loro orejiamarillo en los municipios del Tolima, Caldas, Quind&iacute;o, Norte de Santander y parte de Antioquia. Podemos ver en el mapa que la distribuci&oacute;n de la especie es aleatoria. Dentro de las poblaciones se puede encontrar una distribuci&oacute;n de individuos aleatoria seg&uacute;n la ubicaci&oacute;n de los nidos, o agrupada cuando se re&uacute;nen en bandadas.</span></span></p>

<p></p>
]]></description>
<images>
<image path="" border = "0" pathbig="iconomed_motorf.jpg">
<title><![CDATA[Sitios de avistamiento de loro orejiamarillo]]></title>
</image>
</images>
</page>
</pages>
</section></sections>
</submenu>
</section><section i="0" star="false" hasSubsections="true">
<menuImage path="imagendummy_motorf.jpg" border="0">
<title><![CDATA[¿Cuántos son?]]></title>
</menuImage>
<submenu>
<main layout="0">
<title>Tamaño de la población de loro orejiamarillo</title>
<footer>Haz clic sobre las imágenes para conocer el tamaño de la población</footer>
</main>
<sections>
<section i="0" star="false" hasSubsections="false">
<menuImage path="imagendummy_motorf.jpg" border="0">
<title><![CDATA[Pareja de loro orejiamarillo]]></title>
</menuImage>
<pages>
<page i="0" visible="true" color="">
<title>Tamaño de la población de loro orejiamarillo</title>
<description><![CDATA[<p><span style="font-family:verdana,geneva,sans-serif;"><span style="font-size:18px;">Su poblaci&oacute;n es peque&ntilde;a, por lo cual su avistamiento es dif&iacute;cil. Hace unos a&ntilde;os la poblaci&oacute;n de loro orejiamarillo era de tan solo de 300 individuos y se consideraba en peligro cr&iacute;tico (CR). Gracias a los esfuerzos de conservaci&oacute;n y las campa&ntilde;as para proteger su h&aacute;bitat, para el a&ntilde;o 2013 se hab&iacute;an registrado m&aacute;s de 1 400 individuos en el Tolima, y se estima que en el 2015 hab&iacute;a una poblaci&oacute;n de m&aacute;s de 3 000 en toda Colombia.</span></span></p>
]]></description>
<images>
<image path="" border = "0" pathbig="iconomed_motorf.jpg">
<title><![CDATA[Individuos de loro orejiamarillo.]]></title>
</image>
</images>
</page>
</pages>
</section><section i="0" star="false" hasSubsections="false">
<menuImage path="imagendummy_motorf.jpg" border="0">
<title><![CDATA[Nido de loro orejiamarillo en el tronco de una palma de cera ]]></title>
</menuImage>
<pages>
<page i="0" visible="true" color="">
<title>¿Qué influye en el tamaño de la población?</title>
<description><![CDATA[<p><span style="font-family:verdana,geneva,sans-serif;"><span style="font-size:18px;">Siendo una especie mon&oacute;gama es m&aacute;s dif&iacute;cil su reproducci&oacute;n. Adem&aacute;s, estas aves ponen en promedio tan solo 2 huevos por nido. Igualmente dependen del estado del h&aacute;bitat, principalmente de los troncos de palma de cera donde anidan y de los cuales se alimentan. La palma de cera se encuentra en peligro y su poblaci&oacute;n es peque&ntilde;a debido a la tala de bosque, lo cual afecta directamente la poblaci&oacute;n de aves.</span></span></p>
]]></description>
<images>
<image path="" border = "0" pathbig="iconomed_motorf.jpg">
<title><![CDATA[Palma de cera en el Valle de Cocora, Salento.]]></title>
</image>
</images>
</page>
</pages>
</section></sections>
</submenu>
</section><section i="0" star="false" hasSubsections="true">
<menuImage path="imagendummy_motorf.jpg" border="0">
<title><![CDATA[¿Cuál es su densidad poblacional?]]></title>
</menuImage>
<submenu>
<main layout="0">
<title>Densidad de la población de loro orejiamarillo</title>
<footer>Explora las imágenes para conocer la densidad poblacional</footer>
</main>
<sections>
<section i="0" star="false" hasSubsections="false">
<menuImage path="imagendummy_motorf.jpg" border="0">
<title><![CDATA[Individuo]]></title>
</menuImage>
<pages>
<page i="0" visible="true" color="">
<title>Densidad de las poblaciones de loro orejiamarillo</title>
<description><![CDATA[<p><span style="font-size:18px;"><span style="font-family:verdana,geneva,sans-serif;">Su densidad poblacional es baja. Generalmente es m&aacute;s f&aacute;cil verlos solos o en parejas dentro de los nidos con sus cr&iacute;as. Al igual que el tama&ntilde;o de la poblaci&oacute;n, la densidad depende principalmente de la palma de cera y de los troncos aptos para hacer su nido.</span></span></p>
]]></description>
<images>
<image path="" border = "0" pathbig="iconomed_motorf.jpg">
<title><![CDATA[Nido artificial para el loro orejiamarillo]]></title>
</image>
</images>
</page>
</pages>
</section><section i="0" star="false" hasSubsections="false">
<menuImage path="imagendummy_motorf.jpg" border="0">
<title><![CDATA[Bandada]]></title>
</menuImage>
<pages>
<page i="0" visible="true" color="">
<title>Densidad de las poblaciones de loro orejiamarillo </title>
<description><![CDATA[<p><span style="font-family:verdana,geneva,sans-serif;"><span style="font-size:18px;">Se han visto bandadas de hasta 80 individuos del loro orejiamarillo, aunque pocas veces se pueden observar estas agrupaciones desplaz&aacute;ndose. Actualmente existen diversos programas y campa&ntilde;as para la protecci&oacute;n del h&aacute;bitat del loro orejiamarillo que buscan aumentar el tama&ntilde;o y la densidad poblacional de la especie. Se espera que a medida que aumenta la densidad poblacional se puedan observar grandes bandadas de loros.</span></span></p>
]]></description>
<images>
<image path="" border = "0" pathbig="iconomed_motorf.jpg">
<title><![CDATA[Avistamiento de aves.]]></title>
</image>
</images>
</page>
</pages>
</section></sections>
</submenu>
</section></sections>
</engine>