﻿<?xml version="1.0" encoding="utf-8"?><engine copy="Editorial Planeta" version="1" aprid="f13b" title="" mode="tabs">
<section title="Objetivo" type="P">
	<slide layout="2" imagePath="">
<![CDATA[




<p style="text-align:center"><span style="font-size:31px"><span style="font-family:georgia,serif">Estudio del comportamiento de un gas</span></span></p>

<p style="text-align:center"><img alt="" src="data/imagenes/image_34.jpg" style="height:190px; width:285px" /></p>

<p><strong>Objetivo del experimento</strong><br />
Comprobar de forma experimental c&oacute;mo var&iacute;a el volumen de un gas en funci&oacute;n de la presi&oacute;n o la temperatura.</p>
					]]>	</slide>
</section>
<section title="Material" type="P">
	<slide layout="2" imagePath="">
<![CDATA[

<p><strong><img alt="" src="data/imagenes/untitled_2.jpg" style="float:right; height:350px; width:370px" />Materiales</strong></p>

<ul>
	<li>Jeringa</li>
	<li>Globo</li>
	<li>Placa calefactora o plancha de calentamiento.</li>
	<li>Matraz o erlenmeyer.</li>
	<li>Agua</li>
</ul>
		]]>	</slide>
</section>
<section title="Procedimiento" type="P">
	<slide layout="2" imagePath="">
<![CDATA[<p><strong>Paso 1:</strong>&nbsp;Infla el globo. Luego, coloca&nbsp;la jeringa en la boca del globo, de manera que la obstruya, y as&iacute; evitar que se pierda&nbsp;el&nbsp;aire que se ha puesto adentro.</p>

<p style="text-align:center"><img alt="" src="data/imagenes/image_52.jpg" style="height:260px; width:400px" /></p>
]]>	</slide>
	<slide layout="2" imagePath="">
<![CDATA[<p><strong>Paso 2:</strong>&nbsp;mueve&nbsp;el &eacute;mbolo hacia atr&aacute;s y hacia adelante&nbsp;y observa&nbsp;qu&eacute; sucede.</p>

<p style="text-align:center"><img alt="" src="data/imagenes/image_52b.jpg" style="height:260px; width:400px" /></p>
]]>	</slide>
	<slide layout="2" imagePath="">
<![CDATA[<p><strong>Paso 3:</strong>&nbsp;Ahora, sujeta&nbsp;un globo&nbsp;en la boca de&nbsp;un matraz o erlenmeyer.</p>

<p style="text-align:center"><img alt="" src="data/imagenes/image_72.jpg" style="height:260px; width:400px" /></p>
]]>	</slide>
	<slide layout="2" imagePath="">
<![CDATA[



<p><strong>Paso 4:</strong>&nbsp;calienta&nbsp;un poco el matraz utilizando una plancha de calentamiento. Observa&nbsp;qu&eacute; sucede.</p>

<p style="text-align:center"><img alt="" src="data/imagenes/image_78.jpg" style="height:260px; width:400px" /></p>
				]]>	</slide>
	<slide layout="2" imagePath="">
<![CDATA[<p><strong>Paso 5:</strong>&nbsp;Por &uacute;ltimo, enfr&iacute;a&nbsp;el matraz poco a poco, aplicando agua fr&iacute;a por las paredes del mismo y&nbsp;observa&nbsp;qu&eacute; ocurre.</p>

<p style="text-align:center"><img alt="" src="data/imagenes/untitled_3.jpg" style="height:250px; width:223px" /></p>
]]>	</slide>
</section>
<section title="Preguntas" type="P">
	<slide layout="2" imagePath="">
<![CDATA[



<p>Deduce&nbsp;qu&eacute; relaci&oacute;n existe entre el volumen de un gas y la presi&oacute;n.</p>

<p style="text-align:center"><img alt="" src="data/imagenes/image_52.jpg" style="height:260px; width:400px" /></p>
				]]>	</slide>
	<slide layout="2" imagePath="">
<![CDATA[



<p>Deduce qu&eacute; relaci&oacute;n existe entre el volumen de un gas y la temperatura.</p>

<p style="text-align:center"><img alt="" src="data/imagenes/image_105.jpg" style="height:260px; width:400px" /></p>
				]]>	</slide>
</section>
</engine>