﻿<?xml version="1.0" encoding="utf-8"?><motor tipo="4" clase="a" aprid="m4a">
  <plataforma>
    <grado><![CDATA[2]]></grado>
    <titulo>Practica con las leyes de Charles y Gay-Lussac</titulo>
    <area>0</area>
    <nivel>1</nivel>
    <referencia/>
    <idreg><![CDATA[0]]></idreg>
    <motor><![CDATA[M4A]]></motor>
    <lang>es</lang>
  </plataforma>
  <enunciado><![CDATA[Escoge la respuesta correcta.]]></enunciado>
  <masinfo inicio="0"/>
  <sinaleatoriedad><![CDATA[0]]></sinaleatoriedad>
  <calc><![CDATA[0]]></calc>
  <respuestaunica><![CDATA[0]]></respuestaunica>
  <test cantidad="7">
    <cuestion>
      <enunciado><![CDATA[Una muestra de un gas ocupa 163 mL en condiciones normales. ¿Qué volumen ocuparía a 50 °C y 1 atm?]]></enunciado>
      <explicacion/>
      <imagen/>
      <respuestas>
        <respuesta contestacion="193 mL" correcta="1"/>
        <respuesta contestacion="323 mL" correcta="0"/>
        <respuesta contestacion="220 mL" correcta="0"/>
        <respuesta contestacion="260 mL" correcta="0"/>
      </respuestas>
    </cuestion>
    <cuestion>
      <enunciado><![CDATA[Una masa de gas a 22 °C y 0,973 atm ocupa un volumen de 12 L ¿Cuál será su volumen cuando la muestra se lleve a 35 °C y 700 mm de Hg?]]></enunciado>
      <explicacion/>
      <imagen/>
      <respuestas>
        <respuesta contestacion="1,7 mL" correcta="1"/>
        <respuesta contestacion="13,7 mL" correcta="0"/>
        <respuesta contestacion="6,2 mL" correcta="0"/>
        <respuesta contestacion="12 mL" correcta="0"/>
      </respuestas>
    </cuestion>
    <cuestion>
      <enunciado><![CDATA[Una cierta cantidad de gas se encuentra en un recipiente de paredes rígidas a 360 mm de Hg y -5 °C. Calcula la presión final en atm, si la temperatura se aumenta a 20 °C y la presión final es 1 atm.]]></enunciado>
      <explicacion/>
      <imagen/>
      <respuestas>
        <respuesta contestacion="0,47 atm" correcta="0"/>
        <respuesta contestacion="0,52 atm" correcta="1"/>
        <respuesta contestacion="0,90 atm" correcta="0"/>
        <respuesta contestacion="1,50 atm" correcta="0"/>
      </respuestas>
    </cuestion>
    <cuestion>
      <enunciado><![CDATA[Una muestra de gas ideal ocupa un volumen de 20 L a 8 °C y una presión de 0,987 atm. Calcula el volumen que ocuparía en condiciones normales.]]></enunciado>
      <explicacion/>
      <imagen/>
      <respuestas>
        <respuesta contestacion="10,2 L" correcta="0"/>
        <respuesta contestacion="9,4 L" correcta="0"/>
        <respuesta contestacion="18,5 L" correcta="1"/>
        <respuesta contestacion="6,0 L" correcta="0"/>
      </respuestas>
    </cuestion>
    <cuestion>
      <enunciado><![CDATA[Se tiene una muestra de oxígeno a una presión de 3 atm y una temperatura de 45 °C. ¿Qué temperatura tendrá esta muestra, si la presión disminuye a la mitad y su volumen permanece constante?]]></enunciado>
      <explicacion/>
      <imagen/>
      <respuestas>
        <respuesta contestacion="-114 °C" correcta="1"/>
        <respuesta contestacion="114 °C" correcta="0"/>
        <respuesta contestacion="636 °C" correcta="0"/>
        <respuesta contestacion="-636 °C" correcta="0"/>
      </respuestas>
    </cuestion>
    <cuestion>
      <enunciado><![CDATA[Si un gas está a 40 °C tiene una presión de 500 mm de Hg, y se calienta que alcanza una presión de 625 mm de Hg, ¿cuál será su temperatura final, si mantiene su volumen constante?]]></enunciado>
      <explicacion/>
      <imagen/>
      <respuestas>
        <respuesta contestacion="118,25 °C" correcta="1"/>
        <respuesta contestacion="391,25 °C" correcta="0"/>
        <respuesta contestacion="32,00 °C" correcta="0"/>
        <respuesta contestacion="50,00 °C" correcta="0"/>
      </respuestas>
    </cuestion>
    <cuestion>
      <enunciado><![CDATA[Si un matraz contiene 75 mL de un gas a 50 °C, ¿qué volumen ocupará el gas si su temperatura disminuye 10 °C y su presión permanece constante?]]></enunciado>
      <explicacion/>
      <imagen/>
      <respuestas>
        <respuesta contestacion="60,00 mL" correcta="0"/>
        <respuesta contestacion="93.75 mL" correcta="0"/>
        <respuesta contestacion="72,67 mL" correcta="1"/>
        <respuesta contestacion="77,40 mL" correcta="0"/>
      </respuestas>
    </cuestion>
  </test>
</motor>