<?xml version='1.0' encoding='UTF-8'?><motor tipo="1" clase="a" aprid="m1a">
  <plataforma>
    <grado><![CDATA[2]]></grado>
    <titulo/>
    <area>0</area>
    <nivel>1</nivel>
    <referencia/>
    <idreg><![CDATA[0]]></idreg>
    <motor><![CDATA[M1A]]></motor>
    <lang>es</lang>
  </plataforma>
  <enunciado><![CDATA[Relacionad cada material con la propiedad que le corresponde. ]]></enunciado>
  <masinfo inicio="0"/>
  <sinaleatoriedad><![CDATA[0]]></sinaleatoriedad>
  <calc><![CDATA[0]]></calc>
  <textoatexto cantidad="5">
    <cuestion>
      <pregunta><![CDATA[Ladrillo]]></pregunta>
      <respuesta><![CDATA[Dureza]]></respuesta>
    </cuestion>
    <cuestion>
      <pregunta><![CDATA[Plastilina]]></pregunta>
      <respuesta><![CDATA[Ductilidad]]></respuesta>
    </cuestion>
    <cuestion>
      <pregunta><![CDATA[Vidrio]]></pregunta>
      <respuesta><![CDATA[Fragilidad]]></respuesta>
    </cuestion>
    <cuestion>
      <pregunta><![CDATA[Hierro]]></pregunta>
      <respuesta><![CDATA[Conductividad]]></respuesta>
    </cuestion>
    <cuestion>
      <pregunta><![CDATA[Goma]]></pregunta>
      <respuesta><![CDATA[Elasticidad]]></respuesta>
    </cuestion>
  </textoatexto>
  <textofalso cantidad="0"/>
</motor>