﻿<?xml version="1.0" encoding="utf-8"?><engine copy="Editorial Planeta" version="1" aprid="f12">
<main mode="f12" title="La energía cinética y la energía potencial">
<video>AN001193_CO_LO.mp4</video>
</main>
<understanding title="" title2="" buttons="false" visible="true" >
	<definition>
		<title></title>
		<def><![CDATA[<p><span style="font-family:verdana,geneva,sans-serif;"><span style="font-size: 36px; color: rgb(255, 102, 0);">Comprensi&oacute;n</span></span></p>

<ul>
	<li>
	<p><span style="font-family:verdana,geneva,sans-serif;"><span style="font-size: 30px;">&iquest;Por qu&eacute; la energ&iacute;a mec&aacute;nica es constante en ausencia de rozamiento?</span></span></p>
	</li>
</ul>

<ul>
	<li>
	<p><span style="font-family:verdana,geneva,sans-serif;"><span style="font-size: 30px;">&iquest;Por qu&eacute; aumenta la velocidad de un cuerpo al caer?</span></span></p>
	</li>
</ul>

<ul>
	<li>
	<p><span style="font-family:verdana,geneva,sans-serif;"><span style="font-size: 30px;">&iquest;En qu&eacute; casos la energ&iacute;a mec&aacute;nica no es constante? Cita&nbsp;alg&uacute;n ejemplo.</span></span></p>
	</li>
</ul>]]></def>
	</definition>
	<definition>
		<title></title>
		<def><![CDATA[<p style="text-align: justify;"><span style="font-family:verdana,geneva,sans-serif;"><span style="font-size: 36px; color: rgb(255, 102, 0);">Comprensi&oacute;n</span></span></p>

<ul>
	<li style="text-align: justify;">
	<p><span style="font-family:verdana,geneva,sans-serif;"><span style="font-size: 30px;">Un cuerpo que se encuentre&nbsp;en el espacio, &iquest;posee&nbsp;energ&iacute;a potencial gravitatoria? </span></span></p>
	</li>
</ul>

<p><span style="font-family:verdana,geneva,sans-serif;"><span style="font-size: 30px; color: rgb(255, 255, 255);">--</span><span style="font-size: 30px;">&iquest;Por qu&eacute;?</span></span></p>]]></def>
	</definition>
	<definition>
		<title></title>
		<def><![CDATA[<p><span style="font-family:verdana,geneva,sans-serif;"><span style="font-size: 36px; color: rgb(255, 102, 0);">Comprensi&oacute;n</span></span></p>

<p style="text-align: justify;"><span style="font-family:verdana,geneva,sans-serif;"><span style="font-size: 30px;">Considera&nbsp;un individuo que se desplaza en bicicleta. Indentifica&nbsp;qu&eacute; tipo de energ&iacute;a poseer&aacute; y en qu&eacute; proporci&oacute;n, en las siguientes condiciones:</span></span></p>

<ul>
	<li>
	<p><span style="font-family:verdana,geneva,sans-serif;"><span style="font-size: 30px;">Al subir una cuesta.</span></span></p>
	</li>
</ul>

<ul>
	<li>
	<p><span style="font-family:verdana,geneva,sans-serif;"><span style="font-size: 30px;">Al llegar a la cima.</span></span></p>
	</li>
</ul>

<ul>
	<li>
	<p><span style="font-family:verdana,geneva,sans-serif;"><span style="font-size: 30px;">Al bajar la cuesta.</span></span></p>
	</li>
</ul>]]></def>
	</definition>
	<definition>
		<title></title>
		<def><![CDATA[<p></p>

<p><span style="font-family:verdana,geneva,sans-serif;"><span style="font-size: 36px; color: rgb(255, 102, 0);">Comprensi&oacute;n</span></span></p>

<p style="text-align: justify;"><span style="font-family:verdana,geneva,sans-serif;"><span style="font-size: 30px;">Problema</span></span></p>

<p style="text-align: justify;"><span style="font-family:verdana,geneva,sans-serif;"><span style="font-size: 30px;">Si la energ&iacute;a cin&eacute;tica Ec= 1/2 m. v</span><sup><span style="font-size: 30px;">2</span></sup><span style="font-size:30px;">. </span></span></p>

<p style="text-align: justify;"><span style="font-family:verdana,geneva,sans-serif;"><span style="font-size:30px;">Si tenemos mol&eacute;culas de nitr&oacute;geno a&nbsp;0&deg;C (273 K), 1 atm&oacute;sfera,&nbsp;volumen 22,4 L en donde 1 mol de nitr&oacute;geno es 0,0028 kg/mol, se obtendr&aacute; una velocidad media de mol&eacute;culas 2,43&nbsp;x 10<sup>5</sup>&nbsp;m<sup>2</sup>/s<sup>2</sup>.</span></span></p>

<p><span style="font-family:verdana,geneva,sans-serif;"><span style="font-size: 30px;">Indica&nbsp;qu&eacute; valor de velocidad media tendr&aacute;n estas,&nbsp;en las siguientes condiciones:</span></span></p>

<ul>
	<li>
	<p><span style="font-family:verdana,geneva,sans-serif;"><span style="font-size: 30px;">Al subir la temperatura a 20&deg;C.</span></span></p>
	</li>
</ul>

<ul>
	<li>
	<p><span style="font-family:verdana,geneva,sans-serif;"><span style="font-size: 30px;">Al reducir el volumen a 10 L.</span></span></p>
	</li>
</ul>

<ul>
	<li>
	<p><span style="font-family:verdana,geneva,sans-serif;"><span style="font-size: 30px;">Al cambiar,&nbsp;nitr&oacute;geno por helio.</span></span></p>
	</li>
</ul>]]></def>
	</definition>
</understanding>
<definitions title="" title2="" visible="true" >
	<definition>
		<title>Energía cinética</title>
		<def><![CDATA[<p><span style="font-weight: bold; ;font-family: Verdana,Arial,sans-serif; font-size: 27px;">Energ&iacute;a cin&eacute;tica:</span></p>

<p><span style="font-family: Verdana,Arial,sans-serif; font-size: 27px;">energ&iacute;a que presenta un cuerpo en movimiento.</span></p>]]></def>
	</definition>
	<definition>
		<title>Energía pot. grav.</title>
		<def><![CDATA[<p><span style="font-weight: bold; ;font-family: Verdana,Arial,sans-serif; font-size: 27px;">Energía potencial gravitatoria:</span></p><p><span style="font-family: Verdana,Arial,sans-serif; font-size: 27px;">energía que posee un cuerpo en función de la altura a la que se encuentra en presencia de un campo gravitatorio.</span></p>]]></def>
	</definition>
	<definition>
		<title>Energía mecánica</title>
		<def><![CDATA[<p><span style="font-weight: bold; ;font-family: Verdana,Arial,sans-serif; font-size: 27px;">Energía mecánica:</span></p><p><span style="font-family: Verdana,Arial,sans-serif; font-size: 27px;">energía que posee un cuerpo en función de su posición y su velocidad.</span></p>]]></def>
	</definition>
	<definition>
		<title>C. gravitatorio</title>
		<def><![CDATA[<p><span style="font-weight: bold; ;font-family: Verdana,Arial,sans-serif; font-size: 27px;">Campo gravitatorio:</span></p><p><span style="font-family: Verdana,Arial,sans-serif; font-size: 27px;">alteración de las propiedades del espacio alrededor de los cuerpos que se mide por medio de la intensidad de campo, definida como la fuerza que experimenta la unidad de masa en un punto del campo.</span></p>]]></def>
	</definition>
	<definition>
		<title>Energía</title>
		<def><![CDATA[<p><span style="font-weight: bold; ;font-family: Verdana,Arial,sans-serif; font-size: 27px;">Energía:</span></p><p><span style="font-family: Verdana,Arial,sans-serif; font-size: 27px;">capacidad de un sistema físico para realizar un trabajo.</span></p>]]></def>
	</definition>
	<definition>
		<title>Rozamiento</title>
		<def><![CDATA[<p><span style="font-weight: bold; ;font-family: Verdana,Arial,sans-serif; font-size: 27px;">Rozamiento:</span></p><p><span style="font-family: Verdana,Arial,sans-serif; font-size: 27px;">acción entre dos cuerpos que se encuentran en contacto, que se opone al movimiento de uno respecto al otro.</span></p>]]></def>
	</definition>
	<definition>
		<title>Velocidad</title>
		<def><![CDATA[<p><span style="font-weight: bold; ;font-family: Verdana,Arial,sans-serif; font-size: 27px;">Velocidad:</span></p><p><span style="font-family: Verdana,Arial,sans-serif; font-size: 27px;">distancia que recorre un cuerpo por unidad de tiempo.</span></p>]]></def>
	</definition>
	<definition>
		<title>Masa</title>
		<def><![CDATA[<p><span style="font-weight: bold; ;font-family: Verdana,Arial,sans-serif; font-size: 27px;">Masa:</span></p><p><span style="font-family: Verdana,Arial,sans-serif; font-size: 27px;">cantidad de materia que presenta un cuerpo.</span></p>]]></def>
	</definition>
</definitions>
<reaserch title="" title2="Investiga" buttons="false" visible="true" >
	<definition>
		<title></title>
		<def><![CDATA[<p><span style="font-family:verdana,geneva,sans-serif;"><span style="font-size: 36px; color: rgb(255, 102, 0);">Investiga</span></span></p>

<p><span style="font-family:verdana,geneva,sans-serif;"><span style="font-size:25px;">Consulta&nbsp;acerca del origen del concepto de gravedad. </span></span></p>

<p><span style="font-family:verdana,geneva,sans-serif;"><span style="font-size:25px;">Responde:</span></span></p>

<p><span style="font-family:verdana,geneva,sans-serif;"><span style="font-size:25px;">- &iquest;Qu&eacute; consecuencias genera su existencia?&nbsp;</span></span></p>

<p><span style="font-family:verdana,geneva,sans-serif;"><span style="font-size:25px;">- &iquest;Qu&eacute; implicar&iacute;a la ausencia de la gravedad sobre la vida?</span></span></p>

<p><span style="font-family:verdana,geneva,sans-serif;"><span style="font-size:25px;">Consulta&nbsp;el significado de la ecuaci&oacute;n de Albert Einstein:&nbsp;<span style="font-weight: bold; color: rgb(106, 106, 106); line-height: 14.56px;">&nbsp;</span>E= mc<sup>2.</sup></span></span></p>

<p><span style="font-family:verdana,geneva,sans-serif;"><span style="font-size:25px;">- &iquest;Qu&eacute; formas de energ&iacute;a tenemos, seg&uacute;n el tipo de cambio f&iacute;sico o qu&iacute;mico que interviene?</span></span></p>

<p style="text-align: justify;"></p>
]]></def>
	</definition>
</reaserch>
<activity title2="" visible="false" path="">
</activity></engine>