<?xml version='1.0' encoding='UTF-8'?><engine copy="Editorial Planeta" version="1" aprid="f13" title="Composición porcentual de una sal hidratada" >
<section title="Presentación" path="cn_10_12_rec_230_img01n.jpg" pathAmp="cn_10_12_rec_230_img01a.jpg" image1Text="" zoom1="true" zoom2a="false" zoom2b="false" layout="0" >
<![CDATA[<p><span style="font-size:18px"><span style="font-family:verdana,geneva,sans-serif">Muchas de las sales inorg&aacute;nicas presentan en su composici&oacute;n mol&eacute;culas de agua, debido a que se cristalizan en presencia de esta.&nbsp;Dichas sales se conocen como&nbsp;<strong>sales&nbsp;hidratadas</strong>&nbsp;o&nbsp;<strong>hidratos</strong>.</span></span></p>

<p><span style="font-size:18px"><span style="font-family:verdana,geneva,sans-serif">Para determinar la composici&oacute;n porcentual de estas sales se usa&nbsp;la&nbsp;<strong>deshidrataci&oacute;n&nbsp;</strong>por calentamiento; luego, por diferencia de masas, se reconoce la cantidad de moles de agua presentes, y conociendo la f&oacute;rmula molecular se determina la composici&oacute;n porcentual.</span></span></p>

<p><span style="font-size:18px"><span style="font-family:verdana,geneva,sans-serif">Algunas sales permiten apreciar visiblemente la deshidrataci&oacute;n mediante el cambio de coloraci&oacute;n.</span></span></p>

<p><span style="font-size:18px"><span style="font-family:verdana,geneva,sans-serif"><strong>El objetivo de esta actividad es que determines la composici&oacute;n porcentual del&nbsp;sulfato&nbsp;c&uacute;prico&nbsp;hidratado&nbsp;(CuSO<sub>4&nbsp;</sub></strong></span></span>&times;<span style="font-size:18px"><span style="font-family:verdana,geneva,sans-serif"><strong> H<sub>2</sub>O) a trav&eacute;s de la deshidrataci&oacute;n de la sal.</strong></span></span></p>

<p><span style="font-size:18px"><span style="font-family:verdana,geneva,sans-serif">Antes de realizar la actividad responde las siguientes preguntas:</span></span></p>

<ul>
	<li><span style="font-size:18px"><span style="font-family:verdana,geneva,sans-serif">&iquest;En qu&eacute; consiste la t&eacute;cnica de deshidrataci&oacute;n?</span></span><br />
	&nbsp;</li>
	<li><span style="font-size:18px"><span style="font-family:verdana,geneva,sans-serif">&iquest;Qu&eacute; m&eacute;todos permiten deshidratar sustancias?</span></span><br />
	&nbsp;</li>
	<li><span style="font-size:18px"><span style="font-family:verdana,geneva,sans-serif">&iquest;C&oacute;mo se reconoce que el sulfato c&uacute;prico est&aacute; deshidratado?</span></span></li>
</ul>
]]></section>
<section title="Tarea" path="cn_10_12_rec_230_img02n.jpg" pathAmp="cn_10_12_rec_230_img02a.jpg" image1Text="" zoom1="true" zoom2a="false" zoom2b="false" layout="0" >
<![CDATA[

<p><span style="font-family:verdana,geneva,sans-serif"><span style="font-size:18px"><strong>Material</strong></span></span></p>

<ul>
	<li style="margin-left: 18pt;"><span style="font-family:verdana,geneva,sans-serif"><span style="font-size:18px">Crisol</span></span></li>
	<li style="margin-left: 18pt;"><span style="font-family:verdana,geneva,sans-serif"><span style="font-size:18px">Pinzas para crisol</span></span></li>
	<li style="margin-left: 18pt;"><span style="font-family:verdana,geneva,sans-serif"><span style="font-size:18px">Soporte universal</span></span></li>
	<li style="margin-left: 18pt;"><span style="font-family:verdana,geneva,sans-serif"><span style="font-size:18px">Aro con nuez</span></span></li>
	<li style="margin-left: 18pt;"><span style="font-family:verdana,geneva,sans-serif"><span style="font-size:18px">Mechero&nbsp;</span></span></li>
	<li style="margin-left: 18pt;"><span style="font-family:verdana,geneva,sans-serif"><span style="font-size:18px">Tri&aacute;ngulo de porcelana</span></span></li>
	<li style="margin-left: 18pt;"><span style="font-family:verdana,geneva,sans-serif"><span style="font-size:18px">Esp&aacute;tula</span></span></li>
	<li style="margin-left: 18pt;"><span style="font-family:verdana,geneva,sans-serif"><span style="font-size:18px">Balanza&nbsp;</span></span></li>
</ul>

<p style="margin-left:18pt"><span style="font-family:verdana,geneva,sans-serif"><span style="font-size:18px"><strong>Sustancias</strong></span></span></p>

<ul>
	<li style="margin-left: 18pt;"><span style="font-family:verdana,geneva,sans-serif"><span style="font-size:18px">Sulfato c&uacute;prico hidratado</span></span></li>
</ul>

<p><span style="font-family:verdana,geneva,sans-serif"><span style="font-size:18px"><strong>Procedimiento:</strong></span></span></p>

<p><span style="font-family:verdana,geneva,sans-serif"><span style="font-size:18px">1. Pesa el&nbsp;crisol vac&iacute;o&nbsp;y registra el dato (<em>m</em>1).</span></span></p>

<p><span style="font-family:verdana,geneva,sans-serif"><span style="font-size:18px">2. Con&nbsp;la esp&aacute;tula, adiciona peque&ntilde;as cantidades de sulfato c&uacute;prico hidratado al crisol,&nbsp;hasta tener 1 g de muestra. Registra&nbsp;la masa del crisol con el sulfato c&uacute;prico (<em>m</em>2).</span></span></p>

<p><span style="font-family:verdana,geneva,sans-serif"><span style="font-size:18px">3. Fija el aro con nuez al soporte universal y ubica sobre este el tri&aacute;ngulo de porcelana y luego enciende el mechero.&nbsp;</span></span></p>

<p><span style="font-family:verdana,geneva,sans-serif"><span style="font-size:18px">4. Con ayuda de unas pinzas,&nbsp;ubica el crisol sobre el tri&aacute;ngulo de porcelana y calienta hasta notar cambio de coloraci&oacute;n (aproximadamente 10 minutos). Es pertinente homogenizar el calor, haciendo movimientos con el mechero.</span></span></p>

<p><span style="font-family:verdana,geneva,sans-serif"><span style="font-size:18px">5. Deja enfriar durante 5 minutos.</span></span></p>

<p><span style="font-family:verdana,geneva,sans-serif"><span style="font-size:18px">6. Pesa nuevamente&nbsp;el crisol con el sulfato c&uacute;prico&nbsp;y registra el dato (<em>m</em>3).</span></span></p>

<p><span style="font-family:verdana,geneva,sans-serif"><span style="font-size:18px">7. Determina la masa del agua que presentaba la muestra del compuesto, restando <em>m</em>3 de <em>m</em>2 (<em>m</em>2-<em>m</em>3).&nbsp;&iquest;Cu&aacute;ntos moles de agua presentaba la muestra del sulfato c&uacute;prico hidratado?</span></span></p>

<p><span style="font-family:verdana,geneva,sans-serif"><span style="font-size:18px">8. Halla la composici&oacute;n porcentual del agua en la sustancia, dividiendo&nbsp;<em>m</em>3 por&nbsp;la masa molar del compuesto y multiplicando el&nbsp;resultado por 100: (<em>m</em>3/masa molar&nbsp;CuSO<sub>4&nbsp;</sub></span></span>&times;<span style="font-family:verdana,geneva,sans-serif"><span style="font-size:18px"> H<sub>2</sub>O) </span></span>&times;<span style="font-family:verdana,geneva,sans-serif"><span style="font-size:18px"> 100.&nbsp;</span></span></p>

<p><span style="font-family:verdana,geneva,sans-serif"><span style="font-size:18px">9. &iquest;Cu&aacute;l es la f&oacute;rmula molecular de la sal deshidratada?&nbsp;</span></span></p>

<p><span style="font-family:verdana,geneva,sans-serif"><span style="font-size:18px">10. &iquest;Cu&aacute;l es la composici&oacute;n porcentual de la sal?</span></span></p>
]]></section>
</engine>