﻿<?xml version="1.0" encoding="UTF-8"?><XMLDatos aprid="F"><titulo>La herencia en la especie humana y los árboles genealógicos</titulo><hombre><![CDATA[Hombre]]></hombre><mujer><![CDATA[Mujer]]></mujer><hombreAfectado><![CDATA[hombre afectado]]></hombreAfectado><mujerAfectada><![CDATA[mujer afectada]]></mujerAfectada><hombrePortador><![CDATA[hombre portador]]></hombrePortador><mujerPortadora><![CDATA[mujer portadora]]></mujerPortadora><practicaBoton><![CDATA[PRACTICA]]></practicaBoton><solucionBoton><![CDATA[SOLUCIÓN]]></solucionBoton><pantalla1><![CDATA[Caracteres dominantes y recesivos: genotipo y fenotipo.]]></pantalla1><pantalla2><![CDATA[Los árboles genealógicos: simbología.]]></pantalla2><pantalla3><![CDATA[Carácter dominante]]></pantalla3><pantalla4><![CDATA[Carácter dominante]]></pantalla4><pantalla5><![CDATA[Carácter recesivo]]></pantalla5><pantalla6><![CDATA[Carácter recesivo]]></pantalla6><practicatxt><![CDATA[Un determinado carácter se hereda de forma recesiva, siendo el individuo normal AA, el portador Aa y el que expresa el carácter aa.
¿Cuál es el genotipo y fenotipo del individuo marcado con un interrogante?]]></practicatxt><soluciontxt><![CDATA[El individuo es Aa. Es portador y no expresará el carácter.]]></soluciontxt></XMLDatos>