﻿<?xml version="1.0" encoding="utf-8"?><engine copy="Editorial Planeta" version="1" aprid="f4"><main title="El genotipo y el fenotipo" path="CN_08_06_REC170_img01.jpg" buttonsHeight="53"></main><questions respCorrecta="Respuesta correcta.  Oprime el botón de información (i) para profundizar en este tema." respIncorrecta="Respuesta incorrecta. Oprime el botón de información (i) para profundizar en este tema."><question title="El conjunto de características de un organismo, así como su información genética, se llaman..." path="CN_08_06_REC170_img02.jpg"><answers><answer correct="1"><text><![CDATA[Genotipo y fenotipo]]></text><explanation width="394"><![CDATA[]]></explanation></answer><answer correct="0"><text><![CDATA[Genoma]]></text><explanation width="394"><![CDATA[]]></explanation></answer><answer correct="0"><text><![CDATA[Aspecto]]></text><explanation width="394"><![CDATA[]]></explanation></answer><answer correct="0"><text><![CDATA[]]></text><explanation width="394"><![CDATA[]]></explanation></answer><answer correct="0"><text><![CDATA[]]></text><explanation width="394"><![CDATA[]]></explanation></answer><answer correct="0"><text><![CDATA[]]></text><explanation width="394"><![CDATA[]]></explanation></answer><answer correct="0"><text><![CDATA[]]></text><explanation width="394"><![CDATA[]]></explanation></answer><answer correct="0"><text><![CDATA[]]></text><explanation width="394"><![CDATA[]]></explanation></answer></answers><info path="CN_08_06_REC170_img03.jpg"><text><![CDATA[<ul>
	<li><span style="font-size:24px"><span style="font-family:verdana,geneva,sans-serif">El <strong>genotipo</strong> es toda la informaci&oacute;n contenida en el <strong>ADN</strong> de un organismo.</span></span></li>
</ul>

<ul>
	<li><span style="font-size:24px"><span style="font-family:verdana,geneva,sans-serif">El <strong>fenotipo</strong> es el conjunto de rasgos f&iacute;sicos y conductuales.</span></span></li>
</ul>

<ul style="margin-left: 40px;">
	<li><span style="font-size:23px"><span style="font-family:verdana,geneva,sans-serif">Los <strong>rasgos conductuales</strong> se refieren al comportamiento del organismo.</span></span></li>
</ul>

<ul style="margin-left: 40px;">
	<li><span style="font-size:23px"><span style="font-family:verdana,geneva,sans-serif">Los <strong>rasgos f&iacute;sicos</strong>&nbsp;se refieren a c&oacute;mo es y c&oacute;mo funciona el cuerpo del individuo, tanto interna como externamente.</span></span></li>
</ul>
]]></text></info></question><question title="El fenotipo depende de..." path="CN_08_06_REC170_img04.jpg"><answers><answer correct="0"><text><![CDATA[El genotipo solamente]]></text><explanation width="394"><![CDATA[]]></explanation></answer><answer correct="0"><text><![CDATA[El entorno solamente]]></text><explanation width="394"><![CDATA[]]></explanation></answer><answer correct="1"><text><![CDATA[El genotipo y el entorno]]></text><explanation width="394"><![CDATA[]]></explanation></answer><answer correct="0"><text><![CDATA[]]></text><explanation width="394"><![CDATA[]]></explanation></answer><answer correct="0"><text><![CDATA[]]></text><explanation width="394"><![CDATA[]]></explanation></answer><answer correct="0"><text><![CDATA[]]></text><explanation width="394"><![CDATA[]]></explanation></answer><answer correct="0"><text><![CDATA[]]></text><explanation width="394"><![CDATA[]]></explanation></answer><answer correct="0"><text><![CDATA[]]></text><explanation width="394"><![CDATA[]]></explanation></answer></answers><info path="CN_08_06_REC170_img05.jpg"><text><![CDATA[<ul>
	<li><span style="font-size:25px"><span style="font-family:verdana,geneva,sans-serif">El fenotipo es el resultado de la interacci&oacute;n entre el <strong>genotipo</strong> y el <strong>medio ambiente</strong>. </span></span></li>
	<li><span style="font-size:25px"><span style="font-family:verdana,geneva,sans-serif">Las caracter&iacute;sticas de un&nbsp;organismo vienen dadas por sus&nbsp;genes, pero su interacci&oacute;n con el entorno puede cambiarlas.</span></span></li>
</ul>
]]></text></info></question><question title="Normalmente, con el tiempo el GENOTIPO de un organismo cambia..." path="CN_08_06_REC170_img06.jpg"><answers><answer correct="0"><text><![CDATA[Mucho]]></text><explanation width="394"><![CDATA[]]></explanation></answer><answer correct="1"><text><![CDATA[Poco]]></text><explanation width="394"><![CDATA[]]></explanation></answer><answer correct="0"><text><![CDATA[Nada]]></text><explanation width="394"><![CDATA[]]></explanation></answer><answer correct="0"><text><![CDATA[]]></text><explanation width="394"><![CDATA[]]></explanation></answer><answer correct="0"><text><![CDATA[]]></text><explanation width="394"><![CDATA[]]></explanation></answer><answer correct="0"><text><![CDATA[]]></text><explanation width="394"><![CDATA[]]></explanation></answer><answer correct="0"><text><![CDATA[]]></text><explanation width="394"><![CDATA[]]></explanation></answer><answer correct="0"><text><![CDATA[]]></text><explanation width="394"><![CDATA[]]></explanation></answer></answers><info path="CN_08_06_REC170_img07.jpg"><text><![CDATA[<ul>
	<li><span style="font-size:25px"><span style="font-family:verdana,geneva,sans-serif">El <strong>genotipo</strong> de los organismos es estable en t&eacute;rminos generales.</span></span></li>
</ul>

<ul>
	<li><span style="font-size:25px"><span style="font-family:verdana,geneva,sans-serif">Aun as&iacute;, existen las <strong>mutaciones</strong>,&nbsp;esto es, cambios en el ADN, y por tanto en el genotipo.</span></span></li>
</ul>

<ul>
	<li><span style="font-size:25px"><span style="font-family:verdana,geneva,sans-serif">Estos cambios normalmente son peque&ntilde;os, aunque su efecto puede ser muy grande.</span></span></li>
</ul>
]]></text></info></question><question title="Normalmente, con el tiempo el FENOTIPO de un organismo cambia..." path="CN_08_06_REC170_img08.jpg"><answers><answer correct="1"><text><![CDATA[Mucho]]></text><explanation width="394"><![CDATA[]]></explanation></answer><answer correct="0"><text><![CDATA[Poco]]></text><explanation width="394"><![CDATA[]]></explanation></answer><answer correct="0"><text><![CDATA[Nada]]></text><explanation width="394"><![CDATA[]]></explanation></answer><answer correct="0"><text><![CDATA[]]></text><explanation width="394"><![CDATA[]]></explanation></answer><answer correct="0"><text><![CDATA[]]></text><explanation width="394"><![CDATA[]]></explanation></answer><answer correct="0"><text><![CDATA[]]></text><explanation width="394"><![CDATA[]]></explanation></answer><answer correct="0"><text><![CDATA[]]></text><explanation width="394"><![CDATA[]]></explanation></answer><answer correct="0"><text><![CDATA[]]></text><explanation width="394"><![CDATA[]]></explanation></answer></answers><info path="CN_08_06_REC170_img09.jpg"><text><![CDATA[<ul>
	<li><span style="font-size:25px"><span style="font-family:verdana,geneva,sans-serif">El <strong>fenotipo</strong> cambia a lo largo de&nbsp;la vida de los&nbsp;organismos.</span></span></li>
</ul>

<ul>
	<li><span style="font-size:25px"><span style="font-family:verdana,geneva,sans-serif">Crecer, envejecer o aprender, implica cambios&nbsp;fenot&iacute;picos.</span></span></li>
</ul>

<ul>
	<li><span style="font-size:25px"><span style="font-family:verdana,geneva,sans-serif">Adem&aacute;s, muchas de las experiencias vividas alteran el cuerpo y su funcionamiento, es decir, cambian&nbsp;el fenotipo.</span></span></li>
</ul>
]]></text></info></question></questions></engine>