<?xml version='1.0' encoding='UTF-8'?><engine copy="Editorial Planeta" version="1" aprid="f13" title="Separa las mezclas" >
<section title="Presentación" path="cn_10_09_rec250_img01n.jpg" pathAmp="cn_10_09_rec250_img01a.jpg" image1Text="" zoom1="true" zoom2a="false" zoom2b="false" layout="0" >
<![CDATA[<p><span style="font-size:18px"><span style="font-family:verdana,geneva,sans-serif">Las&nbsp;<strong>mezclas</strong>&nbsp;se pueden separar en sus componentes primarios mediante algunos procesos f&iacute;sicos, como:</span></span></p>

<ul>
	<li style="margin-left: 18pt;"><span style="font-size:18px"><span style="font-family:verdana,geneva,sans-serif"><strong>Decantaci&oacute;n</strong>: permite separar un s&oacute;lido de un l&iacute;quido debido a la diferencia de densidades.</span></span><br />
	&nbsp;</li>
	<li style="margin-left: 18pt;"><span style="font-size:18px"><span style="font-family:verdana,geneva,sans-serif"><strong>Filtraci&oacute;n</strong>: se usa para separar un s&oacute;lido de un l&iacute;quido a trav&eacute;s de un papel poroso, llamado papel filtro.</span></span><br />
	&nbsp;</li>
	<li style="margin-left: 18pt;"><span style="font-size:18px"><span style="font-family:verdana,geneva,sans-serif"><strong>Tamizado</strong>: se usa para separar dos s&oacute;lidos cuyas part&iacute;culas presentan diferente tama&ntilde;o.</span></span><br />
	&nbsp;</li>
	<li style="margin-left: 18pt;"><span style="font-size:18px"><span style="font-family:verdana,geneva,sans-serif"><strong>Evaporaci&oacute;n</strong>: permite separar un s&oacute;lido no vol&aacute;til disuelto en un l&iacute;quido, llevando a punto de ebullici&oacute;n el l&iacute;quido.</span></span><br />
	&nbsp;</li>
	<li style="margin-left: 18pt;"><span style="font-size:18px"><span style="font-family:verdana,geneva,sans-serif"><strong>Imantaci&oacute;n</strong>: sirve para extraer material magn&eacute;tico de una mezcla.</span></span></li>
</ul>

<p><span style="font-size:18px"><span style="font-family:verdana,geneva,sans-serif"><strong>El objetivo de esta actividad es que utilices&nbsp;diferentes t&eacute;cnicas para separar una mezcla en sus componentes.</strong></span></span></p>

<p><span style="font-size:18px"><span style="font-family:verdana,geneva,sans-serif">Antes de realizar la actividad responde las siguientes preguntas:</span></span></p>

<ul>
	<li style="margin-left: 18pt;"><span style="font-size:18px"><span style="font-family:verdana,geneva,sans-serif">&iquest;Qu&eacute; es una mezcla?</span></span><br />
	&nbsp;</li>
	<li style="margin-left: 18pt;"><span style="font-size:18px"><span style="font-family:verdana,geneva,sans-serif">&iquest;Qu&eacute; otras t&eacute;cnicas de separaci&oacute;n de mezclas conoces?</span></span></li>
</ul>
]]></section>
<section title="Tarea" path="cn_10_09_rec250_img02n.jpg" pathAmp="cn_10_09_rec250_img02a.jpg" image1Text="" zoom1="true" zoom2a="false" zoom2b="false" layout="0" >
<![CDATA[<p><strong>Material</strong></p>

<ul>
	<li style="margin-left: 18pt;">Vaso de precipitados de 250 ml</li>
	<li style="margin-left: 18pt;">Vaso de precipitados de 100 ml</li>
	<li style="margin-left: 18pt;">4 vidrios de reloj grandes</li>
	<li style="margin-left: 18pt;">Erlenmeyer de 200 ml</li>
	<li style="margin-left: 18pt;">Embudo de vidrio</li>
	<li style="margin-left: 18pt;">Tamiz</li>
	<li style="margin-left: 18pt;">Estufa</li>
	<li style="margin-left: 18pt;">Agitador de vidrio</li>
	<li style="margin-left: 18pt;">Papel filtro cualitativo</li>
</ul>

<p><strong>Sustancias</strong></p>

<ul>
	<li style="margin-left: 18pt;">Agua</li>
	<li style="margin-left: 18pt;">10 piedras de pecera</li>
	<li style="margin-left: 18pt;">5 puntillas peque&ntilde;as</li>
	<li style="margin-left: 18pt;">1 cucharadita de sal</li>
	<li style="margin-left: 18pt;">1 cucharadita de lentejas</li>
</ul>

<p><strong>Procedimiento</strong></p>

<p>1. Ubica en el vaso de precipitados de 250 ml&nbsp;las 10 piedras, las 5 puntillas y las cucharaditas de sal y de lentejas.</p>

<p>2. Adiciona 200 ml de agua.</p>

<p>3. Agita durante 10 segundos, asegur&aacute;ndote de que la&nbsp;sal se ha disuelto&nbsp;completamente. Registra lo que observas.</p>

<p>4. Deja reposar la mezcla durante 2 minutos.</p>

<p>5. Realiza el montaje de filtraci&oacute;n (embudo, papel filtro y Erlenmeyer) y pasa la mezcla por este. En este paso lo que quede en el papel filtro se conoce como residuo y lo que pasa a trav&eacute;s del papel se denomina filtrado.</p>

<p>6. Toma el residuo y acerca un im&aacute;n.</p>

<p>7. Pasa el residuo restante por el tamiz.</p>

<p>8. Calienta&nbsp;el filtrado en la estufa hasta evaporar el agua.</p>

<p>9. Contesta las siguientes preguntas:</p>

<ul>
	<li style="margin-left: 18pt;">&iquest;Cu&aacute;l fue el orden en el que se llevaron a cabo las t&eacute;cnicas de separaci&oacute;n?<br />
	&nbsp;</li>
	<li style="margin-left: 18pt;">&iquest;Qu&eacute; sustancia se separ&oacute; en cada caso?<br />
	&nbsp;</li>
	<li style="margin-left: 18pt;">&iquest;Qu&eacute; otro proceso se hubiese podido realizar?<br />
	&nbsp;</li>
	<li style="margin-left: 18pt;">&iquest;Fueron eficientes las t&eacute;cnicas empleadas para separar los componentes de la mezcla? &iquest;Por qu&eacute;?</li>
</ul>
]]></section>
</engine>