﻿<?xml version="1.0" encoding="UTF-8"?>
<motor tipo="9" clase="b" aprid="M9b">
  <plataforma>
    <grado><![CDATA[2]]></grado>
    <titulo>Identifica las partes de una flor</titulo>
    <volumen><![CDATA[1]]></volumen>
    <nivel>2</nivel>
    <referencia><![CDATA[cn_08_03_08]]></referencia>
    <id_reg><![CDATA[91]]></id_reg>
    <motor><![CDATA[M9b]]></motor>
    <lang>es</lang>
  </plataforma>
  <enunciado><![CDATA[Relaciona los nombres con los números marcados en la imagen de la flor.]]></enunciado>
  <masinfo inicio="0" />
  <calc><![CDATA[0]]></calc>
  <imagen><![CDATA[001nym01_286.jpg]]></imagen>
  <ampliacion><![CDATA[001nym01.jpg]]></ampliacion>
  <sonido />
  <textoatexto cantidad="6">
    <cuestion>
      <pregunta>1</pregunta>
      <respuesta><![CDATA[Ovario]]></respuesta>
    </cuestion>
    <cuestion>
      <pregunta>2</pregunta>
      <respuesta><![CDATA[Estilo]]></respuesta>
    </cuestion>
    <cuestion>
      <pregunta>3</pregunta>
      <respuesta><![CDATA[Estigma]]></respuesta>
    </cuestion>
    <cuestion>
      <pregunta>4</pregunta>
      <respuesta><![CDATA[Filamento]]></respuesta>
    </cuestion>
    <cuestion>
      <pregunta>5</pregunta>
      <respuesta><![CDATA[Pétalo]]></respuesta>
    </cuestion>
    <cuestion>
      <pregunta>6</pregunta>
      <respuesta><![CDATA[Sépalo]]></respuesta>
    </cuestion>
  </textoatexto>
</motor>