﻿<?xml version="1.0" encoding="UTF-8"?>
<!--Arbortext, Inc., 1988-2013, v.4002-->
<motor tipo="101" clase="a" aprid="M101a">
  <plataforma>
    <grado><![CDATA[1]]></grado>
    <titulo>Refuerza tu aprendizaje: La electricidad como forma de energía</titulo>
    <area>1</area>
    <nivel>2</nivel>
    <referencia><![CDATA[MN_3C_20]]></referencia>
    <idreg><![CDATA[4652]]></idreg>
    <motor><![CDATA[M101A]]></motor>
    <lang>es</lang>
  </plataforma>
  <enunciado><![CDATA[Realiza la siguiente actividad. Cuando termines haz clic en Enviar. Si es necesario, entrega las respuestas en mano o por email a tu profesor para que pueda validarlas.]]></enunciado>
  <masinfo inicio="0" />
  <calc><![CDATA[0]]></calc>
  <preguntas cantidad="7">
    <pregunta>
      <enunciado><![CDATA[Define qué es la energía.]]></enunciado>
      <explicacion />
      <nivel><![CDATA[1]]></nivel>
      <tipo />
      <imagen />
      <ampliacion />
    </pregunta>
    <pregunta>
      <enunciado><![CDATA[Enumera cinco aparatos que usen energía eléctrica.]]></enunciado>
      <explicacion />
      <nivel><![CDATA[1]]></nivel>
      <tipo />
      <imagen />
      <ampliacion />
    </pregunta>
    <pregunta>
      <enunciado><![CDATA[Explica en qué otras energías se puede transformar la energía eléctrica, ejemplifica cada caso con un ejemplo.]]></enunciado>
      <explicacion />
      <nivel><![CDATA[1]]></nivel>
      <tipo />
      <imagen />
      <ampliacion />
    </pregunta>
    <pregunta>
      <enunciado><![CDATA[Indica las fuentes de energía a partir de las cuales se puede conseguir energía eléctrica.]]></enunciado>
      <explicacion />
      <nivel><![CDATA[2]]></nivel>
      <tipo />
      <imagen />
      <ampliacion />
    </pregunta>
    <pregunta>
      <enunciado><![CDATA[Describe el método que se usa para transportar la energía eléctrica.]]></enunciado>
      <explicacion />
      <nivel><![CDATA[1]]></nivel>
      <tipo />
      <imagen />
      <ampliacion />
    </pregunta>
    <pregunta>
      <enunciado><![CDATA[Diferencia los rayos de los relámpagos.]]></enunciado>
      <explicacion />
      <nivel><![CDATA[2]]></nivel>
      <tipo />
      <imagen />
      <ampliacion />
    </pregunta>
    <pregunta>
      <enunciado><![CDATA[Imagina cómo sería tu vida sin electricidad.]]></enunciado>
      <explicacion />
      <nivel><![CDATA[1]]></nivel>
      <tipo />
      <imagen />
      <ampliacion />
    </pregunta>
  </preguntas>
</motor>