<?xml version="1.0" encoding="UTF-8"?>
<!--Arbortext, Inc., 1988-2013, v.4002-->
<engine copy="Editorial Planeta" version="1" aprid="f13"
title="Construcción de un circuito eléctrico">
<section title="Presentación" path="" pathAmp="" image1Text=""
zoom1="false" zoom2a="false" zoom2b="false" layout="2">
<![CDATA[<TextFlow><p textAlign="center"><img fontSize="20" height="171" width="551" source="medias/0.swf"/><span fontSize="20"></span></p><p textAlign="center"><span fontSize="20">¿Cómo se construye una </span></p><p textAlign="center"><span fontSize="20">maqueta con iluminación?</span></p></TextFlow>]]></section
><?Pub Caret 274?>
<section title="Conceptos" path="section_conceptos.jpg" pathAmp=""
image1Text="" zoom1="false" zoom2a="false" zoom2b="false" layout="1"
>
<![CDATA[<p>Antes de comenzar a preparar el proyecto es importante que repas&eacute;is algunos conceptos que ya hab&eacute;is visto en clase y que os resultar&aacute;n &uacute;tiles para realizar el trabajo:</p>

<p><strong>La corriente el&eacute;ctrica</strong></p>

<ul>
	<li>Los circuitos el&eacute;ctricos</li>
	<li>Generador</li>
	<li>Conductor</li>
	<li>Interruptor</li>
	<li>Receptor el&eacute;ctrico o aparato</li>
</ul>
]]></section>
<section title="Objetivos " path="12_section1.jpg" pathAmp=""
image1Text="" zoom1="false" zoom2a="false" zoom2b="false" layout="1"
>
<![CDATA[<p><strong>Objetivo:</strong> construir una maqueta con iluminaci&oacute;n propia.&nbsp; &nbsp;</p>

<p><strong>Organizaci&oacute;n: </strong>grupos de dos personas.</p>

<p><strong>Presentaci&oacute;n:</strong> maqueta, presentaci&oacute;n digital&nbsp;y exposici&oacute;n oral.</p>

<p><strong>Plazo:</strong> tres semanas.</p>

<p><strong>Punto de partida:&nbsp;</strong>para responder a la pregunta inicial del proyecto y averiguar c&oacute;mo se construye una maqueta con iluminaci&oacute;n propia, os proponemos que hag&aacute;is en clase una lluvia de ideas. Pensad en aquellos conceptos que cre&eacute;is que es necesario investigar, como la luz y c&oacute;mo se genera, la corriente el&eacute;ctrica o los circuitos el&eacute;ctricos.</p>

<p>Plantearos tambi&eacute;n qu&eacute; preguntas tendr&eacute;is que resolver durante la investigaci&oacute;n para alcanzar vuestro objetivo. Por ejemplo:</p>

<ul>
	<li>&iquest;Qu&eacute; tipo de maqueta quer&eacute;is construir? &iquest;C&oacute;mo pod&eacute;is desarrollarla?</li>
	<li>&iquest;Qu&eacute; tipo de materiales necesit&aacute;is?</li>
	<li>&iquest;C&oacute;mo pod&eacute;is dotarla de luz? &iquest;Cu&aacute;ntas luces quer&eacute;is integrar?</li>
	<li>&iquest;C&oacute;mo se construye un circuito el&eacute;ctrico?</li>
	<li>&iquest;Qu&eacute; necesit&aacute;is para hacerlo?</li>
</ul>

<p>Al final, intentad ofrecer una respuesta previa a la pregunta del proyecto. La investigaci&oacute;n os ayudar&aacute; a averiguar si estabais en lo cierto o no.&nbsp;</p>
]]></section>
<section title="Planificación" zoom1="true" zoom2a="true" zoom2b="true"
layout="4" path2a="2a_section3.jpg" path2b="2b_section3.jpg"
path2aAmp="2a_section3_big.jpg" path2bAmp="2b_section3_big.jpg"
image2aText="&lt;p&gt;&lt;span&gt;Modelo de tabla que os ayudará a realizar la planificación.&lt;/span&gt;&lt;/p&gt;"
image2bText="&lt;p&gt;&lt;span&gt;Ejemplo de planificación que os puede ayudar a organizar el proyecto.&lt;/span&gt;&lt;/p&gt;"
>
<![CDATA[<p>Para realizar el ejercicio propuesto, os proponemos que comenc&eacute;is por organizar el trabajo y las tareas que tendr&eacute;is que llevar a cabo. Para ello, pod&eacute;is seguir los siguientes pasos:</p>

<p>1.&ordm; Identificar el&nbsp;<strong>objetivo</strong>&nbsp;del proyecto y tenerlo presente a lo largo de toda la investigaci&oacute;n.</p>

<p>2.&ordm; Listar las&nbsp;<strong>tareas</strong>&nbsp;que tendr&eacute;is que realizar en el proyecto. Para ello, repasad todos los apartados del proyecto y tened en cuenta las tareas que se incluyen en cada uno. Os recomendamos que, en este caso, deis prioridad al dise&ntilde;o del circuito el&eacute;ctrico, y luego pens&eacute;is en construir una maqueta acorde con este.</p>

<p>3.&ordm; Decidir&nbsp;<strong>qui&eacute;n</strong>&nbsp;har&aacute; cada tarea y&nbsp;<strong>cu&aacute;nto tiempo</strong>&nbsp;le dedicar&aacute;.</p>

<p>4.&ordm; Definir cu&aacute;ndo pondr&eacute;is&nbsp;<strong>en com&uacute;n</strong>&nbsp;la informaci&oacute;n recopilada y elaborar&eacute;is la maqueta, la presentaci&oacute;n, y la exposici&oacute;n oral.</p>

<p>Para planificar el proyecto os puede resultar &uacute;til organizar las tareas en una tabla como la que os adjuntamos. La primera imagen es un modelo en blanco que pod&eacute;is aplicar, y la segunda imagen es un ejemplo de tabla completa con datos de un proyecto similar y que puede serviros de ayuda para rellenar la vuestra.</p>
]]></section>
<section title="Investigación" path="section4.jpg" pathAmp=""
image1Text="" zoom1="false" zoom2a="false" zoom2b="false" layout="1"
>
<![CDATA[<p>A la hora de realizar vuestra investigaci&oacute;n, es importante que pens&eacute;is qu&eacute; recursos y fuentes de informaci&oacute;n pueden resultar &uacute;tiles. Os recomendamos:</p>

<ul>
	<li>Consultar publicaciones y p&aacute;ginas web fiables, como el <a href="http://proyectos.cnice.mec.es/arquimedes/corredera.php" target="_blank">Proyecto Arqu&iacute;medes</a>&nbsp;del Ministerio de Educaci&oacute;n, o la p&aacute;gina educativa <a href="https://experimentoscaseros.wikispaces.com/" target="_blank">Experimentos caseros</a>. Tambi&eacute;n videos tutoriales para aprender a construir circuitos el&eacute;ctricos y maquetas, que puedes encontrar en canales de YouTube como <a href="https://www.youtube.com/channel/UCM7Dwmo0031iRaGdDunPaQw?nohtml5=False" target="_blank">Cienciabit</a>.</li>
	<li>Contrastar con varias fuentes la informaci&oacute;n que utilic&eacute;is: no dar por buena una informaci&oacute;n si no es de una instituci&oacute;n p&uacute;blica o privada de reconocido prestigio (Gran Enciclopedia Planeta, etc.)</li>
	<li>Utilizar solo la informaci&oacute;n que sea &uacute;til y descartar aquella que no aporte nada para alcanzar el objetivo de la investigaci&oacute;n (construir una maqueta con iluminaci&oacute;n propia)</li>
	<li>Elaborar una lista con las fuentes consultadas (bibliograf&iacute;a: listado de libros consultados, webs, etc.)</li>
	<li>Resumir con vuestras palabras la informaci&oacute;n obtenida. Si us&aacute;is textos o frases literales, recordad que deb&eacute;is citarlas entre comillas e indicar la fuente de la que proceden.</li>
</ul>
]]></section>
<section title="Análisis" path="section5.jpg" pathAmp="" image1Text=""
zoom1="false" zoom2a="false" zoom2b="false" layout="1">
<![CDATA[<p>A partir de la informaci&oacute;n recopilada, elaborad un <strong>documento de instrucciones</strong> que sintetice la siguiente informaci&oacute;n:</p>

<ul>
	<li>Materiales que vais a utilizar en la construcci&oacute;n de la maqueta. Se sugiere detallar por un lado los materiales usados para la elaboraci&oacute;n del circuito el&eacute;ctrico, y por otro los usados para el desarrollo de la maqueta en s&iacute;.</li>
	<li>Fases de construcci&oacute;n de la maqueta.</li>
	<li>Pasos que se han seguido en la elaboraci&oacute;n de la maqueta. Deben aparecer totalmente detallados, de modo que permitan a otras personas construir uan maqueta similar.</li>
</ul>
]]></section>
<section title="Exposición" path="18_section1.jpg" pathAmp=""
image1Text="" zoom1="false" zoom2a="false" zoom2b="false" layout="1"
>
<![CDATA[<p>Una vez analizada la informaci&oacute;n, deb&eacute;is apoyaros en los documentos de instrucciones que hab&eacute;is redactado para construir la <strong>maqueta con iluminaci&oacute;n. </strong>Es recomendable que tom&eacute;is notas y fotograf&iacute;as durante el proceso, ya que estas os servir&aacute;n para documentarlo y elaborar la <strong>presentaci&oacute;n de diapositivas</strong> que expondr&eacute;is ante vuestros compa&ntilde;eros.</p>

<p>Esta <strong>presentaci&oacute;n</strong> debe incluir informaci&oacute;n sobre los materiales utilizados y los pasos seguidos en la construcci&oacute;n de la maqueta, pero tambi&eacute;n de los obst&aacute;culos que han surgido durante su desarrollo y c&oacute;mo se han solventado. Adem&aacute;s, deb&eacute;is plasmar los resultados y las conclusiones de la investigaci&oacute;n.</p>

<p>El documento deber&iacute;a organizarse as&iacute;:</p>

<ul>
	<li>Introducci&oacute;n.</li>
	<li>Descripci&oacute;n y demostraci&oacute;n del funcionamiento de la maqueta.</li>
	<li>Desarrollo del proceso de construcci&oacute;n.</li>
	<li>Valoraci&oacute;n sobre los obst&aacute;culos encontrados y las soluciones planteadas para salvarlos.</li>
	<li>Conclusiones.</li>
	<li>Bibliograf&iacute;a consultada.</li>
</ul>

<p>Para la <strong>exposici&oacute;n oral</strong> en clase os recomendamos que cada miembro del grupo explique uno de los puntos o apartados. Intentad hablar a la velocidad adecuada y vocalizar correctamente. Al finalizar vuestra presentaci&oacute;n, destinad unos minutos para resolver las dudas que hayan podido surgir entre vuestros compa&ntilde;eros.</p>
]]></section>
<section title="Evaluación" path="" pathAmp="" image1Text=""
zoom1="false" zoom2a="false" zoom2b="false" layout="2">
<![CDATA[<p>Al acabar el proyecto, pod&eacute;is autoevaluaros vosotros mismos para comprobar qu&eacute; tareas hab&eacute;is hecho mejor o peor y si el proyecto se ha realizado correctamente.</p>

<p><em>Valorad de 1 a 5, siendo 1 muy mal y 5 muy bien. </em></p>

<p><strong>&Iacute;TEMS DE VALORACI&Oacute;N&nbsp;&nbsp;&nbsp;&nbsp;&nbsp;&nbsp;&nbsp;&nbsp;&nbsp;&nbsp;&nbsp;</strong></p>

<p>________________________________________________________________________&nbsp;&nbsp;&nbsp;&nbsp;&nbsp;&nbsp;&nbsp;&nbsp;&nbsp;&nbsp;&nbsp;&nbsp;&nbsp;&nbsp;&nbsp;&nbsp;&nbsp;&nbsp;&nbsp;&nbsp;&nbsp;&nbsp;&nbsp;&nbsp;&nbsp;&nbsp;&nbsp;&nbsp;&nbsp;&nbsp;&nbsp;&nbsp;&nbsp;&nbsp;&nbsp;&nbsp;&nbsp;&nbsp;&nbsp;&nbsp;&nbsp;&nbsp;&nbsp;&nbsp;&nbsp;&nbsp;&nbsp;&nbsp;&nbsp;&nbsp;&nbsp;&nbsp;&nbsp;&nbsp;&nbsp;&nbsp;&nbsp;&nbsp;&nbsp;&nbsp;&nbsp;&nbsp;&nbsp;&nbsp;&nbsp;&nbsp;</p>

<p><strong>&nbsp;&nbsp;&nbsp;&nbsp;&nbsp;&nbsp;&nbsp;&nbsp;&nbsp;&nbsp;&nbsp;&nbsp;&nbsp;&nbsp;&nbsp;&nbsp;&nbsp;&nbsp;&nbsp;&nbsp;&nbsp;&nbsp;&nbsp;&nbsp;&nbsp;&nbsp;&nbsp;&nbsp;&nbsp;&nbsp;&nbsp;&nbsp;&nbsp;&nbsp;&nbsp;&nbsp;&nbsp;&nbsp;&nbsp;&nbsp;&nbsp;&nbsp;&nbsp;&nbsp;&nbsp;&nbsp;&nbsp;&nbsp;&nbsp;&nbsp;&nbsp;&nbsp;&nbsp;&nbsp;&nbsp;&nbsp;&nbsp;&nbsp;&nbsp;&nbsp;&nbsp;&nbsp;&nbsp;&nbsp;&nbsp;&nbsp;&nbsp;&nbsp;&nbsp;&nbsp;&nbsp;&nbsp;&nbsp;&nbsp;&nbsp;&nbsp;&nbsp;1&nbsp;&nbsp;&nbsp;&nbsp;&nbsp;&nbsp;&nbsp;&nbsp;&nbsp;&nbsp;&nbsp;2&nbsp;&nbsp;&nbsp;&nbsp;&nbsp;&nbsp;&nbsp;&nbsp;&nbsp;&nbsp;&nbsp;3&nbsp;&nbsp;&nbsp;&nbsp;&nbsp;&nbsp;&nbsp;&nbsp;&nbsp;&nbsp;&nbsp;4&nbsp;&nbsp;&nbsp;&nbsp;&nbsp;&nbsp;&nbsp;&nbsp;&nbsp;&nbsp;&nbsp;5</strong>&nbsp;&nbsp;&nbsp;&nbsp;&nbsp;&nbsp;&nbsp;&nbsp;&nbsp;&nbsp;&nbsp;</p>

<p><strong>Objetivos</strong>&nbsp;&nbsp;&nbsp;&nbsp;&nbsp;&nbsp;&nbsp;&nbsp;&nbsp;&nbsp;&nbsp;&nbsp;&nbsp;&nbsp;&nbsp;&nbsp;&nbsp;&nbsp;&nbsp;&nbsp;&nbsp;&nbsp;&nbsp;&nbsp;&nbsp;&nbsp;&nbsp;&nbsp;&nbsp;&nbsp;&nbsp;&nbsp;&nbsp;&nbsp;&nbsp;&nbsp;&nbsp;&nbsp;&nbsp;&nbsp;&nbsp;&nbsp;&nbsp;&nbsp;</p>

<p><strong>&middot; </strong>Has comprendido el objetivo del proyecto.&nbsp;&nbsp;&nbsp;&nbsp;&nbsp;&nbsp;&nbsp;&nbsp;&nbsp;&nbsp;&nbsp;</p>

<p><strong>&middot; </strong>Has participado en la lluvia de ideas para plantear</p>

<p><strong>&nbsp;&nbsp;</strong>la respuesta previa a la pregunta propuesta. &nbsp;&nbsp;&nbsp;&nbsp;&nbsp;&nbsp;&nbsp;&nbsp;&nbsp;&nbsp;&nbsp;&nbsp;&nbsp;&nbsp;&nbsp;&nbsp;&nbsp;&nbsp;&nbsp;&nbsp;&nbsp;&nbsp;&nbsp;&nbsp;&nbsp;&nbsp;&nbsp;&nbsp;&nbsp;&nbsp;&nbsp;&nbsp;&nbsp;&nbsp;&nbsp;&nbsp;&nbsp;&nbsp;&nbsp;&nbsp;&nbsp;&nbsp;&nbsp;&nbsp;</p>

<p><strong>&middot; </strong>Has previsto aspectos que despu&eacute;s hab&eacute;is</p>

<p><strong>&nbsp;&nbsp;</strong>necesitado para el desarrollo de la investigaci&oacute;n.</p>

<p>________________________________________________________________________&nbsp;&nbsp;&nbsp;&nbsp;&nbsp;&nbsp;&nbsp;&nbsp;&nbsp;&nbsp;&nbsp;&nbsp;&nbsp;&nbsp;&nbsp;&nbsp;&nbsp;&nbsp;&nbsp;&nbsp;&nbsp;&nbsp;&nbsp;&nbsp;&nbsp;&nbsp;&nbsp;&nbsp;&nbsp;&nbsp;&nbsp;&nbsp;&nbsp;&nbsp;&nbsp;&nbsp;&nbsp;&nbsp;&nbsp;&nbsp;&nbsp;&nbsp;&nbsp;&nbsp;&nbsp;&nbsp;&nbsp;&nbsp;&nbsp;&nbsp;&nbsp;&nbsp;&nbsp;&nbsp;&nbsp;&nbsp;&nbsp;&nbsp;&nbsp;&nbsp;&nbsp;&nbsp;&nbsp;&nbsp;&nbsp;&nbsp;</p>

<p><strong>&nbsp;&nbsp;&nbsp;&nbsp;&nbsp;&nbsp;&nbsp;&nbsp;&nbsp;&nbsp;&nbsp;&nbsp;&nbsp;&nbsp;&nbsp;&nbsp;&nbsp;&nbsp;&nbsp;&nbsp;&nbsp;&nbsp;&nbsp;&nbsp;&nbsp;&nbsp;&nbsp;&nbsp;&nbsp;&nbsp;&nbsp;&nbsp;&nbsp;&nbsp;&nbsp;&nbsp;&nbsp;&nbsp;&nbsp;&nbsp;&nbsp;&nbsp;&nbsp;&nbsp;&nbsp;&nbsp;&nbsp;&nbsp;&nbsp;&nbsp;&nbsp;&nbsp;&nbsp;&nbsp;&nbsp;&nbsp;&nbsp;&nbsp;&nbsp;&nbsp;&nbsp;&nbsp;&nbsp;&nbsp;&nbsp;&nbsp;&nbsp;&nbsp;&nbsp;&nbsp;&nbsp;&nbsp;&nbsp;&nbsp;&nbsp;&nbsp;&nbsp;1&nbsp;&nbsp;&nbsp;&nbsp;&nbsp;&nbsp;&nbsp;&nbsp;&nbsp;&nbsp;&nbsp;2&nbsp;&nbsp;&nbsp;&nbsp;&nbsp;&nbsp;&nbsp;&nbsp;&nbsp;&nbsp;&nbsp;3&nbsp;&nbsp;&nbsp;&nbsp;&nbsp;&nbsp;&nbsp;&nbsp;&nbsp;&nbsp;&nbsp;4&nbsp;&nbsp;&nbsp;&nbsp;&nbsp;&nbsp;&nbsp;&nbsp;&nbsp;&nbsp;&nbsp;5</strong>&nbsp;&nbsp;&nbsp;&nbsp;&nbsp;&nbsp;&nbsp;&nbsp;&nbsp;&nbsp;&nbsp;</p>

<p><strong>Planificaci&oacute;n del proyecto&nbsp;&nbsp;&nbsp;&nbsp;&nbsp;&nbsp;&nbsp;&nbsp;&nbsp;&nbsp;&nbsp;</strong>&nbsp;&nbsp;&nbsp;&nbsp;&nbsp;&nbsp;&nbsp;&nbsp;&nbsp;&nbsp;&nbsp;&nbsp;&nbsp;&nbsp;&nbsp;&nbsp;&nbsp;&nbsp;&nbsp;&nbsp;&nbsp;&nbsp;&nbsp;&nbsp;&nbsp;&nbsp;&nbsp;&nbsp;&nbsp;&nbsp;&nbsp;&nbsp;&nbsp;&nbsp;&nbsp;&nbsp;&nbsp;&nbsp;&nbsp;&nbsp;&nbsp;&nbsp;&nbsp;&nbsp;&nbsp;&nbsp;&nbsp;&nbsp;&nbsp;&nbsp;&nbsp;&nbsp;&nbsp;&nbsp;&nbsp;&nbsp;&nbsp;&nbsp;&nbsp;&nbsp;&nbsp;&nbsp;&nbsp;&nbsp;&nbsp;&nbsp;&nbsp;&nbsp;&nbsp;&nbsp;&nbsp;&nbsp;&nbsp;&nbsp;&nbsp;&nbsp;&nbsp;&nbsp;&nbsp;&nbsp;&nbsp;&nbsp;&nbsp;&nbsp;&nbsp;&nbsp;&nbsp;&nbsp;</p>

<p><strong>&middot;</strong> Has participado en la planificaci&oacute;n del proyecto.</p>

<p><strong>&middot;</strong> Has contribuido en la distribuci&oacute;n de tareas.</p>

<p><strong>&middot;</strong> Hab&eacute;is calculado correctamente el tiempo</p>

<p><strong>&nbsp;&nbsp;</strong>necesario&nbsp;para&nbsp;desarrollar&nbsp;cada&nbsp;tarea.&nbsp;&nbsp; &nbsp; &nbsp; &nbsp; &nbsp; &nbsp; &nbsp; &nbsp; &nbsp; &nbsp; &nbsp; &nbsp; &nbsp; &nbsp; &nbsp; &nbsp; &nbsp; &nbsp; &nbsp; &nbsp; &nbsp; &nbsp; &nbsp; &nbsp; &nbsp; &nbsp; &nbsp; &nbsp; &nbsp; &nbsp; &nbsp; &nbsp; &nbsp; &nbsp; &nbsp; &nbsp; &nbsp; &nbsp;</p>

<p><strong>&middot; </strong>Has desempe&ntilde;ado correctamente las tareas que</p>

<p><strong>&nbsp;&nbsp;</strong>te&nbsp;han&nbsp;sido&nbsp;asignadas.&nbsp; &nbsp; &nbsp; &nbsp; &nbsp; &nbsp; &nbsp; &nbsp; &nbsp; &nbsp; &nbsp; &nbsp; &nbsp; &nbsp; &nbsp; &nbsp; &nbsp; &nbsp; &nbsp; &nbsp; &nbsp; &nbsp; &nbsp; &nbsp; &nbsp; &nbsp; &nbsp; &nbsp; &nbsp; &nbsp; &nbsp; &nbsp; &nbsp; &nbsp; &nbsp; &nbsp; &nbsp; &nbsp; &nbsp; &nbsp; &nbsp; &nbsp;</p>

<p><strong>&middot; </strong>Hab&eacute;is distribuido de forma equitativa las tareas</p>

<p><strong>&nbsp;&nbsp;</strong>entre los miembros del grupo.</p>

<p><strong>&middot; </strong>Has realizado las tareas asignadas en el tiempo</p>

<p><strong>&nbsp;&nbsp;</strong>previsto.</p>

<p><strong>&middot; </strong>Todos los miembros del grupo han participado</p>

<p><strong>&nbsp; &nbsp;</strong>seg&uacute;n lo previsto.</p>

<p>________________________________________________________________________&nbsp;&nbsp;&nbsp;&nbsp;&nbsp;&nbsp;&nbsp;&nbsp;&nbsp;&nbsp;&nbsp;&nbsp;&nbsp;&nbsp;&nbsp;&nbsp;&nbsp;&nbsp;&nbsp;&nbsp;&nbsp;&nbsp;&nbsp;&nbsp;&nbsp;&nbsp;&nbsp;&nbsp;&nbsp;&nbsp;&nbsp;&nbsp;&nbsp;&nbsp;&nbsp;&nbsp;&nbsp;&nbsp;&nbsp;&nbsp;&nbsp;&nbsp;&nbsp;&nbsp;&nbsp;&nbsp;&nbsp;&nbsp;&nbsp;&nbsp;&nbsp;&nbsp;&nbsp;&nbsp;&nbsp;&nbsp;&nbsp;&nbsp;&nbsp;&nbsp;&nbsp;&nbsp;&nbsp;&nbsp;&nbsp;&nbsp;</p>

<p><strong>&nbsp;&nbsp;&nbsp;&nbsp;&nbsp;&nbsp;&nbsp;&nbsp;&nbsp;&nbsp;&nbsp;&nbsp;&nbsp;&nbsp;&nbsp;&nbsp;&nbsp;&nbsp;&nbsp;&nbsp;&nbsp;&nbsp;&nbsp;&nbsp;&nbsp;&nbsp;&nbsp;&nbsp;&nbsp;&nbsp;&nbsp;&nbsp;&nbsp;&nbsp;&nbsp;&nbsp;&nbsp;&nbsp;&nbsp;&nbsp;&nbsp;&nbsp;&nbsp;&nbsp;&nbsp;&nbsp;&nbsp;&nbsp;&nbsp;&nbsp;&nbsp;&nbsp;&nbsp;&nbsp;&nbsp;&nbsp;&nbsp;&nbsp;&nbsp;&nbsp;&nbsp;&nbsp;&nbsp;&nbsp;&nbsp;&nbsp;&nbsp;&nbsp;&nbsp;&nbsp;&nbsp;&nbsp;&nbsp;&nbsp;&nbsp;&nbsp;&nbsp;1&nbsp;&nbsp;&nbsp;&nbsp;&nbsp;&nbsp;&nbsp;&nbsp;&nbsp;&nbsp;&nbsp;2&nbsp;&nbsp;&nbsp;&nbsp;&nbsp;&nbsp;&nbsp;&nbsp;&nbsp;&nbsp;&nbsp;3&nbsp;&nbsp;&nbsp;&nbsp;&nbsp;&nbsp;&nbsp;&nbsp;&nbsp;&nbsp;&nbsp;4&nbsp;&nbsp;&nbsp;&nbsp;&nbsp;&nbsp;&nbsp;&nbsp;&nbsp;&nbsp;&nbsp;5</strong>&nbsp;&nbsp;&nbsp;&nbsp;&nbsp;&nbsp;&nbsp;&nbsp;&nbsp;&nbsp;&nbsp;</p>

<p><strong>Investigaci&oacute;n&nbsp;&nbsp;&nbsp;&nbsp;&nbsp;&nbsp;&nbsp;&nbsp;&nbsp;&nbsp;&nbsp;</strong>&nbsp;&nbsp;&nbsp;&nbsp;&nbsp;&nbsp;&nbsp;&nbsp;&nbsp;&nbsp;&nbsp;&nbsp;&nbsp;&nbsp;&nbsp;&nbsp;&nbsp;&nbsp;&nbsp;&nbsp;&nbsp;&nbsp;&nbsp;&nbsp;&nbsp;&nbsp;&nbsp;&nbsp;&nbsp;&nbsp;&nbsp;&nbsp;&nbsp;&nbsp;&nbsp;&nbsp;&nbsp;&nbsp;&nbsp;&nbsp;&nbsp;&nbsp;&nbsp;&nbsp;&nbsp;&nbsp;&nbsp;&nbsp;&nbsp;&nbsp;&nbsp;&nbsp;&nbsp;&nbsp;&nbsp;</p>

<p><strong>&middot; </strong>Has propuesto fuentes de informaci&oacute;n en</p>

<p><strong>&nbsp; &nbsp;</strong>las&nbsp;que&nbsp;encontrar&nbsp;los&nbsp;datos&nbsp;que&nbsp;necesitabais.&nbsp;&nbsp;&nbsp;&nbsp;&nbsp;&nbsp;&nbsp;&nbsp;&nbsp;&nbsp;&nbsp;&nbsp;&nbsp;&nbsp;&nbsp;&nbsp;&nbsp;&nbsp;&nbsp;&nbsp;&nbsp;&nbsp;&nbsp;&nbsp;&nbsp;&nbsp;&nbsp;&nbsp;&nbsp;&nbsp;&nbsp;&nbsp;&nbsp;&nbsp;&nbsp;&nbsp;&nbsp;&nbsp;&nbsp;&nbsp;&nbsp;&nbsp;&nbsp;&nbsp;&nbsp;&nbsp;&nbsp;&nbsp;&nbsp;&nbsp;&nbsp;&nbsp;&nbsp;&nbsp;&nbsp;</p>

<p><strong>&middot; </strong>La metodolog&iacute;a propuesta ha<strong> </strong>sido la adecuada</p>

<p><strong>&nbsp;&nbsp;</strong>para&nbsp;recabar&nbsp;la&nbsp;informaci&oacute;n&nbsp;que&nbsp;os&nbsp;hac&iacute;a&nbsp;falta.&nbsp;&nbsp;&nbsp;&nbsp;&nbsp;&nbsp;&nbsp;&nbsp;&nbsp;&nbsp;&nbsp;&nbsp;&nbsp;&nbsp;&nbsp;&nbsp;&nbsp;&nbsp;&nbsp;&nbsp;&nbsp;&nbsp;&nbsp;&nbsp;&nbsp;&nbsp;&nbsp;&nbsp;&nbsp;&nbsp;&nbsp;&nbsp;&nbsp;&nbsp;&nbsp;&nbsp;&nbsp;&nbsp;&nbsp;&nbsp;&nbsp;&nbsp;&nbsp;&nbsp;&nbsp;&nbsp;&nbsp;&nbsp;&nbsp;&nbsp;&nbsp;&nbsp;&nbsp;&nbsp;&nbsp;</p>

<p><strong>&middot; </strong>Hab&eacute;is valorado los criterios necesarios para</p>

<p><strong>&nbsp;&nbsp;</strong>seleccionar la informaci&oacute;n.</p>

<p><strong>&middot; </strong>Has participado activamente en la b&uacute;squeda</p>

<p><strong>&nbsp;&nbsp;</strong>de informaci&oacute;n.</p>

<p><strong>&middot; </strong>Has hecho uso de diferentes fuentes y tipos</p>

<p><strong>&nbsp;&nbsp;</strong>de informaci&oacute;n.&nbsp;&nbsp;&nbsp;&nbsp;&nbsp;&nbsp;&nbsp;&nbsp;&nbsp;&nbsp;&nbsp;&nbsp;&nbsp;&nbsp;&nbsp;&nbsp;&nbsp;&nbsp;&nbsp;&nbsp;&nbsp;&nbsp;&nbsp;&nbsp;&nbsp;&nbsp;&nbsp;&nbsp;&nbsp;&nbsp;&nbsp;&nbsp;&nbsp;&nbsp;&nbsp;&nbsp;&nbsp;&nbsp;&nbsp;&nbsp;&nbsp;&nbsp;&nbsp;&nbsp;</p>

<p>________________________________________________________________________&nbsp;&nbsp;&nbsp;&nbsp;&nbsp;&nbsp;&nbsp;&nbsp;&nbsp;&nbsp;&nbsp;&nbsp;&nbsp;&nbsp;&nbsp;&nbsp;&nbsp;&nbsp;&nbsp;&nbsp;&nbsp;&nbsp;&nbsp;&nbsp;&nbsp;&nbsp;&nbsp;&nbsp;&nbsp;&nbsp;&nbsp;&nbsp;&nbsp;&nbsp;&nbsp;&nbsp;&nbsp;&nbsp;&nbsp;&nbsp;&nbsp;&nbsp;&nbsp;&nbsp;&nbsp;&nbsp;&nbsp;&nbsp;&nbsp;&nbsp;&nbsp;&nbsp;&nbsp;&nbsp;&nbsp;&nbsp;&nbsp;&nbsp;&nbsp;&nbsp;&nbsp;&nbsp;&nbsp;&nbsp;&nbsp;&nbsp;</p>

<p><strong>&nbsp;&nbsp;&nbsp;&nbsp;&nbsp;&nbsp;&nbsp;&nbsp;&nbsp;&nbsp;&nbsp;&nbsp;&nbsp;&nbsp;&nbsp;&nbsp;&nbsp;&nbsp;&nbsp;&nbsp;&nbsp;&nbsp;&nbsp;&nbsp;&nbsp;&nbsp;&nbsp;&nbsp;&nbsp;&nbsp;&nbsp;&nbsp;&nbsp;&nbsp;&nbsp;&nbsp;&nbsp;&nbsp;&nbsp;&nbsp;&nbsp;&nbsp;&nbsp;&nbsp;&nbsp;&nbsp;&nbsp;&nbsp;&nbsp;&nbsp;&nbsp;&nbsp;&nbsp;&nbsp;&nbsp;&nbsp;&nbsp;&nbsp;&nbsp;&nbsp;&nbsp;&nbsp;&nbsp;&nbsp;&nbsp;&nbsp;&nbsp;&nbsp;&nbsp;&nbsp;&nbsp;&nbsp;&nbsp;&nbsp;&nbsp;&nbsp;&nbsp;1&nbsp;&nbsp;&nbsp;&nbsp;&nbsp;&nbsp;&nbsp;&nbsp;&nbsp;&nbsp;&nbsp;2&nbsp;&nbsp;&nbsp;&nbsp;&nbsp;&nbsp;&nbsp;&nbsp;&nbsp;&nbsp;&nbsp;3&nbsp;&nbsp;&nbsp;&nbsp;&nbsp;&nbsp;&nbsp;&nbsp;&nbsp;&nbsp;&nbsp;4&nbsp;&nbsp;&nbsp;&nbsp;&nbsp;&nbsp;&nbsp;&nbsp;&nbsp;&nbsp;&nbsp;5</strong>&nbsp;&nbsp;&nbsp;&nbsp;&nbsp;&nbsp;&nbsp;&nbsp;&nbsp;&nbsp;&nbsp;</p>

<p><strong>An&aacute;lisis de la informaci&oacute;n&nbsp;&nbsp;&nbsp;&nbsp;&nbsp;&nbsp;&nbsp;&nbsp;&nbsp;&nbsp;&nbsp;</strong>&nbsp;&nbsp;&nbsp;&nbsp;&nbsp;&nbsp;&nbsp;&nbsp;&nbsp;&nbsp;&nbsp;&nbsp;&nbsp;&nbsp;&nbsp;&nbsp;&nbsp;&nbsp;&nbsp;&nbsp;&nbsp;&nbsp;&nbsp;&nbsp;&nbsp;&nbsp;&nbsp;&nbsp;&nbsp;&nbsp;&nbsp;&nbsp;&nbsp;&nbsp;&nbsp;&nbsp;&nbsp;&nbsp;&nbsp;&nbsp;&nbsp;&nbsp;&nbsp;&nbsp;&nbsp;&nbsp;&nbsp;&nbsp;&nbsp;&nbsp;&nbsp;&nbsp;&nbsp;&nbsp;&nbsp;</p>

<p><strong>&middot; </strong>Has sabido distinguir la informaci&oacute;n importante</p>

<p><strong>&nbsp;&nbsp;</strong>de la superflua.&nbsp;&nbsp;&nbsp;&nbsp;&nbsp;&nbsp;&nbsp;&nbsp;&nbsp;&nbsp;&nbsp;&nbsp;&nbsp;&nbsp;&nbsp;&nbsp;&nbsp;&nbsp;&nbsp;&nbsp;&nbsp;&nbsp;&nbsp;&nbsp;&nbsp;&nbsp;&nbsp;&nbsp;&nbsp;&nbsp;&nbsp;&nbsp;&nbsp;&nbsp;&nbsp;&nbsp;&nbsp;&nbsp;&nbsp;&nbsp;&nbsp;&nbsp;&nbsp;&nbsp;&nbsp;&nbsp;&nbsp;&nbsp;&nbsp;&nbsp;&nbsp;&nbsp;&nbsp;&nbsp;&nbsp;&nbsp;&nbsp;&nbsp;&nbsp;&nbsp;&nbsp;&nbsp;&nbsp;&nbsp;&nbsp;&nbsp;</p>

<p><strong>&middot; </strong>Has ordenado todos los datos antes de analizarlos.</p>

<p><strong>&middot; </strong>Has sabido trasladar los datos a las fichas como</p>

<p><strong>&nbsp;&nbsp;</strong>se requer&iacute;a.</p>

<p>________________________________________________________________________&nbsp;&nbsp;&nbsp;&nbsp;&nbsp;&nbsp;&nbsp;&nbsp;&nbsp;&nbsp;&nbsp;&nbsp;&nbsp;&nbsp;&nbsp;&nbsp;&nbsp;&nbsp;&nbsp;&nbsp;&nbsp;&nbsp;&nbsp;&nbsp;&nbsp;&nbsp;&nbsp;&nbsp;&nbsp;&nbsp;&nbsp;&nbsp;&nbsp;&nbsp;&nbsp;&nbsp;&nbsp;&nbsp;&nbsp;&nbsp;&nbsp;&nbsp;&nbsp;&nbsp;&nbsp;&nbsp;&nbsp;&nbsp;&nbsp;&nbsp;&nbsp;&nbsp;&nbsp;&nbsp;&nbsp;&nbsp;&nbsp;&nbsp;&nbsp;&nbsp;&nbsp;&nbsp;&nbsp;&nbsp;&nbsp;&nbsp;</p>

<p><strong>&nbsp;&nbsp;&nbsp;&nbsp;&nbsp;&nbsp;&nbsp;&nbsp;&nbsp;&nbsp;&nbsp;&nbsp;&nbsp;&nbsp;&nbsp;&nbsp;&nbsp;&nbsp;&nbsp;&nbsp;&nbsp;&nbsp;&nbsp;&nbsp;&nbsp;&nbsp;&nbsp;&nbsp;&nbsp;&nbsp;&nbsp;&nbsp;&nbsp;&nbsp;&nbsp;&nbsp;&nbsp;&nbsp;&nbsp;&nbsp;&nbsp;&nbsp;&nbsp;&nbsp;&nbsp;&nbsp;&nbsp;&nbsp;&nbsp;&nbsp;&nbsp;&nbsp;&nbsp;&nbsp;&nbsp;&nbsp;&nbsp;&nbsp;&nbsp;&nbsp;&nbsp;&nbsp;&nbsp;&nbsp;&nbsp;&nbsp;&nbsp;&nbsp;&nbsp;&nbsp;&nbsp;&nbsp;&nbsp;&nbsp;&nbsp;&nbsp;&nbsp;1&nbsp;&nbsp;&nbsp;&nbsp;&nbsp;&nbsp;&nbsp;&nbsp;&nbsp;&nbsp;&nbsp;2&nbsp;&nbsp;&nbsp;&nbsp;&nbsp;&nbsp;&nbsp;&nbsp;&nbsp;&nbsp;&nbsp;3&nbsp;&nbsp;&nbsp;&nbsp;&nbsp;&nbsp;&nbsp;&nbsp;&nbsp;&nbsp;&nbsp;4&nbsp;&nbsp;&nbsp;&nbsp;&nbsp;&nbsp;&nbsp;&nbsp;&nbsp;&nbsp;&nbsp;5</strong>&nbsp;&nbsp;&nbsp;&nbsp;&nbsp;&nbsp;&nbsp;&nbsp;&nbsp;&nbsp;&nbsp;</p>

<p><strong>Exposici&oacute;n</strong>&nbsp;&nbsp;&nbsp;&nbsp;&nbsp;&nbsp;&nbsp;&nbsp;&nbsp;&nbsp;&nbsp;&nbsp;&nbsp;&nbsp;&nbsp;&nbsp;&nbsp;&nbsp;&nbsp;&nbsp;&nbsp;&nbsp;&nbsp;&nbsp;&nbsp;&nbsp;&nbsp;&nbsp;&nbsp;&nbsp;&nbsp;&nbsp;&nbsp;</p>

<p><strong>&middot;</strong> Has dado respuesta a la pregunta principal</p>

<p><strong>&nbsp;&nbsp;</strong>del proyecto.</p>

<p><strong>&middot;</strong> Has participado en la elaboraci&oacute;n de la &nbsp; &nbsp; &nbsp; &nbsp; &nbsp; &nbsp; &nbsp; &nbsp; &nbsp; &nbsp; &nbsp; &nbsp; &nbsp; &nbsp; &nbsp; &nbsp; &nbsp; &nbsp; &nbsp; &nbsp; &nbsp; &nbsp; &nbsp; &nbsp; &nbsp; &nbsp; &nbsp; &nbsp; &nbsp; &nbsp; maqueta.</p>

<p><strong>&middot; </strong>Has participado en la extracci&oacute;n de</p>

<p><strong>&nbsp;&nbsp;</strong>conclusiones.</p>

<p><strong>&middot; </strong>Has sabido estructurar la informaci&oacute;n</p>

<p><strong>&nbsp;&nbsp;</strong>correctamente en el texto.</p>

<p><strong>&middot; </strong>Has participado en la elaboraci&oacute;n de la presentaci&oacute;n.</p>

<p><strong>&middot; </strong>Has incorporado el contenido visual adecuado.</p>

<p><strong>&middot; </strong>Has sido creativo/a.</p>

<p><strong>&middot; </strong>Has participado en la preparaci&oacute;n de</p>

<p><strong>&nbsp;&nbsp;</strong>la exposici&oacute;n oral.&nbsp;&nbsp;&nbsp;&nbsp;&nbsp;&nbsp;&nbsp;&nbsp;&nbsp;&nbsp;&nbsp;&nbsp;&nbsp;&nbsp;&nbsp;&nbsp;&nbsp;&nbsp;&nbsp;&nbsp;&nbsp;&nbsp;&nbsp;&nbsp;&nbsp;&nbsp;&nbsp;&nbsp;&nbsp;&nbsp;&nbsp;&nbsp;&nbsp;&nbsp;&nbsp;&nbsp;&nbsp;&nbsp;&nbsp;&nbsp;&nbsp;&nbsp;&nbsp;&nbsp;&nbsp;&nbsp;&nbsp;&nbsp;&nbsp;&nbsp;&nbsp;&nbsp;&nbsp;&nbsp;&nbsp;&nbsp;&nbsp;&nbsp;&nbsp;&nbsp;&nbsp;&nbsp;&nbsp;&nbsp;&nbsp;&nbsp;</p>

<p><strong>&middot; </strong>Has presentado oralmente correctamente.</p>

<p><strong>&middot; </strong>Ha quedado clara la informaci&oacute;n expuesta.</p>

<p><strong>&middot; </strong>Has sabido argumentar las afirmaciones y</p>

<p><strong>&nbsp;&nbsp;</strong>responder a las preguntas tras la exposici&oacute;n.</p>

<p>________________________________________________________________________&nbsp;&nbsp;&nbsp;&nbsp;&nbsp;&nbsp;&nbsp;&nbsp;&nbsp;&nbsp;&nbsp;&nbsp;&nbsp;&nbsp;&nbsp;&nbsp;&nbsp;&nbsp;&nbsp;&nbsp;&nbsp;&nbsp;&nbsp;&nbsp;&nbsp;&nbsp;&nbsp;&nbsp;&nbsp;&nbsp;&nbsp;&nbsp;&nbsp;&nbsp;&nbsp;&nbsp;&nbsp;&nbsp;&nbsp;&nbsp;&nbsp;&nbsp;&nbsp;&nbsp;&nbsp;&nbsp;&nbsp;&nbsp;&nbsp;&nbsp;&nbsp;&nbsp;&nbsp;&nbsp;&nbsp;&nbsp;&nbsp;&nbsp;&nbsp;&nbsp;&nbsp;&nbsp;&nbsp;&nbsp;&nbsp;&nbsp;</p>

<p><strong>&nbsp;&nbsp;&nbsp;&nbsp;&nbsp;&nbsp;&nbsp;&nbsp;&nbsp;&nbsp;&nbsp;&nbsp;&nbsp;&nbsp;&nbsp;&nbsp;&nbsp;&nbsp;&nbsp;&nbsp;&nbsp;&nbsp;&nbsp;&nbsp;&nbsp;&nbsp;&nbsp;&nbsp;&nbsp;&nbsp;&nbsp;&nbsp;&nbsp;&nbsp;&nbsp;&nbsp;&nbsp;&nbsp;&nbsp;&nbsp;&nbsp;&nbsp;&nbsp;&nbsp;&nbsp;&nbsp;&nbsp;&nbsp;&nbsp;&nbsp;&nbsp;&nbsp;&nbsp;&nbsp;&nbsp;&nbsp;&nbsp;&nbsp;&nbsp;&nbsp;&nbsp;&nbsp;&nbsp;&nbsp;&nbsp;&nbsp;&nbsp;&nbsp;&nbsp;&nbsp;&nbsp;&nbsp;&nbsp;&nbsp;&nbsp;&nbsp;&nbsp;1&nbsp;&nbsp;&nbsp;&nbsp;&nbsp;&nbsp;&nbsp;&nbsp;&nbsp;&nbsp;&nbsp;2&nbsp;&nbsp;&nbsp;&nbsp;&nbsp;&nbsp;&nbsp;&nbsp;&nbsp;&nbsp;&nbsp;3&nbsp;&nbsp;&nbsp;&nbsp;&nbsp;&nbsp;&nbsp;&nbsp;&nbsp;&nbsp;&nbsp;4&nbsp;&nbsp;&nbsp;&nbsp;&nbsp;&nbsp;&nbsp;&nbsp;&nbsp;&nbsp;&nbsp;5</strong>&nbsp;&nbsp;&nbsp;&nbsp;&nbsp;&nbsp;&nbsp;&nbsp;&nbsp;&nbsp;&nbsp;</p>

<p><strong>VALORACI&Oacute;N GLOBAL</strong></p>

<p><strong>&middot;</strong> Del trabajo desarrollado.</p>

<p><strong>&middot;</strong> De los documentos entregados.</p>

<p><strong>&middot;</strong> Del trabajo en equipo.</p>

<p><strong>&middot;</strong> De la exposici&oacute;n y defensa del trabajo.&nbsp;&nbsp;&nbsp;&nbsp;&nbsp;&nbsp;&nbsp;&nbsp;&nbsp;&nbsp;&nbsp;&nbsp;&nbsp;&nbsp;&nbsp;&nbsp;&nbsp;&nbsp;&nbsp;&nbsp;&nbsp;&nbsp; &nbsp;&nbsp;&nbsp;&nbsp;&nbsp;&nbsp;&nbsp;&nbsp;&nbsp;&nbsp;&nbsp;&nbsp;&nbsp;&nbsp;&nbsp;&nbsp;&nbsp;&nbsp;&nbsp;&nbsp;&nbsp;&nbsp;&nbsp;&nbsp;&nbsp;&nbsp;&nbsp;&nbsp;&nbsp;&nbsp;&nbsp;&nbsp;&nbsp;&nbsp;&nbsp;&nbsp;&nbsp;&nbsp;&nbsp;&nbsp;&nbsp;&nbsp;&nbsp;&nbsp;</p>
]]></section>
</engine>
