﻿<?xml version="1.0" encoding="UTF-8"?>
<XMLDatos aprid="F">
  <titulo>Cómo funciona el circuito eléctrico</titulo>
  <titulo1><![CDATA[Interruptor]]></titulo1>
  <texto1><![CDATA[<ul>
        <li>El interruptor es el dispositivo utilizado para desviar o interrumpir el curso de la corriente.</li>
    </ul>]]></texto1>
  <titulo2><![CDATA[Generador]]></titulo2>
  <texto2><![CDATA[<ul>
        <li>El generador suministra la energía necesaria para que una corriente eléctrica circule por un circuito.</li>
    </ul>]]></texto2>
  <titulo3><![CDATA[Hilo conductor]]></titulo3>
  <texto3><![CDATA[<ul>
        <li>Los hilos conductores son cables de cobre recubiertos de un material.</li>
        <li>Su función es conducir la corriente eléctrica de un elemento a otro del circuito.</li>
    </ul>]]></texto3>
  <titulo4><![CDATA[Receptor]]></titulo4>
  <texto4><![CDATA[<ul>
        <li>El receptor se encarga de transformar la energía eléctrica que recibe en otros tipos de energía. En este caso en energía lumínica.</li>
    </ul>]]></texto4>
  <texto5><![CDATA[Los cables, los interruptores, las lámparas, etc. forman los circuitos eléctricos. La corriente eléctrica circula por estos elementos. En un circuito eléctrico cerrado se genera un movimiento continuo de cargas eléctricas que transportan energía.]]></texto5>
  <btnpractica><![CDATA[PRACTICA]]></btnpractica>
  <btnsolucion><![CDATA[SOLUCIÓN]]></btnsolucion>
  <mc_ficha1><![CDATA[Interruptor]]></mc_ficha1>
  <mc_ficha2><![CDATA[Generador]]></mc_ficha2>
  <mc_ficha3><![CDATA[Receptor]]></mc_ficha3>
  <mc_ficha4><![CDATA[Hilo conductor]]></mc_ficha4>
</XMLDatos>