﻿<?xml version="1.0" encoding="UTF-8"?>
<?xml-stylesheet href="cuadernoestudio/dtd/libro.xslt" type="text/xsl"?>
<!--Arbortext, Inc., 1988-2013, v.4002-->
<!DOCTYPE libro SYSTEM "cuadernoestudio/dtd/libro.dtd">
<libro id="CN_11_15_CO">
<libroTitulo>Los carbohidratos, los lípidos y las proteínas</libroTitulo>
<seccion1 id="S1_CN_11_15_CO_A2A63686F90A4189965BA31C2304AD23">
<seccion1Titulo>Los carbohidratos</seccion1Titulo>
<seccion1Texto>
<p>Los <negrita>carbohidratos</negrita> son un tipo de biomoléculas
constituidas por carbono (C), hidrógeno (H) y oxígeno (O).Tienen <negrita
>fórmula general (CH<subindice>2</subindice>O)<subindice>n</subindice
></negrita>. Son derivados de los aldehídos (R-CHO) o de las cetonas
(R-CO-R´) polisustituidos con grupos OH, por lo que se definen como
polihidroxialdehídos o polihidroxicetonas.</p>
<p>Los carbohidratos se encuentran presentes en todos los seres vivos.
Su función principal es aportar la <negrita>energía</negrita> necesaria
para todos los procesos metabólicos de los organismos vivos. Otras
funciones implican la <negrita>protección</negrita> y <negrita>soporte</negrita
> de las células y los organismos, así como la comunicación intercelular. </p>
<imagen src="CN_11_15_CO_IMG01_small.jpg">
<p>Los carbohidratos son también conocidos como azúcares, su mayor
fuente es vegetal. La fructosa es el carbohidrato principal de las
frutas.</p>
</imagen>
<profundiza>
<enlace
destino="/LoIdRedirect.aspx?LoId=CN_11_15_CO_Recurso010&amp;IdRecurso=RES-21F1EC356ABF49AF9ABA52906AD24130"
>Los glúcidos o carbohidratos</enlace>
</profundiza><seccion2
id="S2_CN_11_15_CO_3BA336791A86411DB29C3C5DB830D0FF">
<seccion2Titulo>La clasificación de los carbohidratos </seccion2Titulo>
<seccion2Texto>
<p>De acuerdo con el número de unidades monoméricas que los conforman,
los carbohidratos se clasifican en:</p>
<listaSinNumerar>
<listaElemento><negrita>Monosacáridos</negrita>: azúcares simples
compuestos por una cadena carbonada de tres hasta seis carbonos, por
ejemplo, la <negrita>fructosa</negrita>.</listaElemento>
<listaElemento><negrita>Disacáridos</negrita>: contienen dos monosacáridos
unidos por un enlace glicosídico. Por ejemplo, la <negrita>sacarosa</negrita
>.</listaElemento>
<listaElemento><negrita>Oligosacáridos</negrita>: formados por monosacáridos
(de dos a nueve) unidos por enlace glicosídico. Por ejemplo, la <negrita
>rafinosa</negrita>.</listaElemento>
<listaElemento><negrita>Polisacáridos</negrita>: constituidos por
más de diez monosacáridos entrelazados por enlaces glicosídico, por
ejemplo, el <negrita>almidón</negrita>.</listaElemento>
</listaSinNumerar>
<destacado><destacadoTitulo>El enlace glicosídico</destacadoTitulo>
<destacadoTexto>
<p>Un enlace glicosídico se da cuando el grupo hidroxilo (OH) de un
monosacárido reacciona con el grupo hidroxilo de otro y conforman
un enlace éter (-O-), presente en la formación de otros compuestos,
como disacáridos y polisacáridos.</p>
</destacadoTexto></destacado></seccion2Texto></seccion2><seccion2
id="S2_CN_11_15_CO_48661CCF4C254773A5BA25CB8E4EC448">
<seccion2Titulo>La estereoisomería óptica</seccion2Titulo>
<seccion2Texto>
<p>La <negrita>estereoisomería</negrita> hace referencia a la disposición
de las moléculas en el espacio. Un compuesto carbonado puede tener
estereoisómeros, que son moléculas con la misma función y la misma
fórmula química, pero con diferente disposición espacial. En particular,
la estereoisomería óptica se refiere a pares de moléculas que son
imágenes especulares una de la otra, lo que se conoce como <negrita
>enantiómero</negrita>.</p>
<seccion3 id="S3_CN_11_15_CO_B5DFDE2C3D4E44E3911E0BA8E54D5227">
<seccion3Titulo>Quiralidad</seccion3Titulo>
<seccion3Texto>
<p>Se dice que una sustancia o molécula es <negrita>quiral</negrita
> cuando esta no es superponible con su imagen especular. Esto se
debe a que posee un carbono que tiene cuatro diferentes sustituyentes
(carbono quiral o asimétrico). Solo las moléculas quirales presentan
isomería óptica. </p>
<imagen src="CN_11_15_CO_IMG02_small.jpg">
<p>La presencia de cuatro sustituyentes diferentes hace que el carbono
sea quiral. La imagen que se observa en el espejo (imagen especular)
no se puede superponer con la molécula. </p>
</imagen>
</seccion3Texto></seccion3><seccion3
id="S3_CN_11_15_CO_306A97295E6B4AFE9CF657B312A26E9B">
<seccion3Titulo>La actividad óptica</seccion3Titulo>
<seccion3Texto>
<p>La <negrita>actividad óptica</negrita> de una sustancia química
es la capacidad que tiene dicha sustancia de hace rotar el plano de
la luz polarizada. Para poder llevar a cabo esto, dicha sustancia
debe tener por lo menos un carbono quiral, como los carbohidratos
y los aminoácidos, entre otras sustancias.</p>
<imagen src="CN_11_15_CO_IMG03_small.jpg">
<p>La actividad óptica de una sustancia se determina con un polarímetro,
instrumento que sirve para medir la desviación de la luz polarizada
cuando pasa por una muestra de sustancia ópticamente activa.</p>
</imagen>
<p>La rotación de la luz polarizada sobre un plano puede darse en
dos sentidos: en el de las manecillas del reloj o en sentido contrario.
En el primer caso, se dice que el compuesto es <negrita>dextrógiro</negrita
> (<negrita>D</negrita>) y se designa como (<negrita>+</negrita>),
en el caso contrario se dice que es <negrita>levógiro (L)</negrita> y se representa como (<negrita>-</negrita>). </p>
<destacado><destacadoTitulo>Luz polarizada</destacadoTitulo>
<destacadoTexto>
<p>La <negrita>luz</negrita> blanca (normal) es una luz formada por
radiaciones electromagnéticas de diferentes tipos de <negrita>longitudes
de onda</negrita>, las cuales vibran en todas las direcciones. Cuando
esta luz se hace pasar a través de un polarizador, por ejemplo, por
un prisma de Nicoll, las ondas electromagnéticas vibran en un solo
plano, coincidiendo así el plano de oscilación con el plano de propagación
de la onda.</p>
</destacadoTexto></destacado></seccion3Texto></seccion3></seccion2Texto>
</seccion2><seccion2
id="S2_CN_11_15_CO_1068869AE7D24BD4A59AA5F9BA8DF4B6">
<seccion2Titulo>Los monosacáricos </seccion2Titulo>
<seccion2Texto>
<p>Los <negrita>monosacáridos</negrita> son carbohidratos que no pueden
hidrolizarse en carbohidratos más pequeños o simples. Pueden subdividirse
en triosas, pentosas y hexosas, dependiendo del número de átomos de
carbono que contengan (tres, cinco y seis, respectivamente) y en aldosas
o hexosas, dependiendo de si contienen un grupo aldehído o un grupo
cetónico en su estructura química.</p>
<seccion3 id="S3_CN_11_15_CO_B9A3B0D10BCD4340B57FD0D91957D90C">
<seccion3Titulo>Las triosas</seccion3Titulo>
<seccion3Texto>
<p>Una <negrita>triosa</negrita> es un azúcar compuesto de tres átomos
de carbono. Cuando tiene la función aldehído se denomina aldotriosa,
comúnmente llamada gliceraldehído; cuando la triosa tiene una cetona
en su estructura se llama cetotriosa o dihidroxiacetona.</p>
<imagen ampliable="no" src="CN_11_15_CO_IMG04_small.jpg">
<p>En el gliceraldehído el carbono asimétrico (carbono 2) permite
la existencia de dos estereoisómeros por desvío de la luz polarizada:
el D-gliceraldehído y el L-gliceraldehído.</p>
</imagen>
</seccion3Texto></seccion3><seccion3
id="S3_CN_11_15_CO_88FCF74340CF481DB40F9636EE90B578">
<seccion3Titulo>Las pentosas</seccion3Titulo>
<seccion3Texto>
<p>Las pentosas son azúcares conformados por cinco átomos de carbono.
Algunas hacen parte de coenzimas y otras, de los nucleótidos y de
los ácidos nucleicos. Dentro de las principales pentosas se destacan:
la D-ribosa, que hace parte de la estructura del ARN; la D-arabinosa,
que se encuentra en la goma arábiga y en las cerezas; la D-xilosa,
que se halla en gomas vegetales y en las paredes de peptidoglucanos
de algunas bacterias.</p>
<imagen src="CN_11_15_CO_IMG05_small.jpg">
<p>La ribosa hace parte también de la estructura de la molécula de
adenosín trifosfato (ATP), importante en los procesos de obtención
de energía por parte de la célula.</p>
</imagen>
</seccion3Texto></seccion3><seccion3
id="S3_CN_11_15_CO_3D0FF8B74D8C4886AA57A968D568FA53">
<seccion3Titulo>Las hexosas</seccion3Titulo>
<seccion3Texto>
<p>Los carbohidratos con seis átomos de carbono en su estructura (bien
sean aldosas o cetosas), se denominan <negrita>hexosas</negrita>,
que son tal vez los azúcares de origen natural de mayor importancia.
Entre este grupo se encuentran: D-glucosa, D-manosa, D-fructosa, L-sorbosa
y D-galactosa y L-galactosa. </p>
<imagen src="CN_11_15_CO_IMG06_small.jpg">
<p>La D-glucosa se encuentra en las frutas o polimerizada en sustancias
como el almidón o la celulosa. Es el principal azúcar del cuerpo:
se transporta en la sangre y los diversos órganos y tejidos la utilizan
como fuente de energía.</p>
</imagen>
<destacado><destacadoTitulo>La diabetes</destacadoTitulo>
<destacadoTexto>
<p>La <negrita>insulina</negrita> es una hormona secretada por el
páncreas. Su función es transportar la glucosa hasta los diversos
tejidos y órganos, en donde se aprovecha como fuente de energía o
simplemente se almacena. Cuando la persona tiene diabetes, el cuerpo
no puede transportar la <negrita>glucosa</negrita> desde el torrente
sanguíneo hasta los diversos órganos, por lo cual esta se acumula.
Esto se puede deber a que el páncreas no produce la suficiente cantidad
de insulina y/o a que las células no responden a esta, lo que genera
la diabetes, enfermedad que produce problemas oculares, nefropatías,
problemas renales, propensión a sufrir un accidente cerebrovascular
o infarto de miocardio, ulceraciones e infecciones en miembros inferiores
que pueden llevar a la amputación. Por eso, para evitar esta enfermedad,
es importante una dieta balanceada y la práctica de ejercicio. </p>
</destacadoTexto></destacado>
<imagen src="CN_11_15_CO_IMG07_small.jpg">
<p>La D-fructosa es el principal azúcar presente en las frutas y es
la más importante de las cetohexosas. También se encuentra presente
en la miel. Combinada con la glucosa, forman la sacarosa o azúcar
de mesa.</p>
</imagen>
<imagen src="CN_11_15_CO_IMG08_small.jpg">
<p>La galactosa es una aldohexosa presente en la leche y también se
encuentra formando parte de la membrana celular asociada con lípidos
(glucolípidos) y con proteínas (glucoproteínas). Junto con la glucosa,
forman la lactosa, el azúcar más importante de la leche.</p>
</imagen>
</seccion3Texto></seccion3></seccion2Texto></seccion2><seccion2
id="S2_CN_11_15_CO_D5CAC4FF18064CCA8383AFC9A1C52821">
<seccion2Titulo>Las estructuras de los carbohidratos</seccion2Titulo>
<seccion2Texto>
<p>Los carbohidratos suelen representarse básicamente de dos formas:
mediante las estructuras de Fischer y de Hawort, cada una de con un
propósito determinado. Por eso es importante conocer las dos estructuras,
saber qué representan y cómo se pasa de una estructura a otra.</p>
<seccion3 id="S3_CN_11_15_CO_4A5466A048DD4D10985AC551B1E2F1AB">
<seccion3Titulo>Las proyecciones de Fischer </seccion3Titulo>
<seccion3Texto>
<p>Estas estructuras fueron desarrolladas por el químico alemán H.
Emil <negrita>Fischer</negrita> y sirven para representar las estructuras
tridimensionales de los carbohidratos en una <negrita>estructura bidimensional</negrita
>, es decir, en un plano. En las proyecciones de Fischer, los carbonos
quirales se representan como una intersección en forma de cruz en
donde los sustituyentes ubicados a la izquierda y a la derecha de
dicha cruz se sitúan hacia el observador, mientras que los que van
atrás del observador se ubican en los ejes verticales.</p>
<imagen ampliable="no" src="CN_11_15_CO_IMG09_small.jpg">
<p>En las estructuras de Fischer de la glucosa, si el hidroxilo del
penúltimo carbono se encuentra a la derecha, se usa la letra D. Por
el contrario, si está a la izquierda, se usa la letra L.</p>
</imagen>
</seccion3Texto></seccion3><seccion3
id="S3_CN_11_15_CO_52AF4ADF4373406B82B5F643B4E6BF55">
<seccion3Titulo>Las proyecciones de Haworth</seccion3Titulo>
<seccion3Texto>
<p>En 1925, el premio nobel de química, Walter H. <negrita>Haworth</negrita
>, propuso una forma de representación más acorde a como se encuentran
los carbohidratos en la realidad, es decir, en estructuras anulares
cerradas, en donde no se muestran los átomos de carbono, a excepción
del átomo seis; en algunos casos, también se omite la representación
de los átomos de hidrógeno. </p>
<p>Cuando estas estructuras se muestran en forma de un anillo de seis
miembros, se denominan piranosas, debido a su parecido con la estructura
del <negrita>pirano</negrita>. Por el contrario, cuando la estructura
forma un anillo de cinco miembros, se nombran como furanosas, porque
su forma es similar al anillo del <negrita>furano</negrita>. En este
tipo de estructuras el carbono 1 se conoce como <negrita>carbono anomérico</negrita
>.</p>
<imagen src="CN_11_15_CO_IMG10_small.jpg">
<p>En las estructuras de Haworth, los OH de la derecha en la proyección
Fischer se dibujan abajo y los OH que se encuentren a la izquierda
se ubican arriba del plano del anillo.</p>
</imagen>
</seccion3Texto></seccion3></seccion2Texto></seccion2><seccion2
id="S2_CN_11_15_CO_FEBB4FF0979B485680D97348CB03CA43">
<seccion2Titulo>Los disacáridos </seccion2Titulo>
<seccion2Texto>
<p>Los <negrita>disacáridos</negrita> son el resultado de la condensación
de dos unidades de monosacáridos. Dentro de los disacáridos más importantes
están: la sacarosa (azúcar de mesa), la maltosa y la lactosa (azúcar
de la leche).</p>
<recuerda><recuerdaTexto>
<p>Una <negrita>reacción de condensación</negrita> es aquella en la
cual dos moléculas reaccionan entre sí para formar un único producto.
En la condensación se forma una molécula de agua, producto de la eliminación
de un grupo OH de una molécula y un H de la otra.</p>
</recuerdaTexto></recuerda><seccion3
id="S3_CN_11_15_CO_8F45F8C4C42B4170B45B5268AA5BFAA5">
<seccion3Titulo>La sacarosa </seccion3Titulo>
<seccion3Texto>
<p>Su fuente principal es la caña de azúcar, la remolacha azucarera
y frutas como la uva, la piña, la zanahoria y, en general, la savia
de los vegetales y sus frutos. </p>
<imagen src="CN_11_15_CO_IMG11_small.jpg">
<p>La hidrólisis de la sacarosa da como resultado una unidad de fructosa
y una unidad de glucosa.</p>
</imagen>
</seccion3Texto></seccion3><seccion3
id="S3_CN_11_15_CO_8B031B01075A433CAE8A9441F6E9D764">
<seccion3Titulo>La maltosa</seccion3Titulo>
<seccion3Texto>
<p>La maltosa o azúcar de la malta se obtiene de la hidrólisis del
almidón por medio de la enzima amilasa. La hidrólisis de la maltosa
produce dos unidades de <negrita>glucosa</negrita>.</p>
<imagen src="CN_11_15_CO_IMG12_small.jpg">
<p>La maltosa se encuentra principalmente en las semillas en germinación,
como en la malta de cebada.</p>
</imagen>
</seccion3Texto></seccion3><seccion3
id="S3_CN_11_15_CO_8EB3B701990A48019055EE86B4E4CDDB">
<seccion3Titulo>La lactosa</seccion3Titulo>
<seccion3Texto>
<p>La lactosa es el azúcar presente en la leche de los mamíferos y
es llamada el <negrita>azúcar de la leche</negrita>. Está conformada
por una unidad de <negrita>galactosa</negrita> y una de <negrita>glucosa</negrita
>.</p>
<imagen src="CN_11_15_CO_IMG13_small.jpg">
<p>En la producción industrial de lácteos fermentados como quesos
y yogures, entre otros, se utilizan bacterias lácticas que transforman
la lactosa en ácido láctico.</p>
</imagen>
<destacado><destacadoTitulo>Intolerancia a la lactosa</destacadoTitulo>
<destacadoTexto>
<p>La intolerancia a la lactosa es una situación muy común que afecta
a las personas adultas. Al no haber suficiente lactasa (enzima que
degrada la lactosa), el azúcar de la leche pasa al intestino grueso
donde es descompuesto por bacterias en hidrógeno, dióxido de carbono,
metano y ácidos grasos pequeños. Todas estas sustancias provocan síntomas
como dolores abdominales, diarrea, vómito, heces pastosas, entre otros.</p>
</destacadoTexto></destacado></seccion3Texto></seccion3></seccion2Texto>
</seccion2><seccion2
id="S2_CN_11_15_CO_FA3B2DA1261D428B86447913D3ECF9A7">
<seccion2Titulo>Los polisacáridos </seccion2Titulo>
<seccion2Texto>
<p>Un polisacárido es producto de la condensación de más de 10 unidades
de monosacáridos. Usados como fuente de reserva de energía por los
seres vivos, los más destacados son el almidón, la celulosa y el glucógeno</p>
<seccion3 id="S3_CN_11_15_CO_7ECA7B15CB19451EA07580280FD1ECA6">
<seccion3Titulo>El almidón</seccion3Titulo>
<seccion3Texto>
<p>El <negrita>almidón</negrita> es un polisacárido de origen vegetal
metabolizado por las plantas como reserva para los periodos de sequía.
Se puede encontrar en alimentos como cereales, arroz, papa y leguminosas.
Está conformado por múltiples unidades de glucosa que forman dos unidades
básicas: la <negrita>amilasa</negrita>, de estructura helicoidal no
ramificada, y la <negrita>amilopectina</negrita>, consistente en cadenas
ramificadas, de 24 a 30 unidades de glucosa.</p>
<imagen ampliable="no" src="CN_11_15_CO_IMG14_small.jpg">
<p>La amilasa constituye entre 15% y 20% del almidón, mientras que
la amilopectina constituye entre 80% y 85%.</p>
</imagen>
</seccion3Texto></seccion3><seccion3
id="S3_CN_11_15_CO_FA5FEF54026A45AFBB9CC4E24C4B35B5">
<seccion3Titulo>La celulosa</seccion3Titulo>
<seccion3Texto>
<p>La <negrita>celulosa</negrita> es uno de los principales constituyentes
de las plantas leñosas, en donde cumple un papel estructural. La celulosa
es elaborada por condensación de múltiples unidades de glucosa formadas
durante la fotosíntesis. Cuando la celulosa se incrusta en la <negrita
>lignina</negrita>, se forma la madera. </p>
<p>Los seres humanos, a diferencia de los rumiantes, carecen de la
enzima que degrada los enlaces de la celulosa para así poder aprovechar
la glucosa.</p>
<imagen src="CN_11_15_CO_IMG15_small.jpg">
<p>Al tratar la madera, se obtienen las fibras de celulosa con las
que se elabora el papel. </p>
</imagen>
</seccion3Texto></seccion3><seccion3
id="S3_CN_11_15_CO_4FFDA96909CA411594FA837595228759">
<seccion3Titulo>El glucógeno</seccion3Titulo>
<seccion3Texto>
<p>El <negrita>glucógeno</negrita> es un polímero formado por múltiples
unidades de glucosa que se unen de forma lineal y ramificada. Es la
principal forma de almacenamiento de glucosa en los animales, los
cuales lo almacenan en el hígado y en los músculos. </p>
<imagen src="CN_11_15_CO_IMG16_small.jpg">
<p>Cuando hay disminución de los niveles de glucosa en la sangre y
no existe otra fuente inmediata de carbono, se inicia el proceso de
hidrolización de glucógeno en el hígado.</p>
</imagen>
<practica>
<enlace
destino="/LoIdRedirect.aspx?LoId=CN_11_15_CO_Recurso040&amp;IdRecurso=RES-B6A9EFC734B84FB1A123E690C763AEC8"
>Clasifica los carbohidratos</enlace>
</practica></seccion3Texto></seccion3></seccion2Texto></seccion2>
<seccion2 id="S2_CN_11_15_CO_FFC492ACF3BA47DA88C874E9881462B8">
<seccion2Titulo>Las propiedades de los carbohidratos</seccion2Titulo>
<seccion2Texto>
<p>Los <negrita>monosacáridos</negrita>, en general, son muy solubles
en agua, debido a la presencia del grupo carbonilo y de los múltiples
grupos hidroxilo, los cuales les permiten formar fácilmente <negrita
>puentes de hidrógeno</negrita> con el agua. Por el contrario, algunos
polisacáridos son muy insolubles en agua, por su alta masa molar.</p>
<p>Los monosacáridos e incluso algunos disacáridos tienen un alto
poder <negrita>edulcorante</negrita>, lo cual les confiere el característico
sabor dulce de los carbohidratos. Por el contrario, los polisacáridos
generalmente tienen un sabor agrio o amargo.</p>
<imagen src="CN_11_15_CO_IMG17_small.jpg">
<p>Muchos azúcares, al ser calentados, producen aromas agradables,
como el del pan, del cual son responsables el maltol y el isomaltol
(derivados de la maltosa).</p>
</imagen>
<p>Muchos polisacáridos, como la carboximetilcelulosa (CMC), se usan
como espesantes en alimentos. Otros, como la pectina, presentes en
frutos como la maracuyá y la mora, se usan como gelificantes.</p>
<imagen src="CN_11_15_CO_IMG18_small.jpg">
<p>La pectina se usa en la elaboración de alimentos como la mermelada.</p>
</imagen>
</seccion2Texto></seccion2><seccion2
id="S2_CN_11_15_CO_078CDD9302C84D32884777C2BCEA7233">
<seccion2Titulo>La importancia biológica de los carbohidratos</seccion2Titulo>
<seccion2Texto>
<p>Los carbohidratos son la principal fuente de energía de los seres
vivos y también son parte fundamental de las membranas y pared celular
en animales y vegetales, así como de la pared celular de las bacterias,
en las que forman el <negrita>peptidoglucano</negrita>. </p>
<p>En el cuerpo, la glucosa es el carbohidrato más importante, pues
a partir de él las células obtienen energía en forma de <negrita>ATP</negrita
> (Adenosín Tri Fosfato), además que es el precursor en la síntesis
de los demás carbohidratos en el cuerpo, como el glucógeno, la ribosa
y desoxirribosa (azúcares de los ácidos nucleicos).</p>
<p>Son importantes sus asociaciones con otras moléculas, como las
proteínas, para formar las <negrita>glucoproteínas</negrita>, y con
los lípidos, para formar los <negrita>glucolípidos</negrita>. En los
seres humanos el consumo excesivo de carbohidratos está asociado a
enfermedades como la diabetes mellitus, la galactosemia y la intolerancia
a la lactosa.</p>
</seccion2Texto></seccion2><seccion2
id="S2_CN_11_15_CO_99E9B23D25AD4AB39DCFFD28A7A5DA5F">
<seccion2Titulo>Consolidación</seccion2Titulo>
<seccion2Texto>
<p>Actividades para consolidar lo que has aprendido en esta sección.</p>
<practica>
<enlace
destino="/LoIdRedirect.aspx?LoId=CN_11_15_CO_Recurso070&amp;IdRecurso=RES-F0888967FD9648A88CC2519B6361EE32"
>Refuerza tu aprendizaje: Los carbohidratos</enlace>
</practica></seccion2Texto></seccion2></seccion1Texto></seccion1>
<seccion1 id="S1_CN_11_15_CO_F5A6A7CEC4204969878F1DF567F167E3">
<seccion1Titulo>Los lípidos</seccion1Titulo>
<seccion1Texto>
<p>Los <negrita>lípidos</negrita> son un complejo grupo de sustancias
que no se pueden definir por una característica química, sino por
sus propiedades físicas. En general, podemos definir un lípido como
una sustancia insoluble en agua y soluble en disolventes orgánicos,
como el éter y el cloroformo.</p>
<p>Estos compuestos están constituidos por carbono, hidrógeno, oxígeno
y, en menor medida, nitrógeno. Su importancia radica en ser los principales
componentes de la <negrita>membrana plasmática</negrita> que mantiene
la integridad celular. Son fuente de energía y precursores de compuestos
como hormonas y otras moléculas de importancia para la protección
celular, como la mielina.</p>
<imagen src="CN_11_15_CO_IMG19_small.jpg">
<p>Dentro de los lípidos podemos encontrar sustancias como grasas
(de origen animal), aceites (de origen vegetal), ceras, esteroides
y compuestos relacionados.</p>
</imagen>
<profundiza>
<enlace
destino="/LoIdRedirect.aspx?LoId=CN_11_15_CO_Recurso080&amp;IdRecurso=RES-C7674225EEED4ED693069EABDCC867C3"
>Los lípidos: conceptos básicos</enlace>
</profundiza><seccion2
id="S2_CN_11_15_CO_9FDD09F371504D9DB09291DCFAD9ED9E">
<seccion2Titulo>La clasificación de los lípidos </seccion2Titulo>
<seccion2Texto>
<p>De acuerdo con su composición, los lípidos se pueden clasificar
en: lípidos simples, lípidos compuestos y lípidos derivados. </p>
</seccion2Texto></seccion2><seccion2
id="S2_CN_11_15_CO_E15F400AAA474E7E9EB936053EE22F06">
<seccion2Titulo>Los lípidos simples</seccion2Titulo>
<seccion2Texto>
<p>Los lípidos simples son aquellos en los cuales los ácidos grasos
se esterifican con diversos alcoholes. Se subdividen en aceites, grasas
y ceras.</p>
<p>Las <negrita>grasas</negrita> y los <negrita>aceites</negrita> resultan
de la esterificación de los ácidos grasos con el glicerol  formando
compuestos de uno (monoglicéridos), dos (diglicéridos) o tres (triglicéridos)
ácidos grasos, siendo estos últimos los más frecuentes en la naturaleza.
Las <negrita>grasas</negrita> o <negrita>mantecas</negrita> se encuentran
en estado sólido a temperatura ambiente. Por el contrario, los aceites
son líquidos a temperatura ambiente.</p>
<imagen src="CN_11_15_CO_IMG20_small.jpg">
<p>Cuando tres moléculas de ácido graso se condensan con una molécula
de glicerol, se forma un triglicérido.</p>
</imagen>
<p>Las <negrita>ceras</negrita> son sólidas e insolubles en agua.
Resultan de la esterificación de los ácidos grasos de cadena muy larga
con alcoholes con un solo grupo hidroxilo (alcoholes monohídricos)
de alta masa molar. Algunos ejemplos son: las ceras de abejas y la
cera de mamíferos, como la <negrita>lanolina</negrita>.</p>
<imagen src="CN_11_15_CO_IMG21_small.jpg">
<p>Las ceras cumplen función protectora e impermeabilizante en muchas
estructuras como hojas y plumas de aves.</p>
</imagen>
<recuerda><recuerdaTexto>
<p>Cuando un ácido orgánico reacciona con un alcohol, los dos se condensan
y forman un éster con la correspondiente pérdida de una molécula de
agua. </p>
</recuerdaTexto></recuerda></seccion2Texto></seccion2><seccion2
id="S2_CN_11_15_CO_5923CECF8C7F4A3C9AA7214E5D455C97">
<seccion2Titulo>Los lípidos compuestos</seccion2Titulo>
<seccion2Texto>
<p>Los lípidos compuestos son ésteres de ácidos grasos que, aparte
del alcohol y el ácido graso, contienen otros grupos, como azúcares,
proteínas o grupos fosfato. Se clasifican en fosfolípidos, glucolípidos,
sulfolípidos, lipoproteínas.</p>
<p>En los <negrita>fosfolípidos</negrita>, adicional a la estructura
básica del lípido, este se encuentra unido a un grupo fosfato. En
general, un fosfolípido está compuesto por una molécula de glicerol
 unida a dos ácidos grasos y a un grupo fosfato.</p>
<formula alineacion="centrada" src="CN_11_15_CO_formula_01.gif"></formula>
<imagen src="CN_11_15_CO_IMG22_small.jpg">
<p>La membrana celular está compuesta por una membrana lipídica de
fosfolípidos.</p>
</imagen>
<p>Otros fosfolípidos de importancia son: los <negrita>glicerofosfolípidos</negrita
>, cuyo alcohol es el glicerol, y los <negrita>esfingolípidos</negrita
>, cuyo alcohol es la esfingosina. En estos lípidos también se encuentran
residuos de grupos aminos.</p>
<p>Los <negrita>glucolípidos</negrita> se encuentran presentes en
todas las membranas celulares en la capa externa. Están compuestos
por la esfingosina, un ácido graso y un carbohidrato, pero no poseen
grupo fosfato, como en los fosfolípidos.</p>
<imagen src="CN_11_15_CO_IMG23_small.jpg">
<p>Los esfingolípidos fueron descubiertos en 1884 por el biólogo alemán
Johann L. W. Thudichum. El papel de estos compuestos era tan enigmático
como la esfinge egipcia. De ahí su nombre. </p>
</imagen>
<p>Otros lípidos compuestos de importancia biológica (<negrita>sulfolípidos</negrita
>, <negrita>aminolípidos</negrita> y <negrita>lipoproteínas</negrita
>) presentan en su estructura azufre, aminoácidos y proteína, respectivamente.</p>
</seccion2Texto></seccion2><seccion2
id="S2_CN_11_15_CO_710CD260152F4982AEAD2C7457A8525F">
<seccion2Titulo>Los lípidos derivados</seccion2Titulo>
<seccion2Texto>
<p>Son todos aquellos lípidos que no se clasifican como simples o
compuestos. Esta categoría incluye los <negrita>esteroides</negrita
> y los <negrita>carotenoides</negrita>. En los <negrita>esteroides</negrita
>, la estructura básica es la del anillo de ciclopentano-perhidrofenantreno
(un conjunto de cuatro anillos entrelazados, una unidad de fenatreno
y un ciclopentano). Los radicales que acompañan a esta estructura
son los que diferencian los derivados. Dentro de los esteroides importantes
está: el <negrita>colesterol</negrita>, el cortisol y hormonas sexuales,
como la <negrita>testosterona</negrita>.</p>
<imagen src="CN_11_15_CO_IMG24_small.jpg">
<p>El colesterol hace parte de la membrana celular. Se cree que su
función es la de mantener la estabilidad de esta membrana ante los
cambios de temperatura. Niveles altos pueden generar problemas cardiovasculares.</p>
</imagen>
<imagen src="CN_11_15_CO_IMG25_small.jpg">
<p>El cortisol o hidrocortisona es un lípido derivado cuya función
es ayudar a la liberación de azúcar y al metabolismo de proteínas
y carbohidratos. </p>
</imagen>
<p>Los <negrita>carotenoides</negrita> tienen una estructura característica
de 40 átomos de carbono (tetraterpenos) que forman largas cadenas,
que en algunos casos pueden terminar en ciclos.</p>
<imagen src="CN_11_15_CO_IMG26_small.jpg">
<p>Los carotenos están presentes en gran parte de los colores amarillo,
rojo y naranja de los pigmentos vegetales. La zanahoria contiene gran
cantidad de β-caroteno, un lípido indispensable para la visión. </p>
</imagen>
<practica>
<enlace
destino="/LoIdRedirect.aspx?LoId=CN_11_15_CO_Recurso090&amp;IdRecurso=RES-B2D2E23485E941CCA4BBF3E9566C90D3"
>Clasifica los lípidos</enlace>
</practica></seccion2Texto></seccion2><seccion2
id="S2_CN_11_15_CO_D392559285644888AC818E6F3EB47299">
<seccion2Titulo>La importancia biológica de los lípidos</seccion2Titulo>
<seccion2Texto>
<p>Los lípidos, al ser un grupo muy variado de compuestos, pueden
cumplir funciones muy diversas. Tienen un alto poder energético, lo
cual le confiere al cuerpo una <negrita>reserva</negrita> de energía
(mayor que la de los carbohidratos). Además, los lípidos ayudan a <negrita
>solubilizar</negrita> las vitaminas liposolubles y ácidos grasos
que se consumen en la dieta. </p>
<p>Los lípidos funcionan como un aislante térmico para el cuerpo.
Algunos complejos de proteínas y lípidos (quilomicrones) ayudan al
transporte de grasas a lo largo del organismo y otros están implicados
en la transmisión del impulso nervioso, como los lípidos de la vaina
de mielina, que funcionan como <negrita>aislantes electroquímicos</negrita
> y mejoran la conducción del impulso nervioso.</p>
<p>Muchos compuestos fundamentales en el cuerpo tienen características
lipídicas, como las <negrita>prostanglandinas</negrita> (hormonas)
y las <negrita>vitaminas</negrita> (A, K, D).</p>
<imagen src="CN_11_15_CO_IMG27_small.jpg">
<p>Cuando los lípidos se acumulan en el cuerpo generan graves problemas
de salud, como la obesidad. </p>
</imagen>
<destacado><destacadoTitulo>Obesidad</destacadoTitulo><destacadoTexto>
<p>La Organización Mundial de la Salud (<negrita>OMS</negrita>) define
el sobrepeso y la obesidad como “acumulación anormal o excesiva de
grasa que puede ser perjudicial para la salud”. El <negrita>índice
de masa corporal </negrita>(IMC) es un indicador de la relación entre
peso corporal y estatura. Se calcula dividiendo el peso por el cuadrado
de la estatura; si la relación es mayor o igual a 30, se dice que
la persona tiene <negrita>obesidad</negrita>; si la relación está
alrededor de 25 la persona tiene <negrita>sobrepeso</negrita>. Según
cifras de la OMS, en el año 2014 más de 1900 millones de adultos tenían
sobrepeso y, de este grupo, 600 millones eran obesos. </p>
</destacadoTexto></destacado><seccion3
id="S3_CN_11_15_CO_754ECBD097C14B0694962F9CD3DBEE1B">
<seccion3Titulo>El metabolismo de los lípidos</seccion3Titulo>
<seccion3Texto>
<p>La absorción de los lípidos se lleva a cabo en el intestino delgado
por etapas: absorción, emulsificación, digestión, metabolismo y degradación.
En la absorción, los ácidos grasos pequeños (de hasta 12 átomos de
carbono) se absorben directamente, pero los <negrita>triglicéridos</negrita
> y las <negrita>grasas</negrita> deben ser descompuestos por las
enzimas digestivas. </p>
<p>Inicialmente, la <negrita>lipasa lingual</negrita> es transportada
por la saliva hasta el estómago, donde participa en la hidrólisis
en ácidos grasos y glicerol. Posteriormente, las grasas no digeridas
llegan al intestino delgado, donde se da el proceso de emulsificación;
una vez allí, productos digestivos enriquecidos como la bilis (proveniente
del hígado) ayudan al rompimiento de las grasas de gran tamaño en
fragmentos más pequeños, que unidos a la bilis, forman una emulsión.
Una vez emulsificadas las grasas, la enzima <negrita>lipasa pancreática</negrita
> hidroliza los triglicéridos en el intestino. Los ácidos grasos no
absorbidos se almacenan como grasa en el tejido adiposo, para ser
utilizados posteriormente como reserva energética. </p>
<practica>
<enlace
destino="/LoIdRedirect.aspx?LoId=CN_11_15_CO_Recurso120&amp;IdRecurso=RES-FEAF95D0B389435897B0CC596B37051D"
>Identifica las fuentes de ácidos grasos</enlace>
</practica></seccion3Texto></seccion3></seccion2Texto></seccion2>
<seccion2 id="S2_CN_11_15_CO_B04AE3FE72A84241B23CB515C7C6D889">
<seccion2Titulo>Consolidación</seccion2Titulo>
<seccion2Texto>
<p>Actividades para consolidar lo que has aprendido en esta sección.</p>
<practica>
<enlace
destino="/LoIdRedirect.aspx?LoId=CN_11_15_CO_Recurso130&amp;IdRecurso=RES-1988FE48F3D54A559D80AFC20879EC61"
>Refuerza tu aprendizaje: Los lípidos</enlace>
</practica></seccion2Texto></seccion2></seccion1Texto></seccion1>
<seccion1 id="S1_CN_11_15_CO_F339352DD8664BE497FBF50DB0DE3817">
<seccion1Titulo>Las proteínas</seccion1Titulo>
<seccion1Texto>
<p>Las <negrita>proteínas</negrita> son una de las biomoléculas de
mayor versatilidad e importancia y, tal vez, de las más abundantes.
Constituidas por aminoácidos, forman parte de todos los seres vivos
cumpliendo funciones tan importantes como la de ser parte estructural
de la <negrita>membrana</negrita> y <negrita>pared celular</negrita
>, transporte de sustancias y regulación de procesos, entre otras.</p>
<imagen src="CN_11_15_CO_IMG28_small.jpg">
<p>Las proteínas pueden ser de origen animal o vegetal y están presentes
en carnes y leguminosas.</p>
</imagen>
<profundiza>
<enlace
destino="/LoIdRedirect.aspx?LoId=CN_11_15_CO_Recurso140&amp;IdRecurso=RES-148B87A6491944478977693828663094"
>Aminoácidos y proteínas</enlace>
</profundiza><seccion2
id="S2_CN_11_15_CO_B04AE3FE72A84241B23CB515C7C6D788">
<seccion2Titulo>Los aminoácidos</seccion2Titulo>
<seccion2Texto>
<p>Los <negrita>aminoácidos (aa)</negrita> son las moléculas que constituyen las proteínas.
La unión de aminoácidos a través del <negrita>enlace peptídico</negrita> da origen a
un dipéptido (dos aa), un tripéptido (tres aa) un oligopéptido (hasta
10 aa) o una proteína (más de 10 aa).</p>
<destacado><destacadoTitulo>Enlace peptídico</destacadoTitulo>
<destacadoTexto>
<p>Los aminoácidos se unen entre sí a través de un enlace denominado <negrita
>enlace peptídico</negrita>. Para esto, se une el grupo carboxilo
de un aminoácido con el grupo amino de un aminoácido vecino. En este
enlace, se pierde una molécula de agua y se forma un enlace covalente
entre el átomo de carbono y el del nitrógeno de dos aminoácidos vecinos.</p>
</destacadoTexto></destacado>
<imagen src="CN_11_15_CO_IMG29_small.jpg">
<p>Todos los aminoácidos tienen una estructura básica en común: un
carbono unido a un grupo carboxilo (COOH) y un grupo amino (NH<subindice
>2</subindice>), además de un átomo de hidrógeno. El cuarto enlace
del carbono lo ocupa un radical (R) o cadena lateral, que es el que
permite diferenciar y clasificar los diferentes tipos de aminoácidos.</p>
</imagen>
<seccion3 id="S3_CN_11_15_CO_51049C451BB3474192A13B0B28A9FFB3">
<seccion3Titulo>La clasificación de los aminoácidos</seccion3Titulo>
<seccion3Texto>
<p>Existen múltiples formas de clasificar los aminoácidos, dependiendo
de ciertas características, por ejemplo, se pueden clasificar como <negrita
>esenciales</negrita> y <negrita>no esenciales</negrita>. Los <negrita
>esenciales</negrita> el cuerpo no los sintetiza, por lo cual deben
ser consumidos en la dieta diaria, ejemplos de ellos son: el <negrita
>triptófano</negrita> y la <negrita>fenilalanina</negrita>. Por el
contrario, los aminoácidos <negrita>no esenciales</negrita> son sintetizados
por el organismo, como la <negrita>alanina</negrita> y <negrita>tirosina</negrita
>.</p>
<imagen src="CN_11_15_CO_IMG30_small.jpg">
<p>La deficiencia de fenilalanina en el cuerpo causa graves enfermedades,
como la fenilcetonuria o PKU, que afecta el cerebro con daños irreversibles.</p>
</imagen>
<destacado><destacadoTitulo>Nomenclatura de los aminoácidos</destacadoTitulo>
<destacadoTexto>
<p>Muchos de los nombres de los aminoácidos resultan de la fuente
de la cual se obtuvieron. Por ejemplo, la <negrita>tirosina</negrita
> se extrajo por primera vez del queso (del griego <cursiva>tyros</cursiva
>: queso) y la <negrita>asparragina</negrita> se obtuvo de los espárragos;
la glicina debe su nombre a su sabor dulce (del griego <cursiva>glycos</cursiva
>: dulce). </p>
<p>Internacionalmente, los aminoácidos se conocen mediante dos sistemas
de codificación: de tres letras y de una letra. Por ejemplo, la <negrita
>alanina</negrita> se designa como Ala o A; la prolina, como Pro o
P. </p>
</destacadoTexto></destacado>
<p>Los aminoácidos se pueden clasificar también en no polares, polares,
cargados negativamente y cargados positivamente. La característica
estructural y química del grupo R determina las propiedades de cada
aminoácido y, por consiguiente, de las proteínas. </p>
<imagen src="CN_11_15_CO_IMG31_small.jpg">
<p>Clasificación de los veinte aminoácidos que constituyen a las proteínas.</p>
</imagen>
<recuerda><recuerdaTexto>
<p>La polaridad es una propiedad que se evidencia cuando, en una molécula
formada por enlaces covalentes, los electrones se movilizan hacia
la zona de mayor electronegatividad y generan un <negrita>dipolo eléctrico</negrita
> (positivo y negativo), lo cual puede permitir o no mayor interacción
con el medio o con otras moléculas.</p>
</recuerdaTexto></recuerda></seccion3Texto></seccion3><seccion3
id="S3_CN_11_15_CO_2445481B6E744F509E9BE63AD258D030">
<seccion3Titulo>Las propiedades de los aminoácidos</seccion3Titulo>
<seccion3Texto>
<p>Los aminoácidos son compuestos con características ácidas y básicas
(sustancias anfóteras). Las ácidas se deben al grupo carboxilo (COOH),
mientras que las básicas se deben al grupo amino (NH<subindice>2</subindice
>). </p>
<p>Cuando el aminoácido en disolución acuosa se ioniza, el grupo carboxilo
se desprotona, por lo que adquiere carga negativa (COO<superindice
>-</superindice>), y el grupo amino se protona y carga de forma positiva
(NH<subindice>3</subindice><superindice>+</superindice>), formando
un ion dipolar, denominado <negrita>zwitterión</negrita>. </p>
<imagen ampliable="no" src="CN_11_15_CO_IMG32_small.jpg">
<p>El término “zwitterión” proviene del alemán <cursiva>zwitter</cursiva>, que significa
híbrido.</p>
</imagen>
<imagen src="CN_11_15_CO_IMG33_small.jpg">
<p>El punto isoeléctrico (PI) de un aminoácido corresponde al pH en
el cual el aminoácido se encuentra en su forma zwitteriónica, es decir,
en forma de un dipolo.</p>
</imagen>
<p>Todos los aminoácidos, a excepción de la <negrita>glicina</negrita
> (Gly), presentan actividad óptica, por lo tanto pueden existir en
formas <negrita>D</negrita> y <negrita>L</negrita>. Los aminoácidos
constituyentes de las <negrita>proteínas</negrita> se encuentran en
la forma <negrita>L</negrita>, aunque algunos pocos que se han encontrado
en estructuras celulares y hormonas pertenecen a la serie <negrita
>D</negrita>. Por otro lado, la solubilidad de los aminoácidos en
agua o en otros disolventes depende de la cadena lateral.</p>
<practica>
<enlace
destino="/LoIdRedirect.aspx?LoId=CN_11_15_CO_Recurso150&amp;IdRecurso=RES-E377994869844A45AD78250ACAFA03A7"
>Conoce el experimento de Miller y Urey</enlace>
</practica></seccion3Texto></seccion3></seccion2Texto></seccion2>
<seccion2 id="S2_CN_11_15_CO_998853B9F59A4546BCC1389384E70963">
<seccion2Titulo>La clasificación de las proteínas </seccion2Titulo>
<seccion2Texto>
<p>Las diversas clasificaciones de las proteínas se hacen con base
en diversos criterios. Por ejemplo, dependiendo de su función biológica,
según su morfología y según su composición. </p>
<imagen src="CN_11_15_CO_IMG34_small.jpg">
<p>Las proteínas son las biomoléculas más versátiles, pues cumplen
diversas funciones, pueden asociarse con múltiples compuestos y tener
diversas estructuras, producto de las variadas formas de los aminoácidos
que las componen.</p>
</imagen>
<p>Las <negrita>enzimas</negrita> son proteínas cuya función es ser <negrita
>catalizadores biológicos</negrita>. En un proceso ellas ayudan a
que la reacción se dé, pero no la alteran ni participan directamente
en los productos. Solo aumentan la velocidad de la reacción metabólica.</p>
<imagen src="CN_11_15_CO_IMG35_small.jpg">
<p>Las enzimas son catalizadores biológicos que ayudan a transformar
un sustrato en un producto determinado. Por ejemplo, la enzima <negrita
>ribulosa bifosfato carboxilasa</negrita> actúa en las plantas ayudando
a convertir el dióxido de carbono en azúcar.</p>
</imagen>
<recuerda><recuerdaTexto>
<p>Las enzimas son proteínas con funciones catalizadoras en diversas
reacciones que se llevan a cabo en los seres vivos. Su función es
transformar un sustrato en un producto determinado. Por ejemplo, la
amilasa salival descompone los polisacáridos en mono y disacáridos,
para poder ser absorbidos más rápidamente.</p>
</recuerdaTexto></recuerda>
<p>Muchas proteínas tienen funciones de regulación, como las hormonas.
La glucosa en la sangre la regula la insulina (una hormona). Cuando
hay problemas de asimilación de esta, se produce la diabetes, por
lo cual hay que inyectarla.</p>
<imagen src="CN_11_15_CO_IMG36_small.jpg">
<p>La diabetes se produce cuando el páncreas no produce suficiente
cantidad de insulina, por ello esta se debe inyectar una o más veces
al día, según prescripción médica.</p>
</imagen>
<p>Algunas proteínas tienen la función de dar <negrita>soporte</negrita
> a las células y tejidos. Por ejemplo, el <negrita>colágeno</negrita
> y la <negrita>elastina</negrita> forman fibras en tendones y ligamentos,
y la tubulina forma el citoesqueleto en la célula.</p>
<imagen src="CN_11_15_CO_IMG37_small.jpg">
<p>La queratina es una de las principales proteínas del cabello.</p>
</imagen>
</seccion2Texto></seccion2><seccion2
id="S2_CN_11_15_CO_6FBA2A6E0C044856B6B91C066184AE27">
<seccion2Titulo>Las estructuras de las proteínas </seccion2Titulo>
<seccion2Texto>
<p>Desde el punto de vista químico, las proteínas son unas de las
moléculas de mayor grado de complejidad. La posición que ocupa cada
aminoácido en la cadena de la proteína es muy importante, pues determina
la forma tridimensional de la proteína dada por las diversas interacciones
(como puentes de hidrógeno) entre los aminoácidos constituyentes. </p>
<p> Las proteínas se organizan por niveles o estructuras. La estructura
corresponde al nivel básico de organización de una proteína a partir
de la distribución de la secuencia de los aminoácidos que la conforman
unidos mediante los enlaces peptídicos.</p>
<imagen src="CN_11_15_CO_IMG38_small.jpg">
<p>La estructura primaria de una proteína viene determinada por la
secuencia de aminoácidos que la conforman.</p>
</imagen>
<p>Cuando los aminoácidos forman entre sí puentes de hidrógeno (entre
el átomo cargado parcialmente negativo del grupo carboxilo y el átomo
de hidrógeno parcialmente positivo del grupo amino), tienden a enrollarse
o plegarse formando una hélice, que es una de las dos formas de la <negrita
>estructura secundaria</negrita> de una proteína. </p>
<imagen src="CN_11_15_CO_IMG39_small.jpg">
<p>La queratina del cabello y subunidades de la hemoglobina (proteína
presente en los glóbulos rojos de la sangre) son ejemplos de formas
en hélice de una estructura secundaria.</p>
</imagen>
<p>Otras proteínas consisten en una serie de cadenas paralelas, las
cuales se mantienen unidas entre sí mediante puentes de hidrógeno
en estructuras denominadas de lámina plegada, que es el otro tipo
de <negrita>estructura secundaria</negrita>.</p>
<imagen src="CN_11_15_CO_IMG40_small.jpg">
<p>Algunas proteínas, como la fibroína de la seda, presentan una estructura
secundaria tipo lámina plegada.</p>
</imagen>
<p>Adicional a la conformación de la estructura secundaria, muchas
proteínas poseen estructuras tridimensionales complejas, denominadas <negrita
>estructura terciaria</negrita>. Los puentes disulfuro formados por
aminoácidos como la metionina o cisteína pueden formar puentes entre
porciones de un péptido distantes entre sí. </p>
<imagen src="CN_11_15_CO_IMG41_small.jpg">
<p>En la queratina presente en el cabello las estructuras helicoidales
que la forman permanecen unidas por puentes disulfuro, según el cabello
sea rizado o lacio.</p>
</imagen>
<p>También son importantes las interacciones de las proteínas con
el medio que las rodea. Por ejemplo, los aminoácidos hidrofílicos
pueden formar puentes de hidrógeno con el agua que los rodea, lo que
no pueden hacer los aminoácidos hidrofóbicos.</p>
<recuerda><recuerdaTexto>
<p>El término hidrofílico hace referencia a sustancias que tienen
afinidad con las moléculas de agua o que pueden interactuar fácilmente
con ellas. Por contraste, el término hidrofóbico se aplica a toda
molécula o sustancia que no es miscible o no se mezcla con el agua,
como el aceite.</p>
</recuerdaTexto></recuerda>
<p>En algunos casos, las proteínas constan de más de una cadena polipeptídica
y forman agregados macromoleculares mucho más complejos, dando lugar
así a una <negrita>estructura cuaternaria</negrita>, que le da la
configuración activa a la proteína. Cuando las subunidades que la
conforman se separan, la proteína pierde funcionalidad. Las fuerzas
que mantienen unidas las subunidades son muy similares a las presentes
en las otras estructuras.</p>
<imagen src="CN_11_15_CO_IMG42_small.jpg">
<p>La hemoglobina está constituida por dos pares de péptidos semejantes
unidos por puentes de hidrógeno. Cada péptido sujeta una molécula
que contiene hierro, llamada grupo hemo.</p>
</imagen>
<practica>
<enlace
destino="/LoIdRedirect.aspx?LoId=CN_11_15_CO_Recurso160&amp;IdRecurso=RES-25E2C194665144758F67D99E826583A9"
>Identifica la estructura de las proteínas</enlace>
</practica></seccion2Texto></seccion2><seccion2
id="S2_CN_11_15_CO_D3F086AF59A14F8F873142298EC94A7D">
<seccion2Titulo>Las funciones de las proteínas </seccion2Titulo>
<seccion2Texto>
<p>Las proteínas dan soporte a las células y tejidos; colaboran en
las funciones orgánicas de crecimiento de tejidos y regulación de
procesos celulares, como los que requieren oxígeno o hierro (en la
hemoglobina) o en la generación de energía; participan en el transporte
de membrana de orden enzimático, estructural; y constituyen, en su
gran mayoría, los anticuerpos que sirven de protección.</p>
<imagen src="CN_11_15_CO_IMG43_small.jpg">
<p>Los anticuerpos son proteínas producidas en las células del plasma
que atacan a los antígenos, unas sustancias que generan una respuesta
inmune de forma adaptativa.</p>
</imagen>
</seccion2Texto></seccion2><seccion2
id="S2_CN_11_15_CO_D3F086AF59A14F8F873142298EC95A7E">
<seccion2Titulo>Consolidación</seccion2Titulo>
<seccion2Texto>
<p>Actividades para consolidar lo que has aprendido en esta sección.</p>
<practica>
<enlace
destino="/LoIdRedirect.aspx?LoId=CN_11_15_CO_Recurso200&amp;IdRecurso=RES-AEB6B95B83FD4F54A75CF167DBD2CA32"
>Refuerza tu aprendizaje: Las proteínas</enlace>
</practica></seccion2Texto></seccion2></seccion1Texto></seccion1>
<seccion1 id="S1_CN_11_15_CO_27C3CBABEBAB4B589619E44093CEEE0B">
<seccion1Titulo>Competencias</seccion1Titulo>
<seccion1Texto>
<p>Pon a prueba tus capacidades y aplica lo aprendido con estos recursos.</p>
<practica>
<enlace
destino="/LoIdRedirect.aspx?LoId=CN_11_15_CO_Recurso230&amp;IdRecurso=RES-5AF4BB88A3E944CE8FFE480AD9E5823C"
>Proyecto: elaboración de queso casero</enlace>
</practica></seccion1Texto></seccion1><masinformacion
id="MI_CN_11_15_CO_8550CB08A45D44B58A62EAA3959F7635"><mapaconceptual>
<enlace
destino="/LoIdRedirect.aspx?LoId=CN_11_15_CO_Recurso260&amp;IdRecurso=RES-3471A0662407401A906284607D267E27"
>Mapa conceptual del tema Los carbohidratos, los lípidos y las proteínas</enlace>
</mapaconceptual><autoevaluate><enlace
destino="/LoIdRedirect.aspx?LoId=CN_11_15_CO_Recurso270&amp;IdRecurso=RES-0C2AF3528D09434C918B50D7BE2BEA63"
>Evalúa tus conocimientos sobre el tema Los carbohidratos, los lípidos
y las proteínas</enlace></autoevaluate><enlacesreferencia>
<enlace
destino="http://e-ducativa.catedu.es/44700165/aula/archivos/repositorio/750/960/html/biomolculas_orgnicas.html"
>Carbohidratos, lípidos y proteínas.</enlace>
<enlace destino="http://www.um.es/molecula/prot02.htm">Aminoácidos.</enlace>
</enlacesreferencia></masinformacion></libro>
