<?xml version='1.0' encoding='UTF-8'?><engine copy="Editorial Planeta" version="1" aprid="f13" title="Comprobación de la inducción electromagnética" >
<section title="Presentación" path2a="2a_section0.jpg" path2b="2b_section0.jpg" path2aAmp="2a_section0_big.jpg" path2bAmp="2b_section0_big.jpg" image1Text="" zoom1="true" zoom2a="true" zoom2b="true" layout="3" >
<![CDATA[<p><span style="font-size:18px"><span style="font-family:verdana,geneva,sans-serif">El magnetismo es un fen&oacute;meno f&iacute;sico que se conoce desde hace siglos; muchos cient&iacute;ficos se interesaron por su estudio a lo largo de la historia.</span></span></p>

<p><span style="font-size:18px"><span style="font-family:verdana,geneva,sans-serif">El electromagnetismo fue descubierto en el siglo XIX por Hans Christian <strong>Oersted</strong>. Este descubrimiento revolucion&oacute; a la comunidad cient&iacute;fica y permiti&oacute; realizar grandes avances: el tel&eacute;fono, la radio y los motores el&eacute;ctricos son algunos ejemplos de su uso.</span></span></p>

<p><span style="font-size:18px"><span style="font-family:verdana,geneva,sans-serif">Pocos a&ntilde;os despu&eacute;s del descubrimiento del electromagnetismo, Michael <strong>Faraday</strong> descubri&oacute; que exist&iacute;a una relaci&oacute;n entre el campo magn&eacute;tico y la producci&oacute;n de corriente el&eacute;ctrica.</span></span></p>

<p><span style="font-size:18px"><span style="font-family:verdana,geneva,sans-serif"><strong>El objetivo de esta pr&aacute;ctica es que compruebes experimentalmente la existencia de la inducci&oacute;n electromagn&eacute;tica, tal y como la descubri&oacute; Michael Faraday en 1831.</strong></span></span></p>

<p><span style="font-size:18px"><span style="font-family:verdana,geneva,sans-serif">Antes de iniciar la actividad responde las siguientes preguntas:</span></span></p>

<p style="margin-left: 40px;"><span style="font-size:18px"><span style="font-family:verdana,geneva,sans-serif">- &iquest;Qu&eacute; es un galvan&oacute;metro?</span></span></p>

<p style="margin-left: 40px;"><span style="font-size:18px"><span style="font-family:verdana,geneva,sans-serif">- &iquest;En qu&eacute; consiste la inducci&oacute;n electromagn&eacute;tica seg&uacute;n Michael Faraday?</span></span></p>

<p style="margin-left: 40px;"><span style="font-size:18px"><span style="font-family:verdana,geneva,sans-serif">- &iquest;Qu&eacute; es la fuerza electromotriz o <strong>fem</strong>?</span></span></p>
]]></section>
<section title="Tarea" path="section1.jpg" pathAmp="" image1Text="" zoom1="false" zoom2a="false" zoom2b="false" layout="1" >
<![CDATA[<p><span style="font-size:18px"><span style="font-family:verdana,geneva,sans-serif"><strong><span style="color:rgb(51, 51, 51)">Materiales</span></strong></span></span></p>

<ul>
	<li>
	<p><span style="font-size:18px"><span style="font-family:verdana,geneva,sans-serif">Bobina.</span></span></p>
	</li>
</ul>

<ul>
	<li>
	<p><span style="font-size:18px"><span style="font-family:verdana,geneva,sans-serif">Galvan&oacute;metro.</span></span></p>
	</li>
</ul>

<ul>
	<li>
	<p><span style="font-size:18px"><span style="font-family:verdana,geneva,sans-serif">Cables.</span></span></p>
	</li>
</ul>

<ul>
	<li>
	<p><span style="font-size:18px"><span style="font-family:verdana,geneva,sans-serif">Im&aacute;n de barra.</span></span></p>
	</li>
</ul>

<p><span style="font-size:18px"><span style="font-family:verdana,geneva,sans-serif"><strong><span style="color:rgb(51, 51, 51)">Procedimiento</span></strong></span></span></p>

<p><span style="font-size:18px"><span style="font-family:verdana,geneva,sans-serif"><span style="color:rgb(51, 51, 51)">Para llevar a cabo el experimento sigue estos pasos:</span></span></span></p>

<p><span style="font-size:18px"><span style="font-family:verdana,geneva,sans-serif"><span style="color:rgb(51, 51, 51)">1. Conecta los terminales de la bobina con el galvan&oacute;metro mediante los cables.</span></span></span></p>

<p><span style="font-size:18px"><span style="font-family:verdana,geneva,sans-serif"><span style="color:rgb(51, 51, 51)">2. Mant&eacute;n el im&aacute;n cerca de la bobina sin moverlo. Observa qu&eacute; sucede y an&oacute;talo.</span></span></span></p>

<p><span style="font-size:18px"><span style="font-family:verdana,geneva,sans-serif"><span style="color:rgb(51, 51, 51)">3. Aleja y acerca el im&aacute;n a la bobina. Apunta lo que observas.</span></span></span></p>

<p><span style="font-size:18px"><span style="font-family:verdana,geneva,sans-serif"><span style="color:rgb(51, 51, 51)">4. Mueve la bobina manteniendo el im&aacute;n fijo. Observa el galvan&oacute;metro y anota lo que sucede.</span></span></span></p>

<p><span style="font-size:18px"><span style="font-family:verdana,geneva,sans-serif"><span style="color:rgb(51, 51, 51)">5. Analiza las observaciones que has llevado a cabo en los pasos anteriores y explica qu&eacute; sucede en cada caso.</span></span></span></p>

<p><span style="font-size:18px"><span style="font-family:verdana,geneva,sans-serif"><span style="color:rgb(51, 51, 51)">La inducci&oacute;n electromagn&eacute;tica fue un descubrimiento muy importante, ya que dio lugar a numerosas aplicaciones. Realiza la pr&aacute;ctica y averigua para qu&eacute; se utiliza este fen&oacute;meno en la actualidad. </span></span></span></p>

<p><span style="font-size:18px"><span style="font-family:verdana,geneva,sans-serif"><span style="color:rgb(51, 51, 51)">&iquest;Podr&iacute;amos vivir nuestro d&iacute;a a d&iacute;a sin la inducci&oacute;n electromagn&eacute;tica?, &iquest;por qu&eacute;?</span></span></span></p>
]]></section>
</engine>