﻿<?xml version="1.0" encoding="utf-8"?>
<motor tipo="11" clase="a" aprid="m11a">
  <plataforma>
    <grado><![CDATA[1]]></grado>
    <titulo>La reproducción de las plantas</titulo>
    <area>0</area>
    <nivel>1</nivel>
    <referencia />
    <idreg><![CDATA[0]]></idreg>
    <motor><![CDATA[M11A]]></motor>
    <lang>es</lang>
  </plataforma>
  <enunciado><![CDATA[Resuelve el crucigrama de conceptos relacionados con la reproducción de las plantas. Recuerda poner tilde en aquellas palabras que la tengan.]]></enunciado>
  <masinfo inicio="0" />
  <calc><![CDATA[0]]></calc>
  <crucigrama>
    <central etiqueta="GEMACION"><![CDATA[Reproducción asexual a partir de yemas.]]></central>
    <cruzadas>
      <palabra etiqueta="CIGOTO" cortePropio="3"><![CDATA[Resultado de la unión de un gameto femenino y uno masculino.]]></palabra>
      <palabra etiqueta="EMBRIÓN" cortePropio="1"><![CDATA[Resultado del proceso de desarrollo de un cigoto.]]></palabra>
      <palabra etiqueta="GAMETOFÍTICA" cortePropio="3"><![CDATA[Fase del ciclo de vida de una planta en la que se producen gametos.]]></palabra>
      <palabra etiqueta="POLINIZACIÓN" cortePropio="8"><![CDATA[Proceso mediante el cual los granos de polen llegan desde la antera del estambre hasta el pistilo.]]></palabra>
      <palabra etiqueta="FRUCTIFICACIÓN" cortePropio="9"><![CDATA[Fase en la que se forma el fruto.]]></palabra>
      <palabra etiqueta="SEMILLA" cortePropio="4"><![CDATA[Grano que contiene al embrión.]]></palabra>
      <palabra etiqueta="ENDOSPERMO" cortePropio="4"><![CDATA[Cubierta que contiene el embrión y protege la semilla.]]></palabra>
      <palabra etiqueta="FECUNDACIÓN" cortePropio="5"><![CDATA[Fusión de los núcleos de los gametos femenino y masculino.]]></palabra>
    </cruzadas>
  </crucigrama>
  <temps>20</temps>
</motor>