<?xml version="1.0" encoding="UTF-8"?>
<engine title="Análisis de las distintas pruebas evolutivas" copy="Editorial Planeta" version="1" aprid="F13">
  <section title="Presentación" path="medias/section0.jpg" image1Text="" zoom1="true" zoom2a="false" zoom2b="false" layout="1"><![CDATA[<TextFlow><p><span>La evolución biológica afecta al conjunto de seres vivos que habitan en el planeta Tierra. Es un proceso que se desarrolla a lo largo de mucho tiempo, por lo que sus resultados no se observan de un día para otro sino que se manifiestan durante miles o millones de años. Existen varios hechos y pruebas que hacen posible que veamos esta manifestación de la evolución. </span></p><p><span></span></p><p><span fontSize="12" fontWeight="bold">El objetivo de esta actividad es analizar las diferentes pruebas de la evolución que existen y los datos que han aportado al estudio de tema.</span></p><p><span></span></p><p><span>Antes de empezar con la actividad, repasa y ten presentes las diferentes visiones evolucionistas que han existido en nuestra historia:</span></p><p><span></span></p><p paragraphStartIndent="20" styleName="bullet"><span>Teorías evolucionistas</span></p><p paragraphStartIndent="20" styleName="bullet"><span>Teoría de Lamarck</span></p><p paragraphStartIndent="20" styleName="bullet"><span>Selección natural</span></p><p paragraphStartIndent="20" styleName="bullet"><span>Neodarwinismo</span></p><p paragraphStartIndent="20" styleName="bullet"><span>Gradualismo y saltacionismo</span></p><p><span></span></p></TextFlow>]]></section>
  <section title="Tarea" zoom1="false" zoom2a="false" zoom2b="false" layout="2"><![CDATA[<TextFlow><p><span>Para realizar esta tarea sigue los pasos del procedimiento.</span></p><p><span></span></p><p><span fontSize="12" fontWeight="bold">Procedimiento:</span></p><p><span fontSize="12" fontWeight="bold"></span></p><p><span>Es recomendable que trabajes en grupos de 5 personas.</span></p><p><span></span></p><p><span>1.º Elige un tipo de pruebas evolutivas. Cada miembro del grupo deberá ocuparse de uno y buscar información sobre él:</span></p><p><span></span></p><p paragraphStartIndent="20" styleName="bullet"><span>Pruebas paleontológicas.</span></p><p paragraphStartIndent="20" styleName="bullet"><span>Pruebas biogeográficas.</span></p><p paragraphStartIndent="20" styleName="bullet"><span>Pruebas anatómicas</span></p><p paragraphStartIndent="20" styleName="bullet"><span>Pruebas embriológicas</span></p><p paragraphStartIndent="20" styleName="bullet"><span>Pruebas bioquímicas.</span></p><p><span></span></p><p><span>2.º Busca información sobre la prueba evolutiva que has elegido, explica en qué consiste.</span></p><p><span></span></p><p><span>3.º Pon un ejemplo para que resulte más fácil de entender y busca imágenes que lo ilustren.</span></p><p><span></span></p><p><span>4.º Pon en común la información recopilada con tus compañeros y explica en qué consiste la prueba que has analizado.</span></p><p><span></span></p><p><span>5.º Escucha a tus compañeros, ya que todos debéis comprender la base de las diferentes pruebas evolutivas existentes.</span></p><p><span></span></p><p><span>Tras la puesta en común de la investigación, valorad todas las pruebas evolutivas existentes y elaborad un pequeño mural para mostrarlas todas. Seleccionad imágenes que las ejemplifiquen y escribid una breve explicación de cada una.</span></p><p><span></span></p></TextFlow>]]></section>
</engine>
