﻿<?xml version="1.0" encoding="utf-8"?><motor tipo="4" clase="a" aprid="m4a">
  <plataforma>
    <grado><![CDATA[2]]></grado>
    <titulo>Evaluación</titulo>
    <area>0</area>
    <nivel>2</nivel>
    <referencia/>
    <idreg><![CDATA[0]]></idreg>
    <motor><![CDATA[M4A]]></motor>
    <lang>es</lang>
  </plataforma>
  <enunciado><![CDATA[Selecciona la opción que consideres correcta.]]></enunciado>
  <masinfo inicio="1"><![CDATA[ΔHf = Fe = 0 kJ, O = 0 kJ, FeO = -272  kJ]]></masinfo>
  <sinaleatoriedad><![CDATA[0]]></sinaleatoriedad>
  <calc><![CDATA[1]]></calc>
  <respuestaunica><![CDATA[0]]></respuestaunica>
  <test cantidad="10">
    <cuestion>
      <enunciado><![CDATA[¿Cuál de los siguientes sistemas corresponde a uno cerrado?]]></enunciado>
      <explicacion/>
      <imagen/>
      <ampliacion/>
      <respuestas>
        <respuesta contestacion="Un termo sellado. " correcta="0"/>
        <respuesta contestacion="Una lata de cerveza cerrada." correcta="1"/>
        <respuesta contestacion="Una planta de café." correcta="0"/>
        <respuesta contestacion="Un perro." correcta="0"/>
      </respuestas>
    </cuestion>
    <cuestion>
      <enunciado><![CDATA[¿En qué situación se realiza trabajo negativo?]]></enunciado>
      <explicacion/>
      <imagen/>
      <ampliacion/>
      <respuestas>
        <respuesta contestacion="Al taladrar un muro de concreto." correcta="0"/>
        <respuesta contestacion="Al comprimir un gas en un recipiente." correcta="0"/>
        <respuesta contestacion="En la explosión de una bomba." correcta="1"/>
        <respuesta contestacion="Al empujar un carro." correcta="0"/>
      </respuestas>
    </cuestion>
    <cuestion>
      <enunciado><![CDATA[¿Cuál es el Δ{{cur}}H{{normal}} en kJ de la reacción de formación de FeO a partir de hierro y oxígeno, en condiciones normales de presión y temperatura (25 °C y 1 atm)? ]]></enunciado>
      <explicacion/>
      <imagen><![CDATA[CN_10_16_REC260_IMG01n.jpg]]></imagen>
      <ampliacion><![CDATA[CN_10_16_REC260_IMG01a.jpg]]></ampliacion>
      <respuestas>
        <respuesta contestacion="-544 kJ" correcta="1"/>
        <respuesta contestacion="544 kJ" correcta="0"/>
        <respuesta contestacion="-445 kJ" correcta="0"/>
        <respuesta contestacion="445 kJ" correcta="0"/>
      </respuestas>
    </cuestion>
    <cuestion>
      <enunciado><![CDATA[¿Cuál es el calor que emite una muestra de 100 g de agua, si la  temperatura se disminuye de 100 °C a 20 °C, sabiendo que el calor específico para el agua es 4,184 J/g °C?]]></enunciado>
      <explicacion/>
      <imagen/>
      <ampliacion/>
      <respuestas>
        <respuesta contestacion="33472 J" correcta="0"/>
        <respuesta contestacion="47233 J" correcta="0"/>
        <respuesta contestacion="-47233 J" correcta="0"/>
        <respuesta contestacion="-33472 J" correcta="1"/>
      </respuestas>
    </cuestion>
    <cuestion>
      <enunciado><![CDATA[¿Cuál es la velocidad de la reacción de Ni con HCl, si experimentalmente [Ni] = 0,2{{cur}} M{{normal}} con orden uno, [HCl] = 0,04{{cur}} M{{normal}} con orden dos y con constante de velocidad 3200/{{cur}}M{{normal}}{{sub}}2{{normal}}·s?]]></enunciado>
      <explicacion/>
      <imagen><![CDATA[CN_10_16_REC260_IMG02n.jpg]]></imagen>
      <ampliacion><![CDATA[CN_10_16_REC260_IMG02a.jpg]]></ampliacion>
      <respuestas>
        <respuesta contestacion="1,240 {{cur}}M{{normal}}/s" correcta="0"/>
        <respuesta contestacion="1,024 {{cur}}M{{normal}}/s" correcta="1"/>
        <respuesta contestacion="2,024 {{cur}}M{{normal}}/s" correcta="0"/>
        <respuesta contestacion="1,423 {{cur}}M{{normal}}/s" correcta="0"/>
      </respuestas>
    </cuestion>
    <cuestion>
      <enunciado><![CDATA[¿Cuál de las siguientes condiciones aumentaría la velocidad de una reacción?]]></enunciado>
      <explicacion/>
      <imagen/>
      <ampliacion/>
      <respuestas>
        <respuesta contestacion="Disminuir la temperatura." correcta="0"/>
        <respuesta contestacion="Disminuir la concentración." correcta="0"/>
        <respuesta contestacion="Adicionar un catalizador positivo." correcta="1"/>
        <respuesta contestacion="Adicionar un catalizador negativo." correcta="0"/>
      </respuestas>
    </cuestion>
    <cuestion>
      <enunciado><![CDATA[¿Qué tipo de equilibrio se presenta en la reacción entre C y CO{{sub}}2{{normal}}?]]></enunciado>
      <explicacion/>
      <imagen><![CDATA[CN_10_16_REC260_IMG03n.jpg]]></imagen>
      <ampliacion><![CDATA[CN_10_16_REC260_IMG03a.jpg]]></ampliacion>
      <respuestas>
        <respuesta contestacion="Homogéneo " correcta="0"/>
        <respuesta contestacion="Heterogéneo" correcta="1"/>
        <respuesta contestacion="Constante " correcta="0"/>
        <respuesta contestacion="Mixto" correcta="0"/>
      </respuestas>
    </cuestion>
    <cuestion>
      <enunciado><![CDATA[¿Cuál es la {{cur}}Kc{{normal}} para la reacción de producción de PCl{{sub}}5{{normal}} a partir de PCl{{sub}}3{{normal}} y Cl{{sub}}2{{normal}}, si experimentalmente las concentraciones en el equilibrio fueron [PCl{{sub}}5{{normal}}] = 0,20  {{cur}}M{{normal}}, [PCl{{sub}}3{{normal}}] = 0,23 {{cur}}M{{normal}} y [Cl{{sub}}2{{normal}}] = 0,12 {{cur}}M{{normal}}?]]></enunciado>
      <explicacion/>
      <imagen><![CDATA[CN_10_16_REC260_IMG04n.jpg]]></imagen>
      <ampliacion><![CDATA[CN_10_16_REC260_IMG04a.jpg]]></ampliacion>
      <respuestas>
        <respuesta contestacion="2,7 {{cur}}M{{normal}}{{sup}}-2{{normal}}" correcta="0"/>
        <respuesta contestacion="0,7  {{cur}}M{{normal}}{{sup}}-2{{normal}}" correcta="0"/>
        <respuesta contestacion="7,2 {{cur}}M{{normal}}{{sup}}-2{{normal}}" correcta="1"/>
        <respuesta contestacion="0,2 {{cur}}M{{normal}}{{sup}}-2{{normal}}" correcta="0"/>
      </respuestas>
    </cuestion>
    <cuestion>
      <enunciado><![CDATA[¿Cuál es la concentración en equilibrio de los reactantes de la reacción de 0,9 moles de CO{{sub}}2{{normal}} con 0,9 moles de H{{sub}}2 {{normal}}en un recipiente de 1 L para obtener H{{sub}}2{{normal}}O y CO, sabiendo que {{cur}}Kc{{normal}} = 0,8?]]></enunciado>
      <explicacion/>
      <imagen><![CDATA[CN_10_16_REC260_IMG05n.jpg]]></imagen>
      <ampliacion><![CDATA[CN_10_16_REC260_IMG05a.jpg]]></ampliacion>
      <respuestas>
        <respuesta contestacion="0,4 {{cur}}M{{normal}}" correcta="0"/>
        <respuesta contestacion="0,5 {{cur}}M{{normal}}" correcta="1"/>
        <respuesta contestacion="0,8 {{cur}}M{{normal}}" correcta="0"/>
        <respuesta contestacion="0,3 {{cur}}M{{normal}}" correcta="0"/>
      </respuestas>
    </cuestion>
    <cuestion>
      <enunciado><![CDATA[En las reacciones exotérmicas el aumento de la temperatura favorece el equilibrio hacia...]]></enunciado>
      <explicacion/>
      <imagen/>
      <ampliacion/>
      <respuestas>
        <respuesta contestacion="los reactantes." correcta="1"/>
        <respuesta contestacion="los productos." correcta="0"/>
        <respuesta contestacion="la derecha." correcta="0"/>
        <respuesta contestacion="los sólidos." correcta="0"/>
      </respuestas>
    </cuestion>
  </test>
</motor>