﻿<?xml version="1.0" encoding="utf-8"?><engine copy="Editorial Planeta" version="1" aprid="f6"><main layout="1">
<title>Los mecanismos de defensa ante los patógenos</title>
<footer>Selecciona una imagen</footer>
</main>
<sections>
<section i="0" star="false" hasSubsections="false">
<menuImage path="CN_08_03_CO_REC10_img01.jpg" border="0">
<title><![CDATA[Defensas externas]]></title>
</menuImage>
<pages>
<page i="0" visible="true" color="">
<title>Las defensas externas</title>
<description><![CDATA[<ul>
	<li><span style="font-size:18px"><span style="font-family:verdana,geneva,sans-serif">Son las primeras defensas en entrar en contacto con los <strong>pat&oacute;genos</strong> del medio ambiente (un pat&oacute;geno es un agente causante de <strong>enfermedad</strong>).</span></span></li>
</ul>

<ul>
	<li><span style="font-size:18px"><span style="font-family:verdana,geneva,sans-serif">Protegen las superficies que est&aacute;n en contacto con el exterior y las cavidades expuestas como&nbsp;los ojos y&nbsp;el interior de la boca.</span></span></li>
</ul>

<ul>
	<li><span style="font-size:18px"><span style="font-family:verdana,geneva,sans-serif"><strong>No son selectivas</strong>, act&uacute;an de la misma manera sobre cualquier part&iacute;cula o microorganismo.</span></span></li>
</ul>
]]></description>
<images>
<image path="CN_08_03_CO_REC10_img02n.jpg" border = "0" pathbig="CN_08_03_CO_REC10_img02a.jpg">
<title><![CDATA[La piel, el pelo y el sudor son algunas de las primeras barreras contra los patógenos.]]></title>
</image>
</images>
</page>
<page i="0" visible="true" color="">
<title>Físicas</title>
<description><![CDATA[<ul>
	<li><span style="font-size:18px"><span style="font-family:verdana,geneva,sans-serif">Detienen a la mayor&iacute;a de agentes pat&oacute;genos.</span></span></li>
</ul>

<ul>
	<li><span style="font-size:18px"><span style="font-family:verdana,geneva,sans-serif">La <strong>piel</strong> y el <strong>pelo</strong> presentan condiciones adversas que evitan que los microorganismos se alojen y prosperen.</span></span></li>
</ul>

<ul>
	<li><span style="font-size:18px"><span style="font-family:verdana,geneva,sans-serif">Las <strong>membranas mucosas,</strong> revestidas de moco y cilios,&nbsp;atrapan las part&iacute;culas y los pat&oacute;genos facilitando su eliminaci&oacute;n.</span></span></li>
</ul>
]]></description>
<images>
<image path="CN_08_03_CO_REC10_img03n.jpg" border = "0" pathbig="CN_08_03_CO_REC10_img03a.jpg">
<title><![CDATA[La capa más externa de la piel consiste en células muertas de las cuales las bacterias no pueden extraer los nutrientes que necesitan.]]></title>
</image>
</images>
</page>
<page i="0" visible="true" color="">
<title>Químicas</title>
<description><![CDATA[<ul>
	<li><span style="font-size:18px"><span style="font-family:verdana,geneva,sans-serif">Son sustancias con <strong>enzimas</strong>&nbsp;(prote&iacute;nas que favorecen reacciones qu&iacute;micas)&nbsp;que destruyen a los microorganismos.</span></span>​</li>
</ul>

<ul>
	<li><span style="font-size:18px"><span style="font-family:verdana,geneva,sans-serif">Aqu&iacute; se cuentan el&nbsp;<strong>sudor</strong>, la&nbsp;<strong>saliva</strong> y las&nbsp;<strong>l&aacute;grimas</strong>.</span></span></li>
</ul>

<ul>
	<li><span style="font-size:18px"><span style="font-family:verdana,geneva,sans-serif">La <strong>cera</strong> de los o&iacute;dos tambi&eacute;n es una barrera contra part&iacute;culas, pat&oacute;genos e incluso peque&ntilde;os insectos.</span></span></li>
</ul>
]]></description>
<images>
<image path="CN_08_03_CO_REC10_img04n.jpg" border = "0" pathbig="CN_08_03_CO_REC10_img04a.jpg">
<title><![CDATA[Las lágrimas recogen y eliminan partículas y patógenos de los ojos.]]></title>
</image>
</images>
</page>
</pages>
</section><section i="0" star="false" hasSubsections="false">
<menuImage path="CN_08_03_CO_REC10_img05.jpg" border="0">
<title><![CDATA[Defensas internas inespecíficas]]></title>
</menuImage>
<pages>
<page i="0" visible="true" color="">
<title>Los ácidos y microorganismos benéficos</title>
<description><![CDATA[<ul>
	<li><span style="font-size:18px;"><span style="font-family:verdana,geneva,sans-serif">Al interior&nbsp;del cuerpo tambi&eacute;n existen barreras <strong>inespec&iacute;ficas</strong> que lo protegen de agentes pat&oacute;genos.</span></span></li>
</ul>

<ul>
	<li><span style="font-size:18px;"><font face="verdana, geneva, sans-serif">Sustancias &aacute;cidas, como la <span style="font-family:verdana,geneva,sans-serif"><strong>secreci&oacute;n vaginal</strong> y los&nbsp;<strong>&aacute;cidos estomacales</strong>, evitan&nbsp;el desarrollo de microorganismos.</span></font></span></li>
</ul>

<ul>
	<li><span style="font-size:18px;"><span style="font-family: verdana, geneva, sans-serif;">La <strong>flora bacteriana</strong>, las bacterias que normalmente viven al interior del organismo, tambi&eacute;n dificultan el establecimiento de colonias de pat&oacute;genos.</span></span></li>
</ul>

<ul>
	<li><span style="font-size:18px;"><span style="font-family:verdana,geneva,sans-serif">Estas bacterias compiten por espacio y nutrientes, o producen compuestos qu&iacute;micos que destruyen a los microorganismos&nbsp;invasores.</span></span></li>
</ul>
]]></description>
<images>
<image path="CN_08_03_CO_REC10_img06n.jpg" border = "0" pathbig="CN_08_03_CO_REC10_img06a.jpg">
<title><![CDATA[Bacterias del género Bifidobacterium, comunes en el organismo y en alimentos con probióticos, remueven patógenos de la mucosa intestinal.]]></title>
</image>
</images>
</page>
<page i="0" visible="true" color="">
<title>Los fagocitos</title>
<description><![CDATA[<ul>
	<li><span style="font-size:18px"><span style="font-family:verdana,geneva,sans-serif">Son c&eacute;lulas especializadas en identificar, consumir&nbsp;y degradar, mediante <strong>enzimas</strong>,&nbsp;c&eacute;lulas, virus y mol&eacute;culas&nbsp;extra&ntilde;as.</span></span></li>
</ul>

<ul>
	<li><span style="font-size:18px"><span style="font-family:verdana,geneva,sans-serif">El proceso por el cual capturan los invasores se llama <strong>fagocitosis</strong>, y&nbsp;consiste en rodear con la membrana celular el cuepo extra&ntilde;o, para as&iacute; introducirlo en la c&eacute;lula y destruirlo.&nbsp;</span></span></li>
</ul>

<ul>
	<li><span style="font-size:18px"><span style="font-family:verdana,geneva,sans-serif">Los fagocitos viajan por el&nbsp;<strong>torrente sangu&iacute;neo</strong>&nbsp;y pueden entrar y salir de los vasos del sistema circulatorio.</span></span></li>
</ul>
]]></description>
<images>
<image path="CN_08_03_CO_REC10_img07n.jpg" border = "0" pathbig="CN_08_03_CO_REC10_img07a.jpg">
<title><![CDATA[Los fagocitos se "tragan" y destruyen a los invasores.]]></title>
</image>
</images>
</page>
<page i="0" visible="true" color="">
<title>La respuesta inflamatoria</title>
<description><![CDATA[<ul>
	<li><span style="font-size:18px;"><span style="font-family:verdana,geneva,sans-serif;">La <strong>inflamaci&oacute;n </strong>es una reacci&oacute;n del cuerpo en donde se sube la <strong>temperatura </strong>de la zona y se aumenta el <strong>flujo sangu&iacute;neo</strong>, lo que produce hinchaz&oacute;n y enrojecimiento.</span></span></li>
</ul>

<ul>
	<li><span style="font-size:18px;"><span style="font-family:verdana,geneva,sans-serif;">Se presenta en zonas donde hay <strong>tejido da&ntilde;ado</strong> e <strong>infecciones </strong>(invasi&oacute;n de pat&oacute;genos), como en las heridas abiertas</span></span><span style="font-size:18px;"><span style="font-family:verdana,geneva,sans-serif;">​.</span></span><span style="font-size:18px;"><span style="font-family:verdana,geneva,sans-serif;">​​</span></span></li>
</ul>

<ul>
	<li><span style="font-size:18px;"><span style="font-family:verdana,geneva,sans-serif;">La mayor temperatura afecta el metabolismo de las bacterias.</span></span></li>
</ul>

<ul>
	<li><span style="font-size:18px;"><span style="font-family:verdana,geneva,sans-serif;">El mayor flujo sangu&iacute;neo lleva m&aacute;s fagocitos a la zona.</span></span></li>
</ul>
]]></description>
<images>
<image path="CN_08_03_CO_REC10_img08n.jpg" border = "0" pathbig="CN_08_03_CO_REC10_img08a.jpg">
<title><![CDATA[El tejido dañado se inflama para controlar las infecciones.]]></title>
</image>
</images>
</page>
<page i="0" visible="true" color="">
<title>La fiebre</title>
<description><![CDATA[<ul>
	<li><span style="font-size:18px"><span style="font-family:verdana,geneva,sans-serif">La respuesta del cuerpo a una infecci&oacute;n masiva es elevar su temperatura. Esta respuesta constituye la <strong>fiebre</strong>.</span></span></li>
</ul>

<ul>
	<li><span style="font-size:18px"><span style="font-family:verdana,geneva,sans-serif">Esto refuerza las defensas al aumentar la actividad de las c&eacute;lulas defensoras&nbsp;y reducir la tasa de reproducci&oacute;n de las bacterias.</span></span></li>
</ul>
]]></description>
<images>
<image path="CN_08_03_CO_REC10_img09n.jpg" border = "0" pathbig="CN_08_03_CO_REC10_img09a.jpg">
<title><![CDATA[La fiebre se desarrolla cuando el organismo se enfrenta a una infección a gran escala.]]></title>
</image>
</images>
</page>
</pages>
</section><section i="0" star="false" hasSubsections="false">
<menuImage path="CN_08_03_CO_REC10_img10.jpg" border="0">
<title><![CDATA[Defensas internas específicas]]></title>
</menuImage>
<pages>
<page i="0" visible="true" color="">
<title>La respuesta inmunitaria</title>
<description><![CDATA[<ul>
	<li><span style="font-size:18px"><span style="font-family:verdana,geneva,sans-serif">Los animales vertebrados, incluido el ser humano, poseen tambi&eacute;n un sistema de defensa espec&iacute;fico: la&nbsp;<strong>r</strong><span style="font-size:18px"><span style="font-family:verdana,geneva,sans-serif"><strong>espuesta inmunitaria</strong>.</span></span></span></span></li>
</ul>

<ul>
	<li><span style="font-size:18px"><span style="font-family:verdana,geneva,sans-serif">Consiste en un ataque coordinado y dirigido espec&iacute;ficamente al pat&oacute;geno que est&aacute; infectando el cuerpo.</span></span></li>
</ul>

<ul>
	<li><span style="font-size:18px"><span style="font-family:verdana,geneva,sans-serif">Es ejecutada por c&eacute;lulas especializadas en la defensa del cuerpo.</span></span></li>
</ul>
]]></description>
<images>
<image path="CN_08_03_CO_REC10_img11n.jpg" border = "0" pathbig="CN_08_03_CO_REC10_img11a.jpg">
<title><![CDATA[Un tipo de glóbulos blancos sintetiza proteínas que identifican y marcan patógenos para su destrucción por otros componentes del sistema inmune.]]></title>
</image>
</images>
</page>
<page i="0" visible="true" color="">
<title>El sistema inmunitario</title>
<description><![CDATA[<ul>
	<li><span style="font-size:18px"><span style="font-family:verdana,geneva,sans-serif">La respuesta inmunitaria es ejecutada por el <strong>sistema inmunitario</strong>.</span></span></li>
</ul>

<ul>
	<li><span style="font-size:18px"><span style="font-family:verdana,geneva,sans-serif">Este sistema consta de &oacute;rganos, tejidos y c&eacute;lulas que interact&uacute;an para proteger al organismo de pat&oacute;genos espec&iacute;ficos.</span></span></li>
</ul>

<ul>
	<li><span style="font-size:18px"><span style="font-family:verdana,geneva,sans-serif"><strong>Identifica </strong>el pat&oacute;geno y activa los mecanismos para su eliminaci&oacute;n.&nbsp;Adem&aacute;s, lo<span style="font-size:18px"><span style="font-family:verdana,geneva,sans-serif">&nbsp;&quot;<strong>recuerda</strong>&quot; para&nbsp;generar respuestas m&aacute;s r&aacute;pidas y efectivas durante futuras infecciones.</span></span></span></span></li>
</ul>

<ul>
	<li><span style="font-size:18px"><span style="font-family:verdana,geneva,sans-serif">La especificidad del sistema permite detener la respuesta inmunitaria&nbsp;en cuanto desaparece el pat&oacute;geno.</span></span></li>
</ul>
]]></description>
<images>
<image path="CN_08_03_CO_REC10_img12n.jpg" border = "0" pathbig="CN_08_03_CO_REC10_img12a.jpg">
<title><![CDATA[El sistema inmunitario diferencia a los patógenos para combatirlos de forma más eficaz.]]></title>
</image>
</images>
</page>
</pages>
</section></sections>
</engine>