﻿<?xml version="1.0" encoding="utf-8"?><motor tipo="101" clase="a" aprid="M101a">
  <plataforma>
    <grado><![CDATA[2]]></grado>
    <titulo>Refuerza tu aprendizaje: La respuesta inmunitaria específica</titulo>
    <area>7</area>
    <nivel>3</nivel>
    <referencia><![CDATA[BG_09_09]]></referencia>
    <idreg><![CDATA[3815]]></idreg>
    <motor><![CDATA[M101A]]></motor>
    <lang>es</lang>
  </plataforma>
  <enunciado><![CDATA[Realiza la siguiente actividad. Cuando termines, envíala dando clic. Si es necesario, entrega tus respuestas por escrito.]]></enunciado>
  <masinfo inicio="0"/>
  <calc><![CDATA[0]]></calc>
  <preguntas cantidad="5">
    <pregunta>
      <enunciado><![CDATA[A pesar de la capacidad del sistema inmunitario de recordar invasores, es normal que las personas se enfermen de gripa una y otra vez, ¿por qué puede ocurrir esto?]]></enunciado>
      <explicacion/>
      <nivel><![CDATA[3]]></nivel>
      <tipo/>
      <imagen/>
      <ampliacion/>
      <texto/>
    </pregunta>
    <pregunta>
      <enunciado><![CDATA[¿Es posible que un organismo tenga naturalmente respuesta inmunitaria humoral (dependiente de anticuerpos) sin tener respuesta inmunitaria celular (dependiente de leucocitos)?]]></enunciado>
      <explicacion/>
      <nivel><![CDATA[2]]></nivel>
      <tipo/>
      <imagen/>
      <ampliacion/>
      <texto/>
    </pregunta>
    <pregunta>
      <enunciado><![CDATA[¿Por qué los anticuerpos reconocen como antígenos a moléculas grandes y complejas como las proteínas, en vez de moléculas sencillas como los aminoácidos?]]></enunciado>
      <explicacion/>
      <nivel><![CDATA[3]]></nivel>
      <tipo/>
      <imagen/>
      <ampliacion/>
      <texto/>
    </pregunta>
    <pregunta>
      <enunciado><![CDATA[¿Por qué los patógenos tienen antígenos?, ¿estos buscan que el sistema inmunitario los reconozca?]]></enunciado>
      <explicacion/>
      <nivel><![CDATA[3]]></nivel>
      <tipo/>
      <imagen/>
      <ampliacion/>
      <texto/>
    </pregunta>
    <pregunta>
      <enunciado><![CDATA[¿Qué diferencias habría entre las defensas de una persona que tenga todos los tipos de leucocitos y otra que carezca de linfocitos? Justifica tu respuesta.]]></enunciado>
      <explicacion/>
      <nivel><![CDATA[3]]></nivel>
      <tipo/>
      <imagen/>
      <ampliacion/>
      <texto/>
    </pregunta>
  </preguntas>
</motor>