<?xml version='1.0' encoding='UTF-8'?><engine copy="Editorial Planeta" version="1" aprid="f13" title="Reconocimiento de isómeros" >
<section title="Presentación" path="section0.jpg" pathAmp="" image1Text="" zoom1="false" zoom2a="false" zoom2b="false" layout="0" >
<![CDATA[<p><span style="font-size:18px"><span style="font-family:verdana,geneva,sans-serif">Los <strong>is&oacute;meros</strong> son compuestos que presentan la misma f&oacute;rmula molecular, pero distinta estructura. Las propiedades f&iacute;sicas de este tipo de compuestos son, por tanto, diferentes.</span></span></p>

<p><span style="font-size:18px"><span style="font-family:verdana,geneva,sans-serif">Los is&oacute;meros se clasifican en <strong>estructurales</strong>, <strong>geom&eacute;tricos</strong> y <strong>&oacute;pticos</strong>. Los primeros pueden ser is&oacute;meros de cadena, de posici&oacute;n o de grupo funcional. Los is&oacute;meros geom&eacute;tricos hacen referencia a las disposiciones <em>cis-trans</em> de compuestos con doble enlace carbono-carbono o c&iacute;clicos. Por &uacute;ltimo, los is&oacute;meros &oacute;pticos pueden ser enanti&oacute;meros o diastere&oacute;meros.</span></span></p>

<p><span style="font-size:18px"><span style="font-family:verdana,geneva,sans-serif"><strong>El objetivo de esta actividad es que reconozcas los diferentes tipos de is&oacute;meros.</strong></span></span></p>

<p><span style="font-size:18px"><span style="font-family:verdana,geneva,sans-serif">Antes de iniciar la actividad, responde las siguientes preguntas:</span></span></p>

<ul>
	<li><span style="font-size:18px"><span style="font-family:verdana,geneva,sans-serif">&iquest;En qu&eacute; se diferencian cada uno de los diferentes tipos de is&oacute;meros estructurales?</span></span></li>
	<li><span style="font-size:18px"><span style="font-family:verdana,geneva,sans-serif">&iquest;Qu&eacute; particularidad presentan los enanti&oacute;meros?</span></span></li>
	<li><span style="font-size:18px"><span style="font-family:verdana,geneva,sans-serif">&iquest;Qu&eacute; son los diastere&oacute;meros?</span></span></li>
	<li><span style="font-size:18px"><span style="font-family:verdana,geneva,sans-serif">&iquest;Podemos transformar un is&oacute;mero <em>cis</em> en uno <em>trans</em> a trav&eacute;s de la rotaci&oacute;n de un enlace? &iquest;Por qu&eacute;?</span></span></li>
</ul>
]]></section>
<section title="Tarea" path="section1.jpg" pathAmp="" image1Text="" zoom1="false" zoom2a="false" zoom2b="false" layout="0" >
<![CDATA[<p><span style="font-size:18px"><span style="font-family:verdana,geneva,sans-serif"><strong>Material:</strong></span></span></p>

<p><span style="font-size:18px"><span style="font-family:verdana,geneva,sans-serif">Caja de modelos moleculares</span></span></p>

<p><span style="font-size:18px"><span style="font-family:verdana,geneva,sans-serif"><strong>Procedimiento:</strong></span></span></p>

<p><span style="font-family:verdana,geneva,sans-serif">1.&nbsp;</span><span style="font-family:verdana,geneva,sans-serif">Construye los modelos moleculares de los siguientes compuestos:</span></p>

<ul>
	<li><span style="font-size:18px"><span style="font-family:verdana,geneva,sans-serif">Metano (CH<sub>4</sub>)</span></span></li>
	<li><span style="font-size:18px"><span style="font-family:verdana,geneva,sans-serif">Butano (C<sub>4</sub>H<sub>10</sub>)</span></span></li>
	<li><span style="font-size:18px"><span style="font-family:verdana,geneva,sans-serif">Isobutano (C<sub>4</sub>H<sub>10</sub>)</span></span></li>
	<li><span style="font-size:18px"><span style="font-family:verdana,geneva,sans-serif">Propano (C<sub>3</sub>H<sub>8</sub>)</span></span></li>
	<li><span style="font-size:18px"><span style="font-family:verdana,geneva,sans-serif">1,2-dibromoeteno (C<sub>2</sub>H<sub>2</sub>Br<sub>2</sub>)</span></span></li>
	<li><span style="font-size:18px"><span style="font-family:verdana,geneva,sans-serif">Benceno (C<sub>6</sub>H<sub>6</sub>)</span></span></li>
	<li><span style="font-size:18px"><span style="font-family:verdana,geneva,sans-serif">2-buteno (C<sub>4</sub>H<sub>8</sub>)</span></span></li>
	<li><span style="font-size:18px"><span style="font-family:verdana,geneva,sans-serif">1,1-dicloroeteno (C<sub>2</sub>H<sub>2</sub>Cl<sub>2</sub>)</span></span></li>
	<li><span style="font-size:18px"><span style="font-family:verdana,geneva,sans-serif">1,1,2-tricloroeteno (C<sub>2</sub>HCl<sub>3</sub>)</span></span></li>
	<li><span style="font-size:18px"><span style="font-family:verdana,geneva,sans-serif">1,1,2,2-tetracloroeteno (C<sub>2</sub>Cl<sub>4</sub>)</span></span></li>
</ul>

<p><span style="font-size:18px"><span style="font-family:verdana,geneva,sans-serif">2.&nbsp;Despu&eacute;s de analizar cada uno&nbsp;de los modelos moleculares que has construido, responde justificadamente las siguientes cuestiones:</span></span></p>

<ul>
	<li><span style="font-size:18px"><span style="font-family:verdana,geneva,sans-serif">&iquest;Cu&aacute;les presentan libre rotaci&oacute;n de enlace?</span></span></li>
	<li><span style="font-size:18px"><span style="font-family:verdana,geneva,sans-serif">&iquest;Qu&eacute; relaci&oacute;n existe entre el butano y el isobutano?</span></span></li>
	<li><span style="font-size:18px"><span style="font-family:verdana,geneva,sans-serif">&iquest;Cu&aacute;les presentan isomer&iacute;a <em>cis</em>-<em>trans</em>?</span></span></li>
	<li><span style="font-size:18px"><span style="font-family:verdana,geneva,sans-serif">&iquest;Cu&aacute;les presentan isomer&iacute;a conformacional? &iquest;Qu&eacute; conf&oacute;rmero crees que ser&aacute; m&aacute;s estable? &iquest;Y el m&aacute;s inestable? </span></span></li>
	<li><span style="font-size:18px"><span style="font-family:verdana,geneva,sans-serif">&iquest;Alguno de los compuestos puede presentar isomer&iacute;a &oacute;ptica? &iquest;Por qu&eacute;?</span></span></li>
</ul>
]]></section>
</engine>