<?xml version='1.0' encoding='UTF-8'?><engine copy="Editorial Planeta" version="1" aprid="f13" title="Estudio y valoración del agua como fuente de energía" >
<section title="Presentación" path="section0.jpg" pathAmp="" image1Text="" zoom1="false" zoom2a="false" zoom2b="false" layout="1" >
<![CDATA[
<p><span>El agua es una fuente de energía renovable que se encuentra en ríos y mares. Del agua se aprovecha la energía hidráulica, que se usa para mover grandes turbinas en las centrales eléctricas y generar electricidad.</span></p><p><span style="font-weight: bold; ">El objetivo de esta actividad es que descubras el uso energético del agua en las centrales hidroeléctricas.</span></p><p><span>Antes de realizar la actividad contesta a las siguientes preguntas:</span></p><ul><li><span>¿Cuáles son las centrales que usan el agua como fuente de energía?</span></li></ul><ul><li><span>¿Qué tipo de energía es la energía hidráulica?</span></li></ul><ul><li><span>¿Qué ventajas tiene el uso del agua como fuente de energía?</span></li></ul>]]></section>
<section title="Tarea" path="" pathAmp="" image1Text="" zoom1="false" zoom2a="false" zoom2b="false" layout="2" >
<![CDATA[<p>Para realizar esta tarea consigue el material que te indicamos y sigue los pasos del procedimiento.</p>

<p><strong>Material:</strong></p>

<ul>
	<li>Art&iacute;culo sobre<a href="/BCRedir.aspx?URL=/encyclopedia/default.asp?idreg=554668&amp;ruta=Buscador" target="_blank"> las centrales hidroel&eacute;ctricas</a> de aulaPlaneta.</li>
</ul>

<p><strong>Procedimiento:</strong></p>

<p>1. Lee el texto que se adjunta.</p>

<p>2. Anota y busca las palabras que no entiendas en un diccionario.</p>

<p>3. Resume cada p&aacute;rrafo en una idea principal.</p>

<p>Con la informaci&oacute;n recopilada, responde a las siguientes preguntas:</p>

<ul>
	<li>&iquest;Qu&eacute; usos se le da al agua en la generaci&oacute;n de energ&iacute;a?</li>
</ul>

<ul>
	<li>&iquest;Qu&eacute; tipos de centrales hidroel&eacute;ctricas se explican en el texto?, &iquest;en qu&eacute; consiste cada una?</li>
</ul>

<ul>
	<li>&iquest;Qu&eacute; problemas ambientales puede generar una central hidroel&eacute;ctrica?</li>
</ul>

<ul>
	<li>&iquest;Conoces alguna central hidroel&eacute;ctrica en tu territorio?, &iquest;de qu&eacute; tipo es?</li>
</ul>
]]></section>
</engine>