﻿<?xml version="1.0" encoding="utf-8"?><engine copy="Editorial Planeta" version="1" aprid="f4">
<main title="¿Para qué sirve la bioinformática?" path="CN_09_02_REC170_img01.jpg" buttonsHeight="73">
<info path="CN_09_02_REC170_img02.jpg">
<text><![CDATA[<p>&nbsp;</p>

<p>&nbsp;</p>

<p>&nbsp;</p>

<p><span style="font-size:20px"><span style="font-family:verdana,geneva,sans-serif">La&nbsp;<strong>bioinform&aacute;tica&nbsp;</strong>es una disciplina encargada de&nbsp;gestionar&nbsp;<strong>informaci&oacute;n biol&oacute;gica</strong> y&nbsp;<strong>molecular</strong>, mediante el uso de computadores.&nbsp;</span></span></p>

<p><span style="font-size:20px"><span style="font-family:verdana,geneva,sans-serif">Las herramientas computacionales que ofrece la bioinform&aacute;tica facilitan el manejo, almacenamiento, distribuci&oacute;n y an&aacute;lisis de la informaci&oacute;n biol&oacute;gica.</span></span></p>
]]></text>
</info>
</main>
<questions respCorrecta="Respuesta correcta." respIncorrecta="Vuélvelo a intentar.">
<question title="¿Qué significan las siglas NCBI en español?" path="CN_09_02_REC170_img03.jpg">
<answers>
<answer correct="1">
<text><![CDATA[Centro Nacional de Información Biotecnológica]]></text>
<explanation width="394"><![CDATA[<p><span style="font-family:verdana,geneva,sans-serif">NCBI son las siglas en ing&eacute;s de <strong>N</strong>ational <strong>C</strong>enter for <strong>B</strong>iotechnology&nbsp;<strong>I</strong>nformation.</span></p>
]]></explanation>
</answer>
<answer correct="0">
<text><![CDATA[Nacional Colombiana de Bioinformática]]></text>
<explanation width="394"><![CDATA[]]></explanation>
</answer>
<answer correct="0">
<text><![CDATA[Centro de Nucleótidos Bioinformáticos ]]></text>
<explanation width="394"><![CDATA[]]></explanation>
</answer>
<answer correct="0">
<text><![CDATA[]]></text>
<explanation width="394"><![CDATA[]]></explanation>
</answer>
<answer correct="0">
<text><![CDATA[]]></text>
<explanation width="394"><![CDATA[]]></explanation>
</answer>
<answer correct="0">
<text><![CDATA[]]></text>
<explanation width="394"><![CDATA[]]></explanation>
</answer>
<answer correct="0">
<text><![CDATA[]]></text>
<explanation width="394"><![CDATA[]]></explanation>
</answer>
<answer correct="0">
<text><![CDATA[]]></text>
<explanation width="394"><![CDATA[]]></explanation>
</answer>
</answers>
<info path="CN_09_02_REC170_img04.jpg">
<text><![CDATA[<p>&nbsp;</p>

<p>&nbsp;</p>

<p><span style="font-size:20px"><span style="font-family:verdana,geneva,sans-serif">El <strong>Centro Nacional de Informaci&oacute;n Biotecnol&oacute;gica</strong> (NCBI&nbsp;por sus siglas en ingl&eacute;s), es una gran plataforma con informaci&oacute;n molecular acerca de los seres vivos.</span></span></p>

<p><span style="font-size:20px"><span style="font-family:verdana,geneva,sans-serif">Tambi&eacute;n contiene programas bioinform&aacute;ticos que facilitan la tarea de analizar datos&nbsp;biol&oacute;gicos.</span></span></p>

<p><span style="font-size:20px"><span style="font-family:verdana,geneva,sans-serif">Se encuentra en internet disponible para todo el mundo.&nbsp;</span></span></p>
]]></text>
</info>
</question>
<question title="¿Para qué sirve la herramienta bioinformática PubMed?" path="CN_09_02_REC170_img05.jpg">
<answers>
<answer correct="0">
<text><![CDATA[Buscar genes]]></text>
<explanation width="394"><![CDATA[<p><span style="font-family:verdana,geneva,sans-serif">La busqueda de genes se realiza mediante la herramienta llamada &quot;Genes&quot;.</span></p>
]]></explanation>
</answer>
<answer correct="1">
<text><![CDATA[Buscar artículos con información biomédica]]></text>
<explanation width="394"><![CDATA[<p><span style="font-family:verdana,geneva,sans-serif">PubMed es una herramienta de b&uacute;squeda espec&iacute;fica de art&iacute;culos cient&iacute;ficos con informaci&oacute;n biom&eacute;dica.</span></p>
]]></explanation>
</answer>
<answer correct="0">
<text><![CDATA[Buscar proteínas]]></text>
<explanation width="394"><![CDATA[<p><span style="font-family:verdana,geneva,sans-serif">La busqueda de prote&iacute;nas&nbsp;se realiza mediante la herramienta &quot;Protein&quot;.</span></p>
]]></explanation>
</answer>
<answer correct="0">
<text><![CDATA[]]></text>
<explanation width="394"><![CDATA[]]></explanation>
</answer>
<answer correct="0">
<text><![CDATA[]]></text>
<explanation width="394"><![CDATA[]]></explanation>
</answer>
<answer correct="0">
<text><![CDATA[]]></text>
<explanation width="394"><![CDATA[]]></explanation>
</answer>
<answer correct="0">
<text><![CDATA[]]></text>
<explanation width="394"><![CDATA[]]></explanation>
</answer>
<answer correct="0">
<text><![CDATA[]]></text>
<explanation width="394"><![CDATA[]]></explanation>
</answer>
</answers>
<info path="CN_09_02_REC170_img06.jpg">
<text><![CDATA[<p>&nbsp;</p>

<p>&nbsp;</p>

<p><span style="font-size:20px"><span style="font-family:verdana,geneva,sans-serif"><strong>PubMed</strong> <strong>Central</strong> (PBC) es una herramienta asociada a <strong>NCBI</strong>. Contiene un registro completo de la literatura cient&iacute;fica en biomedicina.</span></span></p>

<p><span style="font-size:20px"><span style="font-family:verdana,geneva,sans-serif">Los art&iacute;culos que se encuentran en PubMed hacen parte del archivo de la Biblioteca Nacional de Medicina de los Estados Unidos.</span></span></p>
]]></text>
</info>
</question>
<question title="¿Qué secuencias se pueden analizar mediante el uso de las herramientas bioinformáticas? " path="CN_09_02_REC170_img07.jpg">
<answers>
<answer correct="1">
<text><![CDATA[Nucleótidos]]></text>
<explanation width="394"><![CDATA[<p><span style="font-family:verdana,geneva,sans-serif">En NCBI se encuentran secuencias de los nucle&oacute;tidos de diversos genes.</span></p>
]]></explanation>
</answer>
<answer correct="0">
<text><![CDATA[Carbohidratos]]></text>
<explanation width="394"><![CDATA[]]></explanation>
</answer>
<answer correct="1">
<text><![CDATA[Aminoácidos]]></text>
<explanation width="394"><![CDATA[<p><span style="font-family:verdana,geneva,sans-serif">En NCBI se encuentran secuencias de los amino&aacute;cidos de&nbsp;diversas prote&iacute;nas.</span></p>
]]></explanation>
</answer>
<answer correct="0">
<text><![CDATA[]]></text>
<explanation width="394"><![CDATA[]]></explanation>
</answer>
<answer correct="0">
<text><![CDATA[]]></text>
<explanation width="394"><![CDATA[]]></explanation>
</answer>
<answer correct="0">
<text><![CDATA[]]></text>
<explanation width="394"><![CDATA[]]></explanation>
</answer>
<answer correct="0">
<text><![CDATA[]]></text>
<explanation width="394"><![CDATA[]]></explanation>
</answer>
<answer correct="0">
<text><![CDATA[]]></text>
<explanation width="394"><![CDATA[]]></explanation>
</answer>
</answers>
<info path="CN_09_02_REC170_img08.jpg">
<text><![CDATA[<p>&nbsp;</p>

<p>&nbsp;</p>

<p><span style="font-size:20px"><span style="font-family:verdana,geneva,sans-serif">La <strong>informaci&oacute;n molecular</strong> presente en NCBI, incluye secuencias de <strong>nucle&oacute;tidos</strong>&nbsp;de genes, al igual que secuencias de <strong>amino&aacute;cidos</strong> de las prote&iacute;nas que se han estudiado hasta ahora.</span></span></p>
]]></text>
</info>
</question>
<question title="¿Qué se puede comparar gracias a las herramientas bioinformáticas?" path="CN_09_02_REC170_img09.jpg">
<answers>
<answer correct="0">
<text><![CDATA[Células]]></text>
<explanation width="394"><![CDATA[]]></explanation>
</answer>
<answer correct="0">
<text><![CDATA[Tejidos]]></text>
<explanation width="394"><![CDATA[]]></explanation>
</answer>
<answer correct="1">
<text><![CDATA[Genomas]]></text>
<explanation width="394"><![CDATA[]]></explanation>
</answer>
<answer correct="0">
<text><![CDATA[]]></text>
<explanation width="394"><![CDATA[]]></explanation>
</answer>
<answer correct="0">
<text><![CDATA[]]></text>
<explanation width="394"><![CDATA[]]></explanation>
</answer>
<answer correct="0">
<text><![CDATA[]]></text>
<explanation width="394"><![CDATA[]]></explanation>
</answer>
<answer correct="0">
<text><![CDATA[]]></text>
<explanation width="394"><![CDATA[]]></explanation>
</answer>
<answer correct="0">
<text><![CDATA[]]></text>
<explanation width="394"><![CDATA[]]></explanation>
</answer>
</answers>
<info path="CN_09_02_REC170_img10.jpg">
<text><![CDATA[<p>&nbsp;</p>

<p>&nbsp;</p>

<p><span style="font-size:20px"><span style="font-family:verdana,geneva,sans-serif">La bioinform&aacute;tica permite hacer <strong>g</strong><strong>en&oacute;mica comparativa</strong>, que consiste en reconocer similitudes y diferencias entre los genomas de diferentes seres vivos.</span></span></p>

<p><span style="font-size:20px"><span style="font-family:verdana,geneva,sans-serif">Las herramientas computacionales alinean&nbsp;cada una de las secuencias de nucle&oacute;tidos de un gen o de genomas enteros, y los contrastan con genes o genomas de otros organismos.</span></span></p>
]]></text>
</info>
</question>
<question title="¿Qué tipo de caracteres incluyen los árboles filogenéticos que se realizan mediante filogenia molecular?" path="CN_09_02_REC170_img11.jpg">
<answers>
<answer correct="0">
<text><![CDATA[Físicos]]></text>
<explanation width="394"><![CDATA[]]></explanation>
</answer>
<answer correct="1">
<text><![CDATA[Genes y proteínas]]></text>
<explanation width="394"><![CDATA[]]></explanation>
</answer>
<answer correct="0">
<text><![CDATA[Comportamentales]]></text>
<explanation width="394"><![CDATA[]]></explanation>
</answer>
<answer correct="0">
<text><![CDATA[]]></text>
<explanation width="394"><![CDATA[]]></explanation>
</answer>
<answer correct="0">
<text><![CDATA[]]></text>
<explanation width="394"><![CDATA[]]></explanation>
</answer>
<answer correct="0">
<text><![CDATA[]]></text>
<explanation width="394"><![CDATA[]]></explanation>
</answer>
<answer correct="0">
<text><![CDATA[]]></text>
<explanation width="394"><![CDATA[]]></explanation>
</answer>
<answer correct="0">
<text><![CDATA[]]></text>
<explanation width="394"><![CDATA[]]></explanation>
</answer>
</answers>
<info path="CN_09_02_REC170_img12.jpg">
<text><![CDATA[<p>&nbsp;</p>

<p><span style="font-size:20px"><span style="font-family:verdana,geneva,sans-serif">Un <strong>&aacute;rbol filogen&eacute;tico</strong> es un esquema que presenta las relaciones evolutivas entre diferentes seres vivos.</span></span></p>

<p><span style="font-size:20px"><span style="font-family:verdana,geneva,sans-serif">En la actualidad se construyen &aacute;rboles que usan <strong>filogenia molecular</strong>, es decir, informaci&oacute;n de los &aacute;cidos nucleicos (ADN y ARN), y de las prote&iacute;nas.</span></span></p>

<p><span style="font-size:20px"><span style="font-family:verdana,geneva,sans-serif">Debido a la gran cantidad de informaci&oacute;n reportada de este tipo, para hacer filogenia molecular es&nbsp;necesario el uso de&nbsp;herramientas bioinform&aacute;ticas.</span></span></p>
]]></text>
</info>
</question>
</questions>
</engine>