﻿<?xml version="1.0" encoding="UTF-8"?>
<?xml-stylesheet href="cuadernoestudio/dtd/libro.xslt" type="text/xsl"?>
<!--Arbortext, Inc., 1988-2013, v.4002-->
<!DOCTYPE libro SYSTEM "cuadernoestudio/dtd/libro.dtd">
<libro id="CN_09_02_CO">
<libroTitulo>La genética molecular moderna</libroTitulo>
<seccion1 id="S1_CN_09_02_CO_2D81F10FBB0C4BFD8C966C3AA1870E81">
<seccion1Titulo>La genética molecular: definición e importancia</seccion1Titulo>
<seccion1Texto>
<p>La experimentación con virus y bacterias que se empezó a realizar
hace algunos años, abrió paso a un mundo antes insospechado para los
científicos y dio cabida a importantes avances en biología, entre
ellos:</p>
<listaSinNumerar>
<listaElemento>El descubrimiento del <negrita>ADN</negrita> como la
molécula de la herencia.</listaElemento>
<listaElemento>La comprensión del <negrita>código genético</negrita
>.</listaElemento>
<listaElemento>El conocimiento de los detalles de la <negrita>transcripción</negrita
> y la <negrita>traducción</negrita>. </listaElemento>
</listaSinNumerar>
<p>Estos descubrimientos dieron origen a la <negrita>genética molecular</negrita
>, que es el campo de la biología que se encarga de estudiar la estructura
y la función de los <negrita>genes</negrita> desde el punto de vista
molecular. Para hacerlo, utiliza los métodos tanto de la genética
como de la biología molecular.</p>
<recuerda><recuerdaTexto>
<p>La <negrita>genética</negrita> es la rama de la biología que estudia
la herencia biológica, es decir, la manera en que los padres les transmiten
las características a sus hijos a través de la reproducción.  </p>
<p>La <negrita>biología molecular</negrita> es un campo de la biología
que se encarga de estudiar los procesos de los seres vivos a nivel
de los átomos y las moléculas.</p>
</recuerdaTexto></recuerda>
<p>En la actualidad, los conocimientos en genética molecular les permiten
a los biólogos manipular los genes a niveles muy específicos, lo cual
ha generado una revolución excepcional en términos científicos y tecnológicos.</p>
<imagen src="CN_09_02_CO_img_01_small.jpg">
<p>Las técnicas en genética molecular permiten modificar genes y mezclar
fragmentos de ADN provenientes de diferentes organismos, e insertar
estas moléculas modificadas en nuevas células, donde son expresadas.</p>
</imagen>
<profundiza>
<enlace
destino="/LoIdRedirect.aspx?LoId=CN_09_02_CO_Recurso010&amp;IdRecurso=RES-FCE6C0001849420E913010CF4FB888D9"
>La genética molecular, los genes y las ciencias ómicas</enlace>
</profundiza><seccion2
id="S2_CN_09_02_CO_FD3F35B1EFD748069DA9B1E96FA6A1B5">
<seccion2Titulo>La definición moderna de gen</seccion2Titulo>
<seccion2Texto>
<p>Dado que la genética molecular tiene como objetivo el estudio de
los genes, los avances en esta disciplina permitieron ajustar la definición
de <negrita>gen</negrita>.</p>
<recuerda><recuerdaTexto>
<p>Tradicionalmente se definía un gen como un fragmento de ADN que
tiene las instrucciones para hacer una <negrita>proteína</negrita
>. </p>
</recuerdaTexto></recuerda>
<p>La definición moderna considera los genes como fragmentos de ADN
(secuencias de nucleótidos) que contienen la información necesaria
para producir una molécula con <negrita>función</negrita> específica
en la célula. Esto incluye a los genes que producen proteínas, y además
los que producen diferentes <negrita>ARN</negrita> celulares (ARNm,
ARNr y ARNt), que también son <negrita>moléculas funcionales</negrita
>.</p>
<imagen src="CN_09_02_CO_img_02_small.jpg">
<p>El concepto moderno de gen lo reconoce como un fragmento de ADN
con la información necesaria para generar proteínas o ARN.</p>
</imagen>
<practica>
<enlace
destino="/LoIdRedirect.aspx?LoId=CN_09_02_CO_Recurso020&amp;IdRecurso=RES-A33ECDB413B7468A94788C609A16EE92"
>Las definiciones de gen</enlace>
</practica></seccion2Texto></seccion2><seccion2
id="S2_CN_09_02_CO_055F01F1CA8544AA9DC8A2190FA79041">
<seccion2Titulo>Las ciencias ómicas</seccion2Titulo>
<seccion2Texto>
<p>Los avances científicos han permitido el surgimiento de una nueva
forma de ver los procesos biológicos denominada “la <negrita>era ómica</negrita
>”. La palabra oma significa “conjunto de”; este término actualmente
acompaña diferentes disciplinas, las cuales tienen en común que se
encargan de analizar una gran cantidad de datos. Algunas de estas
ciencias son: la <negrita>genómica</negrita>, la <negrita>transcriptómica</negrita
> y la <negrita>proteómica</negrita>. Veamos en que consiste cada
una de ellas.</p>
<table border="1"><caption>Las ciencias ómicas</caption><colgroup><col/>
<col/></colgroup>
<tbody>
<tr>
<td>Genómica</td>
<td>Es el conjunto de técnicas y disciplinas que estudian las características
de los genomas.</td>
</tr>
<tr>
<td>Transcriptómica</td>
<td>Estudia el total de los genes transcritos en los diferentes organismos.</td>
</tr>
<tr>
<td>Proteómica</td>
<td>Estudia el conjunto de proteínas de un sistema biológico.</td>
</tr>
</tbody>
</table>
<profundiza>
<enlace
destino="/LoIdRedirect.aspx?LoId=CN_09_02_CO_Recurso030&amp;IdRecurso=RES-9AE5A520BAEE4438967B68B97D9A2223"
>Conoce algunas de las ciencias ómicas</enlace>
</profundiza></seccion2Texto></seccion2><seccion2
id="S2_CN_09_02_CO_BA5E50ACAEC64825BC2F9C61B747E50A">
<seccion2Titulo>Consolidación</seccion2Titulo>
<seccion2Texto>
<p>Realiza la siguiente actividad para consolidar lo que has aprendido
en esta sección.</p>
<practica>
<enlace
destino="/LoIdRedirect.aspx?LoId=CN_09_02_CO_Recurso040&amp;IdRecurso=RES-28703F6AD9C640C2BC79F5B0CAA500EE"
>Refuerza tu aprendizaje: La genética molecular y las ciencias ómicas</enlace>
</practica></seccion2Texto></seccion2></seccion1Texto></seccion1>
<seccion1 id="S1_CN_09_02_CO_36F7BA8B69F14CB3910217A437356821">
<seccion1Titulo>La biotecnología moderna y sus aplicaciones</seccion1Titulo>
<seccion1Texto>
<p>La biotecnología es el uso de organismos vivos o sus derivados
(moléculas o células) para fabricar productos útiles o solucionar
problemas. </p>
<p>La <negrita>biotecnología</negrita> es una actividad antigua gracias
a la cual se han obtenido productos como el queso, el yogurt, el vino
y el pan, mediante el uso de bacterias y levaduras. La biotecnología
moderna utiliza técnicas que facilitan la manipulación de las células
y las moléculas biológicas, y permiten predecir el efecto que tendrá
dicho cambio.</p>
<destacado><destacadoTitulo>Los conceptos básicos en biotecnología</destacadoTitulo>
<destacadoTexto>
<p>•	<negrita>Organismos genéticamente modificados</negrita>: organismos
a quienes se les ha modificado su material genético mediante técnicas
de laboratorio específicas.</p>
<p>•	<negrita>Organismos transgénicos</negrita>: organismos cuyo material
genético ha sido manipulado, de modo que se le han añadido uno o varios
genes procedentes de otra especie. </p>
<p>•	<negrita>ADN recombinante</negrita>: es una molécula generada
en el laboratorio. Es producto de la unión de fragmentos de ADN provenientes
de diferentes organismos.</p>
<p> •	<negrita>Clonación génica</negrita>: proceso mediante el cual
se obtienen muchas copias idénticas de un gen. </p>
<p>En biotecnología es frecuente el uso de organismos transgénicos
para la obtención de nuevos productos.  </p>
<p>Observa un ejemplo acerca de la obtención de un organismo transgénico
en la página del Cidead de España [<enlace
destino="http://recursostic.educacion.es/secundaria/edad/4esobiologia/4quincena8/imagenes5/transge.swf"
>VER</enlace>]. </p>
</destacadoTexto></destacado>
<p>La biotecnología moderna incluye una amplia gama de tecnologías
que permiten la obtención de diversos productos. Aunque sus aplicaciones
son variadas, aquí haremos énfasis solamente en algunos campos de
gran relevancia en los que la biotecnología ofrece soluciones; estos
son: la salud humana, la agricultura, la ganadería y el medioambiente.
 </p>
<p>Si ingresas al link del IBUN de la universidad Nacional de Colombia,
podrás identificar las áreas de la biotecnología en las cuales se
encuentran trabajando allí [<enlace
destino="http://www.ibun.unal.edu.co/">VER</enlace>]</p>
<profundiza>
<enlace
destino="/LoIdRedirect.aspx?LoId=CN_09_02_CO_Recurso050&amp;IdRecurso=RES-9835F116498C44F3AF19EE8493045533"
>Las aplicaciones de la biotecnología</enlace>
</profundiza>
<p>Puedes profundizar en el tema de biotecnología consultando la página
web de la Universidad de Concepción de Chile [<enlace
destino="http://www.centrobiotecnologia.cl/index.php/que-es-la-biotecnologia"
>VER</enlace>].</p>
<seccion2 id="S2_CN_09_02_CO_DC6A00CEC2574396963A61135C490216">
<seccion2Titulo>La biotecnología en medicina</seccion2Titulo>
<seccion2Texto>
<p>Para la medicina, la biotecnología ha proporcionado opciones de
diagnóstico más rápidas y precisas, fármacos con menos efectos secundarios
y vacunas más seguras.</p>
<imagen src="CN_09_02_CO_img_03_small.jpg">
<p>Una importante aplicación biotecnológica es la modificación de <negrita
>bacterias</negrita> para que sinteticen proteínas de interés como
la <negrita>insulina</negrita>, una hormona que regula la cantidad
de glucosa (azúcar) en la sangre.</p>
</imagen>
<table border="1"><caption>Los aportes en biotecnología médica</caption>
<colgroup><col/><col/><col/></colgroup>
<tbody>
<tr>
<td align="center"><negrita>Contribución</negrita></td>
<td align="center"><negrita>Descripción</negrita></td>
<td align="center"><negrita>Información complementaria</negrita></td>
</tr>
<tr>
<td>Diagnóstico</td>
<td>A partir de una muestra de sangre, la biotecnología permite hacer
un dictamen rápido y seguro de ciertos tipos de cáncer, y de varias
enfermedades hereditarias y de origen bacteriano. </td>
<td align="left"><negrita>Técnicas usadas </negrita><br/>•	Reconocimiento
de variantes genéticas <br/>•	Copiar el gen múltiples veces para su
análisis<br/>•	Observar la secuencia de los genes</td>
</tr>
<tr>
<td>Terapia</td>
<td>La biotecnología ofrece tratamientos mejorados a diferentes problemas
de salud. La industria farmacéutica genera medicamentos de base biotecnológica
usando microorganismos modificados genéticamente para que produzcan
sustancias como antibióticos y proteínas, entre otras.</td>
<td align="left"><negrita>Productos obtenidos</negrita><br/>•	Fármacos
naturales o generados por computador. <br/>•	Terapia genética (reemplazar
genes o proteínas dañadas por otras funcionales). <br/>•	Terapia celular
(sustituir células inservibles por “células saludables”)</td>
</tr>
<tr>
<td>Vacunas</td>
<td>Las vacunas permiten prevenir enfermedades. Actualmente, la biotecnología
está perfeccionando las vacunas mediante el uso de algunas moléculas
procedentes del virus que causa la infección.</td>
<td><negrita>Productos obtenidos  </negrita><br/>Se facilita la producción
de una gran cantidad de vacunas.</td>
</tr>
<tr>
<td>Investigación médica</td>
<td>Los avances en biotecnología han aportado importantes herramientas
en investigación que permiten conocer profundamente los sistemas biológicos.</td>
<td>La investigación en biotecnología genera conocimiento que puede
ayudar a prevenir o tratar enfermedades.</td>
</tr>
</tbody>
</table>
<practica>
<enlace
destino="/LoIdRedirect.aspx?LoId=CN_09_02_CO_Recurso060&amp;IdRecurso=RES-C1A6DD465AEC4C9CA70E0FB7FB39DEB7"
>Los aportes de la biotecnología a la medicina</enlace>
</practica></seccion2Texto></seccion2><seccion2
id="S2_CN_09_02_CO_81A754C45354438DB0ADD0F7A9F0920E">
<seccion2Titulo>La biotecnología en agricultura y ganadería</seccion2Titulo>
<seccion2Texto>
<p>La biotecnología realiza contribuciones importantes tanto en el
campo de la agricultura como en la ganadería. Encuentra algunas de
ellas en la siguiente tabla:</p>
<table border="1"><caption>Aportes de la biotecnología en la agricultura
y la ganadería</caption><colgroup><col/><col/></colgroup>
<tbody>
<tr>
<td>Agricultura</td>
<td>Ganadería</td>
</tr>
<tr>
<td>•	Obtención de plantas transgénicas más productivas, resistentes
a plagas o enfermedades, tolerantes a herbicidas o a condiciones climáticas
adversas. <br/>•	Mejora en la calidad de los alimentos, dado que son
más saludables y nutritivos. <br/>•	Producción de alimentos con mayor
cantidad de vitaminas, minerales o proteínas.</td>
<td>•	Diagnóstico temprano de enfermedades en animales de interés
comercial. <br/>•	Incremento en la productividad animal (leche, carne,
lana, huevos, etc.). <br/>•	Mejora genética mediante la recolección
de óvulos y espermatozoides de animales de interés y fertilización
in vitro para la obtención de animales con las características deseadas.</td>
</tr>
</tbody>
</table>
<practica>
<enlace
destino="/LoIdRedirect.aspx?LoId=CN_09_02_CO_Recurso070&amp;IdRecurso=RES-504DD2002B45466D9D22B0CBC1D5A5E8"
>Los aportes de la biotecnología a la agricultura y la ganadería</enlace>
</practica></seccion2Texto></seccion2><seccion2
id="S2_CN_09_02_CO_7E2611B4C5EA4A02971D5B7A8A4E3C5D">
<seccion2Titulo>La biotecnología y el ambiente</seccion2Titulo>
<seccion2Texto>
<p>Algunos problemas ambientales pueden solucionarse con ayuda de
la biotecnología, con menos efectos secundarios con respecto a las
tecnologías físicas y químicas que se han usado.</p>
<p>La <negrita>biotecnología ambiental</negrita> permite:</p>
<listaSinNumerar>
<listaElemento><negrita>Detectar</negrita> contaminantes en el ambiente
mediante el uso de organismos modificados genéticamente, los cuales,
en presencia de ciertos contaminantes, producen sustancias (proteínas)
que son reconocidas fácilmente por los científicos.</listaElemento>
<listaElemento><negrita>Eliminar</negrita> ciertos contaminantes mediante <negrita
>biorremediación</negrita>, es decir usar microorganismos que limpian
una zona particular, gracias a que toman y degradan residuos orgánicos
sólidos presentes allí.</listaElemento>
<listaElemento><negrita>Prevenir</negrita> problemas medioambientales,
gracias a la generación de productos biotecnológicos reciclables o
biodegradables.</listaElemento>
</listaSinNumerar>
<imagen src="CN_09_02_CO_img_04_small.jpg">
<p>En biotecnología ambiental suelen usarse microorganismos que habitan
lugares extremos, como los géiseres del Parque Nacional de Yellowstone
en Estados Unidos, o las aguas termales de Colombia.</p>
</imagen>
<destacado><destacadoTitulo>¿Toda la contaminación es de origen humano?</destacadoTitulo>
<destacadoTexto>
<p>Si bien es cierto que las actividades humanas generan contaminación,
esta no siempre es responsabilidad nuestra. Por ejemplo, en Australia,
durante el verano las cianobacterias acuáticas liberan en el agua
sustancias carcinógenas (que generan cáncer); en dichas fuentes de
agua, los científicos también descubrieron otra bacteria que produce
tres enzimas, encargadas de transformar las toxinas de las cianobacterias
hasta convertirlas en sustancias inofensivas. Estos microorganismos
y sus enzimas están siendo utilizados por la biotecnología moderna
para solucionar tal problemática ambiental.</p>
</destacadoTexto></destacado><practica>
<enlace
destino="/LoIdRedirect.aspx?LoId=CN_09_02_CO_Recurso080&amp;IdRecurso=RES-7BCFF96015484039B2582D71B103F798"
>Los aportes de la biotecnología al estudio y la conservación del
medioambiente</enlace>
</practica></seccion2Texto></seccion2><seccion2
id="S2_CN_09_02_CO_26A87B89B61F4C09ADC70EB9802875FB">
<seccion2Titulo>La biotecnología en la investigación científica</seccion2Titulo>
<seccion2Texto>
<p>El aporte más importante de la biotecnología a la investigación
científica ha sido el <negrita>Proyecto Genoma Humano</negrita>, que
comenzó a desarrollarse en 1990, con el objetivo de identificar el
orden de las moléculas que conforman el ADN humano, es decir, los <negrita
>nucleótidos</negrita>, que contienen a su vez las moléculas llamadas <negrita
>bases nitrogenadas</negrita>.  </p>
<p>Posterior a este, se han desarrollado diferentes investigaciones
que tienen como base las herramientas biotecnológicas; estas han ampliado
el conocimiento acerca de las características y el funcionamiento
tanto de genes como de genomas completos.</p>
</seccion2Texto></seccion2><seccion2
id="S2_CN_09_02_CO_26A87B89B61F4C09ADC70EB9802886GC">
<seccion2Titulo>Consolidación</seccion2Titulo>
<seccion2Texto>
<p>Realiza la siguiente actividad para consolidar lo que has aprendido
en esta sección.</p>
<practica>
<enlace
destino="/LoIdRedirect.aspx?LoId=CN_09_02_CO_Recurso100&amp;IdRecurso=RES-8FC204E9442846D48002AB80BE87381C"
>Refuerza tu aprendizaje: La biotecnología moderna y sus aplicaciones</enlace>
</practica></seccion2Texto></seccion2></seccion1Texto></seccion1>
<seccion1 id="S1_CN_09_02_CO_3BE771F120D6462C8C9896895B300D7B">
<seccion1Titulo>La ingeniería genética</seccion1Titulo>
<seccion1Texto>
<p>El conocimiento del material genético ha permitido a los biólogos
desarrollar técnicas que les permiten manipular por fuera de la célula
el ADN, el ARN y las proteínas.</p>
<imagen src="CN_09_02_CO_img_05_small.jpg">
<p>Hoy en día es posible cortar el ADN en zonas específicas, copiarlo
tantas veces como se quiera, unir fragmentos de ADN provenientes de
diferentes organismos, e identificar la secuencia de moléculas del
ADN de interés.</p>
</imagen>
<seccion2 id="S2_CN_09_02_CO_3FADE293A65A413EBF2324F6974CC8FD">
<seccion2Titulo>Las técnicas de la ingeniería genética</seccion2Titulo>
<seccion2Texto>
<p>La <negrita>ingeniería genética</negrita> es una disciplina que
proporciona una serie de tecnologías útiles para transferir información
genética de un organismo a otro y generar <negrita>ADN recombinante</negrita
>, es decir, moléculas de ADN que contienen información proveniente
de distintos individuos. </p>
<p>A continuación encuentras algunos procedimientos que se usan en
el laboratorio, para el análisis y la manipulación del material genético.</p>
<table border="1"><caption>Herramientas y técnicas de ingeniería genética</caption>
<colgroup><col/><col/><col/></colgroup>
<tbody>
<tr>
<td>Nombre</td>
<td>Descripción</td>
<td>Observaciones</td>
</tr>
<tr>
<td>Enzimas de restricción</td>
<td>Funcionan como unas tijeras moleculares, dado que cortan el ADN
en zonas específicas.</td>
<td>Se aíslan de bacterias, muchas de las cuales habitan ambientes
extremos.</td>
</tr>
<tr>
<td>Electroforesis</td>
<td>Permite la separación y visualización de fragmentos de ADN de
diferentes tamaños. También es posible hacer electroforesis de proteínas.</td>
<td>Los fragmentos de ADN cortados usando enzimas de restricción se
observan usando la electroforesis. </td>
</tr>
<tr>
<td>PCR (Reacción en cadena de la polimerasa)</td>
<td>Genera múltiples copias del ADN de interés. Esta técnica corresponde
a una replicación in vitro (es decir, en un laboratorio y no dentro
de un organismo vivo). </td>
<td>Mediante PCR los científicos obtienen grandes cantidades de ADN
a partir de muestras que contienen muy poco ADN disponible.</td>
</tr>
<tr>
<td>Secuenciación</td>
<td>Determina el orden de los nucleótidos en una molécula de ADN.</td>
<td>Desarrollada a finales de los años setenta, ha permitido conocer
la secuencia de genomas enteros.</td>
</tr>
</tbody>
</table>
<profundiza>
<enlace
destino="/LoIdRedirect.aspx?LoId=CN_09_02_CO_Recurso110&amp;IdRecurso=RES-FD2F9CDF32E540D881939C6CD68CE4B4"
>La ingeniería genética</enlace>
<enlace
destino="/LoIdRedirect.aspx?LoId=CN_09_02_CO_Recurso120&amp;IdRecurso=RES-7DD8FE62A58C4BEE9C5665803C236A51"
>La clonación</enlace>
</profundiza><practica>
<enlace
destino="/LoIdRedirect.aspx?LoId=CN_09_02_CO_Recurso130&amp;IdRecurso=RES-2B2A69DB65BA4E759CF8E1221281D44D"
>Las herramientas de la ingeniería genética</enlace>
</practica></seccion2Texto></seccion2><seccion2
id="S2_CN_09_02_CO_99691D8C57734F47911A75626480455B">
<seccion2Titulo>Las implicaciones de la manipulación genética</seccion2Titulo>
<seccion2Texto>
<p>La manipulación genética de los organismos ha desencadenado controversias
relacionadas con el uso de las técnicas en biotecnología y las implicaciones
que estas pueden tener. Dichas polémicas se concentran tanto en los
beneficios como en los posibles problemas derivados de la biotecnología.</p>
<recuerda><recuerdaTexto>
<p>Las prácticas biotecnológicas son antiguas; lo que es reciente
son las técnicas que se emplean, las cuales actualmente permiten manipular
directamente el ADN; algunas de ellas son: </p>
<p>•	Las enzimas de restricción </p>
<p>•	La electroforesis </p>
<p>•	La PCR </p>
<p>•	La secuenciación</p>
</recuerdaTexto></recuerda>
<p> Entre los cuestionamientos acerca del uso de la biotecnología
moderna que generan preocupación, se encuentran:</p>
<listaSinNumerar>
<listaElemento>¿Los organismos modificados genéticamente que se introducen
al ambiente podrían modificar a otras especies relacionadas?</listaElemento>
<listaElemento>¿Los cultivos resistentes producto de la manipulación
genética podrían desplazar a los cultivos nativos? </listaElemento>
<listaElemento>¿Es aceptable sobrepasar los límites genéticos y reproductivos
de la naturaleza generando artificialmente combinaciones genéticas
únicas?</listaElemento>
<listaElemento>¿Son seguros los alimentos modificados genéticamente?</listaElemento>
<listaElemento>¿Quién puede acceder a la información obtenida de estudios
genéticos y con qué propósito?</listaElemento>
</listaSinNumerar>
<p>Lo anterior generó la necesidad de regular las prácticas en biotecnología
y ha originado el nacimiento de una nueva rama de la ética llamada
bioética, que vela por el buen uso de los avances en la biología. </p>
<destacado><destacadoTitulo>La manipulación genética: mitos y realidades</destacadoTitulo>
<destacadoTexto>
<p>Frente a los temores que genera la biotecnología moderna a la sociedad,
la ciencia ofrece un parte de tranquilidad y anuncia lo siguiente:
 </p>
<p>Los productos generados por la biotecnología moderna, como los
alimentos genéticamente modificados, los organismos transgénicos y
las vacunas, se someten a análisis estrictos que determinan su seguridad
para la salud humana; asimismo, las entidades gubernamentales vigilan
constantemente dichos productos con el ánimo de evitar cualquier tipo
de peligro para los seres vivos o el ambiente.</p>
</destacadoTexto></destacado>
<p>Por otro lado, conocer con anticipación las enfermedades que puede
desarrollar un individuo y modificar algunos de sus genes también
ha originado muchos debates éticos, ya que esta posibilidad puede
llevar a que se discrimine a determinadas personas o se seleccione
el sexo de los recién nacidos atendiendo a ciertos intereses.</p>
<profundiza>
<enlace
destino="/LoIdRedirect.aspx?LoId=CN_09_02_CO_Recurso140&amp;IdRecurso=RES-9E89B6B8C5524C33995D5FE57759A87A"
>La manipulación genética y la sociedad</enlace>
<enlace
destino="/LoIdRedirect.aspx?LoId=CN_09_02_CO_Recurso150&amp;IdRecurso=RES-34C733ABAF244148B8DAD42B028E58BF"
>Los debates éticos en torno a la biotecnología</enlace>
</profundiza></seccion2Texto></seccion2><seccion2
id="S2_CN_09_02_CO_99691D8C57734F47911A75626480566C">
<seccion2Titulo>Consolidación </seccion2Titulo>
<seccion2Texto>
<p>Realiza la siguiente actividad para consolidar lo que has aprendido
en esta sección.</p>
<practica>
<enlace
destino="/LoIdRedirect.aspx?LoId=CN_09_02_CO_Recurso160&amp;IdRecurso=RES-3FC2361261CB43F8900E4652C72563F2"
>Refuerza tu aprendizaje: La ingeniería genética</enlace>
</practica></seccion2Texto></seccion2></seccion1Texto></seccion1>
<seccion1 id="S1_CN_09_02_CO_761ABCF792C9437BA7B172E1A60C1EB0">
<seccion1Titulo>La bioinformática</seccion1Titulo>
<seccion1Texto>
<p>La biotecnología genera una gran cantidad de información acerca
de las secuencias de genes y proteínas de muchos seres vivos. Para
hacer fácilmente asequible la enorme cantidad de datos producidos,
surgió la <negrita>bioinformática</negrita>, una disciplina que utiliza
los computadores para gestionar y organizar los datos biológicos y
moleculares. </p>
<imagen src="CN_09_02_CO_img_06_small.jpg">
<p>El Centro Nacional de Información Biotecnológica o <negrita>NCBI</negrita
> es una base de datos pública establecida por el Gobierno de Estados
Unidos y que contiene información de biología molecular y desarrolla
programas bioinformáticos.</p>
</imagen>
<seccion2 id="S2_CN_09_02_CO_DCFF659C40ED4E048D4BF60AEB8A8597">
<seccion2Titulo>La utilidad de la bioinformática</seccion2Titulo>
<seccion2Texto>
<p>Por medio de las herramientas bioinformáticas es posible:</p>
<listaSinNumerar>
<listaElemento>Buscar referencias bibliográficas con <negrita>información
biomédica</negrita> disponible en Internet.</listaElemento>
<listaElemento>Analizar y comparar secuencias de nucleótidos o aminoácidos.</listaElemento>
<listaElemento>Reconocer organismos portadores de la secuencia en
estudio.</listaElemento>
<listaElemento>Identificar la función de cierta secuencia de interés.</listaElemento>
<listaElemento>Predecir la estructura de las proteínas.</listaElemento>
<listaElemento>Comparar genomas de diferentes organismos.</listaElemento>
</listaSinNumerar>
<profundiza>
<enlace
destino="/LoIdRedirect.aspx?LoId=CN_09_02_CO_Recurso170&amp;IdRecurso=RES-BBD4BB668BE144C4A386136234D8CB3F"
>¿Para qué sirve la bioinformática?</enlace>
</profundiza><practica>
<enlace
destino="/LoIdRedirect.aspx?LoId=CN_09_02_CO_Recurso180&amp;IdRecurso=RES-9F204F42604944EA85AE0D6C45C71136"
>Repasa algunos términos asociados a la bioinformática</enlace>
</practica></seccion2Texto></seccion2><seccion2
id="S2_CN_09_02_CO_DCFF659C40ED4E048D4BF60AEB8A9608">
<seccion2Titulo>Consolidación</seccion2Titulo>
<seccion2Texto>
<p>Realiza la siguiente actividad para consolidar lo que has aprendido
en esta sección.</p>
<practica>
<enlace
destino="/LoIdRedirect.aspx?LoId=CN_09_02_CO_Recurso190&amp;IdRecurso=RES-7E427A9540274E44A8BFB953124B06B0"
>Refuerza tu aprendizaje: La bioinformática</enlace>
</practica></seccion2Texto></seccion2></seccion1Texto></seccion1>
<seccion1 id="S1_CN_09_02_CO_862129D8F4C3473B8F4941664790C2DC">
<seccion1Titulo>La genética molecular humana</seccion1Titulo>
<seccion1Texto>
<p>Muchos de los conocimientos en genética molecular humana se han
obtenido mediante la experimentación con organismos distintos a humanos. </p>
<imagen src="CN_09_02_CO_img_07_small.jpg">
<p>Actualmente se realizan estudios de biología molecular en animales
pequeños y de fácil manipulación, como los ratones o las moscas, buscando
genes que se expresen de manera similar en humanos.</p>
</imagen>
<p>Dos grandes proyectos han sido de gran importancia en genética
molecular humana, y han generado gran parte del conocimiento que hoy
en día se tiene al respecto. Estos son el <negrita>Proyecto Genoma
Humano (PGH)</negrita> y el proyecto <negrita>ENCODE</negrita>.</p>
<profundiza>
<enlace
destino="/LoIdRedirect.aspx?LoId=CN_09_02_CO_Recurso200&amp;IdRecurso=RES-148D8F4C628E4719A9FD8B8C3E543916"
>Los proyectos genoma humano y ENCODE</enlace>
</profundiza><seccion2
id="S2_CN_09_02_CO_A0B1A04704674076B478F9880A13C7BA">
<seccion2Titulo>El proyecto genoma humano</seccion2Titulo>
<seccion2Texto>
<p>El <negrita>genoma</negrita> es el conjunto de genes de un organismo,
es decir, la secuencia de ADN presente en sus células. El genoma humano
está formado por cerca de 25.000 genes que se distribuyen en los 23
pares de cromosomas presentes en las células humanas. En ellos pueden
encontrarse alrededor de 3.000 millones de pares de bases nitrogenadas,
las moléculas que conforman el ADN.  </p>
<p>Los datos anteriores se conocen hoy en día gracias al <negrita
>Proyecto Genoma Humano</negrita> (<negrita>PGH</negrita>), un trabajo
iniciado en 1990, en el que colaboraron investigadores de diferentes
países y cuyos resultados iniciales se publicaron en el año 2000.</p>
<destacado><destacadoTitulo>El PGH: propósitos y resultados</destacadoTitulo>
<destacadoTexto>
<p>El principal objetivo del PGH fue descifrar la <negrita>secuencia</negrita
> completa de <negrita>nucleótidos</negrita> del ADN humano, lo cual
podría dar la clave para entender mejor el funcionamiento del genoma. </p>
<p>Los resultados más relevantes de este proyecto fueron:</p>
<p>-	El genoma humano está formado por cerca de 3.000 millones de
bases nitrogenadas. </p>
<p>-	Se estimó que en esas bases se encontraban alrededor de 30.000
genes. Hoy sabemos que este número es menor. </p>
<p>-	Se reconoció que gran parte del genoma contiene información que
no se convierte en proteínas.</p>
</destacadoTexto></destacado>
<p>Los resultados del PGH fueron el punto de partida para una serie
de investigaciones encaminadas a la comprensión de la estructura y
la función de diferentes genomas, lo cual abre las puertas a grandes
avances en los estudios de biomedicina y genética clínica, la investigación
de enfermedades poco estudiadas, la creación de nuevas medicinas o
la obtención de diagnósticos más fiables y rápidos.</p>
<imagen src="CN_09_02_CO_img_08_small.jpg">
<p>Conocer la secuencia del genoma humano es un primer paso para identificar
y conocer los genes en detalle.</p>
</imagen>
<p>Los grandes avances del proyecto, supusieron ciertos problemas
éticos y retos sociales, entre ellos:</p>
<listaSinNumerar>
<listaElemento>¿Qué deben hacer aquellas personas sanas que presenten
cambios genéticos asociados a enfermedades hereditarias, o si corren
el riesgo de tener hijos con dichas alteraciones?</listaElemento>
<listaElemento>¿Quién debe ser el propietario de la información genética
obtenida y de qué manera puede usarse?</listaElemento>
</listaSinNumerar>
<p>De allí surgió la necesidad de incorporar aspectos bioéticos asociados
a esta investigación que regularan el uso y el destino de los resultados
obtenidos, dando así una solución a dichos desafíos </p>
</seccion2Texto></seccion2><seccion2
id="S2_CN_09_02_CO_8E6A6B8AD643496DA808CECD2A9502C7">
<seccion2Titulo>El proyecto ENCODE</seccion2Titulo>
<seccion2Texto>
<p>La publicación de la secuencia del genoma humano facilitó continuar
la investigación acerca del funcionamiento detallado del genoma. Por
ello, en el 2003, el Instituto Nacional de Investigación en Genoma
Humano de Estados Unidos (NHGRI) lanzó el proyecto <negrita>ENCODE</negrita
>, cuya publicación de resultados se llevó a cabo en septiembre de
2012. </p>
<p>ENCODE significa en inglés: <negrita>Encyclopedia of DNA Elementes</negrita
>, y en español Enciclopedia de elementos de ADN. Este proyecto tiene
como objetivo identificar las regiones del genoma con una función
específica. Los resultados de ENCODE son una fuente importante de
datos para la comunidad científica, que enriquecen el conocimiento
acerca de la expresión y la regulación del genoma.</p>
<p>Puedes revisar con más detalle las características del proyecto
ENCODE en el artículo escrito por estudiantes de último semestre de
Biología de la Universidad de Málaga [<enlace
destino="http://www.encuentros.uma.es/encuentros144/encode.pdf">VER</enlace
>], y en la página de la Facultad de Ciencias de la Universidad de
Navarra [<enlace destino="http://www.unav.es/ocw/genetica/tema-1-4.html"
>VER</enlace>].</p>
<practica>
<enlace
destino="/LoIdRedirect.aspx?LoId=CN_09_02_CO_Recurso220&amp;IdRecurso=RES-FE9762C079B2489A8DA19BF34C70FB12"
>¿Qué diferencias hay entre el Proyecto Genoma Humano y el proyecto
ENCODE?</enlace>
</practica></seccion2Texto></seccion2><seccion2
id="S2_CN_09_02_CO_8E6A6B8AD643496DA808CECD2A9502C8">
<seccion2Titulo>Consolidación</seccion2Titulo>
<seccion2Texto>
<p>Realiza la siguiente actividad para consolidar lo que has aprendido
en esta sección.</p>
<practica>
<enlace
destino="/LoIdRedirect.aspx?LoId=CN_09_02_CO_Recurso230&amp;IdRecurso=RES-5BFF6488EE174E1E9D78B8779563858D"
>Refuerza tu aprendizaje: Los grandes proyectos de investigación de
la genética molecular humana</enlace>
</practica></seccion2Texto></seccion2></seccion1Texto></seccion1>
<seccion1 id="S1_CN_09_02_CO_04AEABE8751D4ABBBBF536C8C9BF9899">
<seccion1Titulo>Competencias</seccion1Titulo>
<seccion1Texto>
<p>Pon a prueba tus capacidades y aplica lo que has aprendido.</p>
<practica>
<enlace
destino="/LoIdRedirect.aspx?LoId=CN_09_02_CO_Recurso240&amp;IdRecurso=RES-B4725281CF4E4060AA84080021A2AB51"
>Competencias: uso de la biotecnología en la salud</enlace>
<enlace
destino="/LoIdRedirect.aspx?LoId=CN_09_02_CO_Recurso250&amp;IdRecurso=RES-7E2DD245AA584017A2E37847948B1DDB"
>Competencias: uso de la biotecnología en la agricultura</enlace><?Pub
Caret 44?>
<enlace
destino="/LoIdRedirect.aspx?LoId=CN_09_02_CO_Recurso260&amp;IdRecurso=RES-3720249EE0E74BD0955A7B367ED6B6FD"
>Competencias: estudio de las aplicaciones del conocimiento del genoma</enlace>
</practica></seccion1Texto></seccion1><masinformacion
id="MI_CN_09_02_CO_6A93AFACBDD84A7B84296293B5CE2BD7"><mapaconceptual>
<enlace
destino="/LoIdRedirect.aspx?LoId=CN_09_02_CO_Recurso280&amp;IdRecurso=RES-89998BF05B214FF992FA3D079FEF643E"
>Mapa Conceptual</enlace></mapaconceptual><autoevaluate><enlace
destino="/LoIdRedirect.aspx?LoId=CN_09_02_CO_Recurso290&amp;IdRecurso=RES-5EF336775F7F46F1B9E861F98F56C8A4"
>Evaluación</enlace></autoevaluate><enlacesreferencia>
<enlace destino="http://learn.genetics.utah.edu/content/labs/gel/"
>Simuladores de laboratorios de biología molecular (extracción de
ADN, electroforesis y PCR)</enlace>
<enlace
destino="http://www.educaplay.com/es/recursoseducativos/609618/alimentos_transgenicos.htm "
>Material interactivo acerca de alimentos transgénicos en Educaplay</enlace>
</enlacesreferencia></masinformacion></libro>
