﻿<?xml version="1.0" encoding="utf-8"?><engine copy="Editorial Planeta" version="1" aprid="f4">
<main title="¿Para qué sirve la bioinformática?" path="CN_09_02_REC170_img01.jpg" buttonsHeight="73">
<info path="CN_09_02_REC170_img02.jpg">
<text><![CDATA[<p><span style="font-size:20px"><span style="font-family:verdana,geneva,sans-serif">La&nbsp;<strong>bioinform&aacute;tica</strong> es una disciplina encargada gestionar y analizar <strong>informaci&oacute;n biol&oacute;gica</strong> usando <strong>computadores</strong>.</span></span></p>

<p><span style="font-size:20px"><span style="font-family:verdana,geneva,sans-serif">Gracias a la bioinform&aacute;tica cualquier persona tiene acceso libre&nbsp;a informaci&oacute;n biol&oacute;gica de alta calidad, almacenada en bases de datos. Para ello se requiere de:</span></span></p>

<ul>
	<li><span style="font-size:20px"><span style="font-family:verdana,geneva,sans-serif">Un computador.</span></span></li>
	<li><span style="font-size:20px"><span style="font-family:verdana,geneva,sans-serif">Conexi&oacute;n a internet.</span></span></li>
	<li><span style="font-size:20px"><span style="font-family:verdana,geneva,sans-serif">Conocimientos en biolog&iacute;a molecular (ADN, ARN, prote&iacute;nas).</span></span></li>
	<li><span style="font-size:20px"><span style="font-family:verdana,geneva,sans-serif">Entendimiento b&aacute;sico del funcionamiento de un navegador.</span></span></li>
</ul>

<p><span style="font-size:20px"><span style="font-family:verdana,geneva,sans-serif">Diferentes profesionales, usan la bioinform&aacute;tica para resolver problemas biol&oacute;gicos.</span></span></p>
]]></text>
</info>
</main>
<questions respCorrecta="Respuesta correcta." respIncorrecta="Vuélvelo a intentar.">
<question title="¿Qué tipo de información maneja la bioinformática?" path="CN_09_02_REC170_img04.jpg">
<answers>
<answer correct="1">
<text><![CDATA[Molecular]]></text>
<explanation width="394"><![CDATA[<p><font face="verdana, geneva, sans-serif">La bioinform&aacute;tica maneja informaci&oacute;n biol&oacute;gica, registrada en las mol&eacute;culas de los seres vivos (ADN, ARN y prote&iacute;nas).</font></p>
]]></explanation>
</answer>
<answer correct="0">
<text><![CDATA[Computacional]]></text>
<explanation width="394"><![CDATA[]]></explanation>
</answer>
<answer correct="0">
<text><![CDATA[Tecnológica]]></text>
<explanation width="394"><![CDATA[]]></explanation>
</answer>
<answer correct="0">
<text><![CDATA[]]></text>
<explanation width="394"><![CDATA[]]></explanation>
</answer>
<answer correct="0">
<text><![CDATA[]]></text>
<explanation width="394"><![CDATA[]]></explanation>
</answer>
<answer correct="0">
<text><![CDATA[]]></text>
<explanation width="394"><![CDATA[]]></explanation>
</answer>
<answer correct="0">
<text><![CDATA[]]></text>
<explanation width="394"><![CDATA[]]></explanation>
</answer>
<answer correct="0">
<text><![CDATA[]]></text>
<explanation width="394"><![CDATA[]]></explanation>
</answer>
</answers>
<info path="CN_09_02_REC170_img08.jpg">
<text><![CDATA[<p><span style="font-size:20px"><span style="font-family:verdana,geneva,sans-serif">La bioinform&aacute;tica utiliza&nbsp;<strong>bases de datos</strong>&nbsp;en las que se&nbsp;almacena la informaci&oacute;n&nbsp;biol&oacute;gica&nbsp;consignada&nbsp;en el&nbsp;</span></span><span style="font-size:20px"><span style="font-family:verdana,geneva,sans-serif"><strong>ADN</strong>, el&nbsp;<strong>ARN</strong> y las&nbsp;<strong>prote&iacute;nas</strong>.</span></span></p>

<p><span style="font-family:verdana,geneva,sans-serif; font-size:20px">En dichas bases de datos se reportan secuencias de&nbsp;<strong>genes</strong></span><span style="font-size:20px"><span style="font-family:verdana,geneva,sans-serif">, <strong>prote&iacute;nas</strong>, y <strong>genomas</strong> de inter&eacute;s, estudiados previamente.</span></span></p>

<p><span style="font-size:20px"><span style="font-family:verdana,geneva,sans-serif">El lenguaje espec&iacute;fico que usa la bioinform&aacute;tica&nbsp;se denomina&nbsp;<strong>FASTA</strong>; este consta de&nbsp;una serie de letras que representan los <strong>n</strong></span></span><span style="font-family:verdana,geneva,sans-serif; font-size:20px"><strong>ucle&oacute;tidos</strong> de los &aacute;cidos nucleicos&nbsp;</span><span style="font-size:20px"><span style="font-family:verdana,geneva,sans-serif">y&nbsp;los&nbsp;</span></span><span style="font-family:verdana,geneva,sans-serif; font-size:20px"><strong>amino&aacute;cidos</strong> de las prote&iacute;nas.&nbsp;El orden de las letras&nbsp;simboliza&nbsp;la secuencia de la biomol&eacute;cula.</span></p>
]]></text>
</info>
</question>
<question title="¿Qué puedo hacer con las herramientas bioinformáticas?" path="CN_09_02_REC170_img13.jpg">
<answers>
<answer correct="0">
<text><![CDATA[Verificar la velocidad de los computadores]]></text>
<explanation width="394"><![CDATA[]]></explanation>
</answer>
<answer correct="1">
<text><![CDATA[Analizar secuencias de genes y proteínas]]></text>
<explanation width="394"><![CDATA[<p><span style="font-family:verdana,geneva,sans-serif">Gracias a la bioinform&aacute;tica, es posible detallar secuencias de genes y de prote&iacute;nas&nbsp;de forma&nbsp;r&aacute;pida&nbsp;y precisa.</span></p>
]]></explanation>
</answer>
<answer correct="0">
<text><![CDATA[Comprobar el procesamiento informático]]></text>
<explanation width="394"><![CDATA[]]></explanation>
</answer>
<answer correct="0">
<text><![CDATA[]]></text>
<explanation width="394"><![CDATA[]]></explanation>
</answer>
<answer correct="0">
<text><![CDATA[]]></text>
<explanation width="394"><![CDATA[]]></explanation>
</answer>
<answer correct="0">
<text><![CDATA[]]></text>
<explanation width="394"><![CDATA[]]></explanation>
</answer>
<answer correct="0">
<text><![CDATA[]]></text>
<explanation width="394"><![CDATA[]]></explanation>
</answer>
<answer correct="0">
<text><![CDATA[]]></text>
<explanation width="394"><![CDATA[]]></explanation>
</answer>
</answers>
<info path="CN_09_02_REC170_img09.jpg">
<text><![CDATA[<p><span style="font-family:verdana,geneva,sans-serif"><span style="font-size:15pt">A diario se&nbsp;produce&nbsp;gran cantidad de datos&nbsp;acerca de las <strong>mol&eacute;culas de la vida</strong>. La bioinf<span style="font-size:20px">orm&aacute;tica administra esta&nbsp;informaci&oacute;n r&aacute;pido&nbsp;y eficazmente.</span></span></span></p>

<p><span style="font-family:verdana,geneva,sans-serif"><span style="font-size:15pt"><span style="font-size:20px">Gracias a la alta capacid</span>ad de almacenamiento y procesamiento de los&nbsp;<strong>computadores</strong>, la bioinform&aacute;tica es &uacute;til&nbsp;entre otras cosas para agilizar procesos como:</span></span></p>

<ul>
	<li><span style="font-family:verdana,geneva,sans-serif"><span style="font-size:15pt">Organizar todas las secuencias publicadas</span></span></li>
	<li><span style="font-size:20px"><span style="font-family:verdana,geneva,sans-serif">Hallar una secuencia espec&iacute;</span>fica, entre muchas otras irrelevantes&nbsp;</span></li>
	<li><span style="font-size:20px">Agrupar toda la informaci&oacute;n conocida acerca de un <strong>gen</strong> o una <strong>prote&iacute;na</strong>&nbsp;de inter&eacute;s.</span></li>
</ul>
]]></text>
</info>
</question>
<question title="Mediante la bioinformática es posible comparar:" path="CN_09_02_REC170_img07.jpg">
<answers>
<answer correct="0">
<text><![CDATA[Células especializadas]]></text>
<explanation width="394"><![CDATA[]]></explanation>
</answer>
<answer correct="0">
<text><![CDATA[Tejidos específicos]]></text>
<explanation width="394"><![CDATA[]]></explanation>
</answer>
<answer correct="1">
<text><![CDATA[Secuencias de biomoléculas]]></text>
<explanation width="394"><![CDATA[<p>La bioinform&aacute;tica incluye bases de datos espec&iacute;ficas de genes y prote&iacute;nas, y las&nbsp;herramientas necesarias para compararlas.</p>
]]></explanation>
</answer>
<answer correct="0">
<text><![CDATA[]]></text>
<explanation width="394"><![CDATA[]]></explanation>
</answer>
<answer correct="0">
<text><![CDATA[]]></text>
<explanation width="394"><![CDATA[]]></explanation>
</answer>
<answer correct="0">
<text><![CDATA[]]></text>
<explanation width="394"><![CDATA[]]></explanation>
</answer>
<answer correct="0">
<text><![CDATA[]]></text>
<explanation width="394"><![CDATA[]]></explanation>
</answer>
<answer correct="0">
<text><![CDATA[]]></text>
<explanation width="394"><![CDATA[]]></explanation>
</answer>
</answers>
<info path="CN_09_02_REC170_img10.jpg">
<text><![CDATA[<p><span style="font-size:20px"><span style="font-family:verdana,geneva,sans-serif">Mediante la bioinform&aacute;tica se pueden comparar&nbsp;autom&aacute;ticamente&nbsp;dos o m&aacute;s secuencias, con el prop&oacute;sito de reconocer similitudes y diferencias.</span></span></p>

<p><span style="font-size:20px"><span style="font-family:verdana,geneva,sans-serif">Esto se conoce como <strong>gen&oacute;mica comparativa</strong>, y&nbsp;es &uacute;til entre otras cosas para:</span></span></p>

<ul>
	<li><span style="font-size:20px"><span style="font-family:verdana,geneva,sans-serif">Predecir la funci&oacute;n de algunos genes o prote&iacute;nas.</span></span></li>
	<li><span style="font-size:20px"><span style="font-family:verdana,geneva,sans-serif">Buscar posibles&nbsp;<strong>blancos terapeuticos</strong>; es decir, secuencias&nbsp;sobre las que un f&aacute;rmaco podr&iacute;a actuar.</span></span></li>
	<li><span style="font-size:20px"><span style="font-family:verdana,geneva,sans-serif">Establecer&nbsp;relaciones evolutivas entre diferentes grupos de seres vivos.</span></span></li>
</ul>

<p>&nbsp;</p>
]]></text>
</info>
</question>
<question title="¿En qué tipo de caracteres se basan los árboles filogenéticos construidos mediante bioinformática?" path="CN_09_02_REC170_img11.jpg">
<answers>
<answer correct="0">
<text><![CDATA[Físicos]]></text>
<explanation width="394"><![CDATA[]]></explanation>
</answer>
<answer correct="1">
<text><![CDATA[Ácidos nucleicos y proteínas]]></text>
<explanation width="394"><![CDATA[<p>Los &aacute;rboles filogen&eacute;ticos generados mediante bioinform&aacute;tica incluyen comparaciones de secuencias de ADN, ARN y prote&iacute;nas.</p>
]]></explanation>
</answer>
<answer correct="0">
<text><![CDATA[Comportamentales]]></text>
<explanation width="394"><![CDATA[]]></explanation>
</answer>
<answer correct="0">
<text><![CDATA[]]></text>
<explanation width="394"><![CDATA[]]></explanation>
</answer>
<answer correct="0">
<text><![CDATA[]]></text>
<explanation width="394"><![CDATA[]]></explanation>
</answer>
<answer correct="0">
<text><![CDATA[]]></text>
<explanation width="394"><![CDATA[]]></explanation>
</answer>
<answer correct="0">
<text><![CDATA[]]></text>
<explanation width="394"><![CDATA[]]></explanation>
</answer>
<answer correct="0">
<text><![CDATA[]]></text>
<explanation width="394"><![CDATA[]]></explanation>
</answer>
</answers>
<info path="CN_09_02_REC170_img12.jpg">
<text><![CDATA[<p><span style="font-size:20px"><span style="font-family:verdana,geneva,sans-serif">En la actualidad se utiliza la bioinform&aacute;tica como apoyo para&nbsp;la construcci&oacute;n de&nbsp;<strong>&aacute;rboles filogen&eacute;ticos </strong>(</span></span><span style="font-family:verdana,geneva,sans-serif; font-size:20px">esquemas que presentan las relaciones evolutivas entre diferentes seres vivos). Estos se construyen usando&nbsp;</span><span style="font-size:20px"><span style="font-family:verdana,geneva,sans-serif"><strong>filogenia molecular</strong>, es decir, informaci&oacute;n de los &aacute;cidos nucleicos (ADN y ARN), y de las prote&iacute;nas.</span></span></p>

<p><span style="font-size:20px"><span style="font-family:verdana,geneva,sans-serif">Debido a la gran cantidad de informaci&oacute;n reportada de este tipo, para hacer filogenia molecular es&nbsp;necesario el uso de computadores que agilicen la tarea.</span></span></p>
]]></text>
</info>
</question>
<question title="Son ejemplos de herramientas bioinformáticas (dos opciones son correctas):" path="CN_09_02_REC170_img03.jpg">
<answers>
<answer correct="1">
<text><![CDATA[PubMed]]></text>
<explanation width="394"><![CDATA[<p>PubMed es una herramienta de b&uacute;squeda espec&iacute;fica de art&iacute;culos cient&iacute;ficos con informaci&oacute;n biom&eacute;dica.</p>
]]></explanation>
</answer>
<answer correct="0">
<text><![CDATA[Computador]]></text>
<explanation width="394"><![CDATA[]]></explanation>
</answer>
<answer correct="1">
<text><![CDATA[NCBI]]></text>
<explanation width="394"><![CDATA[<p>NCBI es una plataforma que involucra diferentes herramientas bioinform&aacute;ticas.</p>
]]></explanation>
</answer>
<answer correct="0">
<text><![CDATA[]]></text>
<explanation width="394"><![CDATA[]]></explanation>
</answer>
<answer correct="0">
<text><![CDATA[]]></text>
<explanation width="394"><![CDATA[]]></explanation>
</answer>
<answer correct="0">
<text><![CDATA[]]></text>
<explanation width="394"><![CDATA[]]></explanation>
</answer>
<answer correct="0">
<text><![CDATA[]]></text>
<explanation width="394"><![CDATA[]]></explanation>
</answer>
<answer correct="0">
<text><![CDATA[]]></text>
<explanation width="394"><![CDATA[]]></explanation>
</answer>
</answers>
<info path="CN_09_02_REC170_img06.jpg">
<text><![CDATA[<p><span style="font-size:20px"><span style="font-family:verdana,geneva,sans-serif">Dos herramientas bioinform&aacute;ticas reconocidas son: NCBI y PubMed.</span></span></p>

<p><span style="font-size:20px"><span style="font-family:verdana,geneva,sans-serif">El&nbsp;<strong>Centro Nacional de Informaci&oacute;n Biotecnol&oacute;gica</strong>&nbsp;(NCBI&nbsp;por sus siglas en ingl&eacute;s), es una gran plataforma libre&nbsp;en internet,&nbsp;con informaci&oacute;n molecular acerca de los seres vivos.</span></span></p>

<p><span style="font-size:20px"><span style="font-family:verdana,geneva,sans-serif"><strong>PubMed</strong>&nbsp;<strong>Central</strong>&nbsp;(PBC) es una base de datos asociada a NCBI, con&nbsp;un registro completo de la literatura cient&iacute;fica en biomedicina.</span></span></p>

<p><span style="font-size:20px"><span style="font-family:verdana,geneva,sans-serif">Las fuentes de&nbsp;PubMed son&nbsp;confiables; provienen del archivo&nbsp;de la Biblioteca Nacional de Medicina de Estados Unidos. En general se pueden descargar libremente de internet.</span></span></p>
]]></text>
</info>
</question>
</questions>
</engine>