﻿<?xml version="1.0" encoding="utf-8"?><motor tipo="101" clase="a" aprid="m101a">
  <plataforma>
    <grado>2</grado>
    <titulo>Refuerza tu aprendizaje: La ingeniería genética</titulo>
    <volumen/>
    <nivel>2</nivel>
    <referencia/>
    <motor/>
    <lang>es</lang>
  </plataforma>
  <enunciado><![CDATA[Responde las siguientes preguntas. Al terminar haz clic en Enviar. De ser necesario entrega las respuestas a mano o por correo electrónico a tu profesor para que pueda validarlas.]]></enunciado>
  <masinfo inicio="0"/>
  <calc><![CDATA[0]]></calc>
  <preguntas cantidad="5">
    <pregunta>
      <enunciado><![CDATA[La técnica de PCR permite hacer muchas copias de cadenas de ADN. ¿Por qué esto resulta útil?]]></enunciado>
      <explicacion/>
      <nivel><![CDATA[2]]></nivel>
      <tipo/>
      <imagen/>
      <ampliacion/>
      <texto/>
    </pregunta>
    <pregunta>
      <enunciado><![CDATA[Propón una metodología que incluya técnicas de ingeniería genética, para generar una planta transgénica con un gen que retrase la maduración de sus frutos.]]></enunciado>
      <explicacion/>
      <nivel><![CDATA[3]]></nivel>
      <tipo/>
      <imagen/>
      <ampliacion/>
      <texto/>
    </pregunta>
    <pregunta>
      <enunciado><![CDATA[Son variados los debates éticos que supone el uso de la biotecnología moderna. Elige el que más llama tu atención y plantea una postura crítica al respecto. ]]></enunciado>
      <explicacion/>
      <nivel><![CDATA[2]]></nivel>
      <tipo/>
      <imagen/>
      <ampliacion/>
      <texto/>
    </pregunta>
    <pregunta>
      <enunciado><![CDATA[¿Qué papel juegan las entidades gubernamentales en la implementación de la biotecnología moderna?]]></enunciado>
      <explicacion/>
      <nivel><![CDATA[2]]></nivel>
      <tipo/>
      <imagen/>
      <ampliacion/>
      <texto/>
    </pregunta>
    <pregunta>
      <enunciado><![CDATA[En la actualidad existen compañías que ofrecen servicios de análisis genéticos a cualquier persona y a un costo razonable. ¿Qué beneficios tiene esto para los individuos y para la sociedad en general?]]></enunciado>
      <explicacion/>
      <nivel><![CDATA[2]]></nivel>
      <tipo/>
      <imagen/>
      <ampliacion/>
      <texto/>
    </pregunta>
  </preguntas>
</motor>