﻿<?xml version="1.0" encoding="utf-8"?><motor tipo="12" clase="a" aprid="m12a">
  <plataforma>
    <grado><![CDATA[2]]></grado>
    <titulo>Reconoce la evolución del concepto gen</titulo>
    <area>0</area>
    <nivel>1</nivel>
    <referencia/>
    <idreg><![CDATA[0]]></idreg>
    <motor><![CDATA[M12A]]></motor>
    <lang>es</lang>
  </plataforma>
  <enunciado><![CDATA[Organiza cronológicamente las definiciones de gen. ]]></enunciado>
  <masinfo inicio="0"/>
  <calc><![CDATA[0]]></calc>
  <orden ini="Definición más antigua" fi="Definición más reciente"/>
  <elementos>
    <elemento contestacion="Unidad discreta que contiene información de los seres vivos." orden="1"/>
    <elemento contestacion="Secuecia de ADN que tiene la información para hacer una proteína." orden="2"/>
    <elemento contestacion="Secuencia de ADN con información para producir moléculas funcionales (ARNs y proteínas)." orden="3"/>
  </elementos>
</motor>