﻿<?xml version="1.0" encoding="utf-8"?><engine copy="Editorial Planeta" version="1" aprid="f6"><main layout="1">
<title>Los dominios de la naturaleza</title>
<footer>Selecciona una imagen</footer>
</main>
<sections>
<section i="0" star="false" hasSubsections="false">
<menuImage path="CN_09_04_CO_REC130_img01.jpg" border="0">
<title><![CDATA[Bacteria: el dominio de las bacterias]]></title>
</menuImage>
<pages>
<page i="0" visible="true" color="">
<title>Las bacterias</title>
<description><![CDATA[<ul>
	<li><span style="font-size:18px;"><span style="font-family:verdana,geneva,sans-serif">Son los organismos m&aacute;s abundantes de la Tierra.</span></span></li>
</ul>

<ul>
	<li><span style="font-size:18px;"><span style="font-family:verdana,geneva,sans-serif"><span style="font-size:18px;"><span style="font-family:verdana,geneva,sans-serif">Son&nbsp;<strong>procariotas:&nbsp;</strong></span></span></span></span>

	<ul>
		<li><span style="font-size:18px;"><span style="font-family:verdana,geneva,sans-serif"><span style="font-size:18px;"><span style="font-family:verdana,geneva,sans-serif"><span style="font-size:18px;"><span style="font-family:verdana,geneva,sans-serif">Unicelulares.</span></span></span></span></span></span></li>
		<li><span style="font-size:18px;"><span style="font-family:verdana,geneva,sans-serif"><span style="font-size:18px;"><span style="font-family:verdana,geneva,sans-serif"><span style="font-size:18px;"><span style="font-family:verdana,geneva,sans-serif"><span style="font-size:18px;"><span style="font-family:verdana,geneva,sans-serif">Sin n&uacute;cleo celular.</span></span></span></span></span></span></span></span></li>
		<li><span style="font-size:18px;"><span style="font-family:verdana,geneva,sans-serif"><span style="font-size:18px;"><span style="font-family:verdana,geneva,sans-serif"><span style="font-size:18px;"><span style="font-family:verdana,geneva,sans-serif"><span style="font-size:18px;"><span style="font-family:verdana,geneva,sans-serif"><span style="font-size:18px;"><span style="font-family:verdana,geneva,sans-serif">Un solo cromosoma libre en el citoplasma.</span></span></span></span></span></span></span></span></span></span></li>
		<li><span style="font-size:18px;"><span style="font-family:verdana,geneva,sans-serif"><span style="font-size:18px;"><span style="font-family:verdana,geneva,sans-serif"><span style="font-size:18px;"><span style="font-family:verdana,geneva,sans-serif"><span style="font-size:18px;"><span style="font-family:verdana,geneva,sans-serif"><span style="font-size:18px;"><span style="font-family:verdana,geneva,sans-serif"><span style="font-size:18px;"><span style="font-family:verdana,geneva,sans-serif">Tama&ntilde;o microsc&oacute;pico.</span></span></span></span></span></span></span></span></span></span></span></span></li>
		<li><span style="font-size:18px;"><span style="font-family:verdana,geneva,sans-serif"><span style="font-size:18px;"><span style="font-family:verdana,geneva,sans-serif"><span style="font-size:18px;"><span style="font-family:verdana,geneva,sans-serif"><span style="font-size:18px;"><span style="font-family:verdana,geneva,sans-serif"><span style="font-size:18px;"><span style="font-family:verdana,geneva,sans-serif"><span style="font-size:18px;"><span style="font-family:verdana,geneva,sans-serif"><span style="font-size:18px;"><span style="font-family:verdana,geneva,sans-serif">Reproducci&oacute;n asexual.</span></span></span></span></span></span></span></span></span></span></span></span></span></span></li>
	</ul>
	</li>
</ul>

<ul>
	<li><span style="font-size:18px;"><span style="font-family:verdana,geneva,sans-serif">Presentan diferentes formas y gran capacidad de colonizar pr&aacute;cticamente todos los ambientes.</span></span></li>
	<li><span style="font-size:18px;"><span style="font-family:verdana,geneva,sans-serif"><span style="font-family:verdana,geneva,sans-serif">Tienen altas tasas de reproducci&oacute;n y mutaciones.</span></span></span></li>
</ul>
]]></description>
<images>
<image path="CN_09_04_CO_REC130_img02n.jpg" border = "0" pathbig="CN_09_04_CO_REC130_img02a.jpg">
<title><![CDATA[Las bacterias se clasifican según su forma.]]></title>
</image>
</images>
</page>
<page i="0" visible="true" color="">
<title></title>
<description><![CDATA[<ul>
	<li><span style="font-size:18px;"><span style="font-family:verdana,geneva,sans-serif">Algunas bacterias habitan dentro de otros organismos.</span></span></li>
</ul>

<ul>
	<li><span style="font-size:18px;"><span style="font-family:verdana,geneva,sans-serif">Muchas son ben&eacute;ficas o inofensivas;&nbsp;a<span style="font-size:18px;"><span style="font-family:verdana,geneva,sans-serif">lgunas pocas causan enfermedades.</span></span></span></span></li>
</ul>

<ul>
	<li><span style="font-size:18px;"><span style="font-family:verdana,geneva,sans-serif"><span style="font-family:verdana,geneva,sans-serif">Tienen h&aacute;bitos de vida solitaria, o en agregados en grandes grupos sin interacci&oacute;n cooperativa.</span></span></span></li>
</ul>

<ul>
	<li><span style="font-size:18px;"><span style="font-family:verdana,geneva,sans-serif"><span style="font-family:verdana,geneva,sans-serif"><span style="font-family:verdana,geneva,sans-serif">Algunas obtienen&nbsp;energ&iacute;a de la luz (<strong>fotoaut&oacute;trofas</strong>), de sustancias qu&iacute;micas inorg&aacute;nicas (<strong>quimioaut&oacute;trofas</strong>)&nbsp;y otras a partir de sustancias producidas por otros organismos (<strong>heter&oacute;trofas</strong>).</span></span></span></span></li>
</ul>
]]></description>
<images>
<image path="CN_09_04_CO_REC130_img03n.jpg" border = "0" pathbig="CN_09_04_CO_REC130_img03a.jpg">
<title><![CDATA[A pesar de estar juntas, son células totalmente independientes.]]></title>
</image>
</images>
</page>
</pages>
</section><section i="0" star="false" hasSubsections="false">
<menuImage path="CN_09_04_CO_REC130_img04.jpg" border="0">
<title><![CDATA[Archaea: el dominio de las arqueas]]></title>
</menuImage>
<pages>
<page i="0" visible="true" color="">
<title>Las arqueas</title>
<description><![CDATA[<ul>
	<li><span style="font-size:18px;"><span style="font-family:verdana,geneva,sans-serif">Son&nbsp;<strong>procariotas</strong>. </span></span></li>
</ul>

<ul>
	<li><span style="font-size:18px;"><span style="font-family:verdana,geneva,sans-serif">Son menos abudantes que las bacterias.</span></span></li>
</ul>

<ul>
	<li><span style="font-size:18px;"><span style="font-family:verdana,geneva,sans-serif">A pesar de compartir muchas caracter&iacute;sticas, este es considerado un dominio aparte del de las bacterias por su historia evolutiva separada y sus diferencias moleculares.</span></span></li>
</ul>

<ul>
	<li><span style="font-size:18px;"><span style="font-family:verdana,geneva,sans-serif">Viven en muchos h&aacute;bitats, a menudo&nbsp;con <strong>condiciones extremas</strong>, como temperaturas elevadas o altas concentraciones de sal.</span></span></li>
</ul>
]]></description>
<images>
<image path="CN_09_04_CO_REC130_img05n.jpg" border = "0" pathbig="CN_09_04_CO_REC130_img05a.jpg">
<title><![CDATA[Las arqueas pueden vivir en ríos muy ácidos o lagos extremadamente calientes.]]></title>
</image>
</images>
</page>
<page i="0" visible="true" color="">
<title></title>
<description><![CDATA[<ul>
	<li><span style="font-size:18px;"><span style="font-family:verdana,geneva,sans-serif">Algunas se encuentran dentro de humanos, rumiantes o insectos. Hasta donde se sabe,&nbsp;no son causantes de enfermedad.</span></span></li>
</ul>

<ul>
	<li><span style="font-size:18px;"><span style="font-family:verdana,geneva,sans-serif">Presentan diferentes formas y tienen h&aacute;bitos de vida solitaria o en colonias.</span></span></li>
</ul>

<ul>
	<li><span style="font-size:18px;"><span style="font-family:verdana,geneva,sans-serif">Generalmente son <strong>heter&oacute;trofas</strong>.</span></span></li>
</ul>

<ul>
	<li><span style="font-size:22px"><span style="font-family:verdana,geneva,sans-serif"><span style="font-size:18px;">Algunas obtienen energ&iacute;a de compuestos inorg&aacute;nicos (<strong>quimioaut&oacute;trofas</strong>).</span>&nbsp;</span></span></li>
</ul>
]]></description>
<images>
<image path="CN_09_04_CO_REC130_img06n.jpg" border = "0" pathbig="CN_09_04_CO_REC130_img06a.jpg">
<title><![CDATA[Dentro del estómago de algunas termitas habitan arqueas que les ayudan a digerir la celulosa de la madera.]]></title>
</image>
</images>
</page>
</pages>
</section><section i="0" star="false" hasSubsections="false">
<menuImage path="CN_09_04_CO_REC130_img07.jpg" border="0">
<title><![CDATA[Eukarya: el dominio de los eucariotas]]></title>
</menuImage>
<pages>
<page i="0" visible="true" color="">
<title>Los eucariotas</title>
<description><![CDATA[<ul>
	<li><span style="font-size:18px;"><span style="font-family:verdana,geneva,sans-serif">Comprende a todos los organismos cuyas c&eacute;lulas tienen la informaci&oacute;n gen&eacute;tica contenida en un n&uacute;cleo celular.</span></span></li>
</ul>

<ul>
	<li><span style="font-size:18px;"><span style="font-family:verdana,geneva,sans-serif">Contiene cuatro reinos: Protistas, Hongos, Plantas y Animales.</span></span></li>
</ul>

<ul>
	<li><span style="font-size:18px;"><span style="font-family:verdana,geneva,sans-serif">Adem&aacute;s de formas unicelulares, este dominio tiene&nbsp;formas <strong>macrosc&oacute;picas multicelulares</strong>.</span></span></li>
</ul>

<ul>
	<li><span style="font-size:18px;"><span style="font-family:verdana,geneva,sans-serif"><span style="font-size:18px;"><span style="font-family:verdana,geneva,sans-serif">Presenta gran variedad de tipos de reproducci&oacute;n, tanto sexual como asexual.</span></span></span></span></li>
</ul>
]]></description>
<images>
<image path="CN_09_04_CO_REC130_img08n.jpg" border = "0" pathbig="CN_09_04_CO_REC130_img08a.jpg">
<title><![CDATA[Los protistas del género Plasmodium parasitan animales como los lagartos de la imagen, quienes reposan sobre hongos rodeados de hierba. Todos estos son organismos eucariotas.]]></title>
</image>
</images>
</page>
<page i="0" visible="true" color="">
<title></title>
<description><![CDATA[<ul>
	<li><span style="font-size:18px;"><span style="font-family:verdana,geneva,sans-serif">Entre otras cosas, Eukarya se diferencia&nbsp;de los dem&aacute;s dominios&nbsp;por las&nbsp;mol&eacute;culas que componen la membrana y pared celular,&nbsp;algunas rutas metab&oacute;licas&nbsp;y por&nbsp;su historia evolutiva.</span></span></li>
</ul>

<ul>
	<li><span style="font-size:18px;"><span style="font-family:verdana,geneva,sans-serif">Las innovaciones a nivel celular han permitido que en este dominio se presenten formas m&aacute;s <strong>grandes </strong>y <strong>complejas</strong>, siendo esta la diferencia m&aacute;s obvia con los procariotas.</span></span></li>
</ul>

<ul>
	<li><span style="font-size:18px;"><span style="font-family:verdana,geneva,sans-serif">El dominio eucariota apareci&oacute; en la Tierra despu&eacute;s de las bacterias y las arqueas. Surgi&oacute;&nbsp;a partir de la <strong>evoluci&oacute;n </strong>de las c&eacute;lulas procariotas.</span></span></li>
</ul>
]]></description>
<images>
<image path="CN_09_04_CO_REC130_img09n.jpg" border = "0" pathbig="CN_09_04_CO_REC130_img09a.jpg">
<title><![CDATA[Relaciones evolutivas entre los tres dominios.]]></title>
</image>
</images>
</page>
</pages>
</section></sections>
</engine>