<?xml version='1.0' encoding='UTF-8'?><motor tipo="101" clase="a" aprid="m101a">
  <plataforma>
    <grado>2</grado>
    <titulo>Refuerza tu aprendizaje: Las Ciencias Naturales y la medicina</titulo>
    <volumen/>
    <nivel><![CDATA[1]]></nivel>
    <referencia/>
    <motor/>
    <lang>es</lang>
  </plataforma>
  <enunciado><![CDATA[Contesta, en lo posible con tus propias palabras, a las siguientes preguntas relacionadas con las Ciencias Naturales y la medicina]]></enunciado>
  <masinfo inicio="0"/>
  <calc><![CDATA[0]]></calc>
  <preguntas cantidad="4">
    <pregunta>
      <enunciado><![CDATA[¿Qué buscan las Ciencias Naturales con relación a los diferentes aspectos de la naturaleza?]]></enunciado>
      <explicacion/>
      <nivel><![CDATA[2]]></nivel>
      <tipo/>
      <imagen/>
      <ampliacion/>
      <texto/>
    </pregunta>
    <pregunta>
      <enunciado><![CDATA[¿Cuáles son los dos objetivos más importantes de la medicina?]]></enunciado>
      <explicacion/>
      <nivel><![CDATA[2]]></nivel>
      <tipo/>
      <imagen><![CDATA[CN_07_13_CO_REC10_IMG01n.jpg]]></imagen>
      <ampliacion><![CDATA[CN_07_13_CO_REC10_IMG01a.jpg]]></ampliacion>
      <texto/>
    </pregunta>
    <pregunta>
      <enunciado><![CDATA[¿Cómo se llamó este filósofo nacido en Cos y cuál fue su aporte a la medicina?]]></enunciado>
      <explicacion/>
      <nivel><![CDATA[2]]></nivel>
      <tipo/>
      <imagen><![CDATA[CN_07_13_CO_REC10_IMG02n.jpg]]></imagen>
      <ampliacion><![CDATA[CN_07_13_CO_REC10_IMG02a.jpg]]></ampliacion>
      <texto/>
    </pregunta>
    <pregunta>
      <enunciado><![CDATA[¿Qué le han permitido a la medicina los alcances de las Ciencias Naturales con relación al cuerpo humano, a las enfermedades y al desarrollo de nuevas técnicas y herramientas? ]]></enunciado>
      <explicacion/>
      <nivel><![CDATA[2]]></nivel>
      <tipo/>
      <imagen/>
      <ampliacion/>
      <texto/>
    </pregunta>
  </preguntas>
  <temps>20</temps>
</motor>