﻿<?xml version="1.0" encoding="utf-8"?><engine copy="Editorial Planeta" version="1" aprid="f6"><main layout="1">
<title>Las unidades químicas de la concentración de disoluciones</title>
<footer>Selecciona una imagen</footer>
</main>
<sections>
<section i="0" star="false" hasSubsections="false">
<menuImage path="CN_09_09_REC190_IMG01.jpg" border="0">
<title><![CDATA[Molaridad]]></title>
</menuImage>
<pages>
<page i="0" visible="true" color="#EFF5E3">
<title>Molaridad o concentración molar (M)</title>
<description><![CDATA[<p><span style="font-size:20px;"><span style="font-family:verdana,geneva,sans-serif;">Es una concentraci&oacute;n que se utiliza frecuentemente en los laboratorios de qu&iacute;mica.</span></span></p>

<p><span style="font-size:20px;"><span style="font-family:verdana,geneva,sans-serif;">Expresa el n&uacute;mero de moles de soluto que se encuentran contenidos en&nbsp;un litro de disoluci&oacute;n.&nbsp;</span></span></p>

<p></p>
]]></description>
<images>
<image path="CN_09_09_REC190_IMG04n.jpg" border = "0" pathbig="CN_09_09_REC190_IMG04a.jpg">
<title><![CDATA[]]></title>
</image>
</images>
</page>
<page i="0" visible="true" color="#EFF5E3">
<title>Ejemplo</title>
<description><![CDATA[<p><span style="font-size:20px;"><span style="font-family:verdana,geneva,sans-serif;">Se disolvieron&nbsp;20 g de hidr&oacute;xido de sodio (NaOH) en agua, obteni&eacute;ndose 250 ml de disoluci&oacute;n, &iquest;cu&aacute;l es la concentraci&oacute;n molar?</span></span></p>

<p></p>

<p></p>

<p><span style="font-size:20px;"><span style="font-family:verdana,geneva,sans-serif;"><strong>Soluci&oacute;n</strong></span></span></p>

<p></p>

<p><span style="font-size:20px;"><span style="font-family:verdana,geneva,sans-serif;">La masa molecular y la masa molar son magnitudes iguales solo difieren en las unidades. As&iacute;&nbsp;la masa molecular del NaOH es de 40 uma, por lo tanto la masa molar es de 40 g/mol.</span></span></p>
]]></description>
<images>
<image path="CN_09_09_REC190_IMG05n.jpg" border = "0" pathbig="CN_09_09_REC190_IMG05a.jpg">
<title><![CDATA[]]></title>
</image>
</images>
</page>
<page i="0" visible="true" color="#EFF5E3">
<title>Ejemplo</title>
<description><![CDATA[<p><span style="font-size:20px;"><span style="font-family:verdana,geneva,sans-serif;">Se disolvieron 20 g de hidr&oacute;xido de sodio (NaOH) en agua, obteni&eacute;ndose 0,25 L de disoluci&oacute;n. &iquest;Cu&aacute;l es la concentraci&oacute;n molar?</span></span></p>

<p></p>

<p></p>

<p></p>

<p><span style="font-size:20px;"><span style="font-family:verdana,geneva,sans-serif;"><strong>Soluci&oacute;n</strong></span></span></p>

<p></p>

<p><span style="font-size:20px;"><span style="font-family:verdana,geneva,sans-serif;">La concentraci&oacute;n de la disoluci&oacute;n es 2 M. Cada litro de disoluci&oacute;n contiene 2 moles de NaOH.</span></span></p>
]]></description>
<images>
<image path="CN_09_09_REC190_IMG06n.jpg" border = "0" pathbig="CN_09_09_REC190_IMG06a.jpg">
<title><![CDATA[]]></title>
</image>
</images>
</page>
<page i="0" visible="true" color="#EFF5E3">
<title>El hidróxido de sodio</title>
<description><![CDATA[<p><span style="font-size:20px;"><span style="font-family: verdana, geneva, sans-serif;">El hidr&oacute;xido de sodio o soda c&aacute;ustica es un&nbsp;s&oacute;lido blanco a temperatura ambiente, es una sustancia muy corrosiva, al contacto con la piel puede generar quemaduras severas.</span></span></p>

<p></p>

<p><span style="font-size:20px;"><span style="font-family: verdana, geneva, sans-serif;">El hidr&oacute;xido de sodio libera gran cantidad de calor al disolverse en agua.</span></span></p>

<p></p>

<p><span style="font-size:20px;"><span style="font-family: verdana, geneva, sans-serif;">Se utiliza para destapar ca&ntilde;er&iacute;as.</span></span></p>
]]></description>
<images>
<image path="CN_09_09_REC190_IMG07n.jpg" border = "0" pathbig="CN_09_09_REC190_IMG07a.jpg">
<title><![CDATA[]]></title>
</image>
</images>
</page>
</pages>
</section><section i="0" star="false" hasSubsections="false">
<menuImage path="CN_09_09_REC190_IMG02.jpg" border="0">
<title><![CDATA[Molalidad]]></title>
</menuImage>
<pages>
<page i="0" visible="true" color="#EFF5E3">
<title>Molalidad o concentración molal (m)</title>
<description><![CDATA[<p><span style="font-size:20px;"><span style="font-family:verdana,geneva,sans-serif;">Este tipo de concentraci&oacute;n se utiliza en la propiedades coligativas de las disoluciones.</span></span></p>

<p><span style="font-size:20px;"><span style="font-family:verdana,geneva,sans-serif;">Expresa el n&uacute;mero de moles de soluto que se encuentran en un kilogramo de disolvente.</span></span></p>

<p></p>
]]></description>
<images>
<image path="CN_09_09_REC190_IMG08n.jpg" border = "0" pathbig="CN_09_09_REC190_IMG08a.jpg">
<title><![CDATA[]]></title>
</image>
</images>
</page>
<page i="0" visible="true" color="#EFF5E3">
<title>Ejemplo</title>
<description><![CDATA[<p><span style="font-family:verdana,geneva,sans-serif;"><span style="font-size:20px;">Se disuelven 90 g de bromuro de sodio (NaBr) en 950 ml de agua, &iquest;cu&aacute;l es la molalidad de la disoluci&oacute;n?</span></span></p>

<p></p>

<p><span style="font-family:verdana,geneva,sans-serif;"><span style="font-size:20px;"><strong>Soluci&oacute;n</strong></span></span></p>

<p></p>

<p></p>

<p><span style="font-size:20px;"><span style="font-family:verdana,geneva,sans-serif;">La masa molecular del NaBr es de 102,9 uma, por lo tanto la masa molar es de 102,9 g/mol.</span></span></p>

<p></p>
]]></description>
<images>
<image path="CN_09_09_REC190_IMG09n.jpg" border = "0" pathbig="CN_09_09_REC190_IMG09a.jpg">
<title><![CDATA[]]></title>
</image>
</images>
</page>
<page i="0" visible="true" color="#EFF5E3">
<title>Ejemplo</title>
<description><![CDATA[<p><span style="font-size:20px;"><span style="font-family:verdana,geneva,sans-serif;">Se disuelve 90 g de bromuro de sodio (NaBr) en 950 ml de agua &iquest;cu&aacute;l es la molalidad de la disoluci&oacute;n?</span></span></p>

<p><em><span style="font-size:20px;"><span style="font-family:verdana,geneva,sans-serif;">Densidad del agua 1 g/ml.</span></span></em></p>

<p></p>

<p><span style="font-size:20px;"><span style="font-family:verdana,geneva,sans-serif;"><strong>Soluci&oacute;n</strong></span></span></p>

<p></p>

<p></p>

<p><span style="font-size:20px;"><span style="font-family:verdana,geneva,sans-serif;">90 g de NaBr equivalen a 0,87 moles de NaBr. La masa del disolvente es de 0,95 kg.</span></span></p>
]]></description>
<images>
<image path="CN_09_09_REC190_IMG10n.jpg" border = "0" pathbig="CN_09_09_REC190_IMG10a.jpg">
<title><![CDATA[]]></title>
</image>
</images>
</page>
<page i="0" visible="true" color="#EFF5E3">
<title>Ejemplo</title>
<description><![CDATA[<p><span style="font-size:20px;"><span style="font-family:verdana,geneva,sans-serif;">Se disuelve 90 g de bromuro de sodio (NaBr) en 950 ml de agua &iquest;cu&aacute;l es la molalidad de la disoluci&oacute;n? </span></span></p>

<p><em><span style="font-size:20px;"><span style="font-family:verdana,geneva,sans-serif;">Densidad del agua 1 g/ml.</span></span></em></p>

<p></p>

<p><strong><span style="font-size:20px;"><span style="font-family:verdana,geneva,sans-serif;">Soluci&oacute;n</span></span></strong></p>

<p></p>

<p></p>

<p><span style="font-size:20px;"><span style="font-family:verdana,geneva,sans-serif;">La concentraci&oacute;n de la disoluci&oacute;n es 0,92 m. Cada kilogramo de agua (disolvente) contiene 0,92 moles de NaBr.</span></span></p>
]]></description>
<images>
<image path="CN_09_09_REC190_IMG11n.jpg" border = "0" pathbig="CN_09_09_REC190_IMG11a.jpg">
<title><![CDATA[]]></title>
</image>
</images>
</page>
<page i="0" visible="true" color="#EFF5E3">
<title>El bromuro de sodio</title>
<description><![CDATA[<p><span style="font-size:20px;"><span style="font-family:verdana,geneva,sans-serif;">El bromuro de sodio es un s&oacute;lido cristalino de color blanco. Es muy soluble en agua.</span></span></p>

<p></p>

<p><span style="font-size:20px;"><span style="font-family:verdana,geneva,sans-serif;">Se utiliza como desinfectante en el tratamiento de aguas industriales.</span></span></p>
]]></description>
<images>
<image path="CN_09_09_REC190_IMG12n.jpg" border = "0" pathbig="CN_09_09_REC190_IMG12a.jpg">
<title><![CDATA[]]></title>
</image>
</images>
</page>
</pages>
</section><section i="0" star="false" hasSubsections="false">
<menuImage path="CN_09_09_REC190_IMG03.jpg" border="0">
<title><![CDATA[Normalidad]]></title>
</menuImage>
<pages>
<page i="0" visible="true" color="#EFF5E3">
<title>Normalidad (N)</title>
<description><![CDATA[<p><span style="font-size:20px;"><span style="font-family:verdana,geneva,sans-serif;">Frecuentemente se utiliza para expresar&nbsp;las concentraciones de hidr&oacute;xidos, &aacute;cidos y sales.</span></span></p>

<p><span style="font-size:20px;"><span style="font-family:verdana,geneva,sans-serif;">Se refiere al n&uacute;mero de equivalente-gramo (eq-g) de soluto que se encuentra&nbsp;en un litro de disoluci&oacute;n.&nbsp;</span></span></p>

<p></p>

<p></p>
]]></description>
<images>
<image path="CN_09_09_REC190_IMG13n.jpg" border = "0" pathbig="CN_09_09_REC190_IMG13a.jpg">
<title><![CDATA[]]></title>
</image>
</images>
</page>
<page i="0" visible="true" color="#EFF5E3">
<title>Masa de un equivalente-gramo</title>
<description><![CDATA[<ul>
	<li><span style="font-size:20px;"><span style="font-family:verdana,geneva,sans-serif;">La masa de un equivalente-gramo de un hidr&oacute;xido se determina dividiendo la masa molar del hidr&oacute;xido entre el n&uacute;mero de iones hidroxilo (OH<sup>-</sup>) que presenta la f&oacute;rmula.</span></span></li>
</ul>

<p></p>

<p></p>

<ul>
	<li><span style="font-size:20px;"><span style="font-family:verdana,geneva,sans-serif;">La masa de un equivalente-gramo de un &aacute;cido se determina&nbsp;dividiendo la masa molar del &aacute;cido entre el n&uacute;mero de iones hidronio (H<sup>+</sup>) que relaciona la f&oacute;rmula.</span></span></li>
</ul>

<p></p>

<p></p>

<ul>
	<li><span style="font-size:20px;"><span style="font-family:verdana,geneva,sans-serif;">La masa de un equivalente-gramo de una sal se calcula dividiendo la masa molar de la sal entre la carga total de cati&oacute;n (ion con carga positiva).</span></span></li>
</ul>

<p></p>
]]></description>
<images>
<image path="CN_09_09_REC190_IMG14n.jpg" border = "0" pathbig="CN_09_09_REC190_IMG14a.jpg">
<title><![CDATA[]]></title>
</image>
</images>
</page>
<page i="0" visible="true" color="#EFF5E3">
<title>Ejemplo</title>
<description><![CDATA[<p><span style="font-size:20px;"><span style="font-family:verdana,geneva,sans-serif;">Determinar la masa de un eq-g de las siguientes sustancias:</span></span></p>

<p></p>

<p></p>

<div><span style="font-size:20px;"><span style="font-family:verdana,geneva,sans-serif;">a. Ca(OH)<sub>2</sub></span></span></div>

<div><span style="font-size:20px;"><span style="font-family:verdana,geneva,sans-serif;">b. H<sub>3</sub>PO<sub>4</sub></span></span></div>

<div><span style="font-size:20px;"><span style="font-family:verdana,geneva,sans-serif;">c. K<sub>2</sub>SO<sub>4</sub></span></span></div>

<div></div>

<p><span style="font-size:20px;"><span style="font-family:verdana,geneva,sans-serif;"><strong>Soluci&oacute;n</strong></span></span></p>

<p></p>

<div><span style="font-size:20px;"><span style="font-family:verdana,geneva,sans-serif;">a. La masa de un eq-g de hidr&oacute;xido del calcio&nbsp;(Ca(OH)<sub>2</sub>) es de 37,1 g.</span></span></div>

<div></div>

<div></div>

<div><span style="font-size:20px;"><span style="font-family:verdana,geneva,sans-serif;">b. La masa de un eq-g de &aacute;cido fosf&oacute;rico es (H<sub>3</sub>PO<sub>4</sub>)&nbsp;es&nbsp;de 32,67 g.</span></span></div>

<div></div>

<div></div>

<div><span style="font-size:20px;"><span style="font-family:verdana,geneva,sans-serif;">c. La masa de un eq-g de sulfato de potasio (K<sub>2</sub>SO<sub>4</sub>)&nbsp;es de 87,15 g.</span></span></div>

<div></div>
]]></description>
<images>
<image path="CN_09_09_REC190_IMG15n.jpg" border = "0" pathbig="CN_09_09_REC190_IMG15a.jpg">
<title><![CDATA[]]></title>
</image>
</images>
</page>
<page i="0" visible="true" color="#EFF5E3">
<title>Ejemplo</title>
<description><![CDATA[<p><span style="font-size:20px;"><span style="font-family:verdana,geneva,sans-serif;">&iquest;Cu&aacute;l es la normalidad 0,5 L de disoluci&oacute;n que contiene 5 g de &aacute;cido sulf&uacute;rico (H<sub>2</sub>SO<sub>4</sub>)?</span></span></p>

<p></p>

<p></p>

<p></p>

<p><span style="font-size:20px;"><span style="font-family:verdana,geneva,sans-serif;"><strong>Soluci&oacute;n</strong></span></span></p>

<p></p>

<p><span style="font-size:20px;"><span style="font-family:verdana,geneva,sans-serif;">La masa de un eq-g de H<sub>2</sub>SO<sub>4</sub> &nbsp;es 49,05 g.</span></span></p>

<p></p>

<p><span style="font-size:20px;"><span style="font-family:verdana,geneva,sans-serif;">En 5 g de H<sub>2</sub>SO<sub>4</sub> se encuentran 0,10 eq-g.</span></span></p>
]]></description>
<images>
<image path="CN_09_09_REC190_IMG16n.jpg" border = "0" pathbig="CN_09_09_REC190_IMG16a.jpg">
<title><![CDATA[]]></title>
</image>
</images>
</page>
<page i="0" visible="true" color="#EFF5E3">
<title>Ejemplo</title>
<description><![CDATA[<p><span style="font-size:20px;"><span style="font-family:verdana,geneva,sans-serif;">Una disoluci&oacute;n de 0,5 L contiene 5 g de &aacute;cido sulf&uacute;rico (H<sub>2</sub>SO<sub>4</sub>). &iquest;Cu&aacute;l es la normalidad de la disoluci&oacute;n?</span></span></p>

<p></p>

<p></p>

<p></p>

<p><span style="font-size:20px;"><span style="font-family:verdana,geneva,sans-serif;"><strong>Soluci&oacute;n</strong></span></span></p>

<p></p>

<p><span style="font-size:20px;"><span style="font-family:verdana,geneva,sans-serif;">La disoluci&oacute;n tiene una concentraci&oacute;n de 0,2 N. La disoluci&oacute;n contiene 0,2 eq-g de H<sub>2</sub>SO<sub>4</sub> por cada litro de disoluci&oacute;n.</span></span></p>
]]></description>
<images>
<image path="CN_09_09_REC190_IMG17n.jpg" border = "0" pathbig="CN_09_09_REC190_IMG17a.jpg">
<title><![CDATA[]]></title>
</image>
</images>
</page>
<page i="0" visible="true" color="#EFF5E3">
<title>El ácido sulfúrico</title>
<description><![CDATA[<p><span style="font-size:20px;"><span style="font-family:verdana,geneva,sans-serif;">El &aacute;cido sulf&uacute;rico&nbsp;es un &aacute;cido fuerte altamente corrosivo. Al disolverse en agua desprende gran cantidad de calor, por ello cuando se preparan disoluciones a partir de &aacute;cido sulf&uacute;rico concentrado se recomienda enfriar en un ba&ntilde;o de hielo.</span></span></p>

<p></p>

<p><span style="font-size:20px;"><span style="font-family:verdana,geneva,sans-serif;">A nivel industrial el &aacute;cido sulf&uacute;rico se utiliza para la elaboraci&oacute;n de fertilizantes.&nbsp;</span></span></p>
]]></description>
<images>
<image path="CN_09_09_REC190_IMG18n.jpg" border = "0" pathbig="CN_09_09_REC190_IMG18a.jpg">
<title><![CDATA[]]></title>
</image>
</images>
</page>
</pages>
</section></sections>
</engine>