﻿<?xml version="1.0" encoding="utf-8"?><motor tipo="1" clase="c" aprid="m1c"><plataforma><grado><![CDATA[2]]></grado><titulo>Calcula la normalidad de las disoluciones</titulo><area>0</area><nivel>3</nivel><referencia /><idreg><![CDATA[0]]></idreg><motor><![CDATA[M1C]]></motor><lang>es</lang></plataforma><enunciado><![CDATA[Determina la concentración de las siguientes disoluciones en normalidad.]]></enunciado><masinfo inicio="1"><![CDATA[Masas atómicas: Mg = 24,3 uma O = 16 umaH = 1 uma Cl = 35,5 umaCa = 40,1 uma S = 32,1 umaK = 39,1 uma Cr = 52 uma ]]></masinfo><sinaleatoriedad><![CDATA[0]]></sinaleatoriedad><calc><![CDATA[1]]></calc><textoatexto cantidad="4"><cuestion><pregunta><![CDATA[15,16 g de hidróxido de magnesio Mg(OH){{sub}}2{{normal}} en 2 L de disolución. ]]></pregunta><respuesta><![CDATA[0,26 N]]></respuesta></cuestion><cuestion><pregunta><![CDATA[0,67 moles de ácido clorhídrico (HCl ) en 750 ml de disolución.]]></pregunta><respuesta><![CDATA[0,89 N]]></respuesta></cuestion><cuestion><pregunta><![CDATA[39,72 g de dicromato de potasio (K{{sub}}2{{normal}}Cr{{sub}}2{{normal}}O{{sub}}7{{normal}}) en 1,5 L de disolución.]]></pregunta><respuesta><![CDATA[0,18 N]]></respuesta></cuestion><cuestion><pregunta><![CDATA[60 g de cloruro de calcio (CaCl{{sub}}2{{normal}})  en  650 ml de disolución.]]></pregunta><respuesta><![CDATA[1,66 N]]></respuesta></cuestion></textoatexto><textofalso cantidad="0" /></motor>