﻿<?xml version="1.0" encoding="utf-8"?><motor tipo="4" clase="a" aprid="m4a"><plataforma><grado><![CDATA[2]]></grado><titulo>Evaluación</titulo><area>0</area><nivel>2</nivel><referencia /><idreg><![CDATA[0]]></idreg><motor><![CDATA[M4A]]></motor><lang>es</lang></plataforma><enunciado><![CDATA[Completa la afirmación de manera correcta. Recuerda que puede haber más de una respuesta correcta.]]></enunciado><masinfo inicio="0"><![CDATA[]]></masinfo><sinaleatoriedad><![CDATA[0]]></sinaleatoriedad><calc><![CDATA[1]]></calc><respuestaunica><![CDATA[0]]></respuestaunica><test cantidad="10"><cuestion><enunciado><![CDATA[La solubilidad de un gas en un líquido...]]></enunciado><explicacion /><imagen /><respuestas><respuesta contestacion="aumenta al aumentar la temperatura." correcta="0" /><respuesta contestacion="disminuye al aumentar la temperatura." correcta="1" /><respuesta contestacion="aumenta al aumentar la presión." correcta="1" /><respuesta contestacion="disminuye al aumentar la presión." correcta="0" /></respuestas></cuestion><cuestion><enunciado><![CDATA[El agua es un disolvente]]></enunciado><explicacion /><imagen /><respuestas><respuesta contestacion="apolar" correcta="0" /><respuesta contestacion="polar" correcta="1" /><respuesta contestacion="que puede disolver compuestos apolares, como el aceite." correcta="0" /><respuesta contestacion="que puede disolver compuestos polares, como el alcohol etílico. " correcta="1" /></respuestas></cuestion><cuestion><enunciado><![CDATA[Una disolución sobresaturada]]></enunciado><explicacion /><imagen /><respuestas><respuesta contestacion="es un sistema inestable." correcta="1" /><respuesta contestacion="se obtiene disolviendo el soluto a temperatura ambiente." correcta="0" /><respuesta contestacion="es un sistema estable." correcta="0" /><respuesta contestacion="se obtiene a partir de una saturada." correcta="1" /></respuestas></cuestion><cuestion><enunciado><![CDATA[Las propiedades coligativas]]></enunciado><explicacion /><imagen /><respuestas><respuesta contestacion="dependen de la concentración de soluto en la disolución." correcta="1" /><respuesta contestacion="dependen de la naturaleza del soluto." correcta="0" /><respuesta contestacion="son: el aumento de la presión de vapor, la disminución del punto de ebullición, el descenso del punto de congelación y la presión osmótica." correcta="0" /><respuesta contestacion="son: el descenso de la presión de vapor, el aumento del punto de ebullición, el descenso de punto de congelación y la presión osmótica." correcta="1" /></respuestas></cuestion><cuestion><enunciado><![CDATA[Una disolución 3 M de NaCl]]></enunciado><explicacion /><imagen /><respuestas><respuesta contestacion="contiene 3 moles de NaCl en un litro de disolvente." correcta="0" /><respuesta contestacion="contiene 3 moles de NaCl en un litro de disolución." correcta="1" /><respuesta contestacion="contiene 3 moles de NaCl en un kilogramo de disolución." correcta="0" /><respuesta contestacion="contiene 3 moles de NaCl en un kilogramo de disolvente." correcta="0" /></respuestas></cuestion><cuestion><enunciado><![CDATA[Un volumen de 30 ml de disolución al 20% V/V]]></enunciado><explicacion /><imagen /><respuestas><respuesta contestacion="contiene 20 ml de soluto. " correcta="0" /><respuesta contestacion="contiene 6 ml de soluto." correcta="1" /><respuesta contestacion="contiene 30 ml de disolvente." correcta="0" /><respuesta contestacion="contiene 24 ml de disolvente." correcta="0" /></respuestas></cuestion><cuestion><enunciado><![CDATA[Una disolución]]></enunciado><explicacion /><imagen /><respuestas><respuesta contestacion="esta formada por soluto y disolvente." correcta="1" /><respuesta contestacion="presenta una única fase." correcta="1" /><respuesta contestacion="consta de más de una fase." correcta="0" /><respuesta contestacion="presenta concentración." correcta="1" /></respuestas></cuestion><cuestion><enunciado><![CDATA[El número de equivalente-gramos de MgSO{{sub}}4{{normal}} presentes en 20 ml de disolución 1,5 N es ]]></enunciado><explicacion /><imagen /><respuestas><respuesta contestacion="30 eq-g de MgSO{{sub}}4{{normal}}" correcta="0" /><respuesta contestacion="1,5  eq-g de MgSO{{sub}}4{{normal}}" correcta="0" /><respuesta contestacion="0,03 eq-g de MgSO{{sub}}4{{normal}}" correcta="1" /><respuesta contestacion="7,5 eq-g de MgSO{{sub}}4{{normal}}" correcta="0" /></respuestas></cuestion><cuestion><enunciado><![CDATA[El descenso del punto de congelación]]></enunciado><explicacion /><imagen /><respuestas><respuesta contestacion="se presenta en disoluciones que contienen solutos volátiles." correcta="0" /><respuesta contestacion="se presenta en disoluciones que contienen solutos no volátiles. " correcta="1" /><respuesta contestacion="es directamente proporcional a la concentración molar del soluto en la disolución." correcta="0" /><respuesta contestacion="es directamente proporcional a la concentración molal del soluto en la disolución." correcta="1" /></respuestas></cuestion><cuestion><enunciado><![CDATA[El volumen para preparar 250 ml de una disolución 0,12 N a partir de una disolución 2,5 N es]]></enunciado><explicacion /><imagen /><respuestas><respuesta contestacion="100 ml" correcta="0" /><respuesta contestacion="52 ml" correcta="0" /><respuesta contestacion="12 ml" correcta="1" /><respuesta contestacion="21 ml" correcta="0" /></respuestas></cuestion></test></motor>