﻿<?xml version="1.0" encoding="UTF-8"?><mapa aprid="mapa"><copyright>(c) Editorial Planeta</copyright><version>1.0</version><botonMapaConceptual>mostrar</botonMapaConceptual><botonMapaMudo>ocultar</botonMapaMudo><botonMudo>0</botonMudo><objeto><ref>00</ref><texto>Las disoluciones</texto><hijos>10</hijos><padre /><siz>0</siz><negcur>0000000000000000</negcur><cen>1</cen><img /><audio /></objeto><objeto><ref>10</ref><texto>son</texto><hijos>20</hijos><padre>00</padre><siz>14</siz><negcur>000</negcur><cen>1</cen><img /><audio /></objeto><objeto><ref>20</ref><texto>Mezclas
homogéneas</texto><hijos>30,31,32</hijos><padre>10</padre><siz>0</siz><negcur>000000000000000000</negcur><cen>1</cen><img /><audio /></objeto><objeto><ref>30</ref><texto>con igual de</texto><hijos>40</hijos><padre>20</padre><siz>0</siz><negcur>000000000000</negcur><cen>1</cen><img /><audio /></objeto><objeto><ref>40</ref><texto>composición y
propiedades</texto><hijos /><padre>30</padre><siz>0</siz><negcur>0000000000000000000000000</negcur><cen>1</cen><img /><audio /></objeto><objeto><ref>31</ref><texto>de</texto><hijos>41</hijos><padre>20</padre><siz>0</siz><negcur>00</negcur><cen>1</cen><img /><audio /></objeto><objeto><ref>41</ref><texto>soluto en un
disolvente</texto><hijos>50</hijos><padre>31</padre><siz>0</siz><negcur>00000000000000000000000</negcur><cen>1</cen><img /><audio /></objeto><objeto><ref>32</ref><texto>que presentan</texto><hijos>42</hijos><padre>20</padre><siz>0</siz><negcur>0000000000000</negcur><cen>1</cen><img /><audio /></objeto><objeto><ref>42</ref><texto>propiedades
coligativas</texto><hijos>51</hijos><padre>32</padre><siz>0</siz><negcur>00000000000000000000000</negcur><cen>1</cen><img /><audio /></objeto><objeto><ref>50</ref><texto>cuya relación
se describe</texto><hijos>60,61</hijos><padre>41</padre><siz>0</siz><negcur>0000000000000000000000000</negcur><cen>1</cen><img /><audio /></objeto><objeto><ref>60</ref><texto>cualitativamente</texto><hijos>70</hijos><padre>50</padre><siz>0</siz><negcur>0000000000000000</negcur><cen>1</cen><img /><audio /></objeto><objeto><ref>61</ref><texto>cuantitativamente</texto><hijos>71</hijos><padre>50</padre><siz>0</siz><negcur>00000000000000000</negcur><cen>1</cen><img /><audio /></objeto><objeto><ref>70</ref><texto>como</texto><hijos>80</hijos><padre>60</padre><siz>0</siz><negcur>0000</negcur><cen>1</cen><img /><audio /></objeto><objeto><ref>80</ref><texto>.diluida
.concentrada
.saturada 
.sobresaturada</texto><hijos /><padre>70</padre><siz>0</siz><negcur>00000000000000000000000000000000000000000000000</negcur><cen>0</cen><img /><audio /></objeto><objeto><ref>71</ref><texto>por la relación</texto><hijos>81</hijos><padre>61</padre><siz>0</siz><negcur>000000000000000</negcur><cen>1</cen><img /><audio /></objeto><objeto><ref>81</ref><texto>soluto - disolvente</texto><hijos>90</hijos><padre>71</padre><siz>0</siz><negcur>0000000000000000000</negcur><cen>1</cen><img /><audio /></objeto><objeto><ref>90</ref><texto>mediante</texto><hijos>a0</hijos><padre>81</padre><siz>0</siz><negcur>00000000</negcur><cen>1</cen><img /><audio /></objeto><objeto><ref>a0</ref><texto>unidades de concentración</texto><hijos>b0</hijos><padre>90</padre><siz>0</siz><negcur>0000000000000000000000000</negcur><cen>1</cen><img /><audio /></objeto><objeto><ref>b0</ref><texto>pueden ser</texto><hijos>c0,c1</hijos><padre>a0</padre><siz>0</siz><negcur>0000000000</negcur><cen>1</cen><img /><audio /></objeto><objeto><ref>c0</ref><texto>físicas</texto><hijos>d0</hijos><padre>b0</padre><siz>0</siz><negcur>0000000</negcur><cen>1</cen><img /><audio /></objeto><objeto><ref>c1</ref><texto>químicas</texto><hijos>d1</hijos><padre>b0</padre><siz>0</siz><negcur>00000000</negcur><cen>1</cen><img /><audio /></objeto><objeto><ref>d0</ref><texto /><hijos>e0</hijos><padre>c0</padre><siz>0</siz><negcur /><cen>0</cen><img /><audio /></objeto><objeto><ref>e0</ref><texto>. % en masa
. % masa-volumen
. % en volumen
. partes por millón (ppm)</texto><hijos /><padre>d0</padre><siz>0</siz><negcur>000000000000000000000000000000000000000000000000000000000000000000000</negcur><cen>0</cen><img /><audio /></objeto><objeto><ref>51</ref><texto>como</texto><hijos>62</hijos><padre>42</padre><siz>0</siz><negcur>0000</negcur><cen>0</cen><img /><audio /></objeto><objeto><ref>62</ref><texto>. disminución de presión de vapor
. aumento del punto de ebullición
. descenso del punto de congelación
. presión osmótica</texto><hijos>72</hijos><padre>51</padre><siz>0</siz><negcur>00000000000000000000000000000000000000000000000000000000000000000000000000000000000000000000000000000000000000000000000000</negcur><cen>0</cen><img /><audio /></objeto><objeto><ref>72</ref><texto>que dependen del</texto><hijos>82</hijos><padre>62</padre><siz>0</siz><negcur>0000000000000000</negcur><cen>1</cen><img /><audio /></objeto><objeto><ref>82</ref><texto>número de partículas del soluto</texto><hijos /><padre>72</padre><siz>0</siz><negcur>0000000000000000000000000000000</negcur><cen>1</cen><img /><audio /></objeto><objeto><ref>d1</ref><texto /><hijos>e1</hijos><padre>c1</padre><siz>0</siz><negcur /><cen>1</cen><img /><audio /></objeto><objeto><ref>e1</ref><texto>. molaridad (M)
. molalidad (m)
. normalidad (N)</texto><hijos /><padre>d1</padre><siz>0</siz><negcur>0000000000000000000000000000000000000000000000000</negcur><cen>0</cen><img /><audio /></objeto></mapa>