﻿<?xml version="1.0" encoding="UTF-8"?>
<motor tipo="10" clase="a" aprid="M10a">
  <enunciado>Clasifica las fuentes de energía según sean renovables o no renovables.</enunciado>
  <textoacategoria cantidad="2">
    <cuestion>
      <categoria>Renovables</categoria>
      <respuestas>
        <respuesta id="1">Agua de ríos y embalses</respuesta>
        <respuesta id="2">Sol</respuesta>
        <respuesta id="3">Viento</respuesta>
        <respuesta id="4">Materia orgánica</respuesta>
        <respuesta id="5">Mareas y agua del mar</respuesta>
      </respuestas>
    </cuestion>
    <cuestion>
      <categoria>No renovables</categoria>
      <respuestas>
        <respuesta id="1">Carbón</respuesta>
        <respuesta id="2">Petróleo</respuesta>
        <respuesta id="3">Gas natural</respuesta>
        <respuesta id="4">Uranio</respuesta>
        <respuesta id="5">Plutonio</respuesta>
      </respuestas>
    </cuestion>
  </textoacategoria>
  <plataforma>
    <grado><![CDATA[2]]></grado>
    <titulo>Identifica las fuentes de energía</titulo>
    <volumen><![CDATA[1]]></volumen>
    <nivel><![CDATA[1]]></nivel>
    <referencia><![CDATA[cn_08_06_03]]></referencia>
    <id_reg><![CDATA[62]]></id_reg>
    <motor><![CDATA[M10a]]></motor>
    <lang>es</lang>
  </plataforma>
</motor>