﻿<?xml version="1.0" encoding="utf-8"?>
<motor tipo="2" clase="c" aprid="m2c">
  <plataforma>
    <grado><![CDATA[2]]></grado>
    <titulo>La higiene y los cuidados del sistema digestivo</titulo>
    <area>0</area>
    <nivel>1</nivel>
    <referencia />
    <idreg><![CDATA[0]]></idreg>
    <motor><![CDATA[M2C]]></motor>
    <lang>es</lang>
  </plataforma>
  <enunciado><![CDATA[Lee detenidamente el texto sobre la higiene y los cuidados del sistema digestivo y complétalo con los términos apropiados. ]]></enunciado>
  <masinfo inicio="0" />
  <calc><![CDATA[0]]></calc>
  <sonido />
  <textoacategoria>
    <cuestion>
      <pregunta><![CDATA[El sistema [*] es el encargado de la [*]; sin él, las células no obtendrían los nutrientes necesarios para realizar las reacciones del [*]. Es importante mantener buenos hábitos de [*] y cuidado del sistema digestivo para conservar una buena salud. La higiene es una rama de la [*] y tiene como objetivo investigar los [*] del entorno y de la persona que pueden generar [*]. Esta permite analizar las condiciones de [*], de descanso, de actividad física y de aseo de las personas. Una alimentación [*] y en óptima condición de higiene e [*] de los alimentos disminuye el [*] de contraer enfermedades [*]. ]]></pregunta>
      <respuestas>
        <respuesta orden="1">
          <opcion correcta="1"><![CDATA[digestivo]]></opcion>
          <opcion correcta="0"><![CDATA[nervioso]]></opcion>
          <opcion correcta="0"><![CDATA[esquelético]]></opcion>
        </respuesta>
        <respuesta orden="2">
          <opcion correcta="0"><![CDATA[circulación]]></opcion>
          <opcion correcta="0"><![CDATA[excreción]]></opcion>
          <opcion correcta="1"><![CDATA[nutrición]]></opcion>
        </respuesta>
        <respuesta orden="3">
          <opcion correcta="0"><![CDATA[aeróbicas]]></opcion>
          <opcion correcta="1"><![CDATA[metabolismo]]></opcion>
          <opcion correcta="0"><![CDATA[secundarias]]></opcion>
        </respuesta>
        <respuesta orden="4">
          <opcion correcta="0"><![CDATA[comportamiento]]></opcion>
          <opcion correcta="0"><![CDATA[estiramiento]]></opcion>
          <opcion correcta="1"><![CDATA[higiene]]></opcion>
        </respuesta>
        <respuesta orden="5">
          <opcion correcta="1"><![CDATA[medicina]]></opcion>
          <opcion correcta="0"><![CDATA[agronomía]]></opcion>
          <opcion correcta="0"><![CDATA[psicología]]></opcion>
        </respuesta>
        <respuesta orden="6">
          <opcion correcta="1"><![CDATA[factores]]></opcion>
          <opcion correcta="0"><![CDATA[estados]]></opcion>
          <opcion correcta="0"><![CDATA[sentidos]]></opcion>
        </respuesta>
        <respuesta orden="7">
          <opcion correcta="0"><![CDATA[somnolencias]]></opcion>
          <opcion correcta="1"><![CDATA[enfermedades]]></opcion>
          <opcion correcta="0"><![CDATA[actividades]]></opcion>
        </respuesta>
        <respuesta orden="8">
          <opcion correcta="1"><![CDATA[alimentación]]></opcion>
          <opcion correcta="0"><![CDATA[ambiente]]></opcion>
          <opcion correcta="0"><![CDATA[interacción]]></opcion>
        </respuesta>
        <respuesta orden="9">
          <opcion correcta="0"><![CDATA[desbalanceada]]></opcion>
          <opcion correcta="0"><![CDATA[irregular]]></opcion>
          <opcion correcta="1"><![CDATA[equilibrada]]></opcion>
        </respuesta>
        <respuesta orden="10">
          <opcion correcta="0"><![CDATA[inestabilidad]]></opcion>
          <opcion correcta="1"><![CDATA[inocuidad]]></opcion>
          <opcion correcta="0"><![CDATA[intensidad]]></opcion>
        </respuesta>
        <respuesta orden="11">
          <opcion correcta="0"><![CDATA[compromiso]]></opcion>
          <opcion correcta="1"><![CDATA[riesgo]]></opcion>
          <opcion correcta="0"><![CDATA[resultado]]></opcion>
        </respuesta>
        <respuesta orden="12">
          <opcion correcta="1"><![CDATA[gastrointestinales]]></opcion>
          <opcion correcta="0"><![CDATA[nerviosas]]></opcion>
          <opcion correcta="0"><![CDATA[frecuentes]]></opcion>
        </respuesta>
      </respuestas>
    </cuestion>
  </textoacategoria>
</motor>