<?xml version="1.0" encoding="UTF-8"?>
<engine title="Análisis del viaje de Darwin en el Beagle" copy="Editorial Planeta" version="1" aprid="F13">
  <section title="Presentación" path="medias/section0.jpg" image1Text="" zoom1="true" zoom2a="false" zoom2b="false" layout="1"><![CDATA[<TextFlow><p><span>Charles Darwin se embarcó, en 1831, en un largo viaje durante el cual  consiguió reunir toda la información necesaria para postular su obra más reconocida,</span><span fontSize="12" fontStyle="italic"> El origen de las especies</span><span>.</span></p><p><span></span></p><p><span>Recorrió el mundo durante cinco años y en su viaje iba anotando todas las observaciones que realizaba de las características de los organismos de una misma especie y de especies diferentes. Las evidencias observadas le permitieron postular la teoría de la selección natural y exponer que las especies cambian gradualmente y de manera continua, de manera que, con el paso del tiempo, a gran escala pueden originarse nuevas especies y extinguirse otras. </span></p><p><span></span></p><p><span fontSize="12" fontWeight="bold">El objetivo de esta actividad es analizar las evidencias que observó Darwin en su viaje en el Beagle y que le permitieron postular la teoría de la selección natural.</span></p><p><span fontSize="12" fontWeight="bold"></span></p><p><span>Para contextualizar la actividad es interesante que contestes a las siguientes preguntas:</span></p><p><span></span></p><p paragraphStartIndent="20" styleName="bullet"><span>¿Quién era Charles Darwin?</span></p><p paragraphStartIndent="20" styleName="bullet"><span>¿Qué teorías conoces de Charles Darwin?</span></p><p><span></span></p></TextFlow>]]></section>
  <section title="Tarea" zoom1="false" zoom2a="false" zoom2b="false" layout="2"><![CDATA[<TextFlow><p><span>Para realizar esta tarea revisa el material que te indicamos y sigue los pasos del procedimiento.</span></p><p><span></span></p><p><span fontSize="12" fontWeight="bold">Material:</span></p><p><span fontSize="12" fontWeight="bold"></span></p><p paragraphStartIndent="20" styleName="bullet"><a href="http://youtu.be/BzSH-BC8_mc" target="_blank"><span>Vídeo sobre el viaje de Darwin y su parada en las Galápagos</span></a><span> </span></p><p paragraphStartIndent="20" styleName="bullet"><a href="http://www.muyinteresante.es/rcs/minisites/2009/darwin/index.html" target="_blank"><span>Minisite sobre el viaje del Beagle y las teorías de Darwin sobre los pinzones </span></a></p><p><span></span></p><p><span fontSize="12" fontWeight="bold">Procedimiento:</span></p><p><span></span></p><p><span>1.º Visualiza el vídeo sobre el viaje de Darwin.</span></p><p><span></span></p><p><span>2.º Describe las características de las islas Galápagos.</span></p><p><span></span></p><p><span>3.º Resume qué encontró Darwin en su viaje cuando paró en las islas Galápagos. </span></p><p><span></span></p><p><span>4.º Explica qué pudo comprobar Darwin con sus observaciones y justifica tu respuesta.</span></p><p><span></span></p><p><span>5.º Visita el enlace web y justifica por qué en cada isla habitan pinzones con formas de picos diferentes.</span></p><p><span></span></p><p><span>6.º Busca el objetivo que tenía el viaje de Darwin y ordena cronológicamente las diferentes paradas que hicieron con el Beagle.</span></p><p><span></span></p><p><span>Utiliza la información recopilada para relatar cómo definió Darwin la selección natural y qué explicación dio a la variabilidad de la descendencia de las especies.</span></p><p><span></span></p></TextFlow>]]></section>
</engine>
