﻿<?xml version="1.0" encoding="UTF-8"?><!--Arbortext, Inc., 1988-2013, v.4002--><motor tipo="101" clase="ap" aprid="M101ap"><plataforma><grado><![CDATA[1]]></grado><titulo>Banco de actividades: La evolución biológica</titulo><area>7</area><nivel>2</nivel><referencia><![CDATA[BG_10_09]]></referencia><idreg><![CDATA[3493]]></idreg><motor><![CDATA[M101AP]]></motor><lang>es</lang></plataforma><enunciado><![CDATA[Realiza la siguiente actividad. Cuando termines haz clic en Enviar. Si es necesario, entrega las respuestas en mano o por email a tu profesor para que pueda validarlas.]]></enunciado><masinfo inicio="0" /><calc><![CDATA[0]]></calc><preguntas cantidad="40"><pregunta><enunciado><![CDATA[Explica cómo se entendía antiguamente el origen de la vida.]]></enunciado><explicacion /><nivel><![CDATA[1]]></nivel><tipo /><imagen /><ampliacion /></pregunta><pregunta><enunciado><![CDATA[Relata el experimento de Stanley Miller y Harold Clayton Urey que explica el origen de la vida.]]></enunciado><explicacion /><nivel><![CDATA[2]]></nivel><tipo /><imagen /><ampliacion /></pregunta><pregunta><enunciado><![CDATA[Determina cuál era el principio de la generación espontánea e indaga sobre si se cree en ella en la actualidad.]]></enunciado><explicacion /><nivel><![CDATA[2]]></nivel><tipo /><imagen /><ampliacion /></pregunta><pregunta><enunciado><![CDATA[Explica por qué la gente creía en la generación espontánea.]]></enunciado><explicacion /><nivel><![CDATA[1]]></nivel><tipo /><imagen /><ampliacion /></pregunta><pregunta><enunciado><![CDATA[Describe cómo se demostró que la teoría de la generación espontánea no era cierta.]]></enunciado><explicacion /><nivel><![CDATA[1]]></nivel><tipo /><imagen /><ampliacion /></pregunta><pregunta><enunciado><![CDATA[Define con tus palabras qué entiendes por evolución.]]></enunciado><explicacion /><nivel><![CDATA[1]]></nivel><tipo /><imagen /><ampliacion /></pregunta><pregunta><enunciado><![CDATA[Identifica la principal diferencia que existe entre las teorías creacionistas y las teorías evolucionistas.]]></enunciado><explicacion /><nivel><![CDATA[1]]></nivel><tipo /><imagen /><ampliacion /></pregunta><pregunta><enunciado><![CDATA[Lista las diferentes teorías creacionistas que conozcas y especifica en qué época se enunciaron.]]></enunciado><explicacion /><nivel><![CDATA[2]]></nivel><tipo /><imagen /><ampliacion /></pregunta><pregunta><enunciado><![CDATA[Indica qué teoría defiende que las especies son inmutables y explica qué quiere decir esta afirmación.]]></enunciado><explicacion /><nivel><![CDATA[2]]></nivel><tipo /><imagen /><ampliacion /></pregunta><pregunta><enunciado><![CDATA[Relaciona las ideas del fijismo con las del catastrofismo indicando sus similitudes y diferencias.]]></enunciado><explicacion /><nivel><![CDATA[2]]></nivel><tipo /><imagen /><ampliacion /></pregunta><pregunta><enunciado><![CDATA[Expón un ejemplo que explique la teoría evolucionista de Lamarck.]]></enunciado><explicacion /><nivel><![CDATA[2]]></nivel><tipo /><imagen /><ampliacion /></pregunta><pregunta><enunciado><![CDATA[Elabora un texto breve en el que resumas los principales fallos de la teoría de Lamarck.]]></enunciado><explicacion /><nivel><![CDATA[2]]></nivel><tipo /><imagen /><ampliacion /></pregunta><pregunta><enunciado><![CDATA[Clasifica los dos postulados siguientes según la teoría a la que pertenezcan y explica el significado de cada uno de ellos: variabilidad innata; herencia de los caracteres adquiridos]]></enunciado><explicacion /><nivel><![CDATA[2]]></nivel><tipo /><imagen /><ampliacion /></pregunta><pregunta><enunciado><![CDATA[Explica cómo entendía Darwin la teoría de la selección natural.]]></enunciado><explicacion /><nivel><![CDATA[1]]></nivel><tipo /><imagen /><ampliacion /></pregunta><pregunta><enunciado><![CDATA[Justifica por qué Darwin es más conocido que Wallace cuando se habla de selección natural si ambos naturalistas habían llegado a resultados similares.]]></enunciado><explicacion /><nivel><![CDATA[2]]></nivel><tipo /><imagen /><ampliacion /></pregunta><pregunta><enunciado><![CDATA[Propón dos ejemplos que expliquen el siguiente postulado de la teoría de la selección natural de Darwin y Wallace: "La supervivencia del más apto".]]></enunciado><explicacion /><nivel><![CDATA[2]]></nivel><tipo /><imagen /><ampliacion /></pregunta><pregunta><enunciado><![CDATA[Indica cuáles eran los principales errores del darwinismo.]]></enunciado><explicacion /><nivel><![CDATA[2]]></nivel><tipo /><imagen /><ampliacion /></pregunta><pregunta><enunciado><![CDATA[Explica cómo se ha producido la evolución de las jirafas aplicando la teoría del neodarwinismo.]]></enunciado><explicacion /><nivel><![CDATA[2]]></nivel><tipo /><imagen /><ampliacion /></pregunta><pregunta><enunciado><![CDATA[Compara darwinismo y neodarwinismo explicando sus similitudes y diferencias.]]></enunciado><explicacion /><nivel><![CDATA[1]]></nivel><tipo /><imagen /><ampliacion /></pregunta><pregunta><enunciado><![CDATA[Nombra las fuentes de variabilidad genética que conozcas y argumenta por qué crees que contribuyen a la variabilidad.]]></enunciado><explicacion /><nivel><![CDATA[2]]></nivel><tipo /><imagen /><ampliacion /></pregunta><pregunta><enunciado><![CDATA[Identifica las teorías evolucionistas más aceptadas en la actualidad y descríbelas brevemente.]]></enunciado><explicacion /><nivel><![CDATA[2]]></nivel><tipo /><imagen /><ampliacion /></pregunta><pregunta><enunciado><![CDATA[Observa la imagen e indica a qué tipo de prueba de la evolución hace referencia y qué aportan este tipo de pruebas.]]></enunciado><explicacion /><nivel><![CDATA[2]]></nivel><tipo /><imagen><![CDATA[BG_10_09_13_T1_img1_286x286.jpg]]></imagen><ampliacion><![CDATA[BG_10_09_13_T1_img1_500x500.jpg]]></ampliacion></pregunta><pregunta><enunciado><![CDATA[Justifica por qué tienen una morfología similar un tiburón, un pez espada y un delfín. ]]></enunciado><explicacion /><nivel><![CDATA[1]]></nivel><tipo /><imagen /><ampliacion /></pregunta><pregunta><enunciado><![CDATA[Diferencia entre órganos homólogos y órganos análogos. Pon un ejemplo de cada caso.]]></enunciado><explicacion /><nivel><![CDATA[1]]></nivel><tipo /><imagen /><ampliacion /></pregunta><pregunta><enunciado><![CDATA[Analiza la morfología de las extremidades anteriores de los siguientes organismos, identifica a qué tipo de prueba evolutiva hacen referencia y explica qué indica esta prueba: brazo humano; pata de un felino; aleta de ballena; ala de murciélago. ]]></enunciado><explicacion /><nivel><![CDATA[2]]></nivel><tipo /><imagen /><ampliacion /></pregunta><pregunta><enunciado><![CDATA[Explica si el estudio del desarrollo embrionario puede aportar información sobre la evolución. Justifica tu respuesta.]]></enunciado><explicacion /><nivel><![CDATA[2]]></nivel><tipo /><imagen /><ampliacion /></pregunta><pregunta><enunciado><![CDATA[Investiga y enumera algunos órganos vestigiales en la especie humana.]]></enunciado><explicacion /><nivel><![CDATA[2]]></nivel><tipo /><imagen /><ampliacion /></pregunta><pregunta><enunciado><![CDATA[Indaga sobre las similitudes del aparato circulatorio de peces, anfibios, reptiles y mamíferos y comenta la evolución de este aparato en los vertebrados.]]></enunciado><explicacion /><nivel><![CDATA[2]]></nivel><tipo /><imagen /><ampliacion /></pregunta><pregunta><enunciado><![CDATA[Indica qué pruebas permiten elaborar un árbol filogenético y qué información aporta.]]></enunciado><explicacion /><nivel><![CDATA[2]]></nivel><tipo /><imagen /><ampliacion /></pregunta><pregunta><enunciado><![CDATA[Enumera los procesos que contribuyen a la formación de una nueva especie.]]></enunciado><explicacion /><nivel><![CDATA[1]]></nivel><tipo /><imagen /><ampliacion /></pregunta><pregunta><enunciado><![CDATA[Imagina un ejemplo de aislamiento geográfico de dos poblaciones y explica qué sucedería en cada población.]]></enunciado><explicacion /><nivel><![CDATA[2]]></nivel><tipo /><imagen /><ampliacion /></pregunta><pregunta><enunciado><![CDATA[Identifica y describe un mecanismo de aislamiento que permita la formación de una nueva especie sin necesidad de que haya separación geográfica.]]></enunciado><explicacion /><nivel><![CDATA[2]]></nivel><tipo /><imagen /><ampliacion /></pregunta><pregunta><enunciado><![CDATA[Indica qué aportó Alexander Oparin a la teoría del origen de la vida.]]></enunciado><explicacion /><nivel><![CDATA[1]]></nivel><tipo /><imagen /><ampliacion /></pregunta><pregunta><enunciado><![CDATA[ Enuncia los postulados que defendía la teoría de Lamarck.]]></enunciado><explicacion /><nivel><![CDATA[1]]></nivel><tipo /><imagen /><ampliacion /></pregunta><pregunta><enunciado><![CDATA[Nombra a dos creacionistas y resume brevemente las teorías que propusieron.]]></enunciado><explicacion /><nivel><![CDATA[1]]></nivel><tipo /><imagen /><ampliacion /></pregunta><pregunta><enunciado><![CDATA[Resume la ley del uso y desuso de los órganos de Lamarck y da argumentos a favor o en contra de la misma.]]></enunciado><explicacion /><nivel><![CDATA[2]]></nivel><tipo /><imagen /><ampliacion /></pregunta><pregunta><enunciado><![CDATA[Indica cuál es la base de la evolución según el neodarwinismo y explica en qué consiste.]]></enunciado><explicacion /><nivel><![CDATA[1]]></nivel><tipo /><imagen /><ampliacion /></pregunta><pregunta><enunciado><![CDATA[Enuncia los postulados de las teorías actuales de la evolución e identifica las diferencias entre ellos.]]></enunciado><explicacion /><nivel><![CDATA[2]]></nivel><tipo /><imagen /><ampliacion /></pregunta><pregunta><enunciado><![CDATA[Pon un ejemplo que explique en qué consisten las pruebas biogeográficas.]]></enunciado><explicacion /><nivel><![CDATA[2]]></nivel><tipo /><imagen /><ampliacion /></pregunta><pregunta><enunciado><![CDATA[Define qué es una especie y cuál es el significado del término especiación.]]></enunciado><explicacion /><nivel><![CDATA[1]]></nivel><tipo /><imagen /><ampliacion /></pregunta></preguntas></motor>