﻿<?xml version="1.0" encoding="utf-8"?><motor tipo="101" clase="a" aprid="M101a">
  <plataforma>
    <grado><![CDATA[1]]></grado>
    <titulo>Refuerza tu aprendizaje: Los programas espaciales</titulo>
    <area>1</area>
    <nivel>2</nivel>
    <referencia><![CDATA[MN_3C_01]]></referencia>
    <idreg><![CDATA[3701]]></idreg>
    <motor><![CDATA[M101A]]></motor>
    <lang>es</lang>
  </plataforma>
  <enunciado><![CDATA[Realiza la siguiente actividad. Cuando termines haz clic en Enviar. Si es necesario, entrega las respuestas en mano o por email a tu profesor para que pueda validarlas.]]></enunciado>
  <masinfo inicio="0"/>
  <calc><![CDATA[0]]></calc>
  <preguntas cantidad="4">
    <pregunta>
      <enunciado><![CDATA[Enumera en orden cronológico los principales acontecimientos en la carrera espacial.]]></enunciado>
      <explicacion/>
      <nivel><![CDATA[1]]></nivel>
      <tipo/>
      <imagen/>
      <ampliacion/>
      <texto/>
    </pregunta>
    <pregunta>
      <enunciado><![CDATA[Compara los logros conseguidos por los cosmonautas rusos y los conseguidos por los astronautas estadounidenses.]]></enunciado>
      <explicacion/>
      <nivel><![CDATA[1]]></nivel>
      <tipo/>
      <imagen/>
      <ampliacion/>
      <texto/>
    </pregunta>
    <pregunta>
      <enunciado><![CDATA[Busca información sobre la Estación Espacial Internacional, los países que participan y el proyecto que llevan a cabo.]]></enunciado>
      <explicacion/>
      <nivel><![CDATA[2]]></nivel>
      <tipo/>
      <imagen/>
      <ampliacion/>
      <texto/>
    </pregunta>
    <pregunta>
      <enunciado><![CDATA[Determina quién crees que ganó la carrera espacial y por qué. Explícalo por escrito.]]></enunciado>
      <explicacion/>
      <nivel><![CDATA[2]]></nivel>
      <tipo/>
      <imagen/>
      <ampliacion/>
      <texto/>
    </pregunta>
  </preguntas>
</motor>