﻿<?xml version="1.0" encoding="utf-8"?><engine copy="Editorial Planeta" version="1" aprid="f7"><main layout="4">
<title>El comportamiento de los gases</title>
<footer>Selecciona una imagen</footer>
</main>
<sections>
<section i="0" star="false" hasSubsections="true">
<menuImage path="CN_10_14_REC_80_IMG01.jpg" border="0">
<title><![CDATA[Ley de Boyle-Mariotte]]></title>
</menuImage>
<submenu>
<main layout="0">
<title>Ley de Boyle-Mariotte</title>
<footer>Selecciona una imagen</footer>
</main>
<sections>
<section i="0" star="false" hasSubsections="false">
<menuImage path="CN_10_14_REC_80_IMG07.jpg" border="0">
<title><![CDATA[Descripción]]></title>
</menuImage>
<pages>
<page i="0" visible="true" color="#EEF5E3">
<title>Descripción de la ley de Boyle-Mariotte</title>
<description><![CDATA[<div><span style="font-size:20px;"><span style="font-family:verdana,geneva,sans-serif;">En el siglo XVII, Robert Boyle y Edme Mariotte concluyeron que la presi&oacute;n (<em>P</em>) y el volumen (<em>V</em>) de un gas, en un sistema cerrado, son inversamente proporcionales&nbsp;cuando la temperatura (<em>T</em>) se mantiene constante.&nbsp;</span></span></div>
]]></description>
<images>
<image path="CN_10_14_REC_80_IMG09n.jpg" border = "0" pathbig="CN_10_14_REC_80_IMG09a.jpg">
<title></title>
</image>
</images>
</page>
<page i="0" visible="true" color="#EEF5E3">
<title>Descripción de la ley de Boyle-Mariotte</title>
<description><![CDATA[<p><span style="font-size:20px;"><span style="font-family:verdana,geneva,sans-serif;">Matem&aacute;ticamente&nbsp;se expresa como se muestra en la imagen, en donde&nbsp;<em>P</em><sub>1</sub> corresponde a la presi&oacute;n inicial, <em>P</em><sub>2</sub> a la presi&oacute;n final, <em>V</em><sub>1</sub> al volumen inicial y <em>V</em><sub>2</sub> al volumen final que experimenta el sistema gaseoso.</span></span></p>
]]></description>
<images>
<image path="CN_10_14_REC_80_IMG10n.jpg" border = "0" pathbig="CN_10_14_REC_80_IMG10a.jpg">
<title></title>
</image>
</images>
</page>
</pages>
</section><section i="0" star="false" hasSubsections="false">
<menuImage path="CN_10_14_REC_80_IMG08.jpg" border="0">
<title><![CDATA[Ejercicio de aplicación]]></title>
</menuImage>
<pages>
<page i="0" visible="true" color="#EEF5E3">
<title>Ejercicio de aplicación </title>
<description><![CDATA[<p><span style="font-size:20px;"><span style="font-family:verdana,geneva,sans-serif;">Teniendo en cuenta que la temperatura y la cantidad de sustancia permanecen constantes.</span></span></p>

<p></p>

<div><span style="font-size:20px;"><span style="font-family:verdana,geneva,sans-serif;">&iquest;Cu&aacute;l es la presi&oacute;n inicial que experimentan 20 L de nitr&oacute;geno gaseoso, si para un volumen final de 23 L de nitr&oacute;geno la presi&oacute;n es 3,8 atm?</span></span></div>

<div></div>

<div></div>

<p></p>

<p><span style="font-size:20px;"><span style="font-family:verdana,geneva,sans-serif;">1. Se identifican&nbsp;los datos del ejercicio.</span></span></p>
]]></description>
<images>
<image path="CN_10_14_REC_80_IMG11n.jpg" border = "0" pathbig="CN_10_14_REC_80_IMG11a.jpg">
<title></title>
</image>
</images>
</page>
<page i="0" visible="true" color="#EEF5E3">
<title>Ejercicio de aplicación</title>
<description><![CDATA[<div><span style="font-size:20px;"><span style="font-family:verdana,geneva,sans-serif;">2. Se reemplazan&nbsp;los valores en la ecuaci&oacute;n de la ley de Boyle-Mariotte, y all&iacute; se despeja&nbsp;<em>P</em><sub>1</sub>.</span></span><br />
&nbsp;</div>

<div></div>

<div><span style="font-size:20px;"><span style="font-family:verdana,geneva,sans-serif;">3. Se realizan&nbsp;las operaciones, y con ellas se obtiene&nbsp;que la presi&oacute;n inicial del gas es de&nbsp;4,37 atm.</span></span></div>
]]></description>
<images>
<image path="CN_10_14_REC_80_IMG12n.jpg" border = "0" pathbig="CN_10_14_REC_80_IMG12a.jpg">
<title></title>
</image>
</images>
</page>
</pages>
</section></sections>
</submenu>
</section><section i="0" star="false" hasSubsections="true">
<menuImage path="CN_10_14_REC_80_IMG02.jpg" border="0">
<title><![CDATA[Ley de Charles]]></title>
</menuImage>
<submenu>
<main layout="0">
<title>Ley de Charles</title>
<footer>Selecciona una imagen</footer>
</main>
<sections>
<section i="0" star="false" hasSubsections="false">
<menuImage path="CN_10_14_REC_80_IMG13.jpg" border="0">
<title><![CDATA[Descripción]]></title>
</menuImage>
<pages>
<page i="0" visible="true" color="#EEF5E3">
<title>Descripción de la ley de Charles</title>
<description><![CDATA[<div><span style="font-size:20px;"><span style="font-family:verdana,geneva,sans-serif;"><strong>Jacques Charles</strong> estableci&oacute; que cuando la presi&oacute;n y la masa permanecen constantes en un sistema gaseoso, la temperatura y el volumen son directamente proporcionales.</span></span></div>
]]></description>
<images>
<image path="CN_10_14_REC_80_IMG15n.jpg" border = "0" pathbig="CN_10_14_REC_80_IMG15a.jpg">
<title></title>
</image>
</images>
</page>
<page i="0" visible="true" color="#EEF5E3">
<title>Descripción de la ley de Charles</title>
<description><![CDATA[<p><span style="font-size:20px;"><span style="font-family:verdana,geneva,sans-serif;">Matem&aacute;ticamente se expresa como se relaciona en la ecuaci&oacute;n, en donde <em>V</em><sub>1</sub> corresponde al volumen inicial, <em>V</em><sub>2</sub> al volumen final, <em>T</em><sub>1</sub> a la temperatura inicial y <em>T</em><sub>2</sub> a la temperatura final que experimenta el sistema gaseoso.</span></span></p>
]]></description>
<images>
<image path="CN_10_14_REC_80_IMG16n.jpg" border = "0" pathbig="CN_10_14_REC_80_IMG16a.jpg">
<title></title>
</image>
</images>
</page>
</pages>
</section><section i="0" star="false" hasSubsections="false">
<menuImage path="CN_10_14_REC_80_IMG14.jpg" border="0">
<title><![CDATA[Ejercicio de aplicación]]></title>
</menuImage>
<pages>
<page i="0" visible="true" color="#EEF5E3">
<title>Ejercicio de aplicación </title>
<description><![CDATA[<p><span style="font-size:20px;"><span style="font-family:verdana,geneva,sans-serif;">Un globo inflado con helio ten&iacute;a un volumen de 1,5 L. Cuando se disminuy&oacute; la temperatura a 100 K, el globo obtuvo un volumen de 0,5 L. </span></span></p>

<p><span style="font-size:20px;"><span style="font-family:verdana,geneva,sans-serif;">&iquest;Cu&aacute;l era la temperatura inicial del globo?</span></span></p>

<p></p>

<p><span style="font-size:20px;"><span style="font-family:verdana,geneva,sans-serif;">1. Se identifican&nbsp;los datos del ejercicio.</span></span></p>
]]></description>
<images>
<image path="CN_10_14_REC_80_IMG17n.jpg" border = "0" pathbig="CN_10_14_REC_80_IMG17a.jpg">
<title></title>
</image>
</images>
</page>
<page i="0" visible="true" color="#EEF5E3">
<title>Ejercicio de aplicación</title>
<description><![CDATA[<p><span style="font-size:20px;"><span style="font-family:verdana,geneva,sans-serif;">2. Se reemplazan&nbsp;los datos en la ecuaci&oacute;n de la ley de Charles para obtener&nbsp;<em>T</em><sub>1</sub>.</span></span></p>

<p></p>

<p><span style="font-size:20px;"><span style="font-family:verdana,geneva,sans-serif;">3. Se realizan&nbsp;las operaciones y as&iacute; se obtiene&nbsp;que la temperatura inicial del globo era 300 K.</span></span></p>
]]></description>
<images>
<image path="CN_10_14_REC_80_IMG18n.jpg" border = "0" pathbig="CN_10_14_REC_80_IMG18a.jpg">
<title></title>
</image>
</images>
</page>
</pages>
</section></sections>
</submenu>
</section><section i="0" star="false" hasSubsections="true">
<menuImage path="CN_10_14_REC_80_IMG03.jpg" border="0">
<title><![CDATA[Ley de Gay-Lussac]]></title>
</menuImage>
<submenu>
<main layout="0">
<title>Ley de Gay-Lussac</title>
<footer>Selecciona una  imagen</footer>
</main>
<sections>
<section i="0" star="false" hasSubsections="false">
<menuImage path="CN_10_14_REC_80_IMG19.jpg" border="0">
<title><![CDATA[Descripción]]></title>
</menuImage>
<pages>
<page i="0" visible="true" color="#EEF5E3">
<title>Descripción de la ley de Gay-Lussac</title>
<description><![CDATA[<div><span style="font-size:20px;"><span style="font-family:verdana,geneva,sans-serif;">Expresa que en un sistema con cantidad de gas y volumen constantes, la temperatura&nbsp;y la presi&oacute;n son directamente proporcionales.</span></span></div>
]]></description>
<images>
<image path="CN_10_14_REC_80_IMG21n.jpg" border = "0" pathbig="CN_10_14_REC_80_IMG21a.jpg">
<title></title>
</image>
</images>
</page>
<page i="0" visible="true" color="#EEF5E3">
<title>Descripción de la ley de Gay-Lussac</title>
<description><![CDATA[<div><span style="font-size:20px;"><span style="font-family:verdana,geneva,sans-serif;">Matem&aacute;ticamente se expresa como se muestra en la imagen, en donde <em>P</em><sub>1</sub> corresponde a la presi&oacute;n inicial, <em>P</em><sub>2</sub> a la presi&oacute;n final, <em>T</em><sub>1</sub> a la temperatura inicial y <em>T</em><sub>2</sub> a la temperatura final que experimenta el sistema gaseoso.</span></span></div>
]]></description>
<images>
<image path="CN_10_14_REC_80_IMG22n.jpg" border = "0" pathbig="CN_10_14_REC_80_IMG22a.jpg">
<title></title>
</image>
</images>
</page>
</pages>
</section><section i="0" star="false" hasSubsections="false">
<menuImage path="CN_10_14_REC_80_IMG20.jpg" border="0">
<title><![CDATA[Ejercicio de aplicación]]></title>
</menuImage>
<pages>
<page i="0" visible="true" color="#EEF5E3">
<title>Ejercicio de aplicación</title>
<description><![CDATA[<p><span style="font-size:20px;"><span style="font-family:verdana,geneva,sans-serif;">&iquest;Cu&aacute;l era la presi&oacute;n inicial que experiment&oacute; un gas a una temperatura de 148 K, si cuando la temperatura fue 273 K la presi&oacute;n que ten&iacute;a el gas era 3,5 atm?</span></span></p>

<p><span style="font-size:20px;"><span style="font-family:verdana,geneva,sans-serif;">1. Se identifican&nbsp;los datos del ejercicio.</span></span></p>
]]></description>
<images>
<image path="CN_10_14_REC_80_IMG23n.jpg" border = "0" pathbig="CN_10_14_REC_80_IMG23a.jpg">
<title></title>
</image>
</images>
</page>
<page i="0" visible="true" color="#EEF5E3">
<title>Ejercicio de aplicación</title>
<description><![CDATA[<p><span style="font-size:20px;"><span style="font-family:verdana,geneva,sans-serif;">2. Se reemplazan&nbsp;los datos en la ecuaci&oacute;n de la ley de Gay-Lussac, y se despeja<em>&nbsp;P</em><sub>1</sub>.</span></span></p>

<p></p>

<p><span style="font-size:20px;"><span style="font-family:verdana,geneva,sans-serif;">3. Al realizar&nbsp;las operaciones se&nbsp;obtiene&nbsp;que la presi&oacute;n inicial del gas&nbsp;es de 1,9 atm.</span></span></p>
]]></description>
<images>
<image path="CN_10_14_REC_80_IMG24n.jpg" border = "0" pathbig="CN_10_14_REC_80_IMG24a.jpg">
<title></title>
</image>
</images>
</page>
</pages>
</section></sections>
</submenu>
</section><section i="0" star="false" hasSubsections="true">
<menuImage path="CN_10_14_REC_80_IMG04.jpg" border="0">
<title><![CDATA[Ley combinada de los gases]]></title>
</menuImage>
<submenu>
<main layout="0">
<title>Ley combinada de los gases</title>
<footer>Selecciona una imagen</footer>
</main>
<sections>
<section i="0" star="false" hasSubsections="false">
<menuImage path="CN_10_14_REC_80_IMG25.jpg" border="0">
<title><![CDATA[Descripción]]></title>
</menuImage>
<pages>
<page i="0" visible="true" color="#EEF5E3">
<title>Descripción de la ley combinada de los gases </title>
<description><![CDATA[<p><span style="font-size:20px;"><span style="font-family:verdana,geneva,sans-serif;">Se obtiene al combinar las ecuaciones de las siguientes tres leyes:</span></span></p>

<ul>
	<li><span style="font-size:20px;"><span style="font-family:verdana,geneva,sans-serif;">&nbsp;Boyle-Mariotte</span></span><br />
	&nbsp;</li>
	<li><span style="font-size:20px;"><span style="font-family:verdana,geneva,sans-serif;">&nbsp;Charles</span></span><br />
	&nbsp;</li>
	<li><span style="font-size:20px;"><span style="font-family:verdana,geneva,sans-serif;">Gay-Lussac</span></span></li>
</ul>

<p><span style="font-size:20px;"><span style="font-family:verdana,geneva,sans-serif;">En donde, la cantidad de gas permanece constante.</span></span></p>
]]></description>
<images>
<image path="CN_10_14_REC_80_IMG27n.jpg" border = "0" pathbig="CN_10_14_REC_80_IMG27a.jpg">
<title></title>
</image>
</images>
</page>
<page i="0" visible="true" color="#EEF5E3">
<title>Descripción de la ley combinada de los gases </title>
<description><![CDATA[<div><span style="font-size:20px;"><span style="font-family:verdana,geneva,sans-serif;">Matem&aacute;ticamente se expresa como se ilustra en la imagen, en donde <em>P</em><sub>1</sub> corresponde a la presi&oacute;n inicial, <em>P</em><sub>2</sub> a la presi&oacute;n final, <em>V</em><sub>1</sub> al volumen inicial, <em>V</em><sub>2</sub> al volumen final, <em>T</em><sub>1</sub> a la temperatura inicial y <em>T</em><sub>2</sub> a la temperatura final que experimenta el sistema gaseoso.</span></span></div>
]]></description>
<images>
<image path="CN_10_14_REC_80_IMG28n.jpg" border = "0" pathbig="CN_10_14_REC_80_IMG28a.jpg">
<title></title>
</image>
</images>
</page>
</pages>
</section><section i="0" star="false" hasSubsections="false">
<menuImage path="CN_10_14_REC_80_IMG26.jpg" border="0">
<title><![CDATA[Ejercicio de aplicación]]></title>
</menuImage>
<pages>
<page i="0" visible="true" color="#EEF5E3">
<title>Ejercicio de aplicación</title>
<description><![CDATA[<p><span style="font-size:20px;"><span style="font-family:verdana,geneva,sans-serif;">Un tanque se llena con 0,5 L de ox&iacute;geno a una temperatura de 298 K y una presi&oacute;n de 1 atm. &iquest;Cu&aacute;l ser&aacute; el volumen, si la presi&oacute;n y la temperatura aumentan a 1,5 atm y 305 K, respectivamente?</span></span></p>

<p></p>

<p><span style="font-size:20px;"><span style="font-family:verdana,geneva,sans-serif;">1. Se identifican&nbsp;los datos del ejercicio.&nbsp;</span></span></p>
]]></description>
<images>
<image path="CN_10_14_REC_80_IMG29n.jpg" border = "0" pathbig="CN_10_14_REC_80_IMG29a.jpg">
<title></title>
</image>
</images>
</page>
<page i="0" visible="true" color="#EEF5E3">
<title>Ejercicio de aplicación</title>
<description><![CDATA[<p><span style="font-size:20px;"><span style="font-family:verdana,geneva,sans-serif;">2. Se reemplazan&nbsp;los datos en la ecuaci&oacute;n de la ley combinada de los gases, y se despeja&nbsp;<em>V</em><sub>2</sub>.</span></span></p>

<p></p>

<p><span style="font-size:20px;"><span style="font-family:verdana,geneva,sans-serif;">3. Se realizan&nbsp;las operaciones para&nbsp;obtener&nbsp;que el volumen del gas en el tanque es 0,34 L.</span></span></p>

<p></p>
]]></description>
<images>
<image path="CN_10_14_REC_80_IMG30n.jpg" border = "0" pathbig="CN_10_14_REC_80_IMG30a.jpg">
<title></title>
</image>
</images>
</page>
</pages>
</section></sections>
</submenu>
</section><section i="0" star="false" hasSubsections="true">
<menuImage path="CN_10_14_REC_80_IMG05.jpg" border="0">
<title><![CDATA[Ley de Avogadro]]></title>
</menuImage>
<submenu>
<main layout="0">
<title>Ley de Avogadro</title>
<footer>Selecciona una imagen</footer>
</main>
<sections>
<section i="0" star="false" hasSubsections="false">
<menuImage path="CN_10_14_REC_80_IMG31a.jpg" border="0">
<title><![CDATA[Descripción]]></title>
</menuImage>
<pages>
<page i="0" visible="true" color="#EEF5E3">
<title>Descripción de la ley de Avogadro</title>
<description><![CDATA[<p><span style="font-size:20px;"><span style="font-family:verdana,geneva,sans-serif;">Establece que el volumen de un gas es directamente proporcional al n&uacute;mero de moles, cuando se mantienen constantes la presi&oacute;n y la temperatura. Esta relaci&oacute;n se muestra en la expresi&oacute;n matem&aacute;tica que se ilustra en la imagen, en donde <em>V</em><sub>1</sub>&nbsp;corresponde al volumen inicial,&nbsp;<em>V</em><sub>2</sub> al volumen final, <em>n</em><sub>1</sub> al n&uacute;mero de moles inicial y <em>n</em><sub>2</sub> al n&uacute;mero de moles final.</span></span></p>
]]></description>
<images>
<image path="CN_10_14_REC_80_IMG33n.jpg" border = "0" pathbig="CN_10_14_REC_80_IMG33a.jpg">
<title></title>
</image>
</images>
</page>
</pages>
</section><section i="0" star="false" hasSubsections="false">
<menuImage path="CN_10_14_REC_80_IMG32.jpg" border="0">
<title><![CDATA[Ejercicio de aplicación]]></title>
</menuImage>
<pages>
<page i="0" visible="true" color="#EEF5E3">
<title>Ejercicio de aplicación </title>
<description><![CDATA[<div><span style="font-size:20px;"><span style="font-family:verdana,geneva,sans-serif;">En una botella se encuentran 1,3 moles de un gas y ocupan un volumen de 3,5 L. Si se aumenta la cantidad de moles de gas hasta 5,8 &iquest;cu&aacute;l ser&aacute; el nuevo volumen del gas?</span></span></div>

<div></div>

<div><span style="font-size:20px;"><span style="font-family:verdana,geneva,sans-serif;">1. Se identifican los datos del ejercicio.</span></span></div>
]]></description>
<images>
<image path="CN_10_14_REC_80_IMG34n.jpg" border = "0" pathbig="CN_10_14_REC_80_IMG34a.jpg">
<title></title>
</image>
</images>
</page>
<page i="0" visible="true" color="#EEF5E3">
<title>Ejercicio de aplicación </title>
<description><![CDATA[<p><span style="font-size:20px;"><span style="font-family:verdana,geneva,sans-serif;">2. Se reemplazan&nbsp;los datos en la ecuaci&oacute;n de la ley de Avogadro y se despeja&nbsp;<em>V</em><sub>2</sub>.</span></span></p>

<p><span style="font-size:20px;"><span style="font-family:verdana,geneva,sans-serif;">3. Se realizan&nbsp;las operaciones y se obtiene&nbsp;que el nuevo volumen del gas es de 15,6 L.</span></span></p>
]]></description>
<images>
<image path="CN_10_14_REC_80_IMG35n.jpg" border = "0" pathbig="CN_10_14_REC_80_IMG35a.jpg">
<title></title>
</image>
</images>
</page>
</pages>
</section></sections>
</submenu>
</section><section i="0" star="false" hasSubsections="true">
<menuImage path="CN_10_14_REC_80_IMG06.jpg" border="0">
<title><![CDATA[Ley de Dalton]]></title>
</menuImage>
<submenu>
<main layout="0">
<title>Ley de Dalton</title>
<footer>Selecciona una imagen</footer>
</main>
<sections>
<section i="0" star="false" hasSubsections="false">
<menuImage path="CN_10_14_REC_80_IMG36.jpg" border="0">
<title><![CDATA[Descricpción]]></title>
</menuImage>
<pages>
<page i="0" visible="true" color="#EEF5E3">
<title>Descripción de la ley de Dalton</title>
<description><![CDATA[<p><span style="font-size:20px;"><span style="font-family:verdana,geneva,sans-serif;"><strong>Dalton</strong> estableci&oacute; que al sumar las presiones individuales de los gases que conforman una mezcla, se obtiene la presi&oacute;n total del sistema.</span></span></p>

<p></p>

<p><span style="font-size:20px;"><span style="font-family:verdana,geneva,sans-serif;">Matem&aacute;ticamente se expresa como se relaciona en la imagen, en donde <em>P</em><sub>1</sub> corresponde a la presi&oacute;n del gas 1, <em>P</em><sub>2</sub> a la presi&oacute;n del gas 2 y as&iacute; sucesivamente.</span></span></p>
]]></description>
<images>
<image path="CN_10_14_REC_80_IMG38n.jpg" border = "0" pathbig="CN_10_14_REC_80_IMG38a.jpg">
<title></title>
</image>
</images>
</page>
</pages>
</section><section i="0" star="false" hasSubsections="false">
<menuImage path="CN_10_14_REC_80_IMG37.jpg" border="0">
<title><![CDATA[Ejercicio de aplicación]]></title>
</menuImage>
<pages>
<page i="0" visible="true" color="#EEF5E3">
<title>Ejercicio de aplicación </title>
<description><![CDATA[<p><span style="font-size:20px;"><span style="font-family:verdana,geneva,sans-serif;">&iquest;Cu&aacute;l es la presi&oacute;n total de una mezcla que contiene: metano (CH<sub>4</sub>) a 5 atm, di&oacute;xido de nitr&oacute;geno (NO<sub>2</sub>) a 2 atm y ox&iacute;geno (O<sub>2</sub>) a 1 atm de presi&oacute;n?</span></span></p>

<div></div>

<p><span style="font-size:20px;"><span style="font-family:verdana,geneva,sans-serif;">1. Se suman&nbsp;las presiones individuales y se obtiene&nbsp;que la mezcla de gases tiene una presi&oacute;n total de 8 atm.</span></span></p>
]]></description>
<images>
<image path="CN_10_14_REC_80_IMG39n.jpg" border = "0" pathbig="CN_10_14_REC_80_IMG39a.jpg">
<title></title>
</image>
</images>
</page>
</pages>
</section></sections>
</submenu>
</section></sections>
</engine>