<mapa>
  <copyright>(c) Editorial Planeta</copyright>
  <version>1.0</version>
  <objeto>
    <ref>00</ref>
    <texto>LA REPRODUCCIÓN EN LOS SERES VIVOS</texto>
    <hijos>10</hijos>
    <padre/>
    <siz>0</siz>
    <negcur>00000000000000000000000000000000000</negcur>
    <cen>1</cen>
    <img/>
  </objeto>
  <objeto>
    <ref>10</ref>
    <texto/>
    <hijos>23,22,21,20</hijos>
    <padre>00</padre>
    <siz>14</siz>
    <negcur/>
    <cen>1</cen>
    <img/>
  </objeto>
  <objeto>
    <ref>20</ref>
    <texto>es realizada por</texto>
    <hijos>31,33,32,30</hijos>
    <padre>10</padre>
    <siz>0</siz>
    <negcur>00000000000000000</negcur>
    <cen>1</cen>
    <img/>
  </objeto>
  <objeto>
    <ref>30</ref>
    <texto>Animales</texto>
    <hijos>40</hijos>
    <padre>20</padre>
    <siz>14</siz>
    <negcur>00000000</negcur>
    <cen>1</cen>
    <img/>
  </objeto>
  <objeto>
    <ref>40</ref>
    <texto>Puede ser</texto>
    <hijos>51,50</hijos>
    <padre>30</padre>
    <siz>0</siz>
    <negcur>000000000</negcur>
    <cen>1</cen>
    <img/>
  </objeto>
  <objeto>
    <ref>31</ref>
    <texto>Microorganismos</texto>
    <hijos>41</hijos>
    <padre>20</padre>
    <siz>14</siz>
    <negcur>000000000000000</negcur>
    <cen>1</cen>
    <img/>
  </objeto>
  <objeto>
    <ref>41</ref>
    <texto/>
    <hijos/>
    <padre>31</padre>
    <siz>0</siz>
    <negcur/>
    <cen>1</cen>
    <img/>
  </objeto>
  <objeto>
    <ref>32</ref>
    <texto>Plantas</texto>
    <hijos>42</hijos>
    <padre>20</padre>
    <siz>14</siz>
    <negcur>0000000</negcur>
    <cen>1</cen>
    <img/>
  </objeto>
  <objeto>
    <ref>42</ref>
    <texto>Mediante</texto>
    <hijos>54,53,52</hijos>
    <padre>32</padre>
    <siz>0</siz>
    <negcur>00000000</negcur>
    <cen>1</cen>
    <img/>
  </objeto>
  <objeto>
    <ref>33</ref>
    <texto>Hongos</texto>
    <hijos>43</hijos>
    <padre>20</padre>
    <siz>14</siz>
    <negcur>000000</negcur>
    <cen>1</cen>
    <img/>
  </objeto>
  <objeto>
    <ref>43</ref>
    <texto>Mediante</texto>
    <hijos>56,55</hijos>
    <padre>33</padre>
    <siz>0</siz>
    <negcur/>
    <cen>1</cen>
    <img/>
  </objeto>
  <objeto>
    <ref>50</ref>
    <texto>Asexual</texto>
    <hijos>60</hijos>
    <padre>40</padre>
    <siz>0</siz>
    <negcur>0000000</negcur>
    <cen>1</cen>
    <img/>
  </objeto>
  <objeto>
    <ref>60</ref>
    <texto>Por</texto>
    <hijos/>
    <padre>50</padre>
    <siz>0</siz>
    <negcur>000</negcur>
    <cen>1</cen>
    <img/>
  </objeto>
  <objeto>
    <ref>51</ref>
    <texto>Sexual</texto>
    <hijos>62,61</hijos>
    <padre>40</padre>
    <siz>0</siz>
    <negcur>000000</negcur>
    <cen>1</cen>
    <img/>
  </objeto>
  <objeto>
    <ref>61</ref>
    <texto>Con</texto>
    <hijos>71,70</hijos>
    <padre>51</padre>
    <siz>0</siz>
    <negcur>000</negcur>
    <cen>1</cen>
    <img/>
  </objeto>
  <objeto>
    <ref>62</ref>
    <texto>Generando</texto>
    <hijos>72</hijos>
    <padre>51</padre>
    <siz>0</siz>
    <negcur>000000000</negcur>
    <cen>1</cen>
    <img/>
  </objeto>
  <objeto>
    <ref>70</ref>
    <texto>Fecundación interna</texto>
    <hijos>80</hijos>
    <padre>61</padre>
    <siz>0</siz>
    <negcur>00000000000000000000</negcur>
    <cen>1</cen>
    <img/>
  </objeto>
  <objeto>
    <ref>80</ref>
    <texto/>
    <hijos/>
    <padre>70</padre>
    <siz>0</siz>
    <negcur/>
    <cen>1</cen>
    <img/>
  </objeto>
  <objeto>
    <ref>71</ref>
    <texto>Fecundación externa</texto>
    <hijos>81</hijos>
    <padre>61</padre>
    <siz>0</siz>
    <negcur>00000000000000000000</negcur>
    <cen>1</cen>
    <img/>
  </objeto>
  <objeto>
    <ref>81</ref>
    <texto/>
    <hijos/>
    <padre>71</padre>
    <siz>0</siz>
    <negcur/>
    <cen>1</cen>
    <img/>
  </objeto>
  <objeto>
    <ref>72</ref>
    <texto>Embriones</texto>
    <hijos>82</hijos>
    <padre>62</padre>
    <siz>0</siz>
    <negcur>000000000</negcur>
    <cen>1</cen>
    <img/>
  </objeto>
  <objeto>
    <ref>82</ref>
    <texto>de tipo</texto>
    <hijos>92,91,90</hijos>
    <padre>72</padre>
    <siz>0</siz>
    <negcur>0000000</negcur>
    <cen>1</cen>
    <img/>
  </objeto>
  <objeto>
    <ref>90</ref>
    <texto>Ovovivíparos</texto>
    <hijos>a0</hijos>
    <padre>82</padre>
    <siz>0</siz>
    <negcur>0000000000000</negcur>
    <cen>1</cen>
    <img/>
  </objeto>
  <objeto>
    <ref>a0</ref>
    <texto/>
    <hijos/>
    <padre>90</padre>
    <siz>0</siz>
    <negcur/>
    <cen>1</cen>
    <img/>
  </objeto>
  <objeto>
    <ref>91</ref>
    <texto>Vivíparos</texto>
    <hijos>a1</hijos>
    <padre>82</padre>
    <siz>0</siz>
    <negcur>0000000000</negcur>
    <cen>1</cen>
    <img/>
  </objeto>
  <objeto>
    <ref>a1</ref>
    <texto/>
    <hijos/>
    <padre>91</padre>
    <siz>0</siz>
    <negcur/>
    <cen>1</cen>
    <img/>
  </objeto>
  <objeto>
    <ref>92</ref>
    <texto>Ovíparos</texto>
    <hijos>a2</hijos>
    <padre>82</padre>
    <siz>0</siz>
    <negcur/>
    <cen>1</cen>
    <img/>
  </objeto>
  <objeto>
    <ref>a2</ref>
    <texto/>
    <hijos/>
    <padre>92</padre>
    <siz>0</siz>
    <negcur/>
    <cen>1</cen>
    <img/>
  </objeto>
  <objeto>
    <ref>52</ref>
    <texto>Alternancia de generaciones</texto>
    <hijos>63</hijos>
    <padre>42</padre>
    <siz>0</siz>
    <negcur>0000000000000000000000000000</negcur>
    <cen>1</cen>
    <img/>
  </objeto>
  <objeto>
    <ref>63</ref>
    <texto>que incluye</texto>
    <hijos>74,73</hijos>
    <padre>52</padre>
    <siz>0</siz>
    <negcur>000000000000</negcur>
    <cen>1</cen>
    <img/>
  </objeto>
  <objeto>
    <ref>53</ref>
    <texto>Fragmetación</texto>
    <hijos>64</hijos>
    <padre>42</padre>
    <siz>0</siz>
    <negcur>000000000000</negcur>
    <cen>1</cen>
    <img/>
  </objeto>
  <objeto>
    <ref>64</ref>
    <texto/>
    <hijos/>
    <padre>53</padre>
    <siz>0</siz>
    <negcur/>
    <cen>1</cen>
    <img/>
  </objeto>
  <objeto>
    <ref>54</ref>
    <texto>Gemación</texto>
    <hijos>65</hijos>
    <padre>42</padre>
    <siz>0</siz>
    <negcur>00000000</negcur>
    <cen>1</cen>
    <img/>
  </objeto>
  <objeto>
    <ref>65</ref>
    <texto/>
    <hijos/>
    <padre>54</padre>
    <siz>0</siz>
    <negcur/>
    <cen>1</cen>
    <img/>
  </objeto>
  <objeto>
    <ref>73</ref>
    <texto>Fase gametofítica</texto>
    <hijos>83</hijos>
    <padre>63</padre>
    <siz>0</siz>
    <negcur>000000000000000000</negcur>
    <cen>1</cen>
    <img/>
  </objeto>
  <objeto>
    <ref>83</ref>
    <texto/>
    <hijos/>
    <padre>73</padre>
    <siz>0</siz>
    <negcur/>
    <cen>1</cen>
    <img/>
  </objeto>
  <objeto>
    <ref>74</ref>
    <texto>Fase esporofítica</texto>
    <hijos>84</hijos>
    <padre>63</padre>
    <siz>0</siz>
    <negcur>000000000000000000</negcur>
    <cen>1</cen>
    <img/>
  </objeto>
  <objeto>
    <ref>84</ref>
    <texto/>
    <hijos/>
    <padre>74</padre>
    <siz>0</siz>
    <negcur/>
    <cen>1</cen>
    <img/>
  </objeto>
  <objeto>
    <ref>55</ref>
    <texto>Gemación</texto>
    <hijos>66</hijos>
    <padre>43</padre>
    <siz>0</siz>
    <negcur>000000000</negcur>
    <cen>1</cen>
    <img/>
  </objeto>
  <objeto>
    <ref>66</ref>
    <texto/>
    <hijos/>
    <padre>55</padre>
    <siz>0</siz>
    <negcur/>
    <cen>1</cen>
    <img/>
  </objeto>
  <objeto>
    <ref>56</ref>
    <texto>Esporulación</texto>
    <hijos>67</hijos>
    <padre>43</padre>
    <siz>0</siz>
    <negcur>0000000000000</negcur>
    <cen>1</cen>
    <img/>
  </objeto>
  <objeto>
    <ref>67</ref>
    <texto>usando</texto>
    <hijos>76,75</hijos>
    <padre>56</padre>
    <siz>0</siz>
    <negcur>000000</negcur>
    <cen>1</cen>
    <img/>
  </objeto>
  <objeto>
    <ref>75</ref>
    <texto>Esporas sexuales</texto>
    <hijos>85</hijos>
    <padre>67</padre>
    <siz>0</siz>
    <negcur>00000000000000000</negcur>
    <cen>1</cen>
    <img/>
  </objeto>
  <objeto>
    <ref>85</ref>
    <texto/>
    <hijos/>
    <padre>75</padre>
    <siz>0</siz>
    <negcur/>
    <cen>1</cen>
    <img/>
  </objeto>
  <objeto>
    <ref>76</ref>
    <texto>Esporas asexuales</texto>
    <hijos>86</hijos>
    <padre>67</padre>
    <siz>0</siz>
    <negcur>000000000000000000</negcur>
    <cen>1</cen>
    <img/>
  </objeto>
  <objeto>
    <ref>86</ref>
    <texto/>
    <hijos/>
    <padre>76</padre>
    <siz>0</siz>
    <negcur/>
    <cen>1</cen>
    <img/>
  </objeto>
  <objeto>
    <ref>21</ref>
    <texto>permite</texto>
    <hijos>35,34</hijos>
    <padre>10</padre>
    <siz>0</siz>
    <negcur>00000000</negcur>
    <cen>1</cen>
    <img/>
  </objeto>
  <objeto>
    <ref>22</ref>
    <texto>involucra</texto>
    <hijos>36</hijos>
    <padre>10</padre>
    <siz>0</siz>
    <negcur>000000000</negcur>
    <cen>1</cen>
    <img/>
  </objeto>
  <objeto>
    <ref>23</ref>
    <texto>puede ser</texto>
    <hijos>38,37</hijos>
    <padre>10</padre>
    <siz>0</siz>
    <negcur>000000000</negcur>
    <cen>1</cen>
    <img/>
  </objeto>
  <objeto>
    <ref>34</ref>
    <texto>La supervivencia de la especie</texto>
    <hijos>44</hijos>
    <padre>21</padre>
    <siz>0</siz>
    <negcur>0000000000000000000000000000000</negcur>
    <cen>1</cen>
    <img/>
  </objeto>
  <objeto>
    <ref>44</ref>
    <texto/>
    <hijos/>
    <padre>34</padre>
    <siz>0</siz>
    <negcur/>
    <cen>1</cen>
    <img/>
  </objeto>
  <objeto>
    <ref>35</ref>
    <texto>La generación de nuevas formas de vida</texto>
    <hijos>45</hijos>
    <padre>21</padre>
    <siz>0</siz>
    <negcur>000000000000000000000000000000000000000</negcur>
    <cen>1</cen>
    <img/>
  </objeto>
  <objeto>
    <ref>45</ref>
    <texto/>
    <hijos/>
    <padre>35</padre>
    <siz>0</siz>
    <negcur/>
    <cen>1</cen>
    <img/>
  </objeto>
  <objeto>
    <ref>36</ref>
    <texto>Estrategias reproductivas</texto>
    <hijos>46</hijos>
    <padre>22</padre>
    <siz>0</siz>
    <negcur>00000000000000000000000000</negcur>
    <cen>1</cen>
    <img/>
  </objeto>
  <objeto>
    <ref>46</ref>
    <texto>que son</texto>
    <hijos>58,57</hijos>
    <padre>36</padre>
    <siz>0</siz>
    <negcur>00000000</negcur>
    <cen>1</cen>
    <img/>
  </objeto>
  <objeto>
    <ref>57</ref>
    <texto>Estrategia r</texto>
    <hijos>68</hijos>
    <padre>46</padre>
    <siz>0</siz>
    <negcur>000000000000</negcur>
    <cen>1</cen>
    <img/>
  </objeto>
  <objeto>
    <ref>68</ref>
    <texto>presenta</texto>
    <hijos>79,78,77</hijos>
    <padre>57</padre>
    <siz>0</siz>
    <negcur>000000000</negcur>
    <cen>1</cen>
    <img/>
  </objeto>
  <objeto>
    <ref>58</ref>
    <texto>Estrategia K</texto>
    <hijos>69</hijos>
    <padre>46</padre>
    <siz>0</siz>
    <negcur>0000000000000</negcur>
    <cen>1</cen>
    <img/>
  </objeto>
  <objeto>
    <ref>69</ref>
    <texto>presenta</texto>
    <hijos>7C,7B,7A</hijos>
    <padre>58</padre>
    <siz>0</siz>
    <negcur>000000000</negcur>
    <cen>1</cen>
    <img/>
  </objeto>
  <objeto>
    <ref>77</ref>
    <texto>alta tasa reproductiva</texto>
    <hijos>87</hijos>
    <padre>68</padre>
    <siz>0</siz>
    <negcur>00000000000000000000000</negcur>
    <cen>1</cen>
    <img/>
  </objeto>
  <objeto>
    <ref>87</ref>
    <texto/>
    <hijos/>
    <padre>77</padre>
    <siz>0</siz>
    <negcur/>
    <cen>1</cen>
    <img/>
  </objeto>
  <objeto>
    <ref>78</ref>
    <texto>muchos descendientes</texto>
    <hijos>88</hijos>
    <padre>68</padre>
    <siz>0</siz>
    <negcur>000000000000000000000</negcur>
    <cen>1</cen>
    <img/>
  </objeto>
  <objeto>
    <ref>88</ref>
    <texto/>
    <hijos/>
    <padre>78</padre>
    <siz>0</siz>
    <negcur/>
    <cen>1</cen>
    <img/>
  </objeto>
  <objeto>
    <ref>79</ref>
    <texto>mayor opción de colonizar</texto>
    <hijos>89</hijos>
    <padre>68</padre>
    <siz>0</siz>
    <negcur>00000000000000000000000000</negcur>
    <cen>1</cen>
    <img/>
  </objeto>
  <objeto>
    <ref>89</ref>
    <texto/>
    <hijos/>
    <padre>79</padre>
    <siz>0</siz>
    <negcur/>
    <cen>1</cen>
    <img/>
  </objeto>
  <objeto>
    <ref>7A</ref>
    <texto>baja tasa reproductiva</texto>
    <hijos>8A</hijos>
    <padre>69</padre>
    <siz>0</siz>
    <negcur>00000000000000000000000</negcur>
    <cen>1</cen>
    <img/>
  </objeto>
  <objeto>
    <ref>8A</ref>
    <texto/>
    <hijos/>
    <padre>7A</padre>
    <siz>0</siz>
    <negcur/>
    <cen>1</cen>
    <img/>
  </objeto>
  <objeto>
    <ref>7B</ref>
    <texto>pocos descendientes</texto>
    <hijos>8B</hijos>
    <padre>69</padre>
    <siz>0</siz>
    <negcur>00000000000000000000</negcur>
    <cen>1</cen>
    <img/>
  </objeto>
  <objeto>
    <ref>8B</ref>
    <texto/>
    <hijos/>
    <padre>7B</padre>
    <siz>0</siz>
    <negcur/>
    <cen>1</cen>
    <img/>
  </objeto>
  <objeto>
    <ref>7C</ref>
    <texto>menor opción de colonizar</texto>
    <hijos>8C</hijos>
    <padre>69</padre>
    <siz>0</siz>
    <negcur/>
    <cen>1</cen>
    <img/>
  </objeto>
  <objeto>
    <ref>8C</ref>
    <texto/>
    <hijos/>
    <padre>7C</padre>
    <siz>0</siz>
    <negcur/>
    <cen>1</cen>
    <img/>
  </objeto>
  <objeto>
    <ref>37</ref>
    <texto>Asexual</texto>
    <hijos>4A,49,47</hijos>
    <padre>23</padre>
    <siz>0</siz>
    <negcur>00000000</negcur>
    <cen>1</cen>
    <img/>
  </objeto>
  <objeto>
    <ref>47</ref>
    <texto>se caracteriza por</texto>
    <hijos>5B,5A,59</hijos>
    <padre>37</padre>
    <siz>0</siz>
    <negcur>0000000000000000000</negcur>
    <cen>1</cen>
    <img/>
  </objeto>
  <objeto>
    <ref>38</ref>
    <texto>Sexual</texto>
    <hijos>4D,4C,4B,48</hijos>
    <padre>23</padre>
    <siz>0</siz>
    <negcur>000000</negcur>
    <cen>1</cen>
    <img/>
  </objeto>
  <objeto>
    <ref>48</ref>
    <texto>se caracteriza por</texto>
    <hijos>5S,5R,5Q</hijos>
    <padre>38</padre>
    <siz>0</siz>
    <negcur>0000000000000000000</negcur>
    <cen>1</cen>
    <img/>
  </objeto>
  <objeto>
    <ref>49</ref>
    <texto>participan</texto>
    <hijos>5E,5D,5C</hijos>
    <padre>37</padre>
    <siz>0</siz>
    <negcur>0000000000</negcur>
    <cen>1</cen>
    <img/>
  </objeto>
  <objeto>
    <ref>4A</ref>
    <texto>sus tipos son</texto>
    <hijos>5L,5K,5J,5I,5H,5G,5F</hijos>
    <padre>37</padre>
    <siz>0</siz>
    <negcur>00000000000000</negcur>
    <cen>1</cen>
    <img/>
  </objeto>
  <objeto>
    <ref>59</ref>
    <texto>tener solo progenitor</texto>
    <hijos>6A</hijos>
    <padre>47</padre>
    <siz>0</siz>
    <negcur>0000000000000000000000</negcur>
    <cen>1</cen>
    <img/>
  </objeto>
  <objeto>
    <ref>6A</ref>
    <texto/>
    <hijos/>
    <padre>59</padre>
    <siz>0</siz>
    <negcur/>
    <cen>1</cen>
    <img/>
  </objeto>
  <objeto>
    <ref>5A</ref>
    <texto>generar clones</texto>
    <hijos>6B</hijos>
    <padre>47</padre>
    <siz>0</siz>
    <negcur>00000000000000</negcur>
    <cen>1</cen>
    <img/>
  </objeto>
  <objeto>
    <ref>6B</ref>
    <texto/>
    <hijos/>
    <padre>5A</padre>
    <siz>0</siz>
    <negcur/>
    <cen>1</cen>
    <img/>
  </objeto>
  <objeto>
    <ref>5B</ref>
    <texto>ser rápida y sencilla</texto>
    <hijos>6C</hijos>
    <padre>47</padre>
    <siz>0</siz>
    <negcur>0000000000000000000000</negcur>
    <cen>1</cen>
    <img/>
  </objeto>
  <objeto>
    <ref>6C</ref>
    <texto/>
    <hijos/>
    <padre>5B</padre>
    <siz>0</siz>
    <negcur/>
    <cen>1</cen>
    <img/>
  </objeto>
  <objeto>
    <ref>5C</ref>
    <texto>Fragmentos del organismo</texto>
    <hijos>6D</hijos>
    <padre>49</padre>
    <siz>0</siz>
    <negcur>0000000000000000000000000</negcur>
    <cen>1</cen>
    <img/>
  </objeto>
  <objeto>
    <ref>6D</ref>
    <texto/>
    <hijos/>
    <padre>5C</padre>
    <siz>0</siz>
    <negcur/>
    <cen>1</cen>
    <img/>
  </objeto>
  <objeto>
    <ref>5D</ref>
    <texto>Esporas</texto>
    <hijos>6E</hijos>
    <padre>49</padre>
    <siz>0</siz>
    <negcur>0000000</negcur>
    <cen>1</cen>
    <img/>
  </objeto>
  <objeto>
    <ref>6E</ref>
    <texto/>
    <hijos/>
    <padre>5D</padre>
    <siz>0</siz>
    <negcur/>
    <cen>1</cen>
    <img/>
  </objeto>
  <objeto>
    <ref>5E</ref>
    <texto>Óvulos no fecundados</texto>
    <hijos>6F</hijos>
    <padre>49</padre>
    <siz>0</siz>
    <negcur>000000000000000000000</negcur>
    <cen>1</cen>
    <img/>
  </objeto>
  <objeto>
    <ref>6F</ref>
    <texto/>
    <hijos/>
    <padre>5E</padre>
    <siz>0</siz>
    <negcur/>
    <cen>1</cen>
    <img/>
  </objeto>
  <objeto>
    <ref>5F</ref>
    <texto>Bipartición</texto>
    <hijos>6G</hijos>
    <padre>4A</padre>
    <siz>0</siz>
    <negcur>000000000000</negcur>
    <cen>1</cen>
    <img/>
  </objeto>
  <objeto>
    <ref>6G</ref>
    <texto/>
    <hijos/>
    <padre>5F</padre>
    <siz>0</siz>
    <negcur/>
    <cen>1</cen>
    <img/>
  </objeto>
  <objeto>
    <ref>5G</ref>
    <texto>Gemación</texto>
    <hijos>6H</hijos>
    <padre>4A</padre>
    <siz>0</siz>
    <negcur>000000000</negcur>
    <cen>1</cen>
    <img/>
  </objeto>
  <objeto>
    <ref>6H</ref>
    <texto/>
    <hijos/>
    <padre>5G</padre>
    <siz>0</siz>
    <negcur/>
    <cen>1</cen>
    <img/>
  </objeto>
  <objeto>
    <ref>5H</ref>
    <texto>Esporulación</texto>
    <hijos>6I</hijos>
    <padre>4A</padre>
    <siz>0</siz>
    <negcur>000000000000</negcur>
    <cen>1</cen>
    <img/>
  </objeto>
  <objeto>
    <ref>6I</ref>
    <texto/>
    <hijos/>
    <padre>5H</padre>
    <siz>0</siz>
    <negcur/>
    <cen>1</cen>
    <img/>
  </objeto>
  <objeto>
    <ref>5I</ref>
    <texto>Fragmentación</texto>
    <hijos>6J</hijos>
    <padre>4A</padre>
    <siz>0</siz>
    <negcur/>
    <cen>1</cen>
    <img/>
  </objeto>
  <objeto>
    <ref>6J</ref>
    <texto/>
    <hijos/>
    <padre>5I</padre>
    <siz>0</siz>
    <negcur/>
    <cen>1</cen>
    <img/>
  </objeto>
  <objeto>
    <ref>5J</ref>
    <texto>Escisión</texto>
    <hijos>6K</hijos>
    <padre>4A</padre>
    <siz>0</siz>
    <negcur>000000000</negcur>
    <cen>1</cen>
    <img/>
  </objeto>
  <objeto>
    <ref>6K</ref>
    <texto/>
    <hijos/>
    <padre>5J</padre>
    <siz>0</siz>
    <negcur/>
    <cen>1</cen>
    <img/>
  </objeto>
  <objeto>
    <ref>5K</ref>
    <texto>Regeneración</texto>
    <hijos>6L</hijos>
    <padre>4A</padre>
    <siz>0</siz>
    <negcur/>
    <cen>1</cen>
    <img/>
  </objeto>
  <objeto>
    <ref>6L</ref>
    <texto/>
    <hijos/>
    <padre>5K</padre>
    <siz>0</siz>
    <negcur/>
    <cen>1</cen>
    <img/>
  </objeto>
  <objeto>
    <ref>5L</ref>
    <texto>Partenogénesis</texto>
    <hijos>6M</hijos>
    <padre>4A</padre>
    <siz>0</siz>
    <negcur/>
    <cen>1</cen>
    <img/>
  </objeto>
  <objeto>
    <ref>6M</ref>
    <texto/>
    <hijos/>
    <padre>5L</padre>
    <siz>0</siz>
    <negcur/>
    <cen>1</cen>
    <img/>
  </objeto>
  <objeto>
    <ref>4B</ref>
    <texto>participan</texto>
    <hijos>5P</hijos>
    <padre>38</padre>
    <siz>0</siz>
    <negcur>00000000000</negcur>
    <cen>1</cen>
    <img/>
  </objeto>
  <objeto>
    <ref>4C</ref>
    <texto>implica</texto>
    <hijos>5O</hijos>
    <padre>38</padre>
    <siz>0</siz>
    <negcur>0000000</negcur>
    <cen>1</cen>
    <img/>
  </objeto>
  <objeto>
    <ref>4D</ref>
    <texto>algunas especies presentan</texto>
    <hijos>5N,5M</hijos>
    <padre>38</padre>
    <siz>0</siz>
    <negcur>000000000000000000000000000</negcur>
    <cen>1</cen>
    <img/>
  </objeto>
  <objeto>
    <ref>5M</ref>
    <texto>dimorfismo sexual</texto>
    <hijos>6N</hijos>
    <padre>4D</padre>
    <siz>0</siz>
    <negcur>000000000000000000</negcur>
    <cen>1</cen>
    <img/>
  </objeto>
  <objeto>
    <ref>6N</ref>
    <texto/>
    <hijos/>
    <padre>5M</padre>
    <siz>0</siz>
    <negcur/>
    <cen>1</cen>
    <img/>
  </objeto>
  <objeto>
    <ref>5N</ref>
    <texto>hermafroditismo</texto>
    <hijos>6O</hijos>
    <padre>4D</padre>
    <siz>0</siz>
    <negcur>0000000000000000</negcur>
    <cen>1</cen>
    <img/>
  </objeto>
  <objeto>
    <ref>6O</ref>
    <texto/>
    <hijos/>
    <padre>5N</padre>
    <siz>0</siz>
    <negcur/>
    <cen>1</cen>
    <img/>
  </objeto>
  <objeto>
    <ref>5O</ref>
    <texto>fecundación</texto>
    <hijos>6P</hijos>
    <padre>4C</padre>
    <siz>0</siz>
    <negcur>000000000000</negcur>
    <cen>1</cen>
    <img/>
  </objeto>
  <objeto>
    <ref>6P</ref>
    <texto>puede ser</texto>
    <hijos>7G,7F,7E,7D</hijos>
    <padre>5O</padre>
    <siz>0</siz>
    <negcur>000000000</negcur>
    <cen>1</cen>
    <img/>
  </objeto>
  <objeto>
    <ref>7D</ref>
    <texto>interna</texto>
    <hijos>8D</hijos>
    <padre>6P</padre>
    <siz>0</siz>
    <negcur>00000000</negcur>
    <cen>1</cen>
    <img/>
  </objeto>
  <objeto>
    <ref>8D</ref>
    <texto/>
    <hijos/>
    <padre>7D</padre>
    <siz>0</siz>
    <negcur/>
    <cen>1</cen>
    <img/>
  </objeto>
  <objeto>
    <ref>7E</ref>
    <texto>externa</texto>
    <hijos>8E</hijos>
    <padre>6P</padre>
    <siz>0</siz>
    <negcur>0000000</negcur>
    <cen>1</cen>
    <img/>
  </objeto>
  <objeto>
    <ref>8E</ref>
    <texto/>
    <hijos/>
    <padre>7E</padre>
    <siz>0</siz>
    <negcur/>
    <cen>1</cen>
    <img/>
  </objeto>
  <objeto>
    <ref>7F</ref>
    <texto>cruzada</texto>
    <hijos>8F</hijos>
    <padre>6P</padre>
    <siz>0</siz>
    <negcur>00000000</negcur>
    <cen>1</cen>
    <img/>
  </objeto>
  <objeto>
    <ref>8F</ref>
    <texto/>
    <hijos/>
    <padre>7F</padre>
    <siz>0</siz>
    <negcur/>
    <cen>1</cen>
    <img/>
  </objeto>
  <objeto>
    <ref>7G</ref>
    <texto>autofecundación</texto>
    <hijos>8G</hijos>
    <padre>6P</padre>
    <siz>0</siz>
    <negcur/>
    <cen>1</cen>
    <img/>
  </objeto>
  <objeto>
    <ref>8G</ref>
    <texto/>
    <hijos/>
    <padre>7G</padre>
    <siz>0</siz>
    <negcur/>
    <cen>1</cen>
    <img/>
  </objeto>
  <objeto>
    <ref>5P</ref>
    <texto>gametos</texto>
    <hijos>6Q</hijos>
    <padre>4B</padre>
    <siz>0</siz>
    <negcur>00000000</negcur>
    <cen>1</cen>
    <img/>
  </objeto>
  <objeto>
    <ref>6Q</ref>
    <texto>pueden ser</texto>
    <hijos>7J,7I,7H</hijos>
    <padre>5P</padre>
    <siz>0</siz>
    <negcur>0000000000</negcur>
    <cen>1</cen>
    <img/>
  </objeto>
  <objeto>
    <ref>7H</ref>
    <texto>Isogámicos</texto>
    <hijos>8H</hijos>
    <padre>6Q</padre>
    <siz>0</siz>
    <negcur>00000000000</negcur>
    <cen>1</cen>
    <img/>
  </objeto>
  <objeto>
    <ref>8H</ref>
    <texto/>
    <hijos/>
    <padre>7H</padre>
    <siz>0</siz>
    <negcur/>
    <cen>1</cen>
    <img/>
  </objeto>
  <objeto>
    <ref>7I</ref>
    <texto>Anisogámicos</texto>
    <hijos>8I</hijos>
    <padre>6Q</padre>
    <siz>0</siz>
    <negcur/>
    <cen>1</cen>
    <img/>
  </objeto>
  <objeto>
    <ref>8I</ref>
    <texto/>
    <hijos/>
    <padre>7I</padre>
    <siz>0</siz>
    <negcur/>
    <cen>1</cen>
    <img/>
  </objeto>
  <objeto>
    <ref>7J</ref>
    <texto>Oogámicos</texto>
    <hijos>8J</hijos>
    <padre>6Q</padre>
    <siz>0</siz>
    <negcur>0000000000</negcur>
    <cen>1</cen>
    <img/>
  </objeto>
  <objeto>
    <ref>8J</ref>
    <texto/>
    <hijos/>
    <padre>7J</padre>
    <siz>0</siz>
    <negcur/>
    <cen>1</cen>
    <img/>
  </objeto>
  <objeto>
    <ref>5Q</ref>
    <texto>tener dos progenitores</texto>
    <hijos>6R</hijos>
    <padre>48</padre>
    <siz>0</siz>
    <negcur>00000000000000000000000</negcur>
    <cen>1</cen>
    <img/>
  </objeto>
  <objeto>
    <ref>6R</ref>
    <texto/>
    <hijos/>
    <padre>5Q</padre>
    <siz>0</siz>
    <negcur/>
    <cen>1</cen>
    <img/>
  </objeto>
  <objeto>
    <ref>5R</ref>
    <texto>generar variabilidad</texto>
    <hijos>6S</hijos>
    <padre>48</padre>
    <siz>0</siz>
    <negcur/>
    <cen>1</cen>
    <img/>
  </objeto>
  <objeto>
    <ref>6S</ref>
    <texto/>
    <hijos/>
    <padre>5R</padre>
    <siz>0</siz>
    <negcur/>
    <cen>1</cen>
    <img/>
  </objeto>
  <objeto>
    <ref>5S</ref>
    <texto>ser lenta y compleja</texto>
    <hijos>6T</hijos>
    <padre>48</padre>
    <siz>0</siz>
    <negcur>000000000000000000000</negcur>
    <cen>1</cen>
    <img/>
  </objeto>
  <objeto>
    <ref>6T</ref>
    <texto/>
    <hijos/>
    <padre>5S</padre>
    <siz>0</siz>
    <negcur/>
    <cen>1</cen>
    <img/>
  </objeto>
</mapa>