﻿<?xml version="1.0" encoding="utf-8"?><engine copy="Editorial Planeta" version="1" aprid="f6"><main layout="1">
<title>La resistencia, la resiliencia y la establilidad de los ecosistemas</title>
<footer>Selecciona una imagen</footer>
</main>
<sections>
<section i="0" star="false" hasSubsections="false">
<menuImage path="CN_07_08_CO_REC10_img01.jpg" border="0">
<title><![CDATA[Resistencia]]></title>
</menuImage>
<pages>
<page i="0" visible="true" color="">
<title>Resistencia</title>
<description><![CDATA[<p><span style="font-size:18px;"><span style="font-family:verdana,geneva,sans-serif;">La&nbsp;<strong>resistencia,&nbsp;</strong>se refiere a la capacidad que tiene un ecosistema&nbsp;de mantener su integridad frente a una perturbaci&oacute;n.</span></span></p>

<p><span style="font-size:18px;"><span style="font-family:verdana,geneva,sans-serif;">Algunos ecosistemas son m&aacute;s resistentes que otros, por las <strong>adaptaciones</strong> que han tenido las poblaciones de organismos&nbsp;que los conforman.</span></span></p>

<p><span style="font-size:18px;"><span style="font-family:verdana,geneva,sans-serif;">Los ecosistemas que se encuentran en zonas donde hay estaciones son m&aacute;s resistentes a los <strong>cambios</strong>, principalmente de temperatura.</span></span></p>
]]></description>
<images>
<image path="CN_07_08_CO_REC10_img02n.jpg" border = "0" pathbig="CN_07_08_CO_REC10_img02a.jpg">
<title><![CDATA[Tundra]]></title>
</image>
</images>
</page>
<page i="0" visible="true" color="">
<title>Resistencia</title>
<description><![CDATA[<p><span style="font-size:18px;"><span style="font-family:verdana,geneva,sans-serif;">Algunos de los ecosistemas de<strong>&nbsp;resistencia alta</strong>&nbsp;son la <strong>taiga</strong>, la <strong>tundra</strong> y el <strong>desierto</strong>.</span></span></p>

<p><span style="font-size:18px;"><span style="font-family:verdana,geneva,sans-serif;">La <strong>tundra</strong>,&nbsp;que est&aacute; en latitudes altas, es escasa en agua l&iacute;quida, tiene poca luminosidad,&nbsp;est&aacute;&nbsp;conformada por &aacute;rboles que se han&nbsp;adaptado a tener sus ra&iacute;ces en un suelo cubierto permanentemente de hielo, o permafrost.</span></span></p>

<p><span style="font-size:18px;"><span style="font-family:verdana,geneva,sans-serif;">Los animales que&nbsp;habitan en la tundra tambi&eacute;n se han adaptado a las extremas condiciones clim&aacute;ticas y la poca disponibilidad de recursos, la tundra es en s&iacute; un desierto fr&iacute;o.</span></span></p>

<p><span style="font-size:18px;"><span style="font-family:verdana,geneva,sans-serif;">Las especies que viven en el <strong>desierto</strong> (c&aacute;lido) est&aacute;n adaptadas a las condiciones de las temperaturas extremas.</span></span></p>
]]></description>
<images>
<image path="CN_07_08_CO_REC10_img03n.jpg" border = "0" pathbig="CN_07_08_CO_REC10_img03a.jpg">
<title><![CDATA[Lobo de tundra]]></title>
</image>
<image path="CN_07_08_CO_REC10_img04n.jpg" border = "0" pathbig="CN_07_08_CO_REC10_img04a.jpg">
<title><![CDATA[Desierto de la Tatacoa]]></title>
</image>
</images>
</page>
<page i="0" visible="true" color="">
<title>Resistencia</title>
<description><![CDATA[<p><span style="font-size:18px;"><span style="font-family:verdana,geneva,sans-serif;">Por otro lado, los <strong>ecosistemas acu&aacute;ticos</strong> suelen tener <strong>baja&nbsp;resistencia</strong>.</span></span></p>

<p></p>

<p><span style="font-size:18px;"><span style="font-family:verdana,geneva,sans-serif;">Los humedales, lagos y r&iacute;os son m&aacute;s sensibles a las alteraciones en el ecosistema.</span></span></p>

<p></p>

<p><span style="font-size:18px;"><span style="font-family:verdana,geneva,sans-serif;">Por esta raz&oacute;n, las especies que habitan los&nbsp;ecosistemas acu&aacute;ticos, principalmente los <strong>anfibios</strong>, sirven de indicadores ambientales, por su escasa capacidad para enfrentar los cambios ecosist&eacute;micos.</span></span></p>
]]></description>
<images>
<image path="CN_07_08_CO_REC10_img05n.jpg" border = "0" pathbig="CN_07_08_CO_REC10_img05a.jpg">
<title><![CDATA[Humedal El burro, Bogotá.]]></title>
</image>
<image path="CN_07_08_CO_REC10_img06n.jpg" border = "0" pathbig="CN_07_08_CO_REC10_img06a.jpg">
<title><![CDATA[Flor de Loto (Nimphaea sp)]]></title>
</image>
<image path="CN_07_08_CO_REC10_img07n.jpg" border = "0" pathbig="CN_07_08_CO_REC10_img07a.jpg">
<title><![CDATA[Rana de suelo]]></title>
</image>
</images>
</page>
</pages>
</section><section i="0" star="false" hasSubsections="false">
<menuImage path="CN_07_08_CO_REC10_img08.jpg" border="0">
<title><![CDATA[Resiliencia]]></title>
</menuImage>
<pages>
<page i="0" visible="true" color="">
<title>Resiliencia</title>
<description><![CDATA[<p><span style="font-size:18px;"><span style="font-family:verdana,geneva,sans-serif;">La <strong>resiliencia,</strong> se refiere a la capacidad que tiene un ecosistema para recuperarse luego de una alteraci&oacute;n.</span></span></p>

<p></p>

<p><span style="font-size:18px;"><span style="font-family:verdana,geneva,sans-serif;">Los ecosistemas que experimentan cambios peri&oacute;dicos son m&aacute;s resilientes que aquellos que tienen condiciones constantes o casi no cambian.</span></span></p>

<p></p>

<p><span style="font-size:18px;"><span style="font-family:verdana,geneva,sans-serif;">Por ejemplo, los <strong>manglares</strong> tienen &eacute;pocas en las que est&aacute;n m&aacute;s secos y otras &eacute;pocas en las que est&aacute;n completamente inundados.Tienen la capacidad de <strong>adaptarse</strong> a cualquier condici&oacute;n mientras contin&uacute;e esta din&aacute;mica.</span></span></p>

<p></p>

<p></p>

<p><span style="font-size:18px;"><span style="font-family:verdana,geneva,sans-serif;">Las <strong>especies</strong> que permiten la <strong>resiliencia ecosist&eacute;mica</strong>, suelen ser r&aacute;pidas al colonizar &aacute;reas intervenidas,&nbsp;como las especies&nbsp;que vuelven a crecer en los&nbsp;potreros abandonados, u otras que pueden&nbsp;tomarse&nbsp;a&ntilde;os, como los &aacute;rboles que vuelven a reto&ntilde;ar despu&eacute;s de haber sido cortados.</span></span></p>
]]></description>
<images>
<image path="CN_07_08_CO_REC10_img09n.jpg" border = "0" pathbig="CN_07_08_CO_REC10_img09a.jpg">
<title><![CDATA[Raíces de manglar]]></title>
</image>
<image path="CN_07_08_CO_REC10_img10n.jpg" border = "0" pathbig="CN_07_08_CO_REC10_img10a.jpg">
<title><![CDATA[Flor campanita (Digitalis purpurea)]]></title>
</image>
<image path="CN_07_08_CO_REC10_img11n.jpg" border = "0" pathbig="CN_07_08_CO_REC10_img11a.jpg">
<title><![CDATA[Retoño de árbol]]></title>
</image>
</images>
</page>
</pages>
</section><section i="0" star="false" hasSubsections="false">
<menuImage path="CN_07_08_CO_REC10_img12.jpg" border="0">
<title><![CDATA[Estabilidad]]></title>
</menuImage>
<pages>
<page i="0" visible="true" color="">
<title>Estabilidad</title>
<description><![CDATA[<p><span style="font-size:18px;"><span style="font-family:verdana,geneva,sans-serif;">La <strong>estabilidad</strong> de un ecosistema, se refiere a la capacidad de mantener sus condiciones por largos per&iacute;odos de tiempo, sin modificarse.</span></span></p>

<p></p>

<p><span style="font-size:18px;"><span style="font-family:verdana,geneva,sans-serif;">Un ecosistema de gran extensi&oacute;n es m&aacute;s propenso a ser estable, ya que una alteraci&oacute;n o cambio solo afectar&iacute;a una parte del ecosistema.</span></span></p>

<p></p>

<p><span style="font-size:18px;"><span style="font-family:verdana,geneva,sans-serif;">La <strong>selva amaz&oacute;nica</strong> es un <strong>ecosistema estable</strong>, ya que conserva sus especies de flora y fauna en las mismas condiciones a lo largo del a&ntilde;o, sin ninguna alteraci&oacute;n.</span></span></p>

<p></p>

<p><span style="font-size:18px;"><span style="font-family:verdana,geneva,sans-serif;">Los ecosistemas de <strong>p&aacute;ramo</strong> y los <strong>bosques altoandinos</strong>, tambi&eacute;n tienen ciertas condiciones f&iacute;sico-ambientales&nbsp;que les permiten tener estabilidad.</span></span></p>
]]></description>
<images>
<image path="CN_07_08_CO_REC10_img13n.jpg" border = "0" pathbig="CN_07_08_CO_REC10_img13a.jpg">
<title><![CDATA[Río Amazonas]]></title>
</image>
<image path="CN_07_08_CO_REC10_img14n.jpg" border = "0" pathbig="CN_07_08_CO_REC10_img14a.jpg">
<title><![CDATA[Ecosistema de páramo]]></title>
</image>
<image path="CN_07_08_CO_REC10_img15n.jpg" border = "0" pathbig="CN_07_08_CO_REC10_img15a.jpg">
<title><![CDATA[Bosque altoandino]]></title>
</image>
</images>
</page>
</pages>
</section></sections>
</engine>