﻿<?xml version="1.0" encoding="UTF-8"?>
<?xml-stylesheet href="cuadernoestudio/dtd/libro.xslt" type="text/xsl"?>
<!--Arbortext, Inc., 1988-2013, v.4002-->
<!DOCTYPE libro SYSTEM "cuadernoestudio/dtd/libro.dtd">
<libro id="CN_06_01_CO">
<libroTitulo>El  origen del Universo y de la vida</libroTitulo>
<seccion1 id="S1_CN_06_01_CO_B9D1D075E98E40D8B07800ADAAF8B1A9">
<seccion1Titulo>El origen del universo</seccion1Titulo>
<seccion1Texto>
<p>El universo es considerado como toda la materia, la energía y el
espacio que existe. La palabra universo, de origen <negrita>latino</negrita
>, es el conjunto de todas las cosas creadas. </p>
<p>Desde tiempos antiguos, los seres humanos hemos tratado de dar
explicaciones sobre el universo que nos rodea. Durante las noches,
a la luz de una fogata, los hombres y las mujeres de algunas tribus
primitivas, al ver en el cielo aquellas luces que hoy llamamos estrellas,
suponían que eran hogueras encendidas por otras tribus que habitaban
en las lejanas alturas. Durante los eclipses, en los pueblos nórdicos,
suponían que un gran lobo se iba tragando poco a poco la Luna.</p>
<p>Hacia el siglo V a. C., los habitantes de la antigua <negrita>Grecia</negrita
>, cuna de la civilización occidental, atribuyeron el origen del universo
a la Madre Tierra, que después de emerger del caos y dar a luz a su
hijo Urano, generó con este todo lo existente.</p>
<destacado><destacadoTitulo>Origen mítico del universo según los griegos</destacadoTitulo>
<destacadoTexto>
<p>En el principio de todas las cosas, <negrita>Gea</negrita> –la
Madre Tierra– emergió del <negrita>caos</negrita> y dio a luz a su
hijo <negrita>Urano</negrita> –el cielo– mientras dormía. Contemplándola
tiernamente desde las montañas, él derramó una lluvia fértil sobre
ella, y ella produjo hierbas, flores y árboles, con los animales y
las aves adecuados para cada planta. La misma lluvia hizo que corrieran
los ríos y llenó de agua los lugares huecos, creando así los lagos
y los mares. Sus primeros hijos de forma semihumana fueron los gigantes
de cien manos (Mitos griegos, Robert Graves, 1960).</p>
</destacadoTexto></destacado>
<p>El primer libro de la <negrita>Biblia</negrita> cristiana se conoce
como el <negrita>Génesis</negrita>, palabra de origen griego que significa <negrita
>origen</negrita> o <negrita>comienzo</negrita>. En los primeros tres
capítulos de este libro se describe cómo en siete días Dios creó los
cielos y la tierra, la luz y los luceros en el firmamento celeste.
Además, cómo creó el Sol, la Luna y los animales vivientes. Por último,
formó al hombre con polvo del suelo, y de una costilla que tomó del
hombre formó la primera mujer.</p>
<imagen src="CN_06_01_CO_img_01_small.jpg">
<p>El anciano de los días es una pintura del poeta y pintor <negrita
>William Blake</negrita>. Esta representa a Dios en el acto de crear
el universo; para ello, Dios utiliza un gran <negrita>compás</negrita
>, instrumento antiguo usado por <negrita>constructores</negrita> y <negrita
>arquitectos</negrita> para trazar circunferencias. </p>
</imagen>
<p>No existe pueblo grande o pequeño sobre la Tierra que no tenga
su propia versión sobre del origen del universo. Esas versiones, hasta
el surgimiento de la ciencia a partir del <negrita>siglo XVI</negrita
>, se mantuvieron en el ámbito de los mitos y las creencias de carácter
religioso.</p>
<destacado><destacadoTitulo>El creacionismo</destacadoTitulo>
<destacadoTexto>
<p>El conjunto de creencias que explican el origen del universo, basadas
en la idea de que este fue creado por un ser <negrita>sobrenatural</negrita
>, por un <negrita>Dios</negrita>, en muchos casos con figura humana,
se denomina <negrita>creacionismo</negrita>.</p>
</destacadoTexto></destacado>
<p>Con el nacimiento de la ciencia y del <negrita>método científico</negrita
>, y con la elaboración de <negrita>instrumentos sofisticados</negrita
> para observar objetos extraordinariamente grandes y lejanos, o extraordinariamente
pequeños, el estudio y las explicaciones sobre el origen del universo
y de la vida entraron a formar parte, también, del <negrita>dominio</negrita
> de los <negrita>científicos</negrita>.</p>
<imagen src="CN_06_01_CO_img_02_small.jpg">
<p>El telescopio y el microscopio abrieron las puertas a mundos antes
inimaginables. El telescopio hizo posible la observación de objetos
muy grandes y lejanos como las estrellas o las galaxias. El microscopio
hizo posible la observación de objetos diminutos como las bacterias
o las diferentes células que conforman todos los seres vivos.</p>
</imagen>
<seccion2 id="S2_CN_06_01_CO_B3000355E00A45499FC20D83B05A915A">
<seccion2Titulo>Las teorías científicas sobre el origen del universo</seccion2Titulo>
<seccion2Texto>
<p>Las teorías que forman parte de la discusión sobre el origen del
universo, y que durante el último siglo han sostenido los científicos,
comenzaron su desarrollo en los años veinte del siglo pasado. La más
aceptada hoy en día por la comunidad científica es la del <negrita
>Big Bang</negrita>. Las otras corresponden a la teoría del <negrita
>universo oscilante</negrita>, la cual modifica a la del Big Bang,
y la del <negrita>universo estacionario</negrita>, la cual se contrapone
a esta.</p>
<seccion3 id="S3_CN_06_01_CO_62E52F80B4204C6EBCF048763708D9CC">
<seccion3Titulo>El Big Bang</seccion3Titulo>
<seccion3Texto>
<p>A principios del <negrita>siglo XX</negrita>, el meteorólogo ruso <negrita
>Alexander Friedmann</negrita>, en <negrita>1922</negrita>, y astrónomo
belga <negrita>Georges Lemaître</negrita>, en <negrita>1927</negrita
>, utilizaron la teoría de la relatividad propuesta por <negrita>Albert
Einstein</negrita> para demostrar que el universo estaba en <negrita
>constante movimiento</negrita>.  </p>
<p>En <negrita>1929</negrita>, el astrónomo norteamericano <negrita
>Edwin Hubble</negrita> descubrió, al observar galaxias más allá de
la Vía Láctea, que estas se alejaban de nosotros, como si el universo
se estuviera expandiendo constantemente.  </p>
<p>Años después, en <negrita>1948</negrita>, el físico y astrónomo
ruso <negrita>George Gamow</negrita> apoyó y corroboró la teoría de <negrita
>Georges Lemaître</negrita>, la cual propuso que el universo se creó
a partir de la <negrita>gran explosión</negrita> de un <negrita>átomo
primigenio</negrita>. Esta teoría se conoce hoy en día como la del <negrita
>Big Bang</negrita>.</p>
<destacado><destacadoTitulo>El origen del término Big Bang</destacadoTitulo>
<destacadoTexto>
<p>Contrariamente a lo que podría suponerse, el término <negrita>Big
Bang</negrita> no fue acuñado por los creadores de la teoría de la
gran explosión del átomo primigenio, sino por uno de sus principales
contradictores, el astrónomo inglés <negrita>Fred Hoyle</negrita>,
quien en una entrevista concedida a la emisora radial BBC de Londres,
llamó con burla a esa teoría, <negrita>Big Bang</negrita>.</p>
</destacadoTexto></destacado>
<p>No se sabe qué existía antes del Big Bang, o si existía algo. La
teoría propone que hace <negrita>13 700 millones de años</negrita
>, todo comenzó con una <negrita>singularidad</negrita>, un punto
a partir del cual todo el universo contenido en él comenzó a expandirse
y a enfriarse, hasta llegar a conformar el universo tal y como hoy
lo conocemos. Es claro que el universo se expande, pero queda la duda
de si lo va hacer por siempre.</p>
<imagen src="CN_06_01_CO_img_03_small.jpg">
<p>El término "Big Bang" se utiliza para referirse al momento en el
que se inició la expansión del universo a partir de algo sin tiempo
ni espacio, infinitamente pequeño, denso y caliente llamado <negrita
>singularidad</negrita>. </p>
</imagen>
<p>El proceso de enfriamiento y expansión del universo durante el
Big Bang se puede resumir en siete etapas, cada una de las cuales
se caracteriza por una disminución de la temperatura y un estado específico
de los componentes del universo en ese momento. </p>
<listaSinNumerar>
<listaElemento><negrita>Primera etapa</negrita>: 10<superindice>-43</superindice
> segundos después del inicio del Big Bang, la temperatura era infinitamente
elevada; el universo comenzó con una rápida expansión conocida como
“<negrita>inflación</negrita>”, hasta alcanzar en fracciones de segundo
el tamaño de una uva.</listaElemento>
<listaElemento><negrita>Segunda etapa</negrita>: 10<superindice>-32</superindice
> segundos después del inicio del Big Bang, la temperatura fue de
10<superindice>27</superindice> <superindice>o</superindice>C; en
esta etapa, llamada <negrita>post-inflación</negrita>, el universo
es como una sopa caliente de <negrita>quarks</negrita>, <negrita>electrones</negrita
> y otras partículas. </listaElemento>
<listaElemento><negrita>Tercera etapa</negrita>: 10<superindice>-6</superindice
> segundos después del inicio del Big Bang, la temperatura fue de
10<superindice>13</superindice> <superindice>o</superindice>C; en
esta etapa, el descenso de la temperatura permitió la formación de <negrita
>protones</negrita> y <negrita>neutrones</negrita>.</listaElemento>
<listaElemento><negrita>Cuarta etapa</negrita>: tres minutos después
del inicio del Big Bang, la temperatura fue de 10<superindice>8</superindice
> <superindice>o</superindice>C; las altas temperaturas impidieron
la formación de <negrita>átomos</negrita>; los electrones y protones
cargados bloquearon el <negrita>surgimiento de la luz</negrita>. El
universo se tornó en una niebla densa y muy caliente.</listaElemento>
<listaElemento><negrita>Quinta etapa</negrita>: 300 000 años después
del inicio del Big Bang, la temperatura fue de 10 000 <superindice
>o</superindice>C; finalmente, los electrones, protones y neutrones
pueden formar átomos de <negrita>hidrógeno</negrita> y de <negrita
>helio</negrita>. La luz comenzó a brillar.</listaElemento>
<listaElemento><negrita>Sexta etapa</negrita>: 1000 millones de años
después del inicio del Big Bang, la temperatura fue de -200 <superindice
>o</superindice>C; la gravedad permitió que se formaran <negrita>nubes
masivas</negrita> de hidrógeno y helio que llevaron a la formación
de las <negrita>primeras galaxias</negrita>. Pequeños <negrita>cúmulos
de gas</negrita> colapsaron para formar las primeras estrellas.</listaElemento>
<listaElemento><negrita>Séptima etapa</negrita>: más de 13 000 millones
de años después del inicio del Big Bang, la temperatura fue de -270 <superindice
>o</superindice>C; para ese entonces murieron dos o tres generaciones
de estrellas, y los materiales y los elementos que las conformaban
se reutilizaron para formar nuevas estrellas y planetas.</listaElemento>
</listaSinNumerar>
<destacado><destacadoTitulo>Los quarks y las partículas atómicas</destacadoTitulo>
<destacadoTexto>
<p>Recuerda que los átomos están compuestos por tres <negrita>partículas
subatómicas</negrita>: los <negrita>electrones</negrita>, los <negrita
>protones</negrita> y los <negrita>neutrones</negrita>. En otra época,
los físicos planteaban que las partículas más pequeñas e indivisibles
de la materia eran las subatómicas. Sin embargo, hoy se sabe que estas
están compuestas por otras partículas aún más pequeñas, denominadas, <negrita
>quarks</negrita>. </p>
</destacadoTexto></destacado>
<p>De acuerdo con la teoría del Big Bang, el universo surgió de una
explosión inicial que ocasionó una expansión de la materia que fue
perdiendo velocidad a medida que transcurría el tiempo. </p>
<p>En 1981, para explicar algunas contradicciones que surgieron de
este planteamiento inicial, el científico norteamericano <negrita
>Alan Guth</negrita> propuso que, en realidad, el universo no perdía
velocidad durante su expansión, sino todo lo contrario, se aceleraba
cada vez más, propiciando el distanciamiento de la materia, debido
a la existencia de una fuerza con efecto contrario al de la gravedad,
que, a diferencia de esta, no inducia la atracción de la materia sino
su repulsión mutua y, por tanto, su distanciamiento. La teoría propuesta
por Guth se denominó desde entonces, la <negrita>teoría inflacionaria</negrita
>.</p>
<profundiza>
<enlace
destino="/LoIdRedirect.aspx?LoId=CN_06_01_CO_Recurso020&amp;IdRecurso=RES-7FCAECD4D1F84EEE95D8D5E3A3200FED"
>El Big Bang</enlace>
</profundiza><practica>
<enlace
destino="/LoIdRedirect.aspx?LoId=CN_06_01_CO_Recurso030&amp;IdRecurso=RES-0F226506EA8F4506B3DED67CE7E61356"
>Identifica las etapas del Big Bang</enlace>
<enlace
destino="/LoIdRedirect.aspx?LoId=CN_06_01_CO_Recurso010&amp;IdRecurso=RES-18CACCE5FE874505AA87F5E3E42BD6ED"
>Tres visiones sobre el origen del universo</enlace>
</practica></seccion3Texto></seccion3><seccion3
id="S3_CN_06_01_CO_493A78F51A224FB98636CFAC6E65459D">
<seccion3Titulo>El universo  oscilante</seccion3Titulo>
<seccion3Texto>
<p>La teoría del universo oscilante fue propuesta hacia el año <negrita
>1938</negrita> por el físico y matemático norteamericano <negrita
>Richard Tolman</negrita>. Más tarde, en la década de los sesenta,
el físico teórico inglés <negrita>Stephen Hawking</negrita> y otros
investigadores, demostraron que esta idea no era factible debido a
que, según sus estudios, el universo no podría regresar a sus condiciones
anteriores; y por otra parte, consideran que este es <negrita>cerrado</negrita
>. Eso llevó a la mayoría de los <negrita>cosmólogos</negrita> a aceptar
la <negrita>primacía</negrita> de la teoría del Big Bang.  </p>
<p>Pese a todas las investigaciones realizadas, no está claro si el
universo se va a expandir por siempre. Al respecto, algunos científicos
opinan que, en un momento dado, la expansión actual del universo llegará
a un límite y se detendrá para iniciar entonces un proceso de contracción.
Ese proceso, denominado el <negrita>Big Crunch</negrita> o <negrita
>Gran Colapso</negrita>, reducirá el universo actual y todo lo que
contiene a un <negrita>punto infinitesimal</negrita> como el que dio
inicio al Big Bang. </p>
<imagen src="CN_06_01_CO_img_04_small.jpg">
<p>La teoría del universo oscilante solo es posible si se considera
un <negrita>universo cerrado</negrita>, con unos límites; de tal manera
que cuando este alcance en su expansión, esos límites se contraigan
nuevamente. Por el contrario, la teoría de un universo en permanente
expansión, como sugiere el Big Bang, requiere que este sea <negrita
>abierto</negrita>, sin límites.</p>
</imagen>
<p>El Big Crunch plantea la posibilidad de un <negrita>universo oscilante</negrita
>, en el que a cada Big Bang lo suceda un Big Crunch, y viceversa,
en un proceso cíclico indefinido. </p>
<destacado><destacadoTitulo>El sueño de Brahma</destacadoTitulo>
<destacadoTexto>
<p>Según la tradición religiosa de la India, <negrita>Brahma</negrita
> es el primer ser creado y el creador del universo. Esta tradición
cuenta que Brahma crea el universo en sueños; el sueño de Brahma es
como un parpadeo en el que cada vez que el ojo se cierra el universo
se expande, y cada vez que el ojo se abre, se contrae. ¿Existe alguna
similitud entre esta visión religiosa y la teoría del universo oscilante?</p>
</destacadoTexto></destacado></seccion3Texto></seccion3><seccion3
id="S3_CN_06_01_CO_A390FA878F9B420BB525DA87C3CD34AF">
<seccion3Titulo>El universo  estacionario</seccion3Titulo>
<seccion3Texto>
<p>La teoría del <negrita>universo estacionario</negrita>, o también
llamada del estado estacionario del universo, es respaldada, entre
otros científicos, por el astrofísico inglés <negrita>Fred Hoyle</negrita
>; esta teoría se contrapone a la del Big Bang, sugiriendo que el
universo no solamente presenta el mismo aspecto desde cualquier punto
que se lo mire, sino también, el mismo aspecto en cualquier momento.
Por tanto, el universo mantiene sus propiedades generales constantes
tanto en el espacio como en el tiempo.</p>
<p>  Similar a la teoría del universo oscilante, la del universo estacionario
tiene poca aceptación en la actualidad, debido a que múltiples investigaciones
han aportado pruebas que favorecen la teoría del Big Bang.</p>
<practica>
<enlace
destino="/LoIdRedirect.aspx?LoId=CN_06_01_CO_Recurso040&amp;IdRecurso=RES-60A184BEAE854C5FB71A33753DAF77B4"
>Las teorías sobre el origen del universo</enlace>
</practica></seccion3Texto></seccion3></seccion2Texto></seccion2>
<seccion2 id="S2_CN_06_01_CO_8C342E6F94D94844A71AC50C061E6B86">
<seccion2Titulo>Consolidación</seccion2Titulo>
<seccion2Texto>
<p>Actividades para consolidar lo que has aprendido en esta sección.</p>
<practica>
<enlace
destino="/LoIdRedirect.aspx?LoId=CN_06_01_CO_Recurso050&amp;IdRecurso=RES-C3A0FBCB0ECD480F9D488138A53BEBE5"
>Refuerza tu aprendizaje: El origen del universo</enlace>
</practica></seccion2Texto></seccion2></seccion1Texto></seccion1>
<seccion1 id="S1_CN_06_01_CO_9C98BC32EE2948FD86C80DF5247B792F">
<seccion1Titulo>Las galaxias y las estrellas</seccion1Titulo>
<seccion1Texto>
<p>Las <negrita>galaxias</negrita> son acumulaciones <negrita>enormes
de estrellas</negrita>, <negrita>gases</negrita>, <negrita>polvo</negrita
> y otros <negrita>cuerpos celestes</negrita>. En el universo existen
miles de millones de galaxias, cada una con miles de millones de estrellas. </p>
<p>Por ejemplo, se considera que nuestra galaxia, la <negrita>Vía
Láctea</negrita>, tiene aproximadamente unos <negrita>300 000 millones</negrita
> de estrellas.   Los cuerpos que forman una galaxia se mueven unos
en relación con otros, debido a las atracciones mutuas generadas por
la fuerza de gravedad. La galaxia misma, como un todo, gira en torno
a un centro.</p>
<p>Las <negrita>estrellas</negrita>, los principales cuerpos celestes
componentes de las galaxias, son <negrita>masas de gases</negrita
>, principalmente <negrita>hidrógeno</negrita> y <negrita>helio</negrita
>, que brillan con luz propia debido a reacciones nucleares que ocurren
en su interior. Estas mantienen su forma y funcionamiento gracias
al equilibrio que se da entre la gravedad que ejerce una fuerza hacia
el centro y la energía que se genera en su interior, lo que produce
una fuerza hacia afuera. Las galaxias y sus estrellas tuvieron su
origen en algún momento durante la expansión del universo que comenzó
con el Big Bang. </p>
<seccion2 id="S2_CN_06_01_CO_5D8A1CCB91F945E0B8F3C74066D0BB41">
<seccion2Titulo>El origen  de  las  galaxias</seccion2Titulo>
<seccion2Texto>
<p>Las primeras galaxias se formaron aproximadamente mil millones
de años después del inicio del Big Bang; es decir, hace unos <negrita
>12 700 millones</negrita> de años. Se cree que el Big Bang no fue
un proceso perfectamente <negrita>uniforme</negrita>, parece que en
algún momento, la materia constituyente del universo adquirió un aspecto <negrita
>grumoso</negrita>. </p>
<p>Esos <negrita>grumos</negrita> estaban formados por <negrita>materia
densificada</negrita> que, debido a las fuerzas gravitacionales, experimentaron
un <negrita>colapso paulatino</negrita> y atrajeron nubes de hidrógeno
y helio, aumentando de manera progresiva su tamaño, hasta formar agrupaciones
de cientos de galaxias conocidas como <negrita>cúmulos</negrita>.</p>
<imagen src="CN_06_01_CO_img_05_small.jpg">
<p>Los cúmulos son agrupaciones de cientos de galaxias. En la imagen
se observa el <negrita>Cúmulo de Virgo</negrita>, el cual está situado
a unos <negrita>59 millones de años luz</negrita> de la Tierra y contiene
unas <negrita>1300</negrita> galaxias.</p>
</imagen>
<p>Por acción de la fuerza de gravedad, las primeras galaxias en formación
o <negrita>protogalaxias</negrita>, en un largo proceso, dieron origen
a <negrita>galaxias espirales</negrita>, <negrita>elípticas</negrita
>, <negrita>lenticulares</negrita> e <negrita>irregulares</negrita
>, los cuatro tipos básicos de galaxias que se forman en el universo. </p>
<imagen src="CN_06_01_CO_img_06_small.jpg">
<p>En el universo se forman cuatro tipos básicos de galaxias dependiendo
de cómo actúe la fuerza de gravedad en cada caso; las <negrita>espirales
(a)</negrita> , las <negrita>elípticas (b)</negrita>, las <negrita
>lenticulares (c)</negrita> y las <negrita>irregulares (d)</negrita
>. Por ejemplo, las galaxias espirales se forman en condiciones gravitatorias
elevadas; mientras que las elípticas lo hacen por acción de fuerzas
gravitatorias relativamente débiles.</p>
</imagen>
<p>Las galaxias son extremadamente grandes, por eso, debido a su tamaño,
solo pueden ser medidas en <negrita>años luz</negrita>. Un año luz
es la distancia que recorre la luz durante un año a la velocidad de
300 000 km/s; por ejemplo, nuestra galaxia, la <negrita>Vía Láctea</negrita
>, tiene <negrita>150 000 años luz</negrita> de diámetro.</p>
</seccion2Texto></seccion2><seccion2
id="S2_CN_06_01_CO_5D8A1CCB91F945E0B8F3C74066D0BB52">
<seccion2Titulo>El origen de las estrellas</seccion2Titulo>
<seccion2Texto>
<p>Al interior de las primeras galaxias había nubes de gases y polvo
“relativamente pequeñas”. Esas nubes, al igual que la galaxia misma,
experimentaron <negrita>colapsos gravitatorios</negrita> que condujeron
a que se hicieran más densas y extremadamente calientes en su interior,
dando lugar a reacciones termonucleares. Así nacieron las primeras
estrellas.</p>
<imagen src="CN_06_01_CO_img_07_small.jpg">
<p>Para convertirse en una estrella, una nube de gases y polvo necesita <negrita
>colapsar</negrita> e incrementar su densidad, hasta alcanzar en su
interior temperaturas entre uno a diez millones de grados centígrados.
Estas elevadas temperaturas desencadenan <negrita>reacciones nucleares</negrita
> entre los átomos de hidrógeno, los cuales se combinan para formar
átomos de helio. Esta reacción libera grandes cantidades de energía
y luz.</p>
</imagen>
<p>No todas las estrellas tienen el mismo tamaño. Por ejemplo, el
Sol es una <negrita>estrella mediana</negrita> con un diámetro aproximado
de 1 392 000 km; en él cabría 109 veces la Tierra.   </p>
<p>En el universo, además de estrellas medianas como el Sol, existen
estrellas muy pequeñas conocidas como <negrita>enanas blancas</negrita
> y <negrita>enanas negras</negrita>, las cuales alcanzan diámetros
equivalentes a una centésima parte del diámetro solar. También existen
estrellas <negrita>gigantes</negrita> y otras <negrita>supergigantes</negrita
>, de las cuales la más grande que se conoce tiene un diámetro 1400
veces mayor que el del Sol. </p>
<imagen src="CN_06_01_CO_img_08_small.jpg">
<p><negrita>Canis Majoris</negrita> es una de las estrellas más grandes
y luminosas que se conocen. Es una <negrita>supergigante roja</negrita
> localizada en la constelación del Can Mayor. Su diámetro es aproximadamente
1420 veces superior al del Sol.</p>
</imagen>
<p>En gran medida, el tamaño y la masa de las estrellas determinan
su evolución. La vida de una estrella comienza al interior de una <negrita
>nebulosa</negrita> con la formación de una <negrita>protoestrella</negrita
>, la cual se transforma luego en una <negrita>estrella</negrita>.
Después de millones de años, según el tamaño de la estrella, esta
se convierte en una <negrita>gigante</negrita> o en una <negrita>supergigante
roja</negrita>.   </p>
<p>Las <negrita>gigantes rojas</negrita>, luego de permanecer en ese
estado durante millones de años, se convierten en <negrita>nebulosas
planetarias</negrita> que más tarde se transforman en estrellas muy
pequeñas conocidas como <negrita>enanas blancas</negrita>, las cuales
finalmente se convierten en estrellas muy poco luminosas conocidas
como <negrita>enanas negras</negrita>.</p>
<imagen src="CN_06_01_CO_img_09_small.jpg">
<p>Según los científicos, el Sol, después de transformar en helio
todo el hidrógeno contenido en su interior, y comenzar a utilizar
el hidrógeno de sus capas externas, se convertirá en una gigante roja,
la cual calcinará los planetas interiores del sistema solar, incluida
la Tierra. </p>
</imagen>
<p>Las <negrita>supergigantes rojas</negrita> estallan cierto tiempo
después de permanecer en ese estado. Si solo estalla su parte exterior
se convierten en <negrita>novas</negrita>. Si estalla la estrella
completa se transforman en <negrita>supernovas</negrita>. Según su
masa, las supernovas se convierten, finalmente, en <negrita>estrellas
de neutrones</negrita> o en <negrita>agujeros negros</negrita>.</p>
<imagen src="CN_06_01_CO_img_10_small.jpg">
<p>Las <negrita>supernovas</negrita> derivan su nombre del término
“<negrita>estrella nueva</negrita>”, el cual fue utilizado en la antigüedad
para definir objetos muy luminosos que aparecían en lugares del firmamento
en los cuales antes no estaban. La explosión de una supernova puede
aumentar en 100 000 veces el brillo original de la estrella. Este
espectáculo dura varios días y algunas veces puede ser observado a
simple vista.</p>
</imagen>
<p>Un <negrita>agujero negro</negrita> es un área que hace parte de
una galaxia y que posee una gravedad muy grande, tan grande que ni
siquiera la luz puede escapar de este. La energía retenida por una
estrella, antes de convertirse en agujero negro, desaparece y colapsa
en sí misma, lo que genera una gran explosión.</p>
<profundiza>
<enlace
destino="/LoIdRedirect.aspx?LoId=CN_06_01_CO_Recurso060&amp;IdRecurso=RES-FCA5F47A68944889B65C979D57235C19"
>Las estrellas</enlace>
</profundiza><practica>
<enlace
destino="/LoIdRedirect.aspx?LoId=CN_06_01_CO_Recurso070&amp;IdRecurso=RES-E2E87BDED26B49D5B1B9D16802D60ACA"
>¿Cómo se crean las estrellas y las galaxias?</enlace>
</practica></seccion2Texto></seccion2><seccion2
id="S2_CN_06_01_CO_5D8A1CCB91F945E0B8F3C74066D0BB63">
<seccion2Titulo>Consolidación</seccion2Titulo>
<seccion2Texto>
<p>Actividades para consolidar lo que has aprendido en esta sección.</p>
<practica>
<enlace
destino="/LoIdRedirect.aspx?LoId=CN_06_01_CO_Recurso080&amp;IdRecurso=RES-7F9E1226BF1C490CAED28E809B920DB1"
>Refuerza tu aprendizaje: El origen de las galaxias y las estrellas</enlace>
</practica></seccion2Texto></seccion2></seccion1Texto></seccion1>
<seccion1 id="S1_CN_06_01_CO_22D0BB236DDC489F873D6B4CBBCFA8B4">
<seccion1Titulo>El sistema solar y la Tierra</seccion1Titulo>
<seccion1Texto>
<p>A comienzos del <negrita>siglo XIX</negrita>, el filósofo alemán <negrita
>Immanuel Kant</negrita>, y el astrónomo y matemático francés <negrita
>Pierre Simon Laplace</negrita>, propusieron que el sistema solar
surgió a partir de una nube de gases que se fragmentó en anillos,
los cuales se condensaron para formar los planetas. Esta teoría se
conoce como <negrita>teoría nebular</negrita>. </p>
<seccion2 id="S2_CN_06_01_CO_384634802C8B4334BFAB337FD577C20D">
<seccion2Titulo>El origen y la evolución del sistema solar</seccion2Titulo>
<seccion2Texto>
<p>Hoy en día se sabe que el sistema solar se originó a partir de
restos de estrellas que le <negrita>precedieron</negrita>, y que está
vinculado directamente con el origen del Sol. Todo comenzó con una
nube de materiales y gases que se contrajo cada vez más por acción
de la gravedad; al mismo tiempo, inició un movimiento de giro que
fue aumentando en velocidad. Esto llevó a que los materiales se concentraran <negrita
>mayoritariamente</negrita> en el centro.</p>
<p>En torno a ese centro giraban también materiales que eran atraídos
hacia él, por acción de la gravedad. Esos materiales, relativamente
dispersos en un comienzo, terminaron por formar una especie de <negrita
>disco</negrita> alrededor del centro, conocido como <negrita>disco
protoplanetario</negrita>.</p>
<imagen src="CN_06_01_CO_img_11_small.jpg">
<p>Esta imagen es una <negrita>representación</negrita> del nacimiento
del sistema solar. El Sol apenas comenzaba a brillar y estaba rodeado
por un <negrita>disco giratorio</negrita> constituido por finos granos
de polvo. ¿Existe alguna relación entre esta imagen y la teoría que
propusieron Kant y Laplace a comienzos del siglo XIX?</p>
</imagen>
<p>Debido al calor generado por los <negrita>materiales densificados</negrita
> del centro, los gases presentes en el disco fueron <negrita>expulsados</negrita
> al exterior, mientras que en este solo quedaron finos granos de
polvo que se unieron hasta formar partículas más grandes.  Cuando
los materiales densificados del centro se contrajeron lo suficiente,
este comenzó a emitir grandes cantidades de energía y luz. En ese
momento nació el Sol. Entonces, el disco que giraba alrededor del
Sol se hizo más fino, y sus partículas se aglomeraron cada vez más
hasta formar rocas de más de un kilómetro de diámetro.</p>
<imagen src="CN_06_01_CO_img_12_small.jpg">
<p>Durante la <negrita>génesis</negrita> del sistema solar se formaron
ocho planetas, cuatro de los cuales <negrita>Mercurio</negrita>, <negrita
>Venus</negrita>, la <negrita>Tierra</negrita> y <negrita>Marte</negrita
> ocupan las <negrita>orbitas internas</negrita> y se conocen como <negrita
>planetas rocosos</negrita>. Los cuatro restantes, <negrita>Júpiter</negrita
>, <negrita>Saturno</negrita>, <negrita>Urano</negrita> y <negrita
>Neptuno</negrita> ocupan las órbitas externas y se denominan <negrita
>planetas gaseosos</negrita>. Entre los planetas rocosos y los gaseosos
se encuentra el llamado <negrita>cinturón de asteroides</negrita>. </p>
</imagen>
<p>Por acción de la gravedad esas rocas, al atraerse mutuamente, formaron
otras más grandes, las cuales a su vez atrajeron materiales y a otras
rocas más pequeñas hasta que, finalmente, como resultado de ese proceso,
se formaron los planetas que hoy constituyen el sistema solar.</p>
<profundiza>
<enlace
destino="/LoIdRedirect.aspx?LoId=CN_06_01_CO_Recurso090&amp;IdRecurso=RES-F740F3D1AD5A4030A73A9C2AD39D5154"
>La formación del sistema solar</enlace>
</profundiza></seccion2Texto></seccion2><seccion2
id="S2_CN_06_01_CO_407733A7758244DFBDE8FFF18071ACC6">
<seccion2Titulo>El origen y la evolución de la Tierra</seccion2Titulo>
<seccion2Texto>
<p>La Tierra es un planeta rocoso, cuyo origen está relacionado directamente
con el del sistema solar. En sus comienzos, hace unos <negrita>4500
millones de años</negrita>, nuestro planeta era un mundo de fuego,
un planeta fundido y rojizo cubierto de lava y rodeado por una densa
atmósfera de dióxido de carbono y vapor de agua. La Tierra entonces
tenía una temperatura de unos 4000 <superindice>o</superindice>C y
su superficie era intensamente golpeada por innumerables <negrita
>meteoritos</negrita>.</p>
<imagen src="CN_06_01_CO_img_13_small.jpg">
<p>Esta imagen corresponde a una representación de los primeros tiempos
de la Tierra. La Luna, al parecer, se formó como consecuencia de la
colisión de un cuerpo celeste de tamaño considerable contra la Tierra.</p>
</imagen>
<p> Las elevadas temperaturas reinantes en la primitiva Tierra, obligaron
a que los materiales más pesados, como el <negrita>hierro</negrita
> y el <negrita>níquel</negrita>, se ubicaran en el centro del planeta
formando un <negrita>núcleo</negrita> denso y fundido, cuyos movimientos
generaron un fuerte <negrita>campo magnético</negrita>.</p>
<p>Con el transcurrir del tiempo, la Tierra se fue enfriando paulatinamente,
lo cual permitió la formación de una <negrita>corteza</negrita> externa
de roca endurecida. Entre la corteza y el núcleo se conservó una capa <negrita
>intermedia</negrita> de roca fundida conocida como <negrita>manto</negrita
>. </p>
<imagen src="CN_06_01_CO_img_14_small.jpg">
<p>Durante las primeras etapas de formación de nuestro planeta, debido
al efecto de las fuerzas gravitacionales, sus materiales se fueron
organizando de acuerdo con su densidad. </p>
</imagen>
<p>Los primeros indicios de agua en la superficie terrestre datan
de hace unos <negrita>4400 millones de años</negrita>. Se cree que
esta provino, conjuntamente con el dióxido de carbono, del interior
de la Tierra, en donde se generaron reacciones a altas temperaturas
entre los átomos de hidrógeno y oxígeno. Las moléculas que se formaron
fueron expulsadas a la superficie terrestre en forma de vapor. Debido
a esto, se conformó una densa atmósfera de vapor de agua y dióxido
de carbono; la evaporación y condensación continua de estos compuestos
desencadenaron lluvias permanentes que duraron millones de años. Esta
teoría se conoce como la <negrita>teoría volcánica</negrita>.</p>
<p>A la vez que llovía, llegaban a la Tierra innumerables meteoritos
cargados con agua. Se cree que la mayor parte del agua existente hoy
en la Tierra procede de esos meteoritos. Hace <negrita>4000 millones
de años</negrita>, la Tierra era un planeta acuático, más del 90 %
de su superficie estaba cubierta por mares. </p>
<imagen src="CN_06_01_CO_img_15_small.jpg">
<p>Algunos expertos consideran que la vida pudo haber surgido en el
fondo de los mares primitivos, en lugares donde los materiales que
emergían de las <negrita>grietas volcánicas</negrita> proveían de
calor y nutrientes a las primeras formas de vida microscópicas.</p>
</imagen>
<p>Hace unos <negrita>3400 millones</negrita> de años, la actividad
volcánica comenzó a hacer surgir del interior del planeta una nueva
roca llamada <negrita>granito</negrita>. De esta roca, en el transcurrir
de unos <negrita>1000 millones de años</negrita>, se formaron los
primeros continentes.  Los estromatolitos son <negrita>colonias</negrita
> de <negrita>cianobacterias microscópicas</negrita> que hicieron
su aparición hace unos 3400 millones de años; 900 millones de años
después de su aparición, estos habían poblado todos los mares poco
profundos de la Tierra. La actividad fotosintética de las cianobacterias,
durante los 1000 millones de años que siguieron, ocasionó que la atmósfera
se cargara de oxígeno; en consecuencia, aparecieron los primeros seres
vivos capaces de <negrita>respirar oxígeno</negrita>. </p>
<imagen src="CN_06_01_CO_img_16_small.jpg">
<p>Con el surgimiento de los primeros continentes, en todo el planeta
se formaron playas poco profundas e iluminadas. Estas constituyeron
el hábitat ideal para uno de los primeros organismos capaces de transformar
la luz del Sol en oxígeno y nutrientes. Esos organismos, que todavía
existen en nuestro planeta, se conocen como <negrita>estromatolitos</negrita
>. </p>
</imagen>
<p>En el transcurso de esos 1000 millones de años, el oxígeno producido
se encargó de reducir la tasa del dióxido de carbono presente en la
atmósfera; además del <negrita>hierro</negrita> que entonces saturaba
los mares y les daba un color <negrita>verdoso</negrita>. Hace <negrita
>1500 millones de años</negrita>, gracias al oxígeno producido por
los estromatolitos, la Tierra se convirtió en un planeta de mares
y cielos azules.</p>
<profundiza>
<enlace
destino="/LoIdRedirect.aspx?LoId=CN_06_01_CO_Recurso100&amp;IdRecurso=RES-CD68EA11CF5A4DFC9047E63B7A0CB1FE"
>Las capas de la Tierra</enlace>
</profundiza><practica>
<enlace
destino="/LoIdRedirect.aspx?LoId=CN_06_01_CO_Recurso110&amp;IdRecurso=RES-53559006619443D593854EA76CBBCE3C"
>¿Cómo se originaron el sistema solar y la Tierra?</enlace>
</practica></seccion2Texto></seccion2><seccion2
id="S2_CN_06_01_CO_407733A7759355DFBDE8FFF18082ACC6">
<seccion2Titulo>Consolidación</seccion2Titulo>
<seccion2Texto>
<p>Actividades para consolidar lo que has aprendido en esta sección.</p>
<practica>
<enlace
destino="/LoIdRedirect.aspx?LoId=CN_06_01_CO_Recurso120&amp;IdRecurso=RES-350C4AC8A30D4429B9393FFC8A3D289D"
>Refuerza tu aprendizaje: El sistema solar y la Tierra</enlace>
</practica></seccion2Texto></seccion2></seccion1Texto></seccion1>
<seccion1 id="S1_CN_06_01_CO_3699463C1096441EAE87E1944445B674">
<seccion1Titulo>El origen de la vida</seccion1Titulo>
<seccion1Texto>
<p>Al igual que las primeras explicaciones relacionadas con el origen
del universo, las primeras sobre el origen de la vida son de tipo <negrita
>creacionista</negrita>; atribuyen ese origen a un <negrita>ser sobrenatural</negrita
>, el cual creó las especies a partir de la nada, y a cada una de
manera independiente. </p>
<p>Fueron los filósofos griegos, hace unos <negrita>2300 años</negrita
>, quienes propusieron otras ideas diferentes a las creacionistas. <negrita
>Aristóteles</negrita>, por ejemplo, promulgaba que los gusanos, insectos
y peces se originaban <negrita>espontáneamente</negrita> a partir
de sustancias como el rocío, el sudor y la humedad.  </p>
<p>La doctrina del creacionismo y las ideas de Aristóteles perduraron
durante siglos, hasta que el surgimiento de la <negrita>ciencia</negrita
> cambió de manera radical estas explicaciones.</p>
<seccion2 id="S2_CN_06_01_CO_3849B220C6334AFAA52D830E86AB8065">
<seccion2Titulo>¿Qué es la vida?</seccion2Titulo>
<seccion2Texto>
<p>Definir la vida no es sencillo. Sabemos que algo está vivo porque
somos seres vivos que experimentamos la vida. Una forma de definirla
es explicando las características en común que tienen los seres vivos.
Pero, ¿qué características tienen en común los seres vivos?</p>
<p>La respuesta a esta pregunta probablemente ha tenido su máximo
desarrollo en los últimos años, a partir de la necesidad de detectar
vida en otros planetas. Desde esta óptica se proponen siete características
comunes a todos los seres vivos; aunque para definir la vida en sus <negrita
>primeros estadios</negrita>, se proponen solamente tres que mencionaremos
al final de esta unidad.</p>
<listaSinNumerar>
<listaElemento><negrita>Los seres vivos estamos formados por células</negrita
>. Algunos organismos, como las bacterias, son unicelulares y están
formados por una sola célula. Otros, como los animales o las plantas,
son multicelulares y están formados millones de células. La célula
se considera la unidad básica y funcional de todo ser vivo.</listaElemento>
<listaElemento><negrita>Los seres vivos necesitamos energía</negrita
>. La vida depende de una gran cantidad de reacciones bioquímicas
que suceden al interior de la célula. Para ello, los organismos obtienen
energía a partir de los nutrientes que adquieren del ambiente. Por
ejemplo, tanto los animales como nosotros tomamos energía de las plantas
cuando nos alimentamos de ellas. </listaElemento>
<listaElemento><negrita>Los seres vivos crecemos</negrita>. En algún
momento del ciclo de vida, todo organismo crece y se vuelve más grande.
En las plantas y animales esta condición es muy evidente. Los organismos
unicelulares, como las bacterias, también crecen; estás lo hacen antes
de dividirse en dos nuevas bacterias. </listaElemento>
<listaElemento><negrita>Los seres vivos respondemos a nuestro entorno</negrita
>. Todos los organismos responden a estímulos, tanto del ambiente
que los rodea como de su ambiente interno. Las respuestas se pueden
dar, por ejemplo, a cambios en la temperatura -interna o externa-,
en la cantidad de luz, respuestas a olores, entre otros. </listaElemento>
</listaSinNumerar>
<imagen src="CN_06_01_CO_img_17_small.jpg">
<p>Los seres vivos son todos aquellos que <negrita>afectan</negrita
> su <negrita>medio circundante</negrita>. Estos toman sustancias
del medio en el que están, las <negrita>incorporan</negrita> a su
organismo para mantener su estructura y <negrita>metabolismo</negrita
>, y se deshacen de los <negrita>desechos</negrita>. Esa característica
tiene el nombre de <negrita>autopoiesis</negrita>, que quiere decir <negrita
>automantenimiento</negrita>. </p>
</imagen>
<listaSinNumerar>
<listaElemento><negrita>Los seres vivos nos reproducimos y pasamos
nuestros rasgos a nuestra descendencia</negrita>. Todos los seres
vivos se reproducen; es decir, producen descendencia o hijos, lo que
conlleva a la continuidad a la vida. Este proceso ocurre entre individuos
de una misma especie. </listaElemento>
<listaElemento><negrita>Los seres vivos regulamos nuestro medio interno</negrita
>. Al interior de todos los organismos ocurren reacciones bioquímicas
que permiten el desarrollo de las funciones vitales de los individuos;
el conjunto de estas reacciones se conoce como <negrita>metabolismo</negrita
>. Si una célula produce cierta sustancia en mayor cantidad de lo
que necesita o no excreta las sustancias de desecho, podría morir.
Por tal razón, los individuos deben mantener el equilibrio interno,
también llamado como homeostasis.</listaElemento>
<listaElemento><negrita>Con el tiempo, los seres vivos evolucionamos
(cambiamos lentamente) de acuerdo con el entorno</negrita>. Las poblaciones
de seres vivos tienen la capacidad de evolucionar y de adaptarse a
los cambios del entorno; esto les permite sobrevivir en un mundo constantemente
cambiante. Por ejemplo, ciertas bacterias se hacen tolerantes a los
antibióticos después de varias generaciones. </listaElemento>
</listaSinNumerar>
<profundiza>
<enlace
destino="/LoIdRedirect.aspx?LoId=CN_06_01_CO_Recurso130&amp;IdRecurso=RES-7658518D989F41F3B283D7186A160E9F"
>¿Cómo se reconoce un ser vivo?</enlace>
</profundiza><practica>
<enlace
destino="/LoIdRedirect.aspx?LoId=CN_06_01_CO_Recurso140&amp;IdRecurso=RES-E65F154FACA542E58C7B9BFD9FAB0315"
>Las características de los seres vivos</enlace>
</practica></seccion2Texto></seccion2><seccion2
id="S2_CN_06_01_CO_485FB55A16554B9DB5F78EE863543C5A">
<seccion2Titulo>Hipótesis y teorías sobre el origen de la vida</seccion2Titulo>
<seccion2Texto>
<p>La historia de las explicaciones sobre el origen de la vida se
puede dividir en dos épocas: la primera, que comenzó con los trabajos
de los filósofos griegos, caracterizada por el dominio de la <negrita
>hipótesis</negrita> de la <negrita>generación espontánea</negrita
>, y la segunda, que empezó a mediados del siglo XIX, determinada
por varios resultados científicos que permitieron <negrita>refutarla</negrita
> totalmente. Esto último permitió el desarrollo de nuevas explicaciones
sobre el origen de la vida, como las propuestas por la <negrita>teoría
quimiosintética</negrita>.</p>
<seccion3 id="S3_CN_06_01_CO_B7DEC03B08B24CD981BC747306D7F1B4">
<seccion3Titulo>La generación espontánea</seccion3Titulo>
<seccion3Texto>
<p>La hipótesis de la generación espontánea es tan antigua como los
filósofos griegos que la formularon, esta planteaba que <negrita>los
seres vivos se originaban de materiales no vivos</negrita>. </p>
<destacado><destacadoTitulo>La receta de Jan Baptista van Helmont</destacadoTitulo>
<destacadoTexto>
<p>Jan Baptista van Helmont era un ferviente partidario de la hipótesis
de la <negrita>generación espontánea</negrita>. Este médico holandés
propuso, en <negrita>1667</negrita>, una receta que permitía la generación
espontánea de ratones. Esta receta decía así: “Si colocamos ropa interior
llena de sudor y trigo en un recipiente de boca ancha, al cabo de
21 días se tendrán ratones vivos”.</p>
</destacadoTexto></destacado>
<p>En <negrita>1668</negrita>, un año después de la receta de van
Helmont, el físico y poeta italiano <negrita>Francesco Redi</negrita
> llevó a cabo uno de los primeros experimentos que pretendieron refutar
la hipótesis de la generación espontánea. Redi demostró que las <negrita
>larvas de mosca</negrita> no surgían espontáneamente de la carne,
sino que provenían de los huevos depositados por las moscas adultas.</p>
<imagen src="CN_06_01_CO_img_18_small.jpg">
<p>En su experimento, Redi tomó tres frascos, en cada uno de los cuales
puso un trozo de carne. El <negrita>primero</negrita> lo dejó <negrita
>destapado</negrita>, el <negrita>segundo</negrita> lo cubrió con
una <negrita>gasa</negrita> y el <negrita>tercero</negrita> lo <negrita
>cerró</negrita> herméticamente. Al cabo de una semana observó que
en el primer frasco la carne estaba cubierta de larvas, que en el
segundo solamente había huevos sobre la gasa y que en el tercero,
no había larvas presentes en la carne.</p>
</imagen>
<p>A comienzos del <negrita>siglo XVII</negrita>, el holandés <negrita
>Zacharias Janssen</negrita> inventó el microscopio compuesto, cuyos
lentes todavía no proporcionaban imágenes nítidas. Sin embargo, hacia <negrita
>1668</negrita>, el también holandés <negrita>Anton van Leeuwenhoek</negrita
>, perfeccionó la elaboración de lentes hasta el punto que pudo observar
con claridad objetos y seres microscópicos. </p>
<imagen src="CN_06_01_CO_img_19_small.jpg">
<p>Con este sencillo microscopio, <negrita>Anton van Leeuwenhoek</negrita
> pudo observar seres microscópicos como protozoarios, bacterias,
espermatozoides y glóbulos rojos. Tiempo después se sabría que ciertos
microorganismos eran los responsables de las enfermedades, y de la
putrefacción y fermentación de la materia orgánica. ¿Cómo crees que
funciona este extraño microscopio?</p>
</imagen>
<p>Anton van Leeuwenhoek también llevó a cabo experimentos similares
a los de Redi, y abrió el camino que más tarde permitiría <negrita
>sentar</negrita> las bases de la <negrita>teoría celular</negrita
> (la cual afirma que todos los seres vivos están compuestos de células)
y explicar el origen de las <negrita>enfermedades</negrita> y de fenómenos
como la <negrita>putrefacción</negrita> y <negrita>fermentación</negrita
> de la <negrita>materia orgánica</negrita>. </p>
<p>Los intentos por debatir la hipótesis de la generación espontánea
continuaron durante dos siglos más. Por ejemplo, hacia <negrita>1770</negrita
>, el <negrita>fisiólogo</negrita> italiano <negrita>Lazzaro Spallanzani</negrita
> hirvió y guardó herméticamente <negrita>caldo de carne</negrita
> en recipientes de vidrio; al cabo de cierto tiempo comprobó que
en el caldo no había presencia de <negrita>microorganismos</negrita
>. </p>
<p>La hipótesis de la generación espontánea tuvo vigencia hasta <negrita
>1862</negrita>; año en el que el químico y biólogo francés, <negrita
>Louis Pasteur</negrita>, llevó a cabo un <negrita>ingenioso</negrita
> experimento que <negrita>desvirtuó</negrita> por completo esa hipótesis.</p>
<imagen src="CN_06_01_CO_img_20_small.jpg">
<p>Pasteur fabricó dos <negrita>matraces</negrita>, uno con <negrita
>cuello recto</negrita> y otro con <negrita>cuello de cisne</negrita
>. En ambos agregó <negrita>caldo nutritivo</negrita> que hirvió para
eliminar los microorganismos. Al cabo de cierto tiempo, el caldo del
matraz de cuello recto contenía microorganismos, mientras que el de
cuello de cisne no.</p>
</imagen>
<p>Con su experimento <negrita>Pasteur</negrita> demostró que los
microorganismos que aparecían en el matraz de cuello recto provenían
del aire, porque debido a la forma del cuello de este recipiente podían
entrar en él. La sola presencia de microorganismos en el matraz de
cuello recto no desmentía la hipótesis de la generación espontánea.
 </p>
<p>Sin embargo, al no aparecer microorganismos en el matraz de cuello
de cisne, la teoría de la generación espontánea quedó completamente
desvirtuada. Al mismo tiempo, los resultados observados en ese matraz
apoyaban la idea de que los microorganismos que aparecían en el matraz
de cuello recto provenían de microorganismos preexistentes que se
encontraban en el aire, los cuales no podían entrar al matraz de cuello
de cisne debido a su forma.</p>
<p>El experimento de Pasteur comprobó, en primer lugar, la <negrita
>inexistencia de la generación espontánea</negrita>; y en segundo
lugar, el hecho de que <negrita>todas las células surgen de otras
células</negrita>. En el caso específico del experimento de Pasteur,
se comprobó también que todos los microorganismos provienen de otros
microorganismos.</p>
<practica>
<enlace
destino="/LoIdRedirect.aspx?LoId=CN_06_01_CO_Recurso150&amp;IdRecurso=RES-47864F7A223440C88D12768DCE6DD100"
>Reconoce la teoría de la generación espontánea</enlace>
<enlace
destino="/LoIdRedirect.aspx?LoId=CN_06_01_CO_Recurso160&amp;IdRecurso=RES-2A3D1E4DBA2A453BBE081D4951A85E9F"
>Los experimentos de Redi y Pasteur</enlace>
</practica></seccion3Texto></seccion3><seccion3
id="S3_CN_06_01_CO_E15C8F4377CA4460BF12820F8B89247C">
<seccion3Titulo>La  teoría  quimiosintética</seccion3Titulo>
<seccion3Texto>
<p>Cuatro años antes del experimento de Pasteur, en el que la teoría
de la generación espontánea fue <negrita>refutada</negrita> por completo,
el naturalista inglés <negrita>Charles Darwin</negrita> dio a conocer
la <negrita>teoría de la evolución</negrita>. Esta teoría plantea,
entre otras cosas, que <negrita>todos los seres vivos tenemos un ancestro
común</negrita>. Surge entonces la pregunta: ¿cuál es el ancestro
común a todos los seres vivos?</p>
<recuerda><recuerdaTexto>
<p>Nuestras células, y las de todos los seres vivos, están compuestas
por cuatro tipos básicos de macromoléculas: las <negrita>proteínas</negrita
>, los <negrita>ácidos nucleicos</negrita>, los <negrita>carbohidratos</negrita
> y los <negrita>lípidos</negrita>. A su vez, las proteínas están
compuestas de <negrita>aminoácidos</negrita>, los carbohidratos de <negrita
>azúcares</negrita> y los ácidos nucleicos de <negrita>bases nitrogenadas</negrita
>. Los lípidos son un grupo diverso de moléculas relacionadas con
los <negrita>hidrocarburos</negrita> y se caracterizan por <negrita
>no ser solubles en agua</negrita>.</p>
</recuerdaTexto></recuerda>
<p>Sabemos, por registros fósiles de hace <negrita>3400 millones de
años</negrita>, que los seres vivos más antiguos del planeta son las
bacterias –cianobacterias–; de acuerdo con esto, es posible que el
ancestro común a todos los seres vivos, incluidos nosotros, sea también
algún tipo de bacteria o un ser vivo mucho más sencillo. ¿Cómo pudo
haber sido ese primer ser vivo y en qué condiciones surgió?</p>
<p>Para tratar de explicar cómo pudo haber surgido la vida, en 1923
el bioquímico ruso <negrita>Alexander Oparin</negrita>, y más tarde,
en 1928, el biólogo inglés <negrita>John Haldane</negrita>, propusieron
de manera independiente la denominada <negrita>teoría quimiosintética</negrita
> sobre el origen de la vida.</p>
<p>Esta teoría propone que la vida se originó a lo largo de un proceso
en el que <negrita>moléculas de carbono</negrita> se hicieron cada
vez más <negrita>complejas</negrita>, tanto en la atmósfera como en
los mares primitivos, y que para que ese proceso se hubiera dado fue
necesario un importante suministro de energía proveniente del <negrita
>Sol</negrita>, las <negrita>descargas eléctricas de la atmósfera</negrita
> y el calor generado por las <negrita>erupciones volcánicas</negrita
>.</p>
<imagen src="CN_06_01_CO_img_21_small.jpg">
<p>No se sabe en realidad cómo era la atmósfera primitiva de la Tierra,
se cree que no existía <negrita>oxígeno</negrita> y que estaba compuesta
por dióxido de carbono (CO<subindice>2</subindice>), metano (CH<subindice
>4</subindice>), amoniaco (NH<subindice>3</subindice>), nitrógeno
(N<subindice>2</subindice>) e hidrógeno (H<subindice>2</subindice
>). El agua (H<subindice>2</subindice>O) estaba presente en los mares
y en la atmósfera como vapor de agua. </p>
</imagen>
<p>En <negrita>1953</negrita>, los estadounidenses <negrita>Stanley
Miller</negrita> y <negrita>Harold Urey</negrita>, se propusieron
comprobar en el laboratorio la teoría publicada por <negrita>Oparín</negrita
> y <negrita>Haldane</negrita> en los años veinte. Para esto construyeron
un <negrita>dispositivo</negrita> que simulaba las condiciones de
la atmósfera y los mares primitivos de la Tierra.</p>
<imagen src="CN_06_01_CO_img_22_small.jpg">
<p>El aparato de Miller y Urey consistía en un balón de vidrio con
agua, el cual simulaba los mares y las condiciones de la atmósfera
primitiva. </p>
</imagen>
<p>El dispositivo diseñado por Miller y Urey era completamente hermético
y funcionaba de la siguiente manera (ver numeración en la imagen anterior): </p>
<listaSinNumerar>
<listaElemento>Para comenzar, el agua contenida en el balón de vidrio
que simulaba los mares (1), se calentaba para que parte de esta se
convirtiera en vapor. </listaElemento>
<listaElemento>A continuación, por la llave (3) se introducían <negrita
>metano</negrita>, <negrita>amoniaco</negrita> e <negrita>hidrógeno</negrita
>, los gases que, según Miller, estaban presentes en la atmósfera
primitiva. </listaElemento>
<listaElemento>Luego, el vapor de agua y los gases introducidos llegaban
al balón de vidrio que simulaba la atmósfera (2), y en este recibían
descargas eléctricas. </listaElemento>
<listaElemento>En seguida, el contenido del balón de vidrio que simulaba
la atmósfera se enfriaba al pasar por el condensador (5), y caía,
como si fuera lluvia, al balón que simulaba los mares (1).</listaElemento>
<listaElemento>Este ciclo se repetía una y otra vez. </listaElemento>
</listaSinNumerar>
<p>Con el paso del tiempo, el agua presente en el balón de vidrio
que simulaba los mares (1) se tornaba <negrita>marrón</negrita>, ¿por
qué?, debido a que en ella se habían formado algunos de los “<negrita
>ladrillos de la vida</negrita>”.</p>
<p>Miller no creó vida en su pequeño mundo de vidrio, pero comprobó
que es posible la formación de <negrita>moléculas orgánicas</negrita
> relativamente complejas, a partir de moléculas inorgánicas sencillas,
siempre y cuando haya un suministro adecuado de energía. </p>
<p>Durante los años que han seguido al descubrimiento de Miller, otros
investigadores han repetido su experimento con algunas variaciones;
por ejemplo, han cambiado el tipo y la proporción de los gases que
se cree existían en la atmósfera primitiva, obteniendo resultados
parecidos y a veces más sorprendentes que los de Miller. </p>
<profundiza>
<enlace
destino="/LoIdRedirect.aspx?LoId=CN_06_01_CO_Recurso170&amp;IdRecurso=RES-51AA9F9A6FF648899E3D2DCA4BBBEF9D"
>El origen de la vida por quimiosíntesis</enlace>
</profundiza><practica>
<enlace
destino="/LoIdRedirect.aspx?LoId=CN_06_01_CO_Recurso180&amp;IdRecurso=RES-F7F95AAE50D7407F8D0C12F33319F1F9"
>El experimento de Miller</enlace>
</practica></seccion3Texto></seccion3><seccion3
id="S3_CN_06_01_CO_4796F075431F44E2B8CE9C1586F2E3C7">
<seccion3Titulo>La panspermia</seccion3Titulo>
<seccion3Texto>
<p>La palabra <negrita>panspermia</negrita>, de origen griego, significa
“<negrita>sembrar en todas direcciones</negrita>”. La teoría de la
panspermia, propuesta a comienzos del siglo XX por el químico sueco <negrita
>Svante August Arrhenius</negrita>, sostiene que la vida llegó a la
Tierra en meteoritos procedentes del espacio exterior, en los que
venían organismos sencillos que encontraron condiciones de vida favorables
en nuestro planeta.   </p>
<p>Esta teoría adquirió nuevamente vigencia cuando la <negrita>NASA</negrita
> anunció en 1996 que en el meteorito ALH84001, procedente de Marte,
se encontró evidencia de actividad de seres vivos y posiblemente algunos
microorganismos fosilizados.  </p>
<p>Otros investigadores sugieren que en los meteoritos solamente llegaron <negrita
>moléculas orgánicas</negrita> que enriquecieron los mares y participaron
en la evolución química de la vida terrestre.</p>
<practica>
<enlace
destino="/LoIdRedirect.aspx?LoId=CN_06_01_CO_Recurso190&amp;IdRecurso=RES-259C8703EFF44578A14356E0BDAEEB20"
>La teoría de la panspermia</enlace>
</practica></seccion3Texto></seccion3><seccion3
id="S3_CN_06_01_CO_CD972DB757554C72A0409D9E8E1F2142">
<seccion3Titulo>¿Cómo creen los científicos que fue el primer ser
vivo?</seccion3Titulo>
<seccion3Texto>
<p> Para tratar de contestar a esta pregunta, es necesario establecer
el número mínimo de características que podrían definir a ese primer
ser vivo. No se nos puede olvidar que este era, seguramente, menos
complejo que una bacteria.  </p>
<p>Al respecto, los científicos están de acuerdo en que existen tres
características, dos de las cuales son obligatorias, y una tercera,
que sin dejar de ser importante, no es por completo necesaria:</p>
<listaSinNumerar>
<listaElemento>Un ser vivo debe ser capaz de <negrita>autorreplicarse</negrita
>, es decir, debe poder copiarse a sí mismo.</listaElemento>
<listaElemento>Debe poseer un <negrita>metabolismo</negrita>. Es decir,
un conjunto mínimo de reacciones químicas que le permitan sintetizar
sustancias complejas a partir de otras más simples, o degradar sustancias
complejas para obtener otras simples.</listaElemento>
<listaElemento>Debe estar rodeado por una <negrita>membrana</negrita
> que lo proteja del medio externo, pero que a su vez le permita intercambiar
sustancias con el exterior.</listaElemento>
</listaSinNumerar>
<p>Según la<negrita> teoría quimiosintética</negrita>, a partir de
los <negrita>ladrillos de la vida</negrita> presentes en el <negrita
>caldo prebiótico</negrita>, se formaron macromoléculas como <negrita
>lípidos</negrita>, <negrita>proteínas</negrita>, <negrita>ácidos
nucleicos</negrita> y <negrita>carbohidratos</negrita>. Los científicos
han investigado estos cuatro grupos de moléculas para determinar en
cuál de ellos podría existir una molécula capaz de <negrita>copiarse
a sí misma</negrita> y de incorporar a su estructura otras moléculas
más pequeñas, es decir, una molécula con <negrita>metabolismo</negrita
>. Sin duda, una molécula así, se consideraría como un <negrita>ser
vivo</negrita>.</p><?Pub Caret 204?>
<imagen src="CN_06_01_CO_img_23_small.jpg">
<p>En un principio se pensó que la molécula con más opción para ser
considerada como “molécula viva” podría ser una <negrita>proteína</negrita
>, pero finalmente se llegó a la conclusión de que debía ser un <negrita
>ácido nucleico</negrita>, específicamente algún tipo de <negrita
>ARN</negrita> con capacidad para copiarse a sí mismo y <negrita>autopolimerizarse</negrita
>; es decir, la capacidad de aumentar su tamaño mediante la adición
de moléculas más pequeñas a su estructura.</p>
</imagen>
<p>Se cree que en un principio esa molécula viva de ARN no necesitaba
rodearse de una membrana protectora, debido a que habitaba entre compuestos
de <negrita>arcilla</negrita>, los cuales le brindaban un ambiente
seguro que le permitía <negrita>autorreplicarse</negrita> y llevar
a cabo su <negrita>metabolismo</negrita>. La hipótesis de que el mundo
estuvo alguna vez poblado por seres vivos de ARN se denomina “<negrita
>hipótesis del mundo de ARN</negrita>”.</p>
<p>Se supone que en algún momento esa molécula viva de <negrita>ARN</negrita
> fue rodeada por una membrana con lo cual surgió, por primera vez
en la historia evolutiva del planeta, una <negrita>célula</negrita
>.</p>
<practica>
<enlace
destino="/LoIdRedirect.aspx?LoId=CN_06_01_CO_Recurso200&amp;IdRecurso=RES-5C16917448A74413AD358307D86F77D2"
>Las características del primer ser vivo</enlace>
</practica></seccion3Texto></seccion3></seccion2Texto></seccion2>
<seccion2 id="S2_CN_06_01_CO_408844A7758244DFBDE8FFF18093ACC6">
<seccion2Titulo>Consolidación</seccion2Titulo>
<seccion2Texto>
<p>Actividades para consolidar lo que has aprendido en esta sección.</p>
<practica>
<enlace
destino="/LoIdRedirect.aspx?LoId=CN_06_01_CO_Recurso210&amp;IdRecurso=RES-7187D12D76D24F3589BCB9FB094C1C8D"
>Refuerza tu aprendizaje: El origen de la vida</enlace>
</practica></seccion2Texto></seccion2></seccion1Texto></seccion1>
<seccion1 id="S1_CN_06_01_CO_BFC987F7EE964785BF8930265F12ED05">
<seccion1Titulo>Competencias</seccion1Titulo>
<seccion1Texto><practica>
<enlace
destino="/LoIdRedirect.aspx?LoId=CN_06_01_CO_Recurso220&amp;IdRecurso=RES-631634928B8442B6AF7FC73CF4C8A8E0"
>Competencias: comprensión del proceso de formación del universo</enlace>
<enlace
destino="/LoIdRedirect.aspx?LoId=CN_06_01_CO_Recurso230&amp;IdRecurso=RES-D39F8E2325C54E76AE04B9D2658A8556"
>Competencias: aprende sobre las zonas habitables del universo</enlace>
<enlace
destino="/LoIdRedirect.aspx?LoId=CN_06_01_CO_Recurso240&amp;IdRecurso=RES-FDFB81B0DC6F4D0189CAAE90046337AD"
>Competencias: observar y aprender con el método científico</enlace>
</practica></seccion1Texto></seccion1><masinformacion
id="MI_CN_06_01_CO_2D11099AC6384964A742D7CCE7F21AAD"><mapaconceptual>
<enlace
destino="/LoIdRedirect.aspx?LoId=CN_06_01_CO_Recurso260&amp;IdRecurso=RES-61407A06836941638FB86EDDBDA0DFEE"
>Mapa Conceptual</enlace></mapaconceptual><autoevaluate><enlace
destino="/LoIdRedirect.aspx?LoId=CN_06_01_CO_Recurso270&amp;IdRecurso=RES-0F0AFA91001142E59C23AC3EF49223D8"
>Evaluación</enlace></autoevaluate><enlacesreferencia>
<enlace destino="http://spaceplace.nasa.gov/sp/">El lugar espacio</enlace>
<enlace destino="http://www.astromia.com/">Astronomía educativa</enlace>
<enlace destino="http://astroseti.org/categoria/origen-de-la-vida "
>Origen de la vida</enlace>
</enlacesreferencia></masinformacion></libro>
