﻿<?xml version="1.0" encoding="utf-8"?><motor tipo="2" clase="c" aprid="m2c">
  <plataforma>
    <grado><![CDATA[2]]></grado>
    <titulo>¿Cómo se originaron el sistema solar y la Tierra?</titulo>
    <area>0</area>
    <nivel>1</nivel>
    <referencia/>
    <idreg><![CDATA[0]]></idreg>
    <motor><![CDATA[M2C]]></motor>
    <lang>es</lang>
  </plataforma>
  <enunciado><![CDATA[Completa el siguiente texto sobre el origen del sistema solar y de la Tierra.]]></enunciado>
  <masinfo inicio="0"/>
  <calc><![CDATA[0]]></calc>
  <sonido/>
  <textoacategoria>
    <cuestion>
      <pregunta><![CDATA[El sistema [*] se originó hace aproximadamente unos 4500 millones de años; este se formó a partir de una nube de [*] que se contrajo lentamente y empezó a rotar bajo la influencia de su propia atracción [*]. En el centro de la nube giratoria se formó el [*], el cual está constituido principalmente por hidrógeno y [*]; alrededor del Sol giraban a gran velocidad grandes masas de gas y de partículas rocosas, las cuales empezaron a fusionarse al punto de dar origen a los [*]. Algunos planetas son gaseosos y otros son rocosos; la Tierra es un planeta [*] que en sus comienzos estaba cubierto de lava y rodeado por una densa [*] de dióxido de carbono y vapor de agua. Con el transcurrir del tiempo, la Tierra se fue enfriando paulatinamente, lo cual permitió la formación de la [*]. Hace unos 3400 millones de años, la actividad volcánica comenzó a hacer surgir del interior del planeta una nueva roca llamada [*]. De esta roca, con el pasar de unos 1000 millones de años, se formaron los primeros continentes. ]]></pregunta>
      <respuestas>
        <respuesta orden="1">
          <opcion correcta="1"><![CDATA[solar]]></opcion>
          <opcion correcta="0"><![CDATA[astronómico]]></opcion>
          <opcion correcta="0"><![CDATA[nebular]]></opcion>
        </respuesta>
        <respuesta orden="2">
          <opcion correcta="0"><![CDATA[ondas]]></opcion>
          <opcion correcta="0"><![CDATA[radiaciones]]></opcion>
          <opcion correcta="1"><![CDATA[gas]]></opcion>
        </respuesta>
        <respuesta orden="3">
          <opcion correcta="0"><![CDATA[estacionaria]]></opcion>
          <opcion correcta="1"><![CDATA[gravitatoria]]></opcion>
          <opcion correcta="0"><![CDATA[oscilante]]></opcion>
        </respuesta>
        <respuesta orden="4">
          <opcion correcta="0"><![CDATA[agujero negro]]></opcion>
          <opcion correcta="0"><![CDATA[núcleo]]></opcion>
          <opcion correcta="1"><![CDATA[Sol]]></opcion>
        </respuesta>
        <respuesta orden="5">
          <opcion correcta="0"><![CDATA[ozono]]></opcion>
          <opcion correcta="0"><![CDATA[oxígeno]]></opcion>
          <opcion correcta="1"><![CDATA[helio]]></opcion>
        </respuesta>
        <respuesta orden="6">
          <opcion correcta="1"><![CDATA[planetas]]></opcion>
          <opcion correcta="0"><![CDATA[meteoritos]]></opcion>
          <opcion correcta="0"><![CDATA[rayos cósmicos]]></opcion>
        </respuesta>
        <respuesta orden="7">
          <opcion correcta="0"><![CDATA[gaseoso]]></opcion>
          <opcion correcta="1"><![CDATA[rocoso]]></opcion>
        </respuesta>
        <respuesta orden="8">
          <opcion correcta="0"><![CDATA[circunferencia]]></opcion>
          <opcion correcta="0"><![CDATA[lluvia]]></opcion>
          <opcion correcta="1"><![CDATA[atmósfera]]></opcion>
        </respuesta>
        <respuesta orden="9">
          <opcion correcta="1"><![CDATA[corteza]]></opcion>
          <opcion correcta="0"><![CDATA[exosfera]]></opcion>
          <opcion correcta="0"><![CDATA[órbita]]></opcion>
        </respuesta>
        <respuesta orden="10">
          <opcion correcta="1"><![CDATA[granito]]></opcion>
          <opcion correcta="0"><![CDATA[mármol]]></opcion>
          <opcion correcta="0"><![CDATA[cuarzo]]></opcion>
        </respuesta>
      </respuestas>
    </cuestion>
  </textoacategoria>
</motor>