<?xml version='1.0' encoding='UTF-8'?><motor tipo="14" clase="a" aprid="m14a">
  <plataforma>
    <grado><![CDATA[2]]></grado>
    <titulo>Las teorías sobre el origen del universo</titulo>
    <area>0</area>
    <nivel>1</nivel>
    <referencia/>
    <idreg><![CDATA[0]]></idreg>
    <motor><![CDATA[M14A]]></motor>
    <lang>es</lang>
  </plataforma>
  <enunciado><![CDATA[Responde las siguientes preguntas acerca de las teorías del origen del universo.]]></enunciado>
  <masinfo inicio="0"/>
  <calc><![CDATA[0]]></calc>
  <estilo><![CDATA[1]]></estilo>
  <intentos><![CDATA[10]]></intentos>
  <numpreguntas><![CDATA[6]]></numpreguntas>
  <preguntas>
    <pregunta enunciado="¿A qué personaje mítico atribuyeron los habitantes de la antigua Grecia el origen del universo?" palabra="Madre Tierra" visibles="at"/>
    <pregunta enunciado="¿Cómo se llama el conjunto de creencias que atribuyen el origen del universo a un creador sobrenatural? " palabra="Creacionismo" visibles="co"/>
    <pregunta enunciado="Además del nacimiento de la ciencia y el método científico, ¿a qué instrumentos se debe que el origen del universo comenzara a ser estudiado por los científicos?" palabra="Microscopio y telescopio" visibles="mt"/>
    <pregunta enunciado="¿Qué teoría sobre el origen del universo sugiere que este se creó a partir de la gran explosión de un átomo primigenio?" palabra="Big Bang" visibles=""/>
    <pregunta enunciado="¿Qué teoría plantea que el universo mantiene sus propiedades generales constantes tanto en el espacio como en el tiempo?" palabra="El universo estacionario" visibles="au"/>
    <pregunta enunciado="En la teoría del universo oscilante, ¿qué nombre se le da al llamado “gran colapso”, en el cual el universo se reducirá al punto en el que se dio origen al Big Bang?" palabra="Big Crunch" visibles="ir"/>
  </preguntas>
</motor>