﻿<?xml version="1.0" encoding="utf-8"?><diaporama autoplay="false" diapoDefaultTimeOut="false" effectDefaultTimeOut="1500" textDefaultTimeOut="1000" toolbarAlign="LeftBottom" toolbarColor="Black" toolbarCounter="false" toolbarCounterColor="White" toolbarMargin="40,40,40,40" fotoMargin="160,160,160,160" textMargin="40,40,40,80" aprid="diaporama"><diapo foto="cn_06_01_co_rec10_img01.jpg" ><texto type="Verdana" size="30" style="Bold" color="Black" align="CenterTop" >La teoría del Big Bang en siete etapas</texto></diapo><diapo foto="cn_06_01_co_rec10_img02.jpg" ><texto type="Verdana" size="22" style="Normal" color="Black" align="CenterTop" >1. Inicia la expansión del universo conocida como &quot;inflación&quot;. La temperatura era extremadamente alta.</texto></diapo><diapo foto="cn_06_01_co_rec10_img03.jpg" ><texto type="Verdana" size="22" style="Normal" color="Black" align="CenterTop" >2. Etapa llamada posinflación. El universo era como una sopa caliente de partículas, quarks y electrones.</texto></diapo><diapo foto="cn_06_01_co_rec10_img04.jpg" ><texto type="Verdana" size="22" style="Normal" color="White" align="CenterTop" >3. Se presentó un descenso en la temperatura y se formaron los protones y neutrones. </texto></diapo><diapo foto="cn_06_01_co_rec10_img05.jpg" ><texto type="Verdana" size="22" style="Normal" color="Black" align="CenterTop" >4. El universo se tornó en una niebla densa y caliente. Las altas temperaturas impidieron la formación de átomos.</texto></diapo><diapo foto="cn_06_01_co_rec10_img06.jpg" ><texto type="Verdana" size="22" style="Normal" color="White" align="CenterTop" >5. 300 000 años después del Big Bang se formaron los átomos de hidrógeno y de helio. Empezó a brillar la luz. </texto></diapo><diapo foto="cn_06_01_co_rec10_img07.jpg" ><texto type="Verdana" size="22" style="Normal" color="Black" align="CenterTop" >6. 1000 millones de años después del inicio del Big Bang. La temperatura tuvo un descenso a -200 °C. Se formaron las primeras galaxias.</texto></diapo><diapo foto="cn_06_01_co_rec10_img08.jpg" ><texto type="Verdana" size="22" style="Normal" color="Black" align="CenterTop" >7. Luego de 13 000 mil millones de años del inicio del Big Bang, han muerto varias generaciones de estrellas y sus elementos se han reutilizado en la formación de planetas y nuevas estrellas.</texto></diapo></diaporama>