﻿<?xml version="1.0" encoding="UTF-8"?>
<motor codigo="FQ_10_13_08" aprid="FQ_10_13_08">
  <seed>8658</seed>
  <nombre>Practica la formulación en química orgánica</nombre>
  <pista>
    <activa>1</activa>
    <texto>Elige la respuesta que más se aproxime al resultado que has obtenido.</texto>
  </pista>
  <qOperaciones>6</qOperaciones>
  <generico>Elige el nombre que corresponde a cada fórmula desarrollada.</generico>
  <formulas>
    <enunciado>1_2_4-trimetilbenceno,1_2_4-trimetilciclohexano,1_4_6-trimetilbenceno,1_3_4-trimetilciclohexeno</enunciado>
    <enunciado>3-etil-5-metilheptano,2_4-dietilhexano,3_5-dietilhexano,3_2-etil-propilbutano</enunciado>
    <enunciado>fenantreno,naftaleno,antraceno,fenil-naftaleno</enunciado>
    <enunciado>1_3_5-hexatrieno,1_4_6-hexatrieno,3-hexino,3_5-hexeno</enunciado>
    <enunciado>2-bromo-3-metilbutano,3-bromo-2-metilbutano,2-bromopentano,bromometilbutano</enunciado>
    <enunciado>ciclobuteno,ciclobutino,2-ciclobuteno,2-ciclobutino</enunciado>
    <enunciado>1_3-butadiino,1_3-propadiino,1_3-butadieno,butadieno</enunciado>
    <enunciado>2-ciclohexil-2-fenilpropano,dimetilbenceno,dimetilnaftaleno,dimetilantraceno</enunciado>
    <enunciado>1_3-octadien-5_7-diino,octadieno,octadiino,1_3_5_7-octatriino</enunciado>
    <enunciado>ciclohexano,benceno,ciclohexeno,hexano</enunciado>
    <enunciado>2-ciclopentilpentano,2-fenilpentano,4-ciclopentilpentano,4-fenilpentano</enunciado>
    <enunciado>1_3-pentadiino,2_4-pentadiino,1_3-pentadieno,3-pentadiino</enunciado>
    <enunciado>fluorometano,fluoruro de metilo,fluoruro de carbono,fluoruro de metileno</enunciado>
    <enunciado>1_4-hexadieno,2_5-hexadieno,4-hexadieno,2_5-hexadiino</enunciado>
    <enunciado>2-etil-3_4-diyodo-1-buteno,1_2-diyodo-3-metilpenteno,1_2-diyodo-3-etilbueno,2-etil-3_4-diyodo-1-butino</enunciado>
    <enunciado>2-hexino,2-hexeno,1-metilbutino,5-hexino</enunciado>
    <enunciado>o-diclorobenceno,m-diclorobenceno,p-diclorobenceno,o-diclorociclohexano</enunciado>
    <enunciado>2-penteno,3-penteno,2-pentino,3-pentino</enunciado>
    <enunciado>3_3-dimetil-1-butino,2_2-dimetil-1-butino,2_2-dimetil-3-butino,2-etil-1-butino</enunciado>
    <enunciado>3-ciclobutil-2-metilpentano,3-ciclopropil-2-metilpentano,3-ciclobutil-4-metilpentano,pentilciclobutano</enunciado>
    <enunciado>3-cloro-1-propeno,clorobutano,cloropropeno,2-clorobuteno</enunciado>
    <enunciado>3-etil-2-hexeno,3-etil-3-hexeno,3-etinilhexeno,3-etil-3-metilpropeno</enunciado>
    <enunciado>benceno,fenilo,ciclohexano,ciclohexeno</enunciado>
    <enunciado>3-etil-2-metilpentano,2-etil-3-metilpentano,3-1-metiletilpentano,2-1-etilpropilpropano</enunciado>
    <enunciado>propeno,metileteno,eteniletano,propino</enunciado>
    <enunciado>3-etil-5-metilheptano,2_4-dietilhexano,3-etil-6-metilheptano,3_5-dietilhexano</enunciado>
    <enunciado>3-metil-1_3_7-octatrien-5-ino,3-metiloctatrieno,3-metiloctatriino,2-metilheptadieno</enunciado>
    <enunciado>3-metil-1-penteno,3-etil-1-penteno,3-etil-1-buteno,3-etil-1-butano</enunciado>
    <enunciado>3-metilhexano,2-etilpentano,2-propilbutano,4-metilhexano</enunciado>
    <enunciado>4-etilciclohexeno,3-etilciclohexeno,3-etilbenceno,feniletano</enunciado>
    <enunciado>4-etinil-2_5-octadieno,3-butenilhexadieno,3-butenilhexadiino,3-propenilheptadieno</enunciado>
    <enunciado>4-metildecano,7-metildecano,7-propiloctano,2-propiloctano</enunciado>
    <enunciado>5-cloro-3-hexen-1-ino,1_1-cloroetilhexadieno,1_1-cloroetilhexadieno,clorometilpentadieno</enunciado>
    <enunciado>5-etil-1_3_3-trimetil-1-ciclohexeno,1-etil-3_5_5-trimetil-3-ciclohexeno,1-etil-3_5_5-trimetilciclohexano,1-etil-3_5_5-trimetilbenceno</enunciado>
    <enunciado>antraceno,fenantreno,naftaleno,tribenceno</enunciado>
    <enunciado>dodecano,decano,dimetildecano,etildecano</enunciado>
    <enunciado>metano,etano,carburo de hidrógeno,hidruro de carbono</enunciado>
    <enunciado>naftaleno,antraceno,fenantreno,fenil_naftaleno</enunciado>
  </formulas>
</motor>