﻿<?xml version="1.0" encoding="utf-8"?><engine copy="Editorial Planeta" version="1" aprid="f7"><main layout="0">
<title>Los líquidos </title>
<footer>Selecciona una imagen</footer>
</main>
<sections>
<section i="0" star="false" hasSubsections="true">
<menuImage path="CN_10_15_REC_10_IMG01.jpg" border="0">
<title><![CDATA[Propiedades]]></title>
</menuImage>
<submenu>
<main layout="5">
<title>Propiedades de los líquidos</title>
<footer>Selecciona una imagen</footer>
</main>
<sections>
<section i="0" star="false" hasSubsections="false">
<menuImage path="CN_10_15_REC_10_IMG03.jpg" border="0">
<title><![CDATA[Volumen]]></title>
</menuImage>
<pages>
<page i="0" visible="true" color="#EFF5E3">
<title>Volumen</title>
<description><![CDATA[<p><span style="font-size:20px;"><span style="font-family:verdana,geneva,sans-serif;">Los l&iacute;quidos se caracterizan por tener volumen constante, debido a las fuerzas de cohesi&oacute;n que mantiene a las mol&eacute;culas juntas.</span></span></p>
]]></description>
<images>
<image path="CN_10_15_REC_10_IMG10n.jpg" border = "0" pathbig="CN_10_15_REC_10_IMG10a.jpg">
<title></title>
</image>
</images>
</page>
</pages>
</section><section i="0" star="false" hasSubsections="false">
<menuImage path="CN_10_15_REC_10_IMG04.jpg" border="0">
<title><![CDATA[Forma]]></title>
</menuImage>
<pages>
<page i="0" visible="true" color="#EFF5E3">
<title>Forma</title>
<description><![CDATA[<p><span style="font-size:20px;"><span style="font-family:verdana,geneva,sans-serif;">Los l&iacute;quidos adoptan la forma del recipiente que los contenga, pues las fuerzas de cohesi&oacute;n moderadas permiten que las mol&eacute;culas fluyan aleatoriamente en espacios cercanos.&nbsp;</span></span></p>
]]></description>
<images>
<image path="CN_10_15_REC_10_IMG11n.jpg" border = "0" pathbig="CN_10_15_REC_10_IMG11a.jpg">
<title></title>
</image>
</images>
</page>
</pages>
</section><section i="0" star="false" hasSubsections="false">
<menuImage path="CN_10_15_REC_10_IMG05.jpg" border="0">
<title><![CDATA[Tensión superficial]]></title>
</menuImage>
<pages>
<page i="0" visible="true" color="#EFF5E3">
<title>Tensión superficial</title>
<description><![CDATA[<p><span style="font-size:20px;"><span style="font-family:verdana,geneva,sans-serif;">Debido a las fuerzas intermoleculares, se establece una atracci&oacute;n entre&nbsp;las mol&eacute;culas que se encuentran en la superficie&nbsp;hacia el interior del l&iacute;quido, generando una pel&iacute;cula el&aacute;stica en la misma.</span></span></p>
]]></description>
<images>
<image path="CN_10_15_REC_10_IMG12n.jpg" border = "0" pathbig="CN_10_15_REC_10_IMG12a.jpg">
<title></title>
</image>
</images>
</page>
</pages>
</section><section i="0" star="false" hasSubsections="false">
<menuImage path="CN_10_15_REC_10_IMG06.jpg" border="0">
<title><![CDATA[Capilaridad]]></title>
</menuImage>
<pages>
<page i="0" visible="true" color="#EFF5E3">
<title>Capilaridad</title>
<description><![CDATA[<p><span style="font-size:20px;"><span style="font-family:verdana,geneva,sans-serif;">La capilaridad se produce por la fuerzas de cohesi&oacute;n y adhesi&oacute;n. Produce&nbsp;el ascenso de un l&iacute;quido por un tubo fino o capilar hasta cuando se presenta un&nbsp;equilibrio entre la tensi&oacute;n superficial y el peso del l&iacute;quido.&nbsp;</span></span></p>
]]></description>
<images>
<image path="CN_10_15_REC_10_IMG13n.jpg" border = "0" pathbig="CN_10_15_REC_10_IMG13a.jpg">
<title></title>
</image>
</images>
</page>
</pages>
</section><section i="0" star="false" hasSubsections="false">
<menuImage path="CN_10_15_REC_10_IMG07.jpg" border="0">
<title><![CDATA[Viscosidad]]></title>
</menuImage>
<pages>
<page i="0" visible="true" color="#EFF5E3">
<title>Viscosidad</title>
<description><![CDATA[<p><span style="font-size:20px;"><span style="font-family:verdana,geneva,sans-serif;">Es la resistencia que presentan los l&iacute;quidos a fluir. La viscosidad de un l&iacute;quido se relaciona con las fuerzas intermoleculares, pues entre m&aacute;s fuertes son estas, el l&iacute;quido ser&aacute; m&aacute;s viscoso.&nbsp;</span></span></p>
]]></description>
<images>
<image path="CN_10_15_REC_10_IMG14n.jpg" border = "0" pathbig="CN_10_15_REC_10_IMG14a.jpg">
<title></title>
</image>
</images>
</page>
</pages>
</section><section i="0" star="false" hasSubsections="false">
<menuImage path="CN_10_15_REC_10_IMG08.jpg" border="0">
<title><![CDATA[Presión de vapor]]></title>
</menuImage>
<pages>
<page i="0" visible="true" color="#EFF5E3">
<title>Presión de vapor</title>
<description><![CDATA[<p><span style="font-size:20px;"><span style="font-family:verdana,geneva,sans-serif;">Es la presi&oacute;n que ejerce el vapor cuando se igualan las velocidades de las mol&eacute;culas que se evaporan y las mol&eacute;culas que se condensan en una sustancia, lo cual se conoce como <strong>equilibrio din&aacute;mico</strong> entre las fases l&iacute;quida y gaseosa.</span></span></p>
]]></description>
<images>
<image path="CN_10_15_REC_10_IMG15n.jpg" border = "0" pathbig="CN_10_15_REC_10_IMG15a.jpg">
<title></title>
</image>
</images>
</page>
</pages>
</section><section i="0" star="false" hasSubsections="false">
<menuImage path="CN_10_15_REC_10_IMG09.jpg" border="0">
<title><![CDATA[Punto de ebullición]]></title>
</menuImage>
<pages>
<page i="0" visible="true" color="#EFF5E3">
<title>Punto de ebullición</title>
<description><![CDATA[<p><span style="font-size:20px;"><span style="font-family:verdana,geneva,sans-serif;">Corresponde a la <strong>temperatura</strong> en&nbsp;la cual se igualan la presi&oacute;n de vapor del l&iacute;quido y&nbsp;la presi&oacute;n atmosf&eacute;rica. El punto de ebullici&oacute;n de una sustancia&nbsp;var&iacute;a, dependiendo del lugar en donde esta se encuentre.</span></span></p>
]]></description>
<images>
<image path="CN_10_15_REC_10_IMG16n.jpg" border = "0" pathbig="CN_10_15_REC_10_IMG16a.jpg">
<title></title>
</image>
</images>
</page>
</pages>
</section></sections>
</submenu>
</section><section i="0" star="false" hasSubsections="false">
<menuImage path="CN_10_15_REC_10_IMG02.jpg" border="0">
<title><![CDATA[El agua]]></title>
</menuImage>
<pages>
<page i="0" visible="true" color="#EFF5E3">
<title>El agua</title>
<description><![CDATA[<ul>
	<li><span style="font-size:20px;"><span style="font-family:verdana,geneva,sans-serif;">Es la sustancia esencial en todos los procesos bioqu&iacute;micos que realizan los seres vivos.&nbsp;</span></span></li>
	<li><span style="font-size:20px;"><span style="font-family:verdana,geneva,sans-serif;">Aproximadamente el 70% de la superficie terrestre est&aacute; cubierta de agua;&nbsp;de esta el 97,5% es agua salada y solo el 2,5% corresponde al&nbsp;agua dulce.</span></span></li>
	<li><span style="font-size:20px;"><span style="font-family:verdana,geneva,sans-serif;">En condiciones est&aacute;ndar de presi&oacute;n (1 atm), presenta un punto de fusi&oacute;n de 0 &deg;C y un punto de ebullici&oacute;n de 100 &deg;C.&nbsp;El agua cristaliza en el sistema hexagonal y aumenta su volumen al congelarse.</span></span></li>
	<li><span style="font-size:20px;"><span style="font-family:verdana,geneva,sans-serif;">El agua act&uacute;a como disolvente universal de los compuestos i&oacute;nicos e interact&uacute;a a trav&eacute;s de puentes de hidr&oacute;geno con gran cantidad de sustancias.</span></span></li>
</ul>
]]></description>
<images>
<image path="CN_10_15_REC_10_IMG17n.jpg" border = "0" pathbig="CN_10_15_REC_10_IMG17a.jpg">
<title></title>
</image>
</images>
</page>
<page i="0" visible="true" color="#EFF5E3">
<title>El agua</title>
<description><![CDATA[<p></p>

<ul>
	<li style="margin-left: 18pt;"><span style="font-size:20px;"><span style="font-family:verdana,geneva,sans-serif;">Es la &uacute;nica sustancia que se encuentra en la naturaleza en los tres estados de agregaci&oacute;n.</span></span><br />
	&nbsp;</li>
	<li style="margin-left: 18pt;"><span style="font-size:20px;"><span style="font-family:verdana,geneva,sans-serif;">En estado s&oacute;lido presenta menos densidad que en estado l&iacute;quido.</span></span></li>
</ul>

<p><span style="font-size:20px;"><span style="font-family:verdana,geneva,sans-serif;">&nbsp;</span></span></p>
]]></description>
<images>
<image path="CN_10_15_REC_10_IMG19n.jpg" border = "0" pathbig="CN_10_15_REC_10_IMG19a.jpg">
<title></title>
</image>
</images>
</page>
<page i="0" visible="true" color="#EFF5E3">
<title>El agua</title>
<description><![CDATA[<p></p>

<ul>
	<li><span style="font-size:20px;"><span style="font-family:verdana,geneva,sans-serif;">El agua puede <strong>absorber calor</strong>, lo cual eleva la temperatura y rompe los puentes de hidr&oacute;geno que hay entre las&nbsp;mol&eacute;culas.</span></span><br />
	&nbsp;</li>
	<li><span style="font-size:20px;"><span style="font-family:verdana,geneva,sans-serif;">El agua puede <strong>ceder calor</strong> al ambiente, de manera que&nbsp;disminuye ligeramente su temperatura.&nbsp;</span></span></li>
</ul>
]]></description>
<images>
<image path="CN_10_15_REC_10_IMG18n.jpg" border = "0" pathbig="CN_10_15_REC_10_IMG18a.jpg">
<title></title>
</image>
</images>
</page>
</pages>
</section></sections>
</engine>