<?xml version='1.0' encoding='UTF-8'?><mapa aprid="mapa">
  <copyright>(c) Editorial Planeta</copyright>
  <version>1.0</version>
  <botonMapaConceptual>mostrar</botonMapaConceptual>
  <botonMapaMudo>ocultar</botonMapaMudo>
  <botonMudo>0</botonMudo>
  <objeto>
    <ref>00</ref>
    <texto>La química cuantitativa</texto>
    <hijos>10</hijos>
    <padre/>
    <siz>0</siz>
    <negcur>00000000000000000000000</negcur>
    <cen>1</cen>
    <img/>
    <audio/>
  </objeto>
  <objeto>
    <ref>10</ref>
    <texto>trabaja</texto>
    <hijos>20</hijos>
    <padre>00</padre>
    <siz>14</siz>
    <negcur>0000000</negcur>
    <cen>1</cen>
    <img/>
    <audio/>
  </objeto>
  <objeto>
    <ref>20</ref>
    <texto>Cantidades químicas</texto>
    <hijos>30,31</hijos>
    <padre>10</padre>
    <siz>0</siz>
    <negcur>0000000000000000000</negcur>
    <cen>1</cen>
    <img/>
    <audio/>
  </objeto>
  <objeto>
    <ref>30</ref>
    <texto>se obtienen con</texto>
    <hijos>40</hijos>
    <padre>20</padre>
    <siz>0</siz>
    <negcur>000000000000000</negcur>
    <cen>1</cen>
    <img/>
    <audio/>
  </objeto>
  <objeto>
    <ref>40</ref>
    <texto>factores de 
conversión</texto>
    <hijos/>
    <padre>30</padre>
    <siz>0</siz>
    <negcur>00000000000000000000000</negcur>
    <cen>1</cen>
    <img/>
    <audio/>
  </objeto>
  <objeto>
    <ref>31</ref>
    <texto>como</texto>
    <hijos>41,42,43</hijos>
    <padre>20</padre>
    <siz>0</siz>
    <negcur>0000</negcur>
    <cen>1</cen>
    <img/>
    <audio/>
  </objeto>
  <objeto>
    <ref>41</ref>
    <texto>composición
porcentual</texto>
    <hijos>50,51</hijos>
    <padre>31</padre>
    <siz>0</siz>
    <negcur>0000000000000000000000</negcur>
    <cen>1</cen>
    <img/>
    <audio/>
  </objeto>
  <objeto>
    <ref>50</ref>
    <texto>sirve para</texto>
    <hijos>60</hijos>
    <padre>41</padre>
    <siz>0</siz>
    <negcur>0000000000</negcur>
    <cen>1</cen>
    <img/>
    <audio/>
  </objeto>
  <objeto>
    <ref>60</ref>
    <texto>reconocer el
% de los 
elementos</texto>
    <hijos>71</hijos>
    <padre>50</padre>
    <siz>0</siz>
    <negcur>00000000000000000000000000000000</negcur>
    <cen>1</cen>
    <img/>
    <audio/>
  </objeto>
  <objeto>
    <ref>51</ref>
    <texto>permite hallar la</texto>
    <hijos>61</hijos>
    <padre>41</padre>
    <siz>0</siz>
    <negcur>00000000000000000</negcur>
    <cen>1</cen>
    <img/>
    <audio/>
  </objeto>
  <objeto>
    <ref>61</ref>
    <texto>fórmula
empírica</texto>
    <hijos>70</hijos>
    <padre>51</padre>
    <siz>0</siz>
    <negcur>0000000000000000</negcur>
    <cen>1</cen>
    <img/>
    <audio/>
  </objeto>
  <objeto>
    <ref>70</ref>
    <texto>a partir de esta
 se calcula la</texto>
    <hijos>80</hijos>
    <padre>61</padre>
    <siz>0</siz>
    <negcur>0000000000000000000000000000000</negcur>
    <cen>1</cen>
    <img/>
    <audio/>
  </objeto>
  <objeto>
    <ref>80</ref>
    <texto>fórmula
molecular</texto>
    <hijos/>
    <padre>70</padre>
    <siz>0</siz>
    <negcur>00000000000000000</negcur>
    <cen>1</cen>
    <img/>
    <audio/>
  </objeto>
  <objeto>
    <ref>71</ref>
    <texto>en los</texto>
    <hijos>81</hijos>
    <padre>60</padre>
    <siz>0</siz>
    <negcur>000000</negcur>
    <cen>1</cen>
    <img/>
    <audio/>
  </objeto>
  <objeto>
    <ref>81</ref>
    <texto>compuestos</texto>
    <hijos/>
    <padre>71</padre>
    <siz>0</siz>
    <negcur>0000000000</negcur>
    <cen>1</cen>
    <img/>
    <audio/>
  </objeto>
  <objeto>
    <ref>42</ref>
    <texto>mol</texto>
    <hijos>52,53</hijos>
    <padre>31</padre>
    <siz>0</siz>
    <negcur>000</negcur>
    <cen>1</cen>
    <img/>
    <audio/>
  </objeto>
  <objeto>
    <ref>52</ref>
    <texto>su</texto>
    <hijos>62</hijos>
    <padre>42</padre>
    <siz>0</siz>
    <negcur>00</negcur>
    <cen>1</cen>
    <img/>
    <audio/>
  </objeto>
  <objeto>
    <ref>62</ref>
    <texto>masa en 
gramos</texto>
    <hijos>72</hijos>
    <padre>52</padre>
    <siz>0</siz>
    <negcur>000000000000000</negcur>
    <cen>1</cen>
    <img/>
    <audio/>
  </objeto>
  <objeto>
    <ref>72</ref>
    <texto>es</texto>
    <hijos>82</hijos>
    <padre>62</padre>
    <siz>0</siz>
    <negcur>00</negcur>
    <cen>1</cen>
    <img/>
    <audio/>
  </objeto>
  <objeto>
    <ref>82</ref>
    <texto>masa molar
(g/mol)</texto>
    <hijos/>
    <padre>72</padre>
    <siz>0</siz>
    <negcur>000000000000000000</negcur>
    <cen>1</cen>
    <img/>
    <audio/>
  </objeto>
  <objeto>
    <ref>43</ref>
    <texto>masa atómica
relativa</texto>
    <hijos>54,55,56</hijos>
    <padre>31</padre>
    <siz>0</siz>
    <negcur>000000000000000000000</negcur>
    <cen>1</cen>
    <img/>
    <audio/>
  </objeto>
  <objeto>
    <ref>54</ref>
    <texto>es el</texto>
    <hijos>64</hijos>
    <padre>43</padre>
    <siz>0</siz>
    <negcur>00000</negcur>
    <cen>1</cen>
    <img/>
    <audio/>
  </objeto>
  <objeto>
    <ref>64</ref>
    <texto>promedio de
las masas</texto>
    <hijos>74</hijos>
    <padre>54</padre>
    <siz>0</siz>
    <negcur>000000000000000000000</negcur>
    <cen>1</cen>
    <img/>
    <audio/>
  </objeto>
  <objeto>
    <ref>55</ref>
    <texto>se encuentra en la</texto>
    <hijos>65</hijos>
    <padre>43</padre>
    <siz>0</siz>
    <negcur>000000000000000000</negcur>
    <cen>1</cen>
    <img/>
    <audio/>
  </objeto>
  <objeto>
    <ref>65</ref>
    <texto>tabla
periódica</texto>
    <hijos/>
    <padre>55</padre>
    <siz>0</siz>
    <negcur>000000000000000</negcur>
    <cen>1</cen>
    <img/>
    <audio/>
  </objeto>
  <objeto>
    <ref>56</ref>
    <texto>permite calcular la</texto>
    <hijos>66</hijos>
    <padre>43</padre>
    <siz>0</siz>
    <negcur>0000000000000000000</negcur>
    <cen>1</cen>
    <img/>
    <audio/>
  </objeto>
  <objeto>
    <ref>66</ref>
    <texto>masa 
molecular</texto>
    <hijos/>
    <padre>56</padre>
    <siz>0</siz>
    <negcur>000000000000000</negcur>
    <cen>1</cen>
    <img/>
    <audio/>
  </objeto>
  <objeto>
    <ref>74</ref>
    <texto>de los</texto>
    <hijos>84</hijos>
    <padre>64</padre>
    <siz>0</siz>
    <negcur>000000</negcur>
    <cen>1</cen>
    <img/>
    <audio/>
  </objeto>
  <objeto>
    <ref>84</ref>
    <texto>isótopos</texto>
    <hijos/>
    <padre>74</padre>
    <siz>0</siz>
    <negcur>00000000</negcur>
    <cen>1</cen>
    <img/>
    <audio/>
  </objeto>
  <objeto>
    <ref>53</ref>
    <texto>contiene</texto>
    <hijos>63</hijos>
    <padre>42</padre>
    <siz>0</siz>
    <negcur>00000000</negcur>
    <cen>1</cen>
    <img/>
    <audio/>
  </objeto>
  <objeto>
    <ref>63</ref>
    <texto/>
    <hijos>73</hijos>
    <padre>53</padre>
    <siz>0</siz>
    <negcur/>
    <cen>1</cen>
    <img>mapaconceptual_cn_10_12_formula1.gif</img>
    <audio/>
  </objeto>
  <objeto>
    <ref>73</ref>
    <texto>que pueden ser</texto>
    <hijos>83</hijos>
    <padre>63</padre>
    <siz>0</siz>
    <negcur>00000000000000</negcur>
    <cen>1</cen>
    <img/>
    <audio/>
  </objeto>
  <objeto>
    <ref>83</ref>
    <texto>· átomos
· moléculas
· iones</texto>
    <hijos/>
    <padre>73</padre>
    <siz>0</siz>
    <negcur>0000000000000000000000000000</negcur>
    <cen>0</cen>
    <img/>
    <audio/>
  </objeto>
</mapa>