﻿<?xml version="1.0" encoding="utf-8"?>
<engine copy="Editorial Planeta" version="1" aprid="f6">
  <main layout="7">
    <title>Los gametos</title>
    <footer>Selecciona una imagen</footer>
  </main>
  <sections>
    <section i="0" star="false" hasSubsections="false">
      <menuImage path="medias/mainMenu_0.jpg" border="false">
        <title><![CDATA[<p><span>Espermatozoides</span></p>]]></title>
      </menuImage>
      <pages>
        <page i="0" visible="true" color="#FCDDD6">
          <title>
          </title>
          <description><![CDATA[<p><span style="font-weight: bold; ;font-family: Verdana,Arial,sans-serif; font-size: 18px;">Espermatozoides</span></p>

<ul>
	<li><span style="font-family: Verdana,Arial,sans-serif; font-size: 18px;">Gametos masculinos.</span></li>
</ul>

<ul>
	<li><span style="font-family: Verdana,Arial,sans-serif; font-size: 18px;">Se producen en los test&iacute;culos.</span></li>
</ul>

<ul>
	<li><span style="font-family: Verdana,Arial,sans-serif; font-size: 18px;">Aportan la informaci&oacute;n gen&eacute;tica proveniente&nbsp;del padre.</span></li>
</ul>

<ul>
	<li><span style="font-family: Verdana,Arial,sans-serif; font-size: 18px;">Son muy peque&ntilde;os y m&oacute;viles.</span></li>
</ul>
]]></description>
          <images>
            <image path="section_0_1_page1.jpg" border="0" pathbig="section_0_1_page1_big.jpg">
              <title><![CDATA[]]></title>
            </image>
          </images>
        </page>
        <page i="0" visible="true" color="#FCDDD6">
          <title>
          </title>
          <description><![CDATA[<p><span style="font-weight: bold; ;font-family: Verdana,Arial,sans-serif; font-size: 18px;">Estructura</span></p><ul><li><span style="font-weight: bold; ;font-family: Verdana,Arial,sans-serif; font-size: 18px;">Cabeza</span><span style="font-family: Verdana,Arial,sans-serif; font-size: 18px;">: contiene el núcleo con el material genético y un capuchón con las enzimas necesarias para romper la pared del óvulo.</span></li></ul><ul><li><span style="font-weight: bold; ;font-family: Verdana,Arial,sans-serif; font-size: 18px;">Pieza intermedia</span><span style="font-family: Verdana,Arial,sans-serif; font-size: 18px;">: zona cilíndrica situada debajo de la cabeza. En ella se encuentran las mitocondrias que generan la energía necesaria para el desplazamiento.</span></li></ul><ul><li><span style="font-weight: bold; ;font-family: Verdana,Arial,sans-serif; font-size: 18px;">Cola</span><span style="font-family: Verdana,Arial,sans-serif; font-size: 18px;">: largo flagelo que mediante su ondulación permite el movimiento del espermatozoide.</span></li></ul>]]></description>
          <images>
            <image path="medias/section_0_1_page2.jpg" border="true" pathbig="medias/section_0_1_page2_big.jpg">
              <title><![CDATA[]]></title>
            </image>
          </images>
        </page>
        <page i="0" visible="true" color="#FCDDD6">
          <title>
          </title>
          <description><![CDATA[<p><span style="font-weight: bold; ;font-family: Verdana,Arial,sans-serif; font-size: 18px;">Espermatogénesis</span></p><ul><li><span style="font-family: Verdana,Arial,sans-serif; font-size: 18px;">Es la formación de espermatozoides.</span></li></ul><ul><li><span style="font-family: Verdana,Arial,sans-serif; font-size: 18px;">Comienza en la </span><span style="font-weight: bold; ;font-family: Verdana,Arial,sans-serif; font-size: 18px;">pubertad</span><span style="font-family: Verdana,Arial,sans-serif; font-size: 18px;"> y se mantiene durante toda la vida del hombre.</span></li></ul><ul><li><span style="font-family: Verdana,Arial,sans-serif; font-size: 18px;">De una célula inicial se generan cuatro espermatozoides por </span><span style="font-weight: bold; ;font-family: Verdana,Arial,sans-serif; font-size: 18px;">meiosis</span><span style="font-family: Verdana,Arial,sans-serif; font-size: 18px;">.</span></li></ul><ul><li><span style="font-family: Verdana,Arial,sans-serif; font-size: 18px;">El proceso se inicia en los </span><span style="font-weight: bold; ;font-family: Verdana,Arial,sans-serif; font-size: 18px;">túbulos seminíferos</span><span style="font-family: Verdana,Arial,sans-serif; font-size: 18px;"> de los testículos.</span></li></ul><ul><li><span style="font-family: Verdana,Arial,sans-serif; font-size: 18px;">La maduración final se produce en el </span><span style="font-weight: bold; ;font-family: Verdana,Arial,sans-serif; font-size: 18px;">epidídimo</span><span style="font-family: Verdana,Arial,sans-serif; font-size: 18px;">.</span></li></ul>]]></description>
          <images>
            <image path="medias/section_0_1_page3.jpg" border="false" pathbig="medias/section_0_1_page3_big.jpg">
              <title><![CDATA[]]></title>
            </image>
          </images>
        </page>
      </pages>
    </section>
    <section i="0" star="false" hasSubsections="false">
      <menuImage path="medias/mainMenu_1.jpg" border="false">
        <title><![CDATA[<p><span>Óvulos</span></p>]]></title>
      </menuImage>
      <pages>
        <page i="0" visible="true" color="#D5E8F0">
          <title>
          </title>
          <description><![CDATA[<p><span style="font-weight: bold; ;font-family: Verdana,Arial,sans-serif; font-size: 18px;">&Oacute;vulos</span></p>

<ul>
	<li><span style="font-family: Verdana,Arial,sans-serif; font-size: 18px;">Gametos femeninos.</span></li>
</ul>

<ul>
	<li><span style="font-family: Verdana,Arial,sans-serif; font-size: 18px;">Tienen un gran tama&ntilde;o, miden 1 mm aproximadamente.</span></li>
</ul>

<ul>
	<li><span style="font-family: Verdana,Arial,sans-serif; font-size: 18px;">Se generan en los ovarios.</span></li>
</ul>

<ul>
	<li><span style="font-family: Verdana,Arial,sans-serif; font-size: 18px;">Contienen la informaci&oacute;n&nbsp;gen&eacute;tica proveniente&nbsp;de la madre.</span></li>
</ul>
]]></description>
          <images>
            <image path="section_1_1_page1.jpg" border="0" pathbig="section_1_1_page1_big.jpg">
              <title><![CDATA[]]></title>
            </image>
          </images>
        </page>
        <page i="0" visible="true" color="#D5E8F0">
          <title>
          </title>
          <description><![CDATA[<p><span style="font-weight: bold; ;font-family: Verdana,Arial,sans-serif; font-size: 18px;">Estructura</span></p>

<ul>
	<li><span style="font-weight: bold; ;font-family: Verdana,Arial,sans-serif; font-size: 18px;">N&uacute;cleo</span><span style="font-family: Verdana,Arial,sans-serif; font-size: 18px;">: zona del &oacute;vulo donde se encuentran los cromosomas maternos.</span></li>
</ul>

<ul>
	<li><span style="font-weight: bold; ;font-family: Verdana,Arial,sans-serif; font-size: 18px;">Citoplasma</span><span style="font-family: Verdana,Arial,sans-serif; font-size: 18px;">: contiene sustancias nutritivas que servir&aacute;n para aportar energ&iacute;a al futuro embri&oacute;n.</span></li>
</ul>

<ul>
	<li><span style="font-weight: bold; ;font-family: Verdana,Arial,sans-serif; font-size: 18px;">Zona pel&uacute;cida</span><span style="font-family: Verdana,Arial,sans-serif; font-size: 18px;">: capa externa&nbsp;que rodea&nbsp;y protege&nbsp;al &oacute;vulo. Cuando el &oacute;vulo es fecundado, se endurece.</span></li>
</ul>

<ul>
	<li><span style="font-weight: bold; ;font-family: Verdana,Arial,sans-serif; font-size: 18px;">Corona radiata</span><span style="font-family: Verdana,Arial,sans-serif; font-size: 18px;">: capa m&aacute;s externa de c&eacute;lulas que rodea al &oacute;vulo.</span></li>
</ul>
]]></description>
          <images>
            <image path="section_1_1_page2.jpg" border="1" pathbig="section_1_1_page2_big.jpg">
              <title><![CDATA[]]></title>
            </image>
          </images>
        </page>
        <page i="0" visible="true" color="#D5E8F0">
          <title>
          </title>
          <description><![CDATA[<p><span style="font-weight: bold; ;font-family: Verdana,Arial,sans-serif; font-size: 18px;">Ovog&eacute;nesis</span></p>

<ul>
	<li><span style="font-family: Verdana,Arial,sans-serif; font-size: 18px;">Es la formaci&oacute;n de <strong>gametos femeninos</strong> (<strong>&oacute;vulos</strong>).</span></li>
</ul>

<ul>
	<li><span style="font-family: Verdana,Arial,sans-serif; font-size: 18px;">Comienza antes del nacimiento</span><span style="font-family: Verdana,Arial,sans-serif; font-size: 18px;">&nbsp;y acaba con la </span><span style="font-weight: bold; ;font-family: Verdana,Arial,sans-serif; font-size: 18px;">menopausia</span><span style="font-family: Verdana,Arial,sans-serif; font-size: 18px;">.</span></li>
</ul>

<ul>
	<li><span style="font-family: Verdana,Arial,sans-serif; font-size: 18px;">Se produce en los </span><span style="font-weight: bold; ;font-family: Verdana,Arial,sans-serif; font-size: 18px;">ovarios</span><span style="font-family: Verdana,Arial,sans-serif; font-size: 18px;">, dentro de una estructura llamada </span><span style="font-weight: bold; ;font-family: Verdana,Arial,sans-serif; font-size: 18px;">fol&iacute;culo de Graaf</span><span style="font-family: Verdana,Arial,sans-serif; font-size: 18px;">.</span></li>
</ul>

<ul>
	<li><span style="font-family: Verdana,Arial,sans-serif; font-size: 18px;">De un ovocito primario se generan, por meiosis,&nbsp;</span><span style="font-weight: bold; ;font-family: Verdana,Arial,sans-serif; font-size: 18px;">un &oacute;vulo y tres corp&uacute;sculos polares</span><span style="font-family: Verdana,Arial,sans-serif; font-size: 18px;">.</span></li>
</ul>

<ul>
	<li><span style="font-family: Verdana,Arial,sans-serif; font-size: 18px;">Cuando se produce la </span><span style="font-weight: bold; ;font-family: Verdana,Arial,sans-serif; font-size: 18px;">ovulaci&oacute;n</span><span style="font-family: Verdana,Arial,sans-serif; font-size: 18px;">, el fol&iacute;culo se rompe y se libera el &oacute;vulo.</span></li>
</ul>
]]></description>
          <images>
            <image path="section_1_1_page3.jpg" border="1" pathbig="section_1_1_page3_big.jpg">
              <title><![CDATA[]]></title>
            </image>
          </images>
        </page>
      </pages>
    </section>
  </sections>
</engine>