﻿<?xml version="1.0" encoding="utf-8"?>
<motor tipo="101" clase="ap" aprid="m101ap">
  <plataforma>
    <grado>2</grado>
    <titulo>Banco de actividades: Ciencia y tecnología al servicio de la medicina</titulo>
    <volumen />
    <nivel><![CDATA[1]]></nivel>
    <referencia />
    <motor />
    <lang>es</lang>
  </plataforma>
  <enunciado><![CDATA[Contesta las siguientes preguntas relacionadas con la ciencia y la tecnología al servicio de la medicina.]]></enunciado>
  <masinfo inicio="0" />
  <calc><![CDATA[0]]></calc>
  <preguntas cantidad="5">
    <pregunta>
      <enunciado><![CDATA[¿La medicina un área de estudio de la biología? Justifica tu respuesta.]]></enunciado>
      <explicacion />
      <nivel><![CDATA[1]]></nivel>
      <tipo />
      <imagen />
      <ampliacion />
      <texto />
    </pregunta>
    <pregunta>
      <enunciado><![CDATA[¿Cuáles han sido los aportes más importantes de la biología a la medicina?]]></enunciado>
      <explicacion />
      <nivel><![CDATA[1]]></nivel>
      <tipo />
      <imagen />
      <ampliacion />
      <texto />
    </pregunta>
    <pregunta>
      <enunciado><![CDATA[¿Cuáles han sido los aportes más importantes de la química a la medicina?]]></enunciado>
      <explicacion />
      <nivel><![CDATA[2]]></nivel>
      <tipo />
      <imagen />
      <ampliacion />
      <texto />
    </pregunta>
    <pregunta>
      <enunciado><![CDATA[¿Cuáles han sido los aportes más importantes de la física a la medicina?]]></enunciado>
      <explicacion />
      <nivel><![CDATA[2]]></nivel>
      <tipo />
      <imagen />
      <ampliacion />
      <texto />
    </pregunta>
    <pregunta>
      <enunciado><![CDATA[¿Cuál es el aporte conjunto de la biología, la química y la medicina al desarrollo de los analgésicos sintéticos?]]></enunciado>
      <explicacion />
      <nivel><![CDATA[3]]></nivel>
      <tipo />
      <imagen />
      <ampliacion />
      <texto />
    </pregunta>
  </preguntas>
  <temps>30</temps>
</motor>