﻿<?xml version="1.0" encoding="UTF-8"?>
<motor tipo="1" clase="b" aprid="M1b">
  <plataforma>
    <grado><![CDATA[1]]></grado>
    <titulo>Identifica las partes de las células y sus funciones</titulo>
    <volumen><![CDATA[1]]></volumen>
    <nivel><![CDATA[1]]></nivel>
    <referencia><![CDATA[mn_3c_11_04]]></referencia>
    <id_reg><![CDATA[187]]></id_reg>
    <motor><![CDATA[M1b]]></motor>
    <lang>es</lang>
  </plataforma>
  <enunciado><![CDATA[Relaciona las diferentes partes de la célula con la definición correspondiente.]]></enunciado>
  <masinfo inicio="0" />
  <sinaleatoriedad><![CDATA[0]]></sinaleatoriedad>
  <calc><![CDATA[0]]></calc>
  <textoatexto cantidad="4">
    <cuestion>
      <pregunta><![CDATA[Orgánulos]]></pregunta>
      <respuesta><![CDATA[Estructuras de diferente tipo que se encuentran en el citoplasma de la célula.]]></respuesta>
    </cuestion>
    <cuestion>
      <pregunta><![CDATA[Citoplasma]]></pregunta>
      <respuesta><![CDATA[Constituye la mayor parte de la masa de la célula. En él están distribuidos los orgánulos.]]></respuesta>
    </cuestion>
    <cuestion>
      <pregunta><![CDATA[Cloroplasto]]></pregunta>
      <respuesta><![CDATA[Orgánulo exclusivo de las células vegetales que realiza la fotosíntesis.]]></respuesta>
    </cuestion>
    <cuestion>
      <pregunta><![CDATA[Membrana celular]]></pregunta>
      <respuesta><![CDATA[Envoltura exterior de la célula que aísla y controla las sustancias que la atraviesan.]]></respuesta>
    </cuestion>
  </textoatexto>
  <textofalso cantidad="0" />
</motor>