﻿<?xml version="1.0" encoding="utf-8"?>
<motor tipo="5" clase="d" aprid="m5d">
  <plataforma>
    <grado><![CDATA[2]]></grado>
    <titulo>Las cualidades emergentes de los niveles de organización biológica</titulo>
    <area>0</area>
    <nivel>1</nivel>
    <referencia />
    <idreg><![CDATA[0]]></idreg>
    <motor><![CDATA[M5D]]></motor>
    <lang>es</lang>
  </plataforma>
  <enunciado><![CDATA[De acuerdo con el texto que acompaña a cada pregunta, señala la respuesta correcta.]]></enunciado>
  <masinfo inicio="0"><![CDATA[Los niveles de organización biológica forman parte de un largo continuo que comienza con el nivel de las partículas subatómicas y llega hasta niveles inimaginables como el de las galaxias. Los niveles de organización biológica están constituidos por niveles que incluyen las células, los tejidos, los órganos, los individuos, las poblaciones, las comunidades, los ecosistemas y la biósfera. Esta actividad se centra en las cualidades emergentes de tres niveles: los individuos, las poblaciones y las comunidades.]]></masinfo>
  <sinaleatoriedad><![CDATA[1]]></sinaleatoriedad>
  <calc><![CDATA[0]]></calc>
  <respuestaunica><![CDATA[0]]></respuestaunica>
  <test cantidad="4">
    <cuestion>
      <enunciado><![CDATA[De acuerdo con el texto, ¿Cuáles de las siguientes opciones constituiría una propiedad emergente propia de los individuos?]]></enunciado>
      <explicacion><![CDATA[La visión y la circulación sanguínea son propiedades emergentes de organismos complejos como los moluscos y los mamíferos. Las demás se presentan desde el nivel celular.]]></explicacion>
      <texto><![CDATA[Las propiedades o cualidades emergentes son las que surgen de la interacción de las partes de un sistema o grupo; pero que no son posibles cuando cualquiera de los elementos que constituyen ese grupo actúa solo. Por ejemplo, los individuos como tú y yo estamos conformados por órganos que interactúan unos con otros; esto nos permite, por ejemplo, caminar para dirigirnos a cualquier sitio que escojamos. En este proceso actúan el sistema muscular, el cerebro, el sistema circulatorio, los órganos de los sentidos y otros sistemas más.]]></texto>
      <respuestas>
        <respuesta contestacion="La visión" correcta="1" />
        <respuesta contestacion="La mitosis" correcta="0" />
        <respuesta contestacion="La reproducción" correcta="0" />
        <respuesta contestacion="La circulación sanguínea" correcta="1" />
        <respuesta contestacion="El metabolismo" correcta="0" />
      </respuestas>
    </cuestion>
    <cuestion>
      <enunciado><![CDATA[Las poblaciones están constituidas por individuos de diferentes edades.  Señala la cualidad emergente relacionada con esta afirmación.]]></enunciado>
      <explicacion><![CDATA[Una de las características de las poblaciones es su estructura; esta se conforma a partir de las edades de sus individuos.]]></explicacion>
      <texto><![CDATA[Las poblaciones están constituidas por los individuos de una misma especie que viven e interactúan en un mismo lugar. Un grupo de leones que vive e interactúa en un mismo lugar constituye una población de leones. Esta exhibe propiedades que no poseen los leones individuales. Por ejemplo, las poblaciones tienen densidad. En el caso de los leones, si su grupo está constituido por 10 individuos y ocupa un área de 50 km{{sup}}2{{normal}}, la densidad de esta población es de 0,5 leones por km{{sup}}2{{normal}}.  La densidad es una de las cualidades emergentes de las poblaciones entre otras, tales como la estructura de edades, la mortalidad, la natalidad o la distribución espacial.]]></texto>
      <respuestas>
        <respuesta contestacion="Estructura de edades" correcta="1" />
        <respuesta contestacion="Reproducción" correcta="0" />
        <respuesta contestacion="Densidad" correcta="0" />
        <respuesta contestacion="Mortalidad" correcta="0" />
      </respuestas>
    </cuestion>
    <cuestion>
      <enunciado><![CDATA[Las poblaciones presentan una distribución espacial. Señala la cualidad o cualidades emergentes relacionadas con esta afirmación.	]]></enunciado>
      <explicacion><![CDATA[La distribución espacial es una cualidad emergente de las poblaciones, la cual puede ser agregada, uniforme o aleatoria.]]></explicacion>
      <texto><![CDATA[Las poblaciones están constituidas por los individuos de una misma especie que viven e interactúan en un mismo lugar. Un grupo de leones que vive e interactúa en un mismo lugar constituye una población de leones. Esta exhibe propiedades que no poseen los leones individuales. Por ejemplo, las poblaciones tienen densidad. En el caso de los leones, si su grupo está constituido por 10 individuos y ocupa un área de 50 km{{sup}}2{{normal}}, la densidad de esta población es de 0,5 leones por km{{sup}}2{{normal}}. La densidad es una de las cualidades emergentes de las poblaciones entre otras, tales como la estructura de edades, la mortalidad, la natalidad o la distribución espacial.]]></texto>
      <respuestas>
        <respuesta contestacion="Distribución agregada" correcta="1" />
        <respuesta contestacion="Distribución temporal" correcta="0" />
        <respuesta contestacion="Distribución uniforme" correcta="1" />
        <respuesta contestacion="Distribución aleatoria" correcta="1" />
      </respuestas>
    </cuestion>
    <cuestion>
      <enunciado><![CDATA[Si consideramos la riqueza especies de una comunidad biológica, además de la abundancia de cada una de ellas, ¿a qué cualidad emergente estamos haciendo referencia?   ]]></enunciado>
      <explicacion><![CDATA[La diversidad se refiere al número de especies que componen una comunidad y a la abundancia de cada una de esas especies.]]></explicacion>
      <texto><![CDATA[Las comunidades biológicas están compuestas por poblaciones de diferentes especies que viven e interactúan en un mismo lugar. Es el caso de la selva, en la cual existen comunidades conformadas por decenas de especies de mamíferos, cientos de aves o miles de especies de plantas que viven e interactúan en un mismo lugar. En este sentido, el número de especies de la selva es muy alto en comparación con el número de especies de un páramo; por esta razón, se considera que la selva es más rica en especies que el páramo. La riqueza de especies es una cualidad emergente de las comunidades biológicas, entre otras cualidades, como la diversidad o las relaciones entre especies.]]></texto>
      <respuestas>
        <respuesta contestacion="Diversidad" correcta="1" />
        <respuesta contestacion="Aleatoriedad" correcta="0" />
        <respuesta contestacion="Densidad " correcta="0" />
        <respuesta contestacion="Migración" correcta="0" />
      </respuestas>
    </cuestion>
  </test>
</motor>