﻿<?xml version="1.0" encoding="UTF-8"?>
<?xml-stylesheet href="cuadernoestudio/dtd/libro.xslt" type="text/xsl"?>
<!--Arbortext, Inc., 1988-2013, v.4002-->
<!DOCTYPE libro SYSTEM "cuadernoestudio/dtd/libro.dtd">
<libro id="CN_07_12_CO">
<libroTitulo>El universo y el sistema solar</libroTitulo>
<seccion1 id="S1_CN_07_12_CO_687370F8CA1A4CE7A0CA3AAE67AFF543">
<seccion1Titulo>El universo y el sistema solar</seccion1Titulo>
<seccion1Texto>
<p>Hablar del universo siempre ha sido interesante para el hombre,
que desde tiempos antiguos se ha dedicado a tratar de entenderlo.
Debido a este esfuerzo, han surgido varias teorías sobre su formación.</p>
<imagen src="CN_07_12_CO_img_01_small.jpg">
<p>Al explorar el universo, que es el espacio y el tiempo donde se
encuentran todos los cuerpos celestes, incluida la Tierra, los científicos
han encontrado que su tamaño es inmenso, y no se conocen aún con certeza
sus límites, por lo que se considera infinito. </p>
</imagen>
<p>Actualmente son reconocidas cuatro teorías que hablan de cómo se
originó el universo: </p>
<listaNumerada>
<listaElemento>Teoría del Big Bang</listaElemento>
<listaElemento>Teoría del Universo Oscilatorio</listaElemento>
<listaElemento>Teoría del Universo Estacionario</listaElemento>
<listaElemento>Teoría del Universo Inflacionario</listaElemento>
</listaNumerada>
<profundiza>
<enlace
destino="/LoIdRedirect.aspx?LoId=CN_07_12_CO_Recurso010&amp;IdRecurso=RES-36E40E6497BC4355964CB1ADED5A8FA6"
>Teorías sobre el origen del universo</enlace>
</profundiza><seccion2
id="S2_CN_07_12_CO_5701193F35E84AB88695B7335AE4D4AD">
<seccion2Titulo>La teoría del Big Bang o de la gran explosión</seccion2Titulo>
<seccion2Texto>
<p>La <negrita>teoría del Big Bang</negrita> dice que toda la materia
del universo se concentraba en un punto tan pequeño como el núcleo
de un átomo, y que todo lo que existe nació de una gran explosión
generada por esa materia comprimida. Esta explosión sucedió hace más
o menos 15 000 millones de años, y, a partir de ahí, la materia empieza
a expandirse y a reagrupase para dar lugar a estrellas, galaxias y
a todo lo que conforma hoy el universo, que se encuentra en constante
expansión. Actualmente, esta es una de las teorías más aceptada por
la comunidad científica.</p>
<imagen src="CN_07_12_CO_img_02_small.jpg">
<p>La teoría del Big Bang explica el origen del universo a partir
de la explosión que se originó en un punto infinitamente pequeño,
donde se encontraba absolutamente toda la materia y empezó a expandirse
y a enfriarse. Actualmente, el universo continúa en ese proceso de
expansión y enfriamiento.</p>
</imagen>
</seccion2Texto></seccion2><seccion2
id="S2_CN_07_12_CO_6ACB5FC99A75489AA232E498F5209FD3">
<seccion2Titulo>La teoría del universo oscilatorio</seccion2Titulo>
<seccion2Texto>
<p>Esta teoría dice que no existe una explosión inicial, sino una
contracción del propio universo hasta un punto de enorme densidad
(que se denominó Big Crunch) en que la fuerza de atracción de la gravedad
se convierte en una fuerza repulsiva que provoca una expansión de
la materia (un Big Bang).</p>
<imagen src="CN_07_12_CO_img_03_small.jpg">
<p>Esta teoría dice que el universo que conoces actualmente, el cual
el hombre aún estudia, es el último de varios universos que han surgido
en tiempos pasados. Explica también que el universo no es sino una
continua creación y destrucción, fases que se conocen como de expansión
y de contracción, por esta razón recibe el nombre de big crunch.</p>
</imagen>
<p>Estas contracciones del universo se producirían continuamente dando
lugar a una sucesión cíclica e infinita del mismo universo (que no
necesariamente debe tener  las mismas condiciones).</p>
</seccion2Texto></seccion2><seccion2
id="S2_CN_07_12_CO_0C13934408F54EE380E6DDB0A70BED43">
<seccion2Titulo>La teoría del universo estacionario</seccion2Titulo>
<seccion2Texto>
<p>Esta teoría dice que un observador situado en cualquier espacio
o tiempo ve el mismo universo siempre, ya que sus propiedades son
constantes sea donde sea. No hay un Big Bang porque el universo siempre
fue así. El universo no tendría principio ni fin.</p>
<imagen src="CN_07_12_CO_img_04_small.jpg">
<p>El principio cosmológico perfecto apoyado por la teoría del universo
estacionario, la cual propone que cualquier observador debe ver el
mismo universo en cualquier lugar del espacio y en cualquier instante
de tiempo. </p>
</imagen>
</seccion2Texto></seccion2><seccion2
id="S2_CN_07_12_CO_0C13934408F54EE380E6DDB0A70BED54">
<seccion2Titulo>La teoría del universo inflacionario</seccion2Titulo>
<seccion2Texto>
<p> La <negrita>teoría del universo inflacionario</negrita> está en
desacuerdo con un Big Bang inicial y plantea que el universo se generó
por una gran cantidad de <negrita>pequeños big bangs</negrita>; estas pequeñas explosiones
se producen continuamente, lo que significa que aún hoy se dan, por
todo el espacio. Luego, la materia de nuestro universo se estaría creando
continuamente en los núcleos de las galaxias activas.</p>
<recuerda><recuerdaTexto>
<p>Las teorías más aceptadas sobre el origen del universo son: la
teoría del Big Bang y la teoría del universo inflacionario.</p>
</recuerdaTexto></recuerda><destacado><destacadoTitulo>Las teorías
sobre el origen del universo</destacadoTitulo><destacadoTexto>
<p>Todas las teorías sobre el origen del universo concluyen que éste
se encuentra en una constante expansión.</p>
</destacadoTexto></destacado><practica>
<enlace
destino="/LoIdRedirect.aspx?LoId=CN_07_12_CO_Recurso020&amp;IdRecurso=RES-D5FBD2A5746A4C6599B252BCBC701B4C"
>Las teorías de la creación del universo</enlace>
</practica></seccion2Texto></seccion2><seccion2
id="S2_CN_07_12_CO_0C13934408F54EE490E6DDB0A70BED65">
<seccion2Titulo>Consolidación</seccion2Titulo>
<seccion2Texto>
<p>Actividades para consolidar lo que has aprendido en esta sección.</p>
<practica>
<enlace
destino="/LoIdRedirect.aspx?LoId=CN_07_12_CO_Recurso040&amp;IdRecurso=RES-CAF9DDB3F4B24345A03C2C7A22A0FFEC"
>Refuerza tu aprendizaje: ¿Qué sabes de las teorías de la creación
del universo?</enlace>
</practica></seccion2Texto></seccion2></seccion1Texto></seccion1>
<seccion1 id="S1_CN_07_12_CO_B63BC4C27BB248FC9DFC0899904A830F">
<seccion1Titulo>La composición y la estructura del universo</seccion1Titulo>
<seccion1Texto>
<p>El universo es todo lo que existe, lo que vemos y lo que no vemos
(materia y energía oscura).</p>
<p>Actualmente, los científicos consideran que la <negrita>materia
invisible</negrita> al ser humano constituye el 90 % del universo
existente, el otro 10 % es <negrita>materia visible</negrita> constituida
fundamentalmente por hidrógeno (75 %), helio (20 %) y otros elementos
(5 %).</p>
<profundiza>
<enlace
destino="/LoIdRedirect.aspx?LoId=CN_07_12_CO_Recurso050&amp;IdRecurso=RES-54CAA9DCC6674381AB238A117B1ACA5A"
>Composición y estructura del universo</enlace>
</profundiza><seccion2
id="S2_CN_07_12_CO_B3DB599899244DA6ACCDA9258758ED5B">
<seccion2Titulo>La composición del universo</seccion2Titulo>
<seccion2Texto>
<p>La materia visible se encuentra distribuida en cuerpos celestes
con formas definidas que se conocen genéricamente como <negrita>astros</negrita
>. </p>
<p>Actualmente, los astros se clasifican en: <negrita>estrellas</negrita
>, <negrita>planetas</negrita>, <negrita>satélites</negrita>, <negrita
>cometas</negrita>, <negrita>asteroides</negrita>, <negrita>meteoroides</negrita
> y <negrita>polvo cósmico</negrita>.</p>
<imagen src="CN_07_12_CO_img_05_small.jpg">
<p>La Vía Láctea, galaxia en espiral que posee varios brazos que giran
alrededor de su centro, en uno de ellos se encuentra el sistema solar,
en donde se halla nuestro planeta, la Tierra.</p>
</imagen>
<practica>
<enlace
destino="/LoIdRedirect.aspx?LoId=CN_07_12_CO_Recurso060&amp;IdRecurso=RES-939B5655FF684AA796D763776B9F5FF5"
>Completa el texto sobre el universo</enlace>
</practica><seccion3
id="S3_CN_07_12_CO_E4F30291722E4BC8A897860E1DFDD4A8">
<seccion3Titulo>Las estrellas</seccion3Titulo>
<seccion3Texto>
<p>Una <negrita>estrella</negrita> está conformada fundamentalmente
por la acumulación de hidrógeno (H) que, mediante reacciones de fusión
nuclear, se convierte en helio (He), liberando una gran cantidad de
energía, que se manifiesta principalmente como energía calórica, radiante
y lumínica. Por esta razón, las estrellas son astros con luz propia.</p>
<p>El tiempo de vida de una estrella, aunque es muy largo comparado
con la escala de tiempo humana, es finito y acaba cuando consume su
energía.</p>
<imagen src="CN_07_12_CO_img_06_small.jpg">
<p>Las estrellas se clasifican de acuerdo con su temperatura y en
función de ella con su luminosidad. </p>
</imagen>
<p>La temperatura de la superficie de la estrella determina su <negrita
>color</negrita>. Durante la primera etapa, la de su nacimiento, emite
luz <negrita>azul</negrita> y su temperatura es máxima. A medida que
consume hidrógeno, la estrella se va enfriando. Una vez agotado dicho
hidrógeno, comienza a consumir helio, lo que provoca un gran aumento
de su tamaño y el cambio del color azul al rojo: pasa a ser una <negrita
>gigante roja</negrita>.  </p>
<p>Llega un momento en el que el helio también se agota, entonces
pueden ocurrir diferentes transformaciones dependiendo del tamaño
de la estrella.  </p>
<p>Así, si se trata de una estrella de tamaño inferior al del Sol,
se reduce a una pequeña esfera blanca, llamada <negrita>enana blanca</negrita
>. Cuando esta se enfría hasta apagarse, se convierte en una <negrita
>enana</negrita>, sin brillo.  </p>
<p>Cuando la estrella que se encuentra en etapa de gigante roja tiene
un tamaño superior al del Sol, la llamamos <negrita>supergigante roja</negrita
>. El siguiente paso es la creación de una <negrita>supernova</negrita
>, es decir, se produce una gran explosión y se dispersan por el espacio
trozos del material estelar que forman nuevas estrellas.</p>
<p>En las siguientes tablas encontrarás como se clasifican las estrellas,
según su temperatura y color, y como se describen o nombran según
su clase.</p>
<table border="1"><caption>Clasificación de las estrellas</caption>
<colgroup><col/><col/><col/></colgroup>
<tbody>
<tr>
<td><negrita>CLASES</negrita></td>
<td><negrita>TEMPERATURA</negrita></td>
<td><negrita>COLOR</negrita></td>
</tr>
<tr>
<td>O</td>
<td>28 000 a 50 000 K</td>
<td>Azul - violeta</td>
</tr>
<tr>
<td>B</td>
<td>10 000 a 28 000 K</td>
<td>Azul</td>
</tr>
<tr>
<td>A</td>
<td>7500 a 10 000 K </td>
<td>Azul - blanco</td>
</tr>
<tr>
<td>F</td>
<td>6000 a 7500 K</td>
<td>Blanco</td>
</tr>
<tr>
<td>G</td>
<td>5000 a 6000 K</td>
<td>Blanco - amarillo</td>
</tr>
<tr>
<td>K</td>
<td>3500 a 5000 K</td>
<td>Naranja</td>
</tr>
<tr>
<td>M</td>
<td>2500 a 5000 K</td>
<td>Rojo</td>
</tr>
</tbody>
</table>
<table border="1"><caption>Nombre de las estrellas</caption><colgroup>
<col/><col/></colgroup>
<tbody>
<tr>
<td><negrita>Clase</negrita></td>
<td><negrita>Descripción</negrita></td>
</tr>
<tr>
<td>0</td>
<td>Hipergigante</td>
</tr>
<tr>
<td>Ia</td>
<td>Supergigante muy luminosa</td>
</tr>
<tr>
<td>Ib</td>
<td>Supergigante de menor brillo</td>
</tr>
<tr>
<td>II</td>
<td>Gigante luminosa</td>
</tr>
<tr>
<td>III</td>
<td>Gigante</td>
</tr>
<tr>
<td>IV</td>
<td>Subgigante</td>
</tr>
<tr>
<td>V</td>
<td>Enana de la secuencia principal</td>
</tr>
<tr>
<td>VI</td>
<td>Subenana (poco utilizada)</td>
</tr>
<tr>
<td>VII</td>
<td>Enana blanca (poco utilizada)</td>
</tr>
</tbody>
</table>
<profundiza>
<enlace
destino="/LoIdRedirect.aspx?LoId=CN_07_12_CO_Recurso070&amp;IdRecurso=RES-0EE236A362B24738B0AD09834F120350"
>Las estrellas</enlace>
</profundiza>
<p>En la antigüedad, los seres humanos usaron las estrellas como sistemas
de referencia para orientarse, e imaginaron dibujos y figuras a los
que llamaron <negrita>constelaciones</negrita>, uniendo mentalmente
varias estrellas cercanas. Se conocen ochenta y ocho, y la mayoría
de ellas tiene nombres de objetos, animales o figuras religiosas o
mitológicas.  </p>
<p>Las constelaciones más conocidas son las que llevan los nombres
de los <negrita>signos del zodíaco</negrita>, la <negrita>Cruz del
Sur</negrita> y la <negrita>Osa Menor</negrita>. Esta última, que
tiene forma de carro, contiene la <negrita>estrella Polar</negrita
>, o <negrita>Polaris</negrita>, que se encuentra en un extremo y
señala dónde está el Polo Norte.</p>
<imagen src="CN_07_12_CO_img_07_small.jpg">
<p>La constelación de la Osa Mayor está formada por las estrellas
que aparecen representadas en la gráfica izquierda, y representa la
figura de un oso, tal como se muestra en la gráfica derecha.</p>
</imagen>
<practica>
<enlace
destino="/LoIdRedirect.aspx?LoId=CN_07_12_CO_Recurso080&amp;IdRecurso=RES-A32B2B6B29794CA4B9FDB895FAEC036E"
>Reconoce las etapas de la vida de un estrella</enlace>
</practica></seccion3Texto></seccion3><seccion3
id="S3_CN_07_12_CO_E4F30291722E4BC8A897860E1DFDD5B9">
<seccion3Titulo>Los planetas</seccion3Titulo>
<seccion3Texto>
<p>Un <negrita>planeta</negrita> es un cuerpo celeste esférico, de
gran tamaño, que gira alrededor de una estrella en su propia órbita.
Los planetas <negrita>no tienen luz propia</negrita> pero reflejan
la luz que les llega de la estrella alrededor de la cual giran y por
eso son visibles.</p>
<imagen src="CN_07_12_CO_img_08_small.jpg">
<p>La imagen muestra los planetas que constituyen el sistema solar
en orden de ubicación con respecto al Sol.</p>
</imagen>
</seccion3Texto></seccion3><seccion3
id="S3_CN_07_12_CO_E4F30291722E4BC8A897860E1DFDD7D1">
<seccion3Titulo>Los satélites</seccion3Titulo>
<seccion3Texto>
<p>Los <negrita>satélites</negrita> son cuerpos celestes sin luz propia
que orbitan alrededor de astros de mayor tamaño. Hay dos tipos de
satélites: naturales y artificiales.   </p>
<p>Los <negrita>satélites artificiales</negrita> han sido fabricados
por el ser humano, él conoce su funcionamiento y puede modificar su
trayectoria, mediante programas especiales. Desde mediados del siglo
XX, se han puesto en órbita muchos satélites artificiales alrededor
de la Tierra y de otros planetas, para que cumplan diferentes funciones
(comunicaciones, geoestacionarios, de investigación, entre otros);
también, se han ubicado satélites artificiales alrededor de satélites
naturales. Un <negrita>satélite natural</negrita> es cualquier astro
que gira alrededor de otro; el ser humano no puede modificar sus trayectorias. </p>
<imagen src="CN_07_12_CO_img_09_small.jpg">
<p>En la primera imagen se representan los satélites naturales de
Júpiter (lunas que giran alrededor de Júpiter) y en la segunda imagen
se ve un satélite artificial de la Tierra (máquina desarrollada por
el ser humano y colocada en órbita alrededor de la Tierra, para que registre y
envíe diferentes tipos de información para las cuales ha sido programada).</p>
</imagen>
</seccion3Texto></seccion3><seccion3
id="S3_CN_07_12_CO_E4F30291722E4BC8A897860E1DFDD8E2">
<seccion3Titulo>Los cometas</seccion3Titulo>
<seccion3Texto>
<p>Los <negrita>cometas</negrita> son cuerpos celestes constituidos
por hielo, polvo y rocas que giran alrededor de una estrella (por
ejemplo: alrededor del Sol) siguiendo trayectorias elípticas y parabólicas.
Estos cuerpos sólidos se subliman (paso del estado sólido al estado
gaseoso de cualquier sustancia) cuando se acercan a las estrellas,
desarrollando una cola que es agitada por el viento solar, la cual
produce la sensación de una cabellera, razón por la cual reciben el
nombre de cometas.</p>
<imagen src="CN_07_12_CO_img_10_small.jpg">
<p>En las fotografías computarizadas puedes distinguir dos cometas
diferentes que se acercan al Sol, los que dejan una estela luminosa
de gases desprendidos del mismo, debido el calentamiento generado
al acercarse a nuestra estrella.</p>
</imagen>
<p>Las órbitas de los cometas son irregulares, pero una vez establecidas
se vuelven periódicas, lo que significa que se repiten con las mismas
características.</p>
</seccion3Texto></seccion3><seccion3
id="S3_CN_07_12_CO_E4F30291722E4BC8A908860E1DFDD8E2">
<seccion3Titulo>Los asteroides</seccion3Titulo>
<seccion3Texto>
<p>Un <negrita>asteroide</negrita> es un cuerpo rocoso, con materiales
metálicos, más pequeño que los planetas. Los asteroides orbitan alrededor
de una estrella, con trayectorias regulares generalmente entre las
órbitas de los planetas. </p>
<p>En nuestro sistema solar existe un cinturón de asteroides entre
las órbitas de Marte y Júpiter. Algunos de estos asteroides poseen
tanta masa que los clasifican dentro de los llamados planetas enanos.
Este es el caso de <negrita>Ceres</negrita>.</p>
<imagen src="CN_07_12_CO_img_11_small.jpg">
<p>La mayor parte de la superficie de un asteroide se encuentra cubierta
de un polvo llamado regolito, este polvo es producto de las colisiones
con asteroides o cuerpos de menor tamaño. </p>
</imagen>
</seccion3Texto></seccion3><seccion3
id="S3_CN_07_12_CO_E4F30291722E4BC8A019860E1DFDD8E2">
<seccion3Titulo>Los meteoroides</seccion3Titulo>
<seccion3Texto>
<p>Los <negrita>meteoroides</negrita>  son pequeños trozos de <negrita
>material rocoso</negrita> o <negrita>hierro</negrita> que se desprenden
de otros cuerpos celestes mayores, y colisionan con otros cuerpos
celestes que encuentran en su trayectoria.   </p>
<p>Un <negrita>meteoroide</negrita> es un cuerpo celeste de menor
tamaño que un asteroide, cuyo diámetro no excede los 50 metros y que
orbitan alrededor de una estrella.</p>
<imagen src="CN_07_12_CO_img_12_small.jpg">
<p>Meteorito, níquel-hierro, hallado en el Cañón del Diablo en Arizona,
de 37 g de peso, desprendido de algún asteroide que se desintegró.</p>
</imagen>
</seccion3Texto></seccion3></seccion2Texto></seccion2><seccion2
id="S2_CN_07_12_CO_6D0BD52540AD4233ACB771E12AA37AB4">
<seccion2Titulo>La estructura del universo</seccion2Titulo>
<seccion2Texto>
<p>El universo está constituido por todos los astros descritos en
la sección anterior, organizados de la siguiente manera: <negrita
>galaxias</negrita>, <negrita>cúmulos</negrita> y <negrita>supercúmulos</negrita
>.</p>
<imagen src="CN_07_12_CO_img_13_small.jpg">
<p>Las imágenes muestran dos posibles vistas del universo, la primera
imagen muestra el universo visto desde un planeta cualquiera, que
puede ser la Tierra, y la segunda imagen puede ser la vista del universo
desde un telescopio ubicado en un satélite artificial.</p>
</imagen>
<seccion3 id="S3_CN_07_12_CO_CF0CF1027C814678B74569A0A01FC4AF">
<seccion3Titulo>Las galaxias</seccion3Titulo>
<seccion3Texto>
<p>Una <negrita>galaxia</negrita> agrupa más de cien mil millones
de estrellas, con sus planetas, satélites, cometas, asteroides y meteoritos.
Dependiendo de su forma, se clasifican en galaxias <negrita>elípticas</negrita
>, <negrita>espirales</negrita> e <negrita>irregulares</negrita>.
 </p>
<p>El <negrita>Sol</negrita> y su sistema de planetas, satélites,
cometas, asteroides y meteoritos, se mueven al interior de la galaxia
denominada la <negrita>Vía Láctea</negrita>, que es una galaxia en
espiral; el sistema solar se encuentra ubicado en uno de sus brazos.</p>
<imagen src="CN_07_12_CO_img_14_small.jpg">
<p>En las imágenes se muestran los tres tipos de galaxias. La primera
es una galaxia elíptica (Andrómeda), la segunda una galaxia en espiral
(la Vía Láctea) y la última es la galaxia irregular NGC 4449 vista
sobre la Tierra, igual que la gran nube de Magallanes.</p>
</imagen>
<p>La estrella más cercana al sistema solar, y que se encuentra en
el mismo brazo espiral de la Vía Láctea, se llama <negrita>Alfa Centauri</negrita
>. La luz de Alfa Centauri demora 4,2 años en llegar al sistema solar
(la luz tiene una velocidad de 300 000 km/s).  </p>
<p>La galaxia más cercana a la Vía Láctea es una galaxia elíptica
denominada <negrita>Andrómeda</negrita>.</p>
</seccion3Texto></seccion3><seccion3
id="S3_CN_07_12_CO_CF0CF1027C814678B75679A0A01FC4AF">
<seccion3Titulo>Los cúmulos y supercúmulos</seccion3Titulo>
<seccion3Texto>
<p>Las galaxias conforman los denominados <negrita>cúmulos</negrita
>, donde estas se mueven expandiéndose en el universo. A su vez, los
cúmulos se organizan con otros para formar <negrita>supercúmulos</negrita
>. </p>
<imagen src="CN_07_12_CO_img_15_small.jpg">
<p>En esta imagen observas un grupo de galaxias correspondientes al
cúmulo al que pertenece la Vía Láctea.</p>
</imagen>
<practica>
<enlace
destino="/LoIdRedirect.aspx?LoId=CN_07_12_CO_Recurso090&amp;IdRecurso=RES-0CD39BB104974D62BBDB28FC8089C548"
>Identifica la estructura del universo</enlace>
</practica></seccion3Texto></seccion3></seccion2Texto></seccion2>
<seccion2 id="S2_CN_07_12_CO_6D0BD52540AD4244BCB771E12AA37AB4">
<seccion2Titulo>La medida en el universo</seccion2Titulo>
<seccion2Texto>
<p>El universo es tan infinitamente grande que es imposible medirlo;
en otras palabras, se dice que el universo es inconmensurable. Sin
embargo, para que el ser humano se pueda ubicar, se ha dado a la tarea
de construir unidades adecuadas para medir el espacio en el universo,
estas son: la <negrita>unidad astronómica</negrita> (UA) que equivale
a la distancia entre la Tierra y el Sol, y el <negrita>año luz</negrita
>, equivalente a la distancia recorrida por la luz en un año. </p>
<destacado><destacadoTitulo>Las medidas en el universo</destacadoTitulo>
<destacadoTexto>
<p>La unidad astronómica (UA) = 149 000 000 km </p>
<p>Un año luz = 9,46 billones de km </p>
<p>Un año luz = 63 235,3 UA</p>
</destacadoTexto></destacado></seccion2Texto></seccion2><seccion2
id="S2_CN_07_12_CO_6D0BD52540AD5344BCB771E12AA48AB4">
<seccion2Titulo>Consolidación</seccion2Titulo>
<seccion2Texto>
<p>Actividades para consolidar lo que has aprendido en esta sección.</p>
<practica>
<enlace
destino="/LoIdRedirect.aspx?LoId=CN_07_12_CO_Recurso100&amp;IdRecurso=RES-BA3C9DB9100F4C8B93B1123FE4F55DE5"
>Refuerza tu aprendizaje: Composición del universo</enlace>
</practica></seccion2Texto></seccion2></seccion1Texto></seccion1>
<seccion1 id="S1_CN_07_12_CO_30A88F0C75974E41BE1F62367E3E8845">
<seccion1Titulo>El sistema solar</seccion1Titulo>
<seccion1Texto>
<p>En uno de los brazos de la Vía Láctea se encuentra el sistema solar.
Su única estrella es el <negrita>Sol</negrita> y a su alrededor giran
ocho planetas que describen órbitas elípticas. Sus nombres son: <negrita
>Mercurio</negrita>, <negrita>Venus</negrita>, la <negrita>Tierra</negrita
>, <negrita>Marte</negrita>, <negrita>Júpiter</negrita>, <negrita
>Saturno</negrita>, <negrita>Urano</negrita> y <negrita>Neptuno</negrita
>.</p>
<imagen src="CN_07_12_CO_img_16_small.jpg">
<p>En la imagen se presentan los planetas del sistema solar, teniendo
en cuenta su tamaño relativo con respecto al Sol y a ellos mismos. </p>
</imagen>
<p>Junto a ellos hay otras estructuras parecidas, pero que no son
lo suficientemente grandes como para considerarlos planetas. Son los
llamados planetas enanos: Plutón, Ceres, Eris, Makemake y Haumea.
 </p>
<p>Además, en el sistema solar abundan los satélites, asteroides,
cometas y meteoritos.</p>
<profundiza>
<enlace
destino="/LoIdRedirect.aspx?LoId=CN_07_12_CO_Recurso110&amp;IdRecurso=RES-A83BDA0CF703470F9D889F44E5B780E0"
>El sistema solar</enlace>
</profundiza><practica>
<enlace
destino="/LoIdRedirect.aspx?LoId=CN_07_12_CO_Recurso120&amp;IdRecurso=RES-6146DE1D4EDF4B0B8B474CBC6B121542"
>¿Qué astros componen el sistema solar?</enlace>
</practica><seccion2
id="S2_CN_07_12_CO_EB21412C594C40ACB6E8E6ADE1FCF427">
<seccion2Titulo>El Sol</seccion2Titulo>
<seccion2Texto>
<p>El <negrita>Sol</negrita> es la única estrella del sistema solar
y es un astro de mayor tamaño. Gira alrededor de la Vía Láctea y tarda
200 millones de años en dar una vuelta completa.</p>
<imagen src="CN_07_12_CO_img_17_small.jpg">
<p>En la imagen observas el Sol y cada una de las capas que lo conforman;
se destaca la corona, formada por gases de muy baja densidad, con
una alta actividad magnética. Algunas partículas escapan del Sol a
gran velocidad formando el viento solar. Cuando llegan a la Tierra
y chocan con el aire, crean las llamadas <negrita>auroras boreales</negrita
> y <negrita>australes</negrita></p>
</imagen>
<p>El Sol está formado por distintas capas: el núcleo, el manto y
la atmósfera. Sus características se describen a continuación:</p>
<listaSinNumerar>
<listaElemento>El <negrita>núcleo</negrita> es la parte central, donde
se genera la energía mediante reacciones nucleares.</listaElemento>
<listaElemento>El <negrita>manto</negrita> es la siguiente capa, donde
se transporta la energía desde el núcleo a la superficie. Se subdivide
en dos zonas, la radiactiva y la convectiva: <br/>-	La <negrita>zona
radiactiva</negrita> es la más próxima al núcleo. Aquí se transporta
la energía por radiación a través del plasma hasta la zona convectiva.<br
/> -	La <negrita>zona convectiva</negrita> es la capa siguiente y
donde se transporta la energía por convección, es decir, las columnas
de gas caliente ascienden hasta la superficie, se enfrían y vuelven
a descender, empezando otra vez el ciclo de convección.</listaElemento>
<listaElemento>La <negrita>atmósfera</negrita> se subdivide en fotosfera,
cromosfera y corona solar: <br/>-	La <negrita>fotosfera</negrita> es
una capa de gases visible desde la Tierra. En su superficie se observan
manchas solares oscuras, que son zonas con una temperatura un poco
más baja.<br/> -	La <negrita>cromosfera</negrita> está formada por
gases y presenta un color rojizo. Solo puede ser observada con telescopio
durante los eclipses solares totales. Aquí se producen las protuberancias
solares. Son chorros de gas que se extienden fuera de la superficie
del Sol.<br/> -	La <negrita>corona</negrita> es la capa más exterior.
Está formada por gases de muy baja densidad y tiene una alta actividad
magnética. Algunas partículas escapan del Sol a gran velocidad y forman
el viento solar. Cuando llegan a la Tierra y chocan con el aire, crean
las llamadas auroras boreales y australes.</listaElemento>
</listaSinNumerar>
<profundiza>
<enlace
destino="/LoIdRedirect.aspx?LoId=CN_07_12_CO_Recurso130&amp;IdRecurso=RES-4B18B5FE7C7E470789E4B87E5127B7BF"
>El Sol</enlace>
</profundiza><practica>
<enlace
destino="/LoIdRedirect.aspx?LoId=CN_07_12_CO_Recurso140&amp;IdRecurso=RES-2DC4EB82E28E4A40A143CE1487093C54"
>Las capas del Sol</enlace>
</practica></seccion2Texto></seccion2><seccion2
id="S2_CN_07_12_CO_16952E318B584EF3B78A31CDA0D62786">
<seccion2Titulo>Los planetas </seccion2Titulo>
<seccion2Texto>
<p>Los planetas del sistema solar se dividen en dos grandes grupos:
interiores o rocosos, y exteriores o gaseosos. </p>
<p>Los <negrita>planetas interiores</negrita> son los más cercanos
al Sol y reciben el nombre de rocosos debido a que son sólidos pues
están formados por rocas y metales.</p>
<p>•	<negrita>Mercurio</negrita> es el más cercano al Sol y también
el de tamaño más pequeño. En su superficie hay cráteres, sistemas
montañosos y llanuras. Tiene una atmósfera tenue que no puede frenar
el impacto de los meteoritos, no se le conocen satélites. </p>
<p>•	<negrita>Venus</negrita> es el siguiente planeta. En su superficie
hay llanuras, montañas y volcanes, y su atmósfera es muy densa; tampoco
se le conocen satélites. </p>
<p>•	La <negrita>Tierra</negrita> tiene una corteza fina formada por
rocas y cubierta en su mayor parte por <negrita>agua</negrita>. Alrededor
de la Tierra hay una capa de gases llamada <negrita>atmósfera</negrita
>, formada principalmente por <negrita>oxígeno (O)</negrita> y <negrita
>nitrógeno (N)</negrita>. Gracias a la estructura de la atmósfera
terrestre, una parte del <negrita>calor del Sol</negrita> queda retenida
y así la Tierra se mantiene a una temperatura media de unos 15 °C
que, aunque varía entre las épocas del año o la zona del planeta en
la que nos encontremos, es ideal para los seres vivos. La atmósfera
también nos protege de algunas <negrita>radiaciones solares</negrita
> perjudiciales para la salud.</p>
<p>Desde el espacio, la Tierra se ve de <negrita>color azul</negrita
>, debido a que sus <negrita>dos terceras partes</negrita> están cubiertas
de <negrita>agua</negrita>. También se observan unas manchas oscuras
que corresponden a los continentes. La Tierra tiene un satélite natural:
la <negrita>Luna</negrita>. </p>
<p>•	<negrita>Marte</negrita> posee una superficie con montañas, valles,
planicies y volcanes gigantes. Su atmósfera es tenue, tiene dos satélites.
En Marte abundan las tormentas de polvo.</p>
<p>En la siguiente tabla puedes encontrar algunas características
específicas de los planetas interiores del sistema solar.</p>
<table border="1"><caption>Los planetas interiores</caption><colgroup
align="center"><col/><col/><col/><col/><col/></colgroup>
<tbody>
<tr>
<td><negrita>PLANETA</negrita></td>
<td><negrita>DISTANCIA AL SOL</negrita><br/><negrita> (km)</negrita
></td>
<td><negrita>DIÁMETRO</negrita><br/><negrita>(km)</negrita></td>
<td><negrita>MASA</negrita></td>
<td><negrita>N° LUNAS</negrita></td>
</tr>
<tr>
<td>Mercurio</td>
<td>57 900 000</td>
<td>4878</td>
<td>0,06 veces la de la Tierra</td>
<td>No tiene</td>
</tr>
<tr>
<td>Venus</td>
<td>108 200 000</td>
<td>12 104</td>
<td>0,814 veces la de la Tierra</td>
<td>No tiene</td>
</tr>
<tr>
<td>Tierra</td>
<td>149 600 000</td>
<td>12 756</td>
<td>5,98 X 10<superindice>24</superindice> kg</td>
<td>1</td>
</tr>
<tr>
<td>Marte</td>
<td>228 000 000</td>
<td>6787</td>
<td>0,107 veces la de la Tierra</td>
<td>2</td>
</tr>
</tbody>
</table>
<p>Los planetas <negrita>exteriores</negrita>, o <negrita>gaseosos</negrita
>, se encuentran más alejados del Sol y son de mayor tamaño. Tienen
un gran número de <negrita>satélites</negrita> y <negrita>anillos</negrita
>. Están formados por gases y un núcleo rocoso.</p>
<p>•	<negrita>Júpiter</negrita> está rodeado por dos capas de <negrita
>hidrógeno</negrita>, la externa, en estado <negrita>líquido</negrita
>, y la interna, en estado <negrita>líquido metálico</negrita> (parecido
al mercurio). Tiene una atmósfera densa, en cuya superficie se distinguen <negrita
>franjas</negrita> de distintos colores. Presenta varios anillos,
pero no son visibles desde la Tierra. Es el planeta de mayor tamaño
del sistema solar, se le identifican 60 satélites. </p>
<p>•	<negrita>Saturno</negrita> tiene una capa de <negrita>hidrógeno</negrita
> casi <negrita>sólida</negrita> y otra <negrita>líquida</negrita
>. Desde la Tierra se pueden ver sus anillos con instrumentos ópticos
sencillos; se conocen 31 satélites. </p>
<p>•	<negrita>Urano</negrita> tiene un manto helado de <negrita>metano</negrita
>, <negrita>amoníaco</negrita> y <negrita>agua</negrita>. Presenta
diez anillos, pero muy tenues; se le conocen 22 satélites.</p>
<p>•	<negrita>Neptuno</negrita> presenta la misma estructura que Urano
y cuatro anillos no visibles; se le identifican 11 satélites. </p>
<p>En la siguiente tabla puedes encontrar algunas características
específicas de los planetas exteriores del sistema solar.</p>
<table border="1"><caption>Los planetas exteriores</caption><colgroup>
<col/><col/><col/><col/><col/></colgroup>
<tbody>
<tr>
<td><negrita>Planeta</negrita></td>
<td><negrita>Distancia al sol (km)</negrita></td>
<td><negrita>Diámetro (km)</negrita></td>
<td><negrita>Masa</negrita></td>
<td><negrita>N° Lunas</negrita></td>
</tr>
<tr>
<td>Júpiter</td>
<td>778 400 000</td>
<td>143 800</td>
<td>318 veces la de la Tierra</td>
<td>60</td>
</tr>
<tr>
<td>Saturno</td>
<td>1 427 100 000</td>
<td>120 660</td>
<td>95,2 veces la de la Tierra</td>
<td>31</td>
</tr>
<tr>
<td>Urano</td>
<td>2 869 600 000</td>
<td>52 290</td>
<td>14,6 veces la de la Tierra</td>
<td>22</td>
</tr>
<tr>
<td>Neptuno</td>
<td>4 496 700 000</td>
<td>49 500</td>
<td>17,2 veces la de la Tierra</td>
<td>11</td>
</tr>
</tbody>
</table>
</seccion2Texto></seccion2><seccion2
id="S2_CN_07_12_CO_99F77B62DB8C46368A414D1E3C5F0A81">
<seccion2Titulo>Los planetas enanos </seccion2Titulo>
<seccion2Texto>
<p>Un <negrita>planeta enano</negrita> es un cuerpo celeste en órbita
alrededor del Sol, que tiene suficiente masa para tener gravedad propia
y asumir una forma redonda, pero no ha despejado las inmediaciones
de su órbita, es decir, la comparte con otros objetos del mismo tipo.
 </p>
<p>Un conocido planeta enano es <negrita>Ceres</negrita>, que en el
pasado fue considerado como el mayor de una familia de asteroides.
Se encuentra situado en el <negrita>cinturón de asteroides</negrita
>, entre <negrita>Marte</negrita> y <negrita>Júpiter</negrita>.</p>
<p>Otros planetas enanos son:</p>
<p>•	<negrita>Plutón</negrita>, formado por <negrita>rocas</negrita
> y <negrita>hielo</negrita>, y rodeado por una fina atmósfera que
contiene <negrita>nitrógeno</negrita>, <negrita>metano</negrita> y <negrita
>monóxido de carbono</negrita>; tiene un satélite. Comparte su órbita
con otros cuerpos similares denominados plutoides.</p>
<p>•	Otros plutoides son Eris, Makemake y Haumea, con una superficie
muy parecida a la de Plutón, formada en su mayoría por <negrita>metano</negrita
>.</p>
<p>En la siguiente tabla puedes encontrar algunas características
específicas de los planetas enanos del sistema solar.</p>
<table border="1"><caption>Los planetas enanos </caption><colgroup><col/>
<col/><col/><col/></colgroup>
<tbody>
<tr>
<td><negrita>Planeta</negrita></td>
<td><negrita>Masa (kg)</negrita></td>
<td><negrita>Diámetro (km)</negrita></td>
<td><negrita>N° Lunas</negrita></td>
</tr>
<tr>
<td>Ceres</td>
<td>9,5 X 10<superindice>20</superindice></td>
<td>952,4 </td>
<td>0</td>
</tr>
<tr>
<td>Plutón</td>
<td>~1,25 X 10<superindice>22</superindice> </td>
<td>2306</td>
<td>1 </td>
</tr>
<tr>
<td>Eris</td>
<td>~1,5 X 10<superindice>22</superindice></td>
<td>2400</td>
<td>0</td>
</tr>
<tr>
<td>Haumea</td>
<td>4,2 X 10<superindice>21</superindice></td>
<td>1400</td>
<td>0</td>
</tr>
<tr>
<td>Makemake</td>
<td>~4,2 X 10<superindice>21</superindice></td>
<td>~1600</td>
<td>0</td>
</tr>
</tbody>
</table>
<profundiza>
<enlace
destino="/LoIdRedirect.aspx?LoId=CN_07_12_CO_Recurso150&amp;IdRecurso=RES-9F18F4D8CFE1439797D7DBCCFAF8DAA8"
>La formación de los planetas</enlace>
</profundiza><practica>
<enlace
destino="/LoIdRedirect.aspx?LoId=CN_07_12_CO_Recurso160&amp;IdRecurso=RES-A9DDF6019ABA4BFE8F346C633C74D78D"
>Los planetas del sistema solar</enlace>
</practica></seccion2Texto></seccion2><seccion2
id="S2_CN_07_12_CO_99F77B62DB8C46368A414D1E3C5F0A03">
<seccion2Titulo>Otros cuerpos celestes del sistema solar</seccion2Titulo>
<seccion2Texto>
<p>Dentro del sistema solar, además de su única estrella, el Sol,
y los planetas mencionados anteriormente, existen otros cuerpos celestes
tales como: </p>
<listaSinNumerar>
<listaElemento>Los <negrita>satélites</negrita> que giran alrededor
de los planetas, con excepción de Mercurio y Venus, que no poseen
satélites. El satélite natural que posee la Tierra que es la Luna.</listaElemento>
<listaElemento>Los <negrita>asteroides</negrita>, que son cuerpos
celestes que giran alrededor del Sol, entre las órbitas de Marte y
Júpiter, es decir que son una barrera entre los planetas interiores
y los exteriores. </listaElemento>
</listaSinNumerar>
<recuerda><recuerdaTexto>
<p>El más grande de los asteroides, el cual posee la tercera parte
de la masa de todos los asteroides, se considera un planeta enano
y recibe el nombre de Ceres.</p>
</recuerdaTexto></recuerda>
<listaSinNumerar>
<listaElemento>Los <negrita>cometas</negrita> están formados principalmente
por <negrita>hielo</negrita> y <negrita>roca</negrita>. Al igual que
los planetas, giran alrededor del Sol, pero sus órbitas son más alargadas.
Cuando se acercan al Sol, el aumento de la temperatura provoca la <negrita
>sublimación</negrita> del hielo de la superficie, que pasa al estado
gaseoso. Esta transformación, unida al movimiento del cometa y la
acción del <negrita>viento solar</negrita>, produce que este gas se
desplace hacia la parte del cometa opuesto al Sol, formando lo que
conocemos como <negrita>cola</negrita>. </listaElemento>
</listaSinNumerar>
<recuerda><recuerdaTexto>
<p>En el paso de estado <negrita>sólido</negrita> a gas se produce
un estado intermedio, el estado <negrita>líquido</negrita>, y de este
se pasa al estado <negrita>gaseoso</negrita>. Cuando la temperatura
aumenta de forma brusca, y la presión es muy baja o nula, el paso
intermedio no se produce y el sólido se convierte directamente en
gas. Este fenómeno se conoce como <negrita>sublimación</negrita>.</p>
</recuerdaTexto></recuerda>
<p> Uno de los más famosos es el cometa <negrita>Halley</negrita>,
que puede llegar a verse desde la Tierra cada 76 años.  </p>
<p>Otros cometas conocidos son: el cometa <negrita>Rigollet</negrita
>, que recorre su órbita en un tiempo de 156 años terrestres. El cometa <negrita
>Encke</negrita>, de órbita corta, se acerca al Sol cada tres años
y tres meses. Se ve con un buen telescopio.</p>
<listaSinNumerar>
<listaElemento>Los <negrita>meteoroides</negrita> son pequeños trozos
de <negrita>material rocoso</negrita> o <negrita>hierro</negrita> que
se desprenden de otros cuerpos celestes mayores. Cuando un meteoroide
atraviesa la atmósfera y colisiona con la superficie de la Tierra,
pasa a llamarse <negrita>meteorito</negrita>. Los meteoroides pequeños
que entran a gran velocidad en la atmósfera se encienden debido al
rozamiento con los gases y pueden verse en el cielo nocturno, también
se les llama <negrita>estrellas fugaces</negrita>.</listaElemento>
</listaSinNumerar>
<seccion3 id="S3_CN_07_12_CO_CF0CF1027C814789B75679A0A01FC4AF">
<seccion3Titulo>La Luna</seccion3Titulo>
<seccion3Texto>
<p>La Luna es el único <negrita>satélite natural</negrita> de la Tierra.
Debido a que <negrita>no tiene atmósfera</negrita>, los meteoritos
impactan en su superficie y causan profundas alteraciones llamadas <negrita
>cráteres</negrita>.</p>
<p>La superficie lunar presenta regiones oscuras, llamadas <negrita
>mares</negrita>, y regiones claras, que reciben el nombre de <negrita
>continentes</negrita> y contienen gran abundancia de cráteres.</p>
<imagen src="CN_07_12_CO_img_18_small.jpg">
<p>La imagen muestra las diferentes fases de la Luna en su movimiento
de traslación alrededor de la Tierra y su interacción con la luz solar.
Estas fases son: luna <negrita>nueva</negrita>, <negrita>cuarto creciente</negrita
>, luna <negrita>llena</negrita>, <negrita>cuarto menguante</negrita
>. </p>
</imagen>
<p>Desde la Tierra solamente es posible ver una cara de la Luna, debido
a que su movimiento de rotación sobre su propio eje y el movimiento
de traslación alrededor de la Tierra tardan el mismo tiempo, alrededor
de 29 días. </p>
</seccion3Texto></seccion3></seccion2Texto></seccion2><seccion2
id="S2_CN_07_12_CO_99F77B62DB8C46368A414D1E3C5F0A92">
<seccion2Titulo>Consolidación</seccion2Titulo>
<seccion2Texto>
<p>Actividades para consolidar lo que has aprendido en esta sección.</p>
<practica>
<enlace
destino="/LoIdRedirect.aspx?LoId=CN_07_12_CO_Recurso180&amp;IdRecurso=RES-F296847433194C92ABDB376E23CDF17A"
>Refuerza tu aprendizaje: Los componentes del universo	</enlace>
</practica></seccion2Texto></seccion2></seccion1Texto></seccion1>
<seccion1 id="S1_CN_07_12_CO_139E6FE9A23D4B1C88BC7FBB02496E1B">
<seccion1Titulo>La exploración del universo</seccion1Titulo>
<seccion1Texto>
<p>El ser humano siempre ha sentido curiosidad por explorar el universo,
el gran espacio que contiene todo cuanto rodea al hombre. Conocerlo
le permitirá entender dónde se encuentra e interpretar los fenómenos
que ocurren a su alrededor.  </p>
<p>Después de la Segunda Guerra Mundial (1939-1945), empezó la llamada <negrita
>carrera espacial</negrita> entre la antigua <negrita>Unión Soviética</negrita
> y <negrita>Estados Unidos</negrita>.</p>
<profundiza>
<enlace
destino="/LoIdRedirect.aspx?LoId=CN_07_12_CO_Recurso190&amp;IdRecurso=RES-64CB89ED14224ADCA64D81D98B698CA9"
>La exploración del espacio</enlace>
</profundiza><seccion2
id="S2_CN_07_12_CO_7239283F2DA3490D90CD640FB3032400">
<seccion2Titulo>Los programas espaciales soviéticos</seccion2Titulo>
<seccion2Texto>
<p>Los científicos soviéticos consiguieron enviar y colocar en el
espacio el primer satélite artificial, llamado <negritacursiva>Sputnik
1</negritacursiva>, el 4 de octubre de 1957. Un mes después se lanzó
el <negritacursiva>Sputnik 2</negritacursiva>, con el primer ser vivo,
una perra llamada <negrita>Laika</negrita>.</p>
<imagen src="CN_07_12_CO_img_19_small.jpg">
<p>Laika era una perrita de menos de 6 kg y 2 años de edad aproximadamente,
que fue escogida por su actitud tranquila. Esta perrita pasó de estar
en la calle a ser el primer ser vivo lanzado al espacio. ¿Te has preguntado
cómo deberían estar equipados su nave y su traje?</p>
</imagen>
<p> El primer ser humano que logró viajar al espacio fue el soviético <negrita
>Yuri Gagarin</negrita>, el 12 de abril de 1961. Lo hizo en la nave
espacial <negritacursiva>Vostok 1</negritacursiva>. El vuelo duró
108 minutos y regresó sano y salvo. El objetivo era conocer los efectos
de la ausencia de gravedad en el ser humano.</p>
</seccion2Texto></seccion2><seccion2
id="S2_CN_07_12_CO_7239283F2DA3490D90CD750FB3032411">
<seccion2Titulo>Los programas espaciales estadounidenses</seccion2Titulo>
<seccion2Texto>
<p>Después del lanzamiento del Sputnik 1 por los soviéticos, los estadounidenses
fundaron la NASA con la intención de llevar a cabo sus propios programas
espaciales en competencia con la Unión Soviética. Esto dio origen
a la <negrita>carrera espacial</negrita>.</p>
<destacado><destacadoTitulo>La carrera espacial</destacadoTitulo>
<destacadoTexto>
<p>Se llama <negrita>carrera espacial</negrita> a la competencia que
hubo entre <negrita>Estados Unidos</negrita> y la <negrita>Unión Soviética</negrita
> para <negrita>explorar el espacio</negrita>. Empezó después de la
Segunda Guerra Mundial, en una época en que era muy importante disponer
de la mejor tecnología espacial y demostrarlo, ya que aportaba mucho
prestigio y poder militar.</p>
</destacadoTexto></destacado>
<p>La NASA realizó diferentes misiones, entre las que cabe destacar
el programa <cursiva>Mercury</cursiva>, por llevar a los primeros
estadounidenses al espacio, y el <cursiva>Apolo 11</cursiva>, que
consiguió llevar el hombre a la Luna por primera vez.  </p>
<p>El 16 de julio de 1969, Estados Unidos consiguió enviar astronautas
a la Luna en una nave llamada Apolo 11, impulsada por el cohete Saturno
V. La misión estaba conformada por los astronautas <negrita>Michael
Collins</negrita>, <negrita>Edwin Aldrin</negrita> y <negrita>Neil
Armstrong</negrita>, este último se convirtió en el primer hombre
en pisar la Luna, el 21 de julio de 1969.</p>
<practica>
<enlace
destino="/LoIdRedirect.aspx?LoId=CN_07_12_CO_Recurso200&amp;IdRecurso=RES-BD1A25BD84FF44D1B847066A0BAEE4A5"
>Responde preguntas sobre la conquista de la Luna</enlace>
</practica>
<imagen src="CN_07_12_CO_img_20_small.jpg">
<p>La imagen muestra a Neil Armstrong cuando pisó por primera vez
la superficie lunar. También se observa el módulo lunar transportado
por el Apolo 11, y al fondo la imagen de la Tierra vista desde la
Luna.</p>
</imagen>
<practica>
<enlace
destino="/LoIdRedirect.aspx?LoId=CN_07_12_CO_Recurso210&amp;IdRecurso=RES-5606C63F689842C79A744865DDC6C84E"
>Repasa la historia de la exploración del espacio</enlace>
</practica>
<p>Vale la pena destacar el programa <negrita>Voyager</negrita> de
Estados Unidos, que ha enviado dos sondas al espacio interestelar:
la <negrita>Voyager 1 </negrita>y la <negrita>Voyager 2</negrita>,
que fueron lanzadas al espacio en 1977, alcanzando las máximas velocidades
obtenidas por el hombre en una máquina a 17 km/s, y las cuales ya
salieron del sistema solar hacia el espacio exterior. Con este programa,
el hombre ha obtenido información y fotografías de todos los planetas
exteriores y, en la actualidad, intentan enviar información sobre
el plasma interestelar.</p>
<p>Actualmente, nuestro planeta se encuentra circundado por una gran
cantidad de satélites artificiales que se utilizan para las comunicaciones
al interior de la Tierra, la localización de objetos sobre la superficie
terrestre, la observación de maniobras militares y para la observación
del universo.</p>
</seccion2Texto></seccion2><seccion2
id="S2_CN_07_12_CO_7239283F2DA3490D90CD860FB3032422">
<seccion2Titulo>Consolidación</seccion2Titulo>
<seccion2Texto>
<p>Actividades para consolidar lo que has aprendido en esta sección.</p>
<practica>
<enlace
destino="/LoIdRedirect.aspx?LoId=CN_07_12_CO_Recurso220&amp;IdRecurso=RES-808F4A112C8D4D4A92EE52C3026C843D"
>Refuerza tu aprendizaje: Los programas espaciales</enlace>
</practica></seccion2Texto></seccion2></seccion1Texto></seccion1>
<seccion1 id="S1_CN_07_12_CO_0303C26E9EB745559EC4BDB3F1803D9E">
<seccion1Titulo>Competencias</seccion1Titulo>
<seccion1Texto>
<p>Pon a prueba tus capacidades y aplica lo aprendido con estos recursos.</p>
<practica>
<enlace
destino="/LoIdRedirect.aspx?LoId=CN_07_12_CO_Recurso230&amp;IdRecurso=RES-A3ED34B172964A25B944A48558BD629D"
>Competencias: teorías sobre el origen del universo</enlace>
<enlace
destino="/LoIdRedirect.aspx?LoId=CN_07_12_CO_Recurso240&amp;IdRecurso=RES-8124549755BD407E8AD57F9C7D7956DE"
>Competencias: comprensión de las partes del Sol y sus funciones</enlace>
<enlace
destino="/LoIdRedirect.aspx?LoId=CN_07_12_CO_Recurso250&amp;IdRecurso=RES-76302DC81A8A4371BF36A5C71D3C9177"
>Competencias: diferenciación de los cuerpos celestes</enlace>
</practica></seccion1Texto></seccion1><masinformacion
id="MI_CN_07_12_CO_16352A276324413F88DF128BEF4EFD31"><mapaconceptual>
<enlace
destino="/LoIdRedirect.aspx?LoId=CN_07_12_CO_Recurso270&amp;IdRecurso=RES-7C5F0DAEFB124FE096EC94584CA11858"
>Mapa Conceptual</enlace></mapaconceptual><autoevaluate><enlace
destino="/LoIdRedirect.aspx?LoId=CN_07_12_CO_Recurso280&amp;IdRecurso=RES-D55E27FB588A46F0B6C3D251803FB90B"
>Evaluación</enlace></autoevaluate><enlacesreferencia>
<enlace
destino="http://www.skoool.es/content/los/physics/day_night/launch.html"
>El día y la noche</enlace>
<enlace destino="http://www.astromia.com/tierraluna/latierra.htm"
>La Tierra</enlace><?Pub Caret 4?>
<enlace
destino="http://eluniversomovera.webnode.es/las-capas-de-la-tierra/"
>Las capas de la Tierra</enlace>
</enlacesreferencia></masinformacion></libro>
