<?xml version="1.0" encoding="utf-8"?><motor tipo="2" clase="a" aprid="M2a">
  <plataforma>
    <grado><![CDATA[2]]></grado>
    <titulo>Generalidades del sistema endocrino</titulo>
    <volumen><![CDATA[1]]></volumen>
    <nivel>1</nivel>
    <referencia><![CDATA[cn_08_05_12]]></referencia>
    <id_reg><![CDATA[158]]></id_reg>
    <motor><![CDATA[M2a]]></motor>
    <lang>es</lang>
  </plataforma>
  <enunciado><![CDATA[Completa el siguiente texto sobre el sistema endocrino.]]></enunciado>
  <masinfo inicio="0"/>
  <calc><![CDATA[0]]></calc>
  <sonido/>
  <textoacategoria>
    <cuestion>
      <pregunta><![CDATA[El [*] actúa mediante las [*], que son sustancias [*] producidas por las [*] endocrinas, se liberan en la [*] y se distribuyen por todo el organismo. Las acciones del sistema endocrino son más lentas pero más prolongadas que las del [*].Un ejemplo de la utilidad del sistema endocrino es la producción de [*], que es una hormona que segregan las glándulas [*] y que prepara al organismo para la acción, sobre todo cuando existe una situación de [*].]]></pregunta>
      <respuestas>
        <respuesta orden="1"><![CDATA[sistema endocrino]]></respuesta>
        <respuesta orden="2"><![CDATA[hormonas]]></respuesta>
        <respuesta orden="3"><![CDATA[químicas]]></respuesta>
        <respuesta orden="4"><![CDATA[glándulas]]></respuesta>
        <respuesta orden="5"><![CDATA[sangre]]></respuesta>
        <respuesta orden="6"><![CDATA[sistema nervioso]]></respuesta>
        <respuesta orden="7"><![CDATA[adrenalina]]></respuesta>
        <respuesta orden="8"><![CDATA[suprarrenales]]></respuesta>
        <respuesta orden="9"><![CDATA[peligro]]></respuesta>
      </respuestas>
    </cuestion>
  </textoacategoria>
  <textofalso cantidad="0"/>
</motor>