﻿<?xml version="1.0" encoding="UTF-8"?><motor tipo="4" clase="a" aprid="m4a"><plataforma><grado><![CDATA[2]]></grado><titulo>Evaluación</titulo><area>0</area><nivel>1</nivel><referencia /><idreg><![CDATA[0]]></idreg><motor><![CDATA[M4A]]></motor><lang>es</lang></plataforma><enunciado><![CDATA[Responde las siguientes preguntas sobre el tema la respiración en los seres vivos.]]></enunciado><masinfo inicio="0" /><sinaleatoriedad><![CDATA[0]]></sinaleatoriedad><calc><![CDATA[0]]></calc><respuestaunica><![CDATA[0]]></respuestaunica><test cantidad="10"><cuestion><enunciado><![CDATA[¿Cómo se llama al conjunto de reacciones químicas en las que se degradan los nutrientes con la intervención del oxígeno para la obtención de energía?]]></enunciado><explicacion /><imagen /><respuestas><respuesta contestacion="Respiración cutánea." correcta="0" /><respuesta contestacion="Respiración celular." correcta="1" /><respuesta contestacion="Intercambio gaseoso." correcta="0" /></respuestas></cuestion><cuestion><enunciado><![CDATA[¿Qué tipo de respiración se realiza en ausencia de oxígeno?]]></enunciado><explicacion /><imagen /><respuestas><respuesta contestacion="Anaerobia." correcta="1" /><respuesta contestacion="Aerobia." correcta="0" /><respuesta contestacion="Pulmonar." correcta="0" /></respuestas></cuestion><cuestion><enunciado><![CDATA[¿Cómo se llama la respiración en la cual no se utilizan órganos especializados para la respiración?]]></enunciado><explicacion /><imagen /><respuestas><respuesta contestacion="Directa." correcta="1" /><respuesta contestacion="Indirecta." correcta="0" /><respuesta contestacion="Por etapas." correcta="0" /></respuestas></cuestion><cuestion><enunciado><![CDATA[¿Qué mecanismo de transporte permite el paso de O₂ y CO₂ al interior celular?]]></enunciado><explicacion /><imagen /><respuestas><respuesta contestacion="Difusión simple." correcta="1" /><respuesta contestacion="Difusión facilitada." correcta="0" /><respuesta contestacion="Transporte activo." correcta="0" /></respuestas></cuestion><cuestion><enunciado><![CDATA[¿En qué parte de la célula realizan la respiración los organismos procariotas?]]></enunciado><explicacion /><imagen /><respuestas><respuesta contestacion="En el citoplasma." correcta="1" /><respuesta contestacion="En la mitocondria." correcta="0" /><respuesta contestacion="En los ribosomas." correcta="0" /></respuestas></cuestion><cuestion><enunciado><![CDATA[¿Cómo se llaman las estructuras que utilizan las plantas para realizar el intercambio de gases con el medioambiente?]]></enunciado><explicacion /><imagen /><respuestas><respuesta contestacion="Estomas, mitocondrias y cloroplastos." correcta="0" /><respuesta contestacion="Estomas, lenticelas y frutos." correcta="0" /><respuesta contestacion="Estomas, lenticelas y neumatóforos." correcta="1" /></respuestas></cuestion><cuestion><enunciado><![CDATA[¿Cuáles son los tipos de respiración que poseen los animales?]]></enunciado><explicacion /><imagen /><respuestas><respuesta contestacion="Directa, traqueal, pulmonar, auricular y cutánea." correcta="0" /><respuesta contestacion="Directa, traqueal, pulmonar, cutánea y branquial." correcta="1" /><respuesta contestacion="Directa, esofágica, pulmonar, cutánea y branquial." correcta="0" /></respuestas></cuestion><cuestion><enunciado><![CDATA[¿Cómo se llaman las estructuras del sistema respiratorio de las aves que les permiten almacenar una mayor cantidad de aire y así asegurar una óptima ventilación?]]></enunciado><explicacion /><imagen /><respuestas><respuesta contestacion="Sacos aéreos." correcta="1" /><respuesta contestacion="Tráqueas." correcta="0" /><respuesta contestacion="Branquias." correcta="0" /></respuestas></cuestion><cuestion><enunciado><![CDATA[¿En qué estructura del sistema respiratorio del ser humano se realiza el intercambio de gases con el sistema circulatorio?]]></enunciado><explicacion /><imagen /><respuestas><respuesta contestacion="En los alvéolos." correcta="1" /><respuesta contestacion="En la laringe." correcta="0" /><respuesta contestacion="En los bronquios." correcta="0" /></respuestas></cuestion><cuestion><enunciado><![CDATA[¿Por medio de que estructura se realiza la respiración fetal?]]></enunciado><explicacion /><imagen /><respuestas><respuesta contestacion="La placenta." correcta="1" /><respuesta contestacion="Los pulmones." correcta="0" /><respuesta contestacion="Las fosas nasales." correcta="0" /></respuestas></cuestion></test></motor>