<?xml version='1.0' encoding='UTF-8'?><engine copy="Editorial Planeta" version="1" aprid="f13" title="Análisis del proceso completo de la respiración" >
<section title="Presentación" path="section0.jpg" pathAmp="" image1Text="" zoom1="false" zoom2a="false" zoom2b="false" layout="1" >
<![CDATA[<p>La respiraci&oacute;n es el&nbsp;proceso por el cual se realiza&nbsp;el intercambio de gases con el medio externo; a trav&eacute;s de este, se suministra a las c&eacute;lulas el ox&iacute;geno que necesitan para llevar a cabo todas las reacciones qu&iacute;micas de las que obtienen energ&iacute;a.</p>

<p>La respiraci&oacute;n humana puede&nbsp;dividirse en cuatros&nbsp;fases:</p>

<ul>
	<li>Ventilaci&oacute;n pulmonar.</li>
</ul>

<ul>
	<li>Intercambio de gases.</li>
</ul>

<ul>
	<li>Transporte de ox&iacute;geno a todas las c&eacute;lulas.</li>
</ul>

<ul>
	<li>Respiraci&oacute;n celular.</li>
</ul>

<p><strong>El objetivo de esta actividad es que analices todo el proceso de respiraci&oacute;n, es decir, c&oacute;mo se produce y qu&eacute; pasa en nuestro organismo.</strong></p>

<p>Antes de realizar la actividad, contesta las siguientes preguntas:</p>

<ul>
	<li>&iquest;Qu&eacute; son los alv&eacute;olos pulmonares?</li>
</ul>

<ul>
	<li>&iquest;Qu&eacute; proceso importante de la respiraci&oacute;n ocurre en los alv&eacute;olos?</li>
</ul>

<ul>
	<li>&iquest;Qu&eacute; es la ventilaci&oacute;n pulmonar?</li>
</ul>
]]></section>
<section title="Tarea" path="" pathAmp="" image1Text="" zoom1="false" zoom2a="false" zoom2b="false" layout="2" >
<![CDATA[
<p>Para realizar esta tarea sigue los pasos del procedimiento.</p>

<p><strong>Procedimiento:</strong></p>

<p>1.&ordm; Busca en qu&eacute;&nbsp;consiste la respiraci&oacute;n pulmonar y la respiraci&oacute;n celular y, cuando tengas claro el funcionamiento de&nbsp;cada una de ellas, expl&iacute;calo con tus propias palabras.</p>

<p>2.&ordm; Dibuja una silueta del cuerpo humano y sit&uacute;a en ella, las fosas nasales,&nbsp;la faringe, la laringe,&nbsp;la tr&aacute;quea, los bronquios, los pulmones y, en su interior, los bronquiolos y alv&eacute;olos.</p>

<p>3.&ordm; Traza en tu dibujo el recorrido que sigue el aire cuando entra en los pulmones.</p>

<p>4.&ordm; Dibuja un alv&eacute;olo e indica qu&eacute; gases llegan hasta &eacute;l; explica qu&eacute;&nbsp;sucede en estos luego de realizar la inhalaci&oacute;n.</p>

<p>5.&ordm; Identifica qu&eacute; otro sistema del ser humano colabora con el sistema respiratorio para que se lleve a cabo el proceso de respiraci&oacute;n celular. Dibuja donde corresponde, en tu silueta, el &oacute;rgano principal de este otro sistema.</p>

<p>6.&ordm; Marca sobre tu dibujo c&oacute;mo llega el ox&iacute;geno&nbsp;de la respiraci&oacute;n pulmonar a las c&eacute;lulas m&aacute;s alejadas de los pulmones.</p>

<p>7.&ordm; Dibuja una c&eacute;lula e indica qu&eacute; gases entran en su interior y cu&aacute;les salen.</p>

<p>Utiliza los dibujos que has elaborado para escribir un texto en el que expliques todos los pasos de la respiraci&oacute;n, desde que realizamos la inhalaci&oacute;n&nbsp;hasta que exhalamos, indicando qu&eacute; sucede con el ox&iacute;geno y el di&oacute;xido de carbono y su transporte por el organismo.</p>
]]></section>
</engine>