﻿<?xml version="1.0" encoding="utf-8"?><motor tipo="4" clase="a" aprid="m4a">
  <plataforma>
    <grado><![CDATA[2]]></grado>
    <titulo>Los seres vivos y la respiración</titulo>
    <area>0</area>
    <nivel>1</nivel>
    <referencia/>
    <idreg><![CDATA[0]]></idreg>
    <motor><![CDATA[M4A]]></motor>
    <lang>es</lang>
  </plataforma>
  <enunciado><![CDATA[Responde las siguientes preguntas sobre la respiración en los seres vivos.]]></enunciado>
  <masinfo inicio="0"/>
  <sinaleatoriedad><![CDATA[0]]></sinaleatoriedad>
  <calc><![CDATA[0]]></calc>
  <respuestaunica><![CDATA[0]]></respuestaunica>
  <test cantidad="6">
    <cuestion>
      <enunciado><![CDATA[¿Qué nombre recibe el proceso metabólico anaeróbico realizado por organismos como las levaduras, y que tiene utilidad en la industria alimenticia? ]]></enunciado>
      <explicacion/>
      <imagen/>
      <respuestas>
        <respuesta contestacion="Fermentación." correcta="1"/>
        <respuesta contestacion="Respiración celular aerobia." correcta="0"/>
        <respuesta contestacion="Combustión." correcta="0"/>
      </respuestas>
    </cuestion>
    <cuestion>
      <enunciado><![CDATA[¿Cómo se llama el tipo de respiración en la que intervienen estructuras u órganos especializados?]]></enunciado>
      <explicacion/>
      <imagen/>
      <respuestas>
        <respuesta contestacion="Directa." correcta="0"/>
        <respuesta contestacion="Indirecta." correcta="1"/>
        <respuesta contestacion="Celular." correcta="0"/>
      </respuestas>
    </cuestion>
    <cuestion>
      <enunciado><![CDATA[¿Qué nombre recibe la molécula que sirve como transporte de energía química en las células?]]></enunciado>
      <explicacion/>
      <imagen/>
      <respuestas>
        <respuesta contestacion="Adenosín-trifosfato." correcta="1"/>
        <respuesta contestacion="Dióxido de carbono." correcta="0"/>
        <respuesta contestacion="Piruvato." correcta="0"/>
      </respuestas>
    </cuestion>
    <cuestion>
      <enunciado><![CDATA[¿Qué tipo de respiración tienen los organismos que mueren en presencia de oxígeno?]]></enunciado>
      <explicacion/>
      <imagen/>
      <respuestas>
        <respuesta contestacion="Aerobia facultativa." correcta="0"/>
        <respuesta contestacion="Anaerobia facultativa." correcta="0"/>
        <respuesta contestacion="Anaerobia estricta." correcta="1"/>
      </respuestas>
    </cuestion>
    <cuestion>
      <enunciado><![CDATA[¿Qué tipo de respiración tienen las levaduras que son usadas en procesos de producción de alimentos?]]></enunciado>
      <explicacion/>
      <imagen/>
      <respuestas>
        <respuesta contestacion="Anaerobia." correcta="1"/>
        <respuesta contestacion="Aerobia." correcta="0"/>
        <respuesta contestacion="Sistémica." correcta="0"/>
      </respuestas>
    </cuestion>
    <cuestion>
      <enunciado><![CDATA[¿Qué productos se obtienen de la respiración celular aerobia?]]></enunciado>
      <explicacion/>
      <imagen/>
      <respuestas>
        <respuesta contestacion="CO₂, O₂ y ATP." correcta="0"/>
        <respuesta contestacion="CO₂, H₂O y ATP." correcta="1"/>
        <respuesta contestacion="CO₂, H₂O y etanol." correcta="0"/>
      </respuestas>
    </cuestion>
  </test>
</motor>