<?xml version='1.0' encoding='UTF-8'?><motor tipo="1" clase="b" aprid="m1b">
  <plataforma>
    <grado><![CDATA[2]]></grado>
    <titulo/>
    <area>0</area>
    <nivel>1</nivel>
    <referencia/>
    <idreg><![CDATA[0]]></idreg>
    <motor><![CDATA[M1B]]></motor>
    <lang>es</lang>
  </plataforma>
  <enunciado><![CDATA[Relaciona las siguientes características de la respiración con los diferentes grupos de animales.]]></enunciado>
  <masinfo inicio="0"/>
  <sinaleatoriedad><![CDATA[0]]></sinaleatoriedad>
  <calc><![CDATA[0]]></calc>
  <textoatexto cantidad="4">
    <cuestion>
      <pregunta><![CDATA[Anfibios]]></pregunta>
      <respuesta><![CDATA[Estos poseen pulmones compartimentalizados con faveolos y la ventilación está mediada por movimientos de la boca.]]></respuesta>
    </cuestion>
    <cuestion>
      <pregunta><![CDATA[Reptiles]]></pregunta>
      <respuesta><![CDATA[Los pulmones de estos animales son alargados y con gran cantidad de faveolos. La ventilación funciona como una bomba de succión.]]></respuesta>
    </cuestion>
    <cuestion>
      <pregunta><![CDATA[Aves]]></pregunta>
      <respuesta><![CDATA[Además de pulmones poseen sacos aéreos. La ventilación se realiza en cuatro etapas: dos inhalaciones y dos exhalaciones.]]></respuesta>
    </cuestion>
    <cuestion>
      <pregunta><![CDATA[Mamíferos]]></pregunta>
      <respuesta><![CDATA[Poseen pulmones con muchos alvéolos para el intercambio de gases. La ventilación requiere de una inhalación y una exhalación.]]></respuesta>
    </cuestion>
  </textoatexto>
  <textofalso cantidad="0"/>
</motor>