<?xml version='1.0' encoding='UTF-8'?><motor tipo="4" clase="a" aprid="m4a">
  <plataforma>
    <grado><![CDATA[2]]></grado>
    <titulo>Ejercita con la ley de la fuerza, la masa y la aceleración</titulo>
    <area>0</area>
    <nivel>1</nivel>
    <referencia/>
    <idreg><![CDATA[0]]></idreg>
    <motor><![CDATA[M4A]]></motor>
    <lang>es</lang>
  </plataforma>
  <enunciado><![CDATA[Evalúa tus conocimientos para hallar los valores de la fuerza la masa y la aceleración en situaciones cotidianas.]]></enunciado>
  <masinfo inicio="1"><![CDATA[Recuerde que la fuerza aplicada es igual a la masa del cuerpo multiplicada por su aceleración.]]></masinfo>
  <sinaleatoriedad><![CDATA[0]]></sinaleatoriedad>
  <calc><![CDATA[0]]></calc>
  <respuestaunica><![CDATA[1]]></respuestaunica>
  <test cantidad="10">
    <cuestion>
      <enunciado><![CDATA[Un albañil sube mediante una cuerda, un balde de 3 kg de masa, ascendiendo este con una aceleración de 2.5 m/s{{sup}}2 {{normal}}. ¿Cuál es la fuerza aplicada por el albañil?]]></enunciado>
      <explicacion><![CDATA[De acuerdo con la segunda ley Newton, F = m ∙ a, por lo que debe multiplicarse el valor de 3 kg por 2.5 m/s{{sup}}2{{normal}}.]]></explicacion>
      <imagen/>
      <respuestas>
        <respuesta contestacion="7.5 N" correcta="1"/>
        <respuesta contestacion="5.0 N" correcta="0"/>
        <respuesta contestacion="3.5 N" correcta="0"/>
        <respuesta contestacion="4.5 N" correcta="0"/>
        <respuesta contestacion="6.0 N" correcta="0"/>
      </respuestas>
    </cuestion>
    <cuestion>
      <enunciado><![CDATA[Un caballo arrastra una carreta de 300 kg de masa, acelerándola a razón de 20 m/s{{sup}}2{{normal}}. ¿Con qué fuerza arrastra el caballo la carreta?  ]]></enunciado>
      <explicacion><![CDATA[De acuerdo con la segunda ley Newton, F = m ∙ a, por lo que debe multiplicarse el valor de 300 kg por 20 m/s{{sup}}2{{normal}}.]]></explicacion>
      <imagen/>
      <respuestas>
        <respuesta contestacion="60 N" correcta="0"/>
        <respuesta contestacion="6000 N" correcta="1"/>
        <respuesta contestacion="600 N" correcta="0"/>
        <respuesta contestacion="6 N" correcta="0"/>
        <respuesta contestacion="60000 N" correcta="0"/>
      </respuestas>
    </cuestion>
    <cuestion>
      <enunciado><![CDATA[Un gimnasta olimpico levanta una pesa de 600 kg aplicando sobre ella una fuerza de 18000 N. ¿Cuál fue la aceleración producida sobre la pesa? ]]></enunciado>
      <explicacion><![CDATA[De acuerdo con la segunda ley Newton, a = F/m. Por lo tanto, se debe dividir la fuerza aplicada a la pesa, entre su masa, para obtener su aceleración.]]></explicacion>
      <imagen/>
      <respuestas>
        <respuesta contestacion="300 m/s{{sup}}2{{normal}}" correcta="0"/>
        <respuesta contestacion="30 m/s{{sup}}2{{normal}}" correcta="1"/>
        <respuesta contestacion="3000 m/s{{sup}}2{{normal}}" correcta="0"/>
        <respuesta contestacion="3 m/s{{sup}}2{{normal}}" correcta="0"/>
        <respuesta contestacion="0.3 m/s{{sup}}2{{normal}}" correcta="0"/>
      </respuestas>
    </cuestion>
    <cuestion>
      <enunciado><![CDATA[El motor de un automóvil de fórmula uno desarrolla una fuerza de 2000 N, lo cual le permite impulsar una masa de 400 kg. ¿Qué aceleración puede alcanzar el automóvil? ]]></enunciado>
      <explicacion><![CDATA[De acuerdo con la segunda ley Newton, a = F/m. Por lo tanto, se debe dividir la fuerza desarrollada por el motor entre la masa del automóvil para obtener su aceleración.]]></explicacion>
      <imagen/>
      <respuestas>
        <respuesta contestacion="5 m/s{{sup}}2{{normal}}" correcta="1"/>
        <respuesta contestacion="50 m/s{{sup}}2{{normal}}" correcta="0"/>
        <respuesta contestacion="0.5 m/s{{sup}}2{{normal}}" correcta="0"/>
        <respuesta contestacion="5000 m/s{{sup}}2{{normal}}" correcta="0"/>
        <respuesta contestacion="500 m/s{{sup}}2{{normal}}" correcta="0"/>
      </respuestas>
    </cuestion>
    <cuestion>
      <enunciado><![CDATA[¿Cuál es la masa de una caja de libros, si al aplicarle una fuerza de 35 N, se acelera a razón de 5 m/s{{sup}}2{{normal}}?]]></enunciado>
      <explicacion><![CDATA[De acuerdo con la segunda ley Newton, m = F/a. Por lo tanto, se debe dividir la fuerza aplicada a la caja entre su aceleración para obtener su masa.]]></explicacion>
      <imagen/>
      <respuestas>
        <respuesta contestacion="5 kg" correcta="0"/>
        <respuesta contestacion="70 kg" correcta="0"/>
        <respuesta contestacion="0.7 kg" correcta="0"/>
        <respuesta contestacion="50 kg" correcta="0"/>
        <respuesta contestacion="7 kg" correcta="1"/>
      </respuestas>
    </cuestion>
    <cuestion>
      <enunciado><![CDATA[Elevaremos una nevera con una grúa que genera una fuerza de 750 N. Si la aceleración requerida para que la grúa no se dañe es de 5 m/s{{sup}}2{{normal}} ¿Cuál debe ser la masa de la nevera?]]></enunciado>
      <explicacion><![CDATA[De acuerdo con la segunda ley Newton, m = F/a. Por lo tanto, se debe dividir la fuerza aplicada entre la aceleración alcanzada para obtener la masa del cuerpo.]]></explicacion>
      <imagen/>
      <respuestas>
        <respuesta contestacion="15 kg" correcta="0"/>
        <respuesta contestacion="150 kg" correcta="1"/>
        <respuesta contestacion="1.5 kg" correcta="0"/>
        <respuesta contestacion="1500 kg" correcta="0"/>
        <respuesta contestacion="0.15 kg" correcta="0"/>
      </respuestas>
    </cuestion>
    <cuestion>
      <enunciado><![CDATA[¿Qué fuerza debes aplicar sobre una carreta de 130 kg de masa para acelerarla a 3.2 m/s{{sup}}2{{normal}}?   ]]></enunciado>
      <explicacion><![CDATA[De acuerdo con la segunda ley Newton, F = m ∙ a, por lo que debe multiplicarse el valor de 130 kg por 3.2 m/s{{sup}}2{{normal}}.]]></explicacion>
      <imagen/>
      <respuestas>
        <respuesta contestacion="415 N" correcta="0"/>
        <respuesta contestacion="420 N" correcta="0"/>
        <respuesta contestacion="413 N" correcta="0"/>
        <respuesta contestacion="416 N" correcta="1"/>
        <respuesta contestacion="414 N" correcta="0"/>
      </respuestas>
    </cuestion>
    <cuestion>
      <enunciado><![CDATA[El motor de un auto a control remoto desarrolla una fuerza de 39 N. Si la masa del auto es de 1.3 kg, ¿cuál es su aceleración?  ]]></enunciado>
      <explicacion><![CDATA[De acuerdo con la segunda ley Newton, a = F/m. Por lo tanto, se debe dividir la fuerza desarrollada por el motor entre la masa del auto para obtener su aceleración.]]></explicacion>
      <imagen/>
      <respuestas>
        <respuesta contestacion="300 m/s{{sup}}2{{normal}}" correcta="0"/>
        <respuesta contestacion="3 m/s{{sup}}2{{normal}}" correcta="0"/>
        <respuesta contestacion="30 m/s{{sup}}2{{normal}}" correcta="1"/>
        <respuesta contestacion="0.3 m/s{{sup}}2{{normal}}" correcta="0"/>
        <respuesta contestacion="0.03 m/s{{sup}}2{{normal}}" correcta="0"/>
      </respuestas>
    </cuestion>
    <cuestion>
      <enunciado><![CDATA[Tres hombres empujan un auto aplicando fuerzas de 300 N, 400 N y 500 N. Si el auto se acelera a 3 m/s{{sup}}2{{normal}}, ¿cuál es el valor de su masa?]]></enunciado>
      <explicacion><![CDATA[De acuerdo con la segunda ley Newton, m = F/a. Por lo tanto, se debe dividir la fuerza total aplicada al auto, entre su aceleración, para obtener su masa.]]></explicacion>
      <imagen/>
      <respuestas>
        <respuesta contestacion="500 kg" correcta="0"/>
        <respuesta contestacion="300 kg" correcta="0"/>
        <respuesta contestacion="400 kg" correcta="1"/>
        <respuesta contestacion="600 kg" correcta="0"/>
        <respuesta contestacion="200 kg" correcta="0"/>
      </respuestas>
    </cuestion>
    <cuestion>
      <enunciado><![CDATA[Un skater impulsa su patineta mediante una fuerza de 120 N. Si experimenta una aceleración de 2 m/s{{sup}}2{{normal}}, ¿cuál es la masa conjunta del skater y la patineta?]]></enunciado>
      <explicacion><![CDATA[De acuerdo con la segunda ley Newton, m = F/a. Por lo tanto, se debe dividir la fuerza aplicada por el skater entre su aceleración para obtener su masa total.]]></explicacion>
      <imagen/>
      <respuestas>
        <respuesta contestacion="6 kg" correcta="0"/>
        <respuesta contestacion="600 kg" correcta="0"/>
        <respuesta contestacion="60 kg" correcta="1"/>
        <respuesta contestacion="0.6 kg" correcta="0"/>
        <respuesta contestacion="0.06 kg" correcta="0"/>
      </respuestas>
    </cuestion>
  </test>
  <temps>30</temps>
</motor>