﻿<?xml version="1.0" encoding="utf-8"?><motor tipo="3" clase="a" aprid="M3a">
  <plataforma>
    <grado><![CDATA[2]]></grado>
    <titulo>Practica con el plano inclinado</titulo>
    <area>6</area>
    <nivel><![CDATA[2]]></nivel>
    <referencia><![CDATA[FQ_10_03_13]]></referencia>
    <idreg><![CDATA[1926]]></idreg>
    <motor><![CDATA[M3A]]></motor>
    <lang>es</lang>
  </plataforma>
  <enunciado><![CDATA[Calcula en cada caso el valor de la fuerza normal e indica si el objeto bajará o subirá la rampa.]]></enunciado>
  <masinfo inicio="1"><![CDATA[Considera g ˜ 10 m/s{{sup}}2{{normal}}.]]></masinfo>
  <sinaleatoriedad><![CDATA[0]]></sinaleatoriedad>
  <calc><![CDATA[1]]></calc>
  <sonidoaimagen cantidad="6">
    <cuestion>
      <imagen etiqueta="{{cur}}m{{normal}} = 2 kg"><![CDATA[Ex_FQ_10_03_T4_Ej_15_img1_small.jpg]]></imagen>
      <respuestas>
        <respuesta etiqueta="{{cur}}F{{normal}}{{sub}}N{{normal}} = 19,3 N"/>
        <respuesta etiqueta="Subirá la rampa."/>
      </respuestas>
    </cuestion>
    <cuestion>
      <imagen etiqueta="{{cur}}m{{normal}} = 40 kg"><![CDATA[Ex_FQ_10_03_T4_Ej_15_img2_small.jpg]]></imagen>
      <respuestas>
        <respuesta etiqueta="{{cur}}F{{normal}}{{sub}}N{{normal}} = 346,4 N"/>
        <respuesta etiqueta="Bajará la rampa."/>
      </respuestas>
    </cuestion>
    <cuestion>
      <imagen etiqueta="{{cur}}m{{normal}} = 60 kg"><![CDATA[Ex_FQ_10_03_T4_Ej_15_img3_small.jpg]]></imagen>
      <respuestas>
        <respuesta etiqueta="{{cur}}F{{normal}}{{sub}}N{{normal}} = 543,8 N"/>
        <respuesta etiqueta="Subirá la rampa."/>
      </respuestas>
    </cuestion>
    <cuestion>
      <imagen etiqueta="{{cur}}m{{normal}} = 100 g"><![CDATA[Ex_FQ_10_03_T4_Ej_15_img4_small.jpg]]></imagen>
      <respuestas>
        <respuesta etiqueta="{{cur}}F{{normal}}{{sub}}N{{normal}} = 0,9 N"/>
        <respuesta etiqueta="Bajará la rampa."/>
      </respuestas>
    </cuestion>
    <cuestion>
      <imagen etiqueta="{{cur}}m{{normal}} = 300 g"><![CDATA[Ex_FQ_10_03_T4_Ej_15_img5_small.jpg]]></imagen>
      <respuestas>
        <respuesta etiqueta="{{cur}}F{{normal}}{{sub}}N{{normal}} = 2,3 N"/>
        <respuesta etiqueta="Bajará la rampa."/>
      </respuestas>
    </cuestion>
    <cuestion>
      <imagen etiqueta="{{cur}}m{{normal}} = 4 kg"><![CDATA[Ex_FQ_10_03_T4_Ej_15_img6_small.jpg]]></imagen>
      <respuestas>
        <respuesta etiqueta="{{cur}}F{{normal}}{{sub}}N{{normal}} = 32,8 N"/>
        <respuesta etiqueta="Bajará la rampa."/>
      </respuestas>
    </cuestion>
  </sonidoaimagen>
</motor>