﻿<?xml version="1.0" encoding="utf-8"?><engine copy="Editorial Planeta" version="1" aprid="f13" title=" La teoría del Big Bang" >
<section title="Introducción" path="section0.jpg" pathAmp="" image1Text="" zoom1="false" zoom2a="false" zoom2b="false" layout="0" >
<![CDATA[<p><span>La cosmología es una rama de la ciencia que estudia todos los aspectos relacionados con el universo. En el siglo XX, muchos científicos empezaron a sentir curiosidad por el origen del universo. </span></p><p><span>En 1920, el astrónomo Edwin Hubble afirmó que el universo se encontraba en expansión. En 1948, el físico George Gamow planteó que el universo nació en una gran explosión.   A pesar de ello, el fenómeno conocido como </span><span>Big Bang</span><span> no fue confirmado hasta el año 1964 por Robert Woodrow Wilson. En 1978 este científico ganó el premio Nobel de física.</span></p>]]></section>
<section title="Tarea" path="section1.jpg" pathAmp="" image1Text="" zoom1="false" zoom2a="false" zoom2b="false" layout="1" >
<![CDATA[<p>La existencia del universo se intuye&nbsp;desde hace mucho tiempo pero el momento en que se origin&oacute; y c&oacute;mo evolucion&oacute; hasta hoy, se conoce desde hace pocos a&ntilde;os.</p>

<p>Despu&eacute;s de consultar las p&aacute;ginas web propuestas, contesta a&nbsp;las siguientes preguntas:</p>

<ul>
	<li>&iquest;Qu&eacute; es un n&uacute;cleo?</li>
</ul>

<ul>
	<li>&iquest;En qu&eacute; consiste la fusi&oacute;n nuclear?</li>
</ul>

<ul>
	<li>&iquest;C&oacute;mo se formaron los planetas que constituyen el sistema solar?</li>
</ul>

<ul>
	<li>&iquest;C&oacute;mo se confirm&oacute; la teor&iacute;a del Big Bang?</li>
</ul>

<ul>
	<li>&iquest;En qu&eacute; consiste el corrimiento al rojo?</li>
</ul>

<p>Las p&aacute;ginas web de consulta son las siguientes:</p>

<ul>
	<li><a href="http://www.skoool.es/content/ks4/physics/earth_beyond/universe_origin/launch.html" target="_blank">Skoool</a></li>
</ul>

<ul>
	<li><a href="http://www.atlasoftheuniverse.com/espanol/bigbang.html" target="_blank">An Atlas of the universe</a></li>
</ul>
]]></section>
<section title="Proceso" path="section2.jpg" pathAmp="" image1Text="" zoom1="false" zoom2a="false" zoom2b="false" layout="0" >
<![CDATA[<p>El trabajo debe llevarse a cabo por parejas. Es fundamental comprender la informaci&oacute;n que contienen las p&aacute;ginas web de consulta propuestas en el apartado anterior.</p>

<p>A continuaci&oacute;n, cada pareja debe contestar y justificar cada una de&nbsp;las cuestiones planteadas por escrito. Al finalizar la actividad, se discutir&aacute;n las ideas extra&iacute;das entre todos los compa&ntilde;eros.</p>
]]></section>
<section title="Conclusión" path="section3.jpg" pathAmp="" image1Text="" zoom1="false" zoom2a="false" zoom2b="false" layout="0" >
<![CDATA[<p>Ahora ya sabes&nbsp;cu&aacute;l fue el origen del universo que conocemos. Adem&aacute;s, has&nbsp;aprendido los fundamentos de la teor&iacute;a del Big Bang<em> </em>y c&oacute;mo se confirm&oacute; despu&eacute;s de ser formularla por Robert Wilson y Arno Penzias en 1964.</p>
]]></section>
</engine>