<?xml version="1.0" encoding="UTF-8"?>
<engine title="Competencia: descomposición de fuerzas" copy="Editorial Planeta" version="1" aprid="F13">
  <section title="Presentación" path="medias/section0.jpg" image1Text="" zoom1="true" zoom2a="false" zoom2b="false" layout="0"><![CDATA[<TextFlow><p><span>Una fuerza es una magnitud vectorial y como tal presenta las siguientes características:</span></p><p><span></span></p><p paragraphStartIndent="20" styleName="bullet"><span fontSize="12" fontWeight="bold">Origen</span><span> del vector, que corresponde al punto de aplicación de la fuerza.</span></p><p paragraphStartIndent="20" styleName="bullet"><span fontSize="12" fontWeight="bold">Dirección</span><span>, que viene dada por las coordenadas del vector.</span></p><p paragraphStartIndent="20" styleName="bullet"><span fontSize="12" fontWeight="bold">Sentido</span><span fontSize="12">, que indica la orientación de la fuerza.</span></p><p paragraphStartIndent="20" styleName="bullet"><span fontSize="12" fontWeight="bold">Módulo</span><span> o i</span><span fontSize="12" fontWeight="bold">ntensidad</span><span>, expresada en newton.</span></p><p><span></span></p><p><span>Toda fuerza puede descomponerse, en un sistema de coordenadas cartesianas, en dos vectores perpendiculares que corresponden a sus componentes </span><span fontSize="12" fontStyle="italic">x</span><span> e </span><span fontSize="12" fontStyle="italic">y</span><span>. Para obtener su valor numérico es necesario conocer la intensidad de la fuerza y el ángulo que forma con la horizontal (eje de abscisas).</span></p><p><span></span></p><p><span fontSize="12" fontWeight="bold">El objetivo de esta actividad es que aprendas a descomponer las fuerzas de un sistema.</span></p><p><span></span></p><p><span>Antes de iniciar la actividad, responde las siguientes preguntas:</span></p><p><span></span></p><p paragraphStartIndent="20" styleName="bullet"><span>¿Qué fórmulas debes utilizar para calcular la componente </span><span fontSize="12" fontStyle="italic">x</span><span> e </span><span fontSize="12" fontStyle="italic">y</span><span> de una fuerza?</span></p><p paragraphStartIndent="20" styleName="bullet"><span>¿Cómo se calcula el módulo de una fuerza?</span></p><p paragraphStartIndent="20" styleName="bullet"><span>¿Para qué crees que es importante la descomposición de fuerzas?</span></p><p><span></span></p><p><span></span></p></TextFlow>]]></section>
  <section title="Tarea" path="medias/section1.jpg" image1Text="" zoom1="true" zoom2a="false" zoom2b="false" layout="0"><![CDATA[<TextFlow><p><span fontSize="12" fontWeight="bold">Material:</span></p><p><span></span></p><p paragraphStartIndent="20" styleName="bullet"><span>2 soportes de laboratorio</span></p><p paragraphStartIndent="20" styleName="bullet"><span>2 nueces</span></p><p paragraphStartIndent="20" styleName="bullet"><span>Metro</span></p><p paragraphStartIndent="20" styleName="bullet"><span>Cuerda o hilo</span></p><p paragraphStartIndent="20" styleName="bullet"><span>2 dinamómetros</span></p><p paragraphStartIndent="20" styleName="bullet"><span>Bolsita de plástico</span></p><p paragraphStartIndent="20" styleName="bullet"><span>3 canicas</span></p><p paragraphStartIndent="20" styleName="bullet"><span>Cinta adhesiva</span></p><p><span></span></p><p><span fontSize="12" fontWeight="bold">Procedimiento:</span></p><p><span></span></p><p><span fontSize="12">1</span><span>.º Construye el montaje que se muestra en la figura. para ello, coloca una nuez sobre cada soporte a unos 10 cm del extremo superior. Pon un soporte enfrente del otro separados unos 10 cm.</span></p><p><span></span></p><p><span fontSize="12">2</span><span>.º Pasa la cuerda o el hilo por cada una de las nueces y coloca un dinamómetro invertido en cada extremo. Sujeta con la cinta adhesiva cada dinamómetro al soporte respectivo, de forma que quede inmovilizado.</span></p><p><span></span></p><p><span fontSize="12">3</span><span>.º Introduce las tres canicas en la bolsita de plástico. Átala y cuélgala del hilo. Anota el valor indicado por cada uno de los dinamómetros.</span></p><p><span></span></p><p><span fontSize="12">4</span><span>.º Separa los soportes 5 cm más y anota lo que marcan los dinamómetros. Repite el proceso separando cada vez más los soportes. ¿Por qué llega un momento en que el hilo se rompe?</span></p><p><span> </span></p><p><span fontSize="12">5</span><span>.º Construye el diagrama de fuerzas correspondiente. Toma como origen de coordenadas la bolsita de canicas. Indica las componentes</span><span fontSize="12" fontStyle="italic"> x</span><span> e </span><span fontSize="12" fontStyle="italic">y</span><span> de cada una de las fuerzas.</span></p><p><span></span></p><p><span fontSize="12">6</span><span>.º Puedes repetir el experimento añadiendo o quitando canicas de la bolsita de plástico. Anota los resultados.</span></p><p><span></span></p><p><span></span></p></TextFlow>]]></section>
</engine>
