﻿<?xml version="1.0" encoding="utf-8"?><engine copy="Editorial Planeta" version="1" aprid="f8">
<main title="El proceso de transcripción" bkColor="#FFFFFF" titleColor="#000000" theme="black" buttonsWidth="220" buttonsHeight="42" trans="">
<default>
<img path="CN_09_01_CO_REC160_img01.jpg" x="300" y="100" width="" height=""/>
</default><buttons>
<button title="Preiniciación">
<img path="CN_09_01_CO_REC160_img01b.jpg" x="" y="" width="" height="" anim=""/>
</button>
<button title="Iniciación">
<img path="CN_09_01_CO_REC160_img02.jpg" x="" y="" width="" height="" anim=""/>
</button>
<button title="Elongación">
<img path="CN_09_01_CO_REC160_img03.jpg" x="" y="" width="" height="" anim=""/>
</button>
<button title="Terminación">
<img path="CN_09_01_CO_REC160_img04.jpg" x="" y="" width="" height="" anim=""/>
</button>
</buttons>
</main>
<masinfo>
<pantalla1><![CDATA[<p><span style="font-size:20px"><span style="font-family:verdana,geneva,sans-serif">La <strong>transcripci&oacute;n</strong>&nbsp;o&nbsp;</span></span><strong>s&iacute;ntesis de ARN&nbsp;</strong><span style="font-size:20px"><span style="font-family:verdana,geneva,sans-serif">es la formaci&oacute;n de una cadena de ARN&nbsp;a partir de una&nbsp;de&nbsp;ADN.&nbsp;Incluye las siguientes fases:</span></span></p>

<ul>
	<li><span style="font-size:20px"><span style="font-family:verdana,geneva,sans-serif"><strong>Preiniciaci&oacute;n</strong>: es la etapa de preparaci&oacute;n de la c&eacute;lula para la transcripci&oacute;n. Varias prote&iacute;nas llamadas <strong>factores de transcripci&oacute;n</strong>&nbsp;reconocen el sitio del ADN donde inicia el proceso; este sitio se conoce como&nbsp;<strong>promotor</strong>.&nbsp;</span></span></li>
</ul>

<ul>
	<li><span style="font-size:20px"><span style="font-family:verdana,geneva,sans-serif"><strong>Iniciaci&oacute;n</strong>: es el comienzo de la transcripci&oacute;n. La prote&iacute;na <strong>helicasa</strong> separa las cadenas de ADN y&nbsp;expone las bases nitrogenadas que&nbsp;ser&aacute;n copiadas por la prote&iacute;na <strong>ARN polimerasa</strong>.</span></span></li>
</ul>

<ul>
	<li><span style="font-size:20px"><span style="font-family:verdana,geneva,sans-serif"><strong>Elongaci&oacute;n</strong>: la ARN polimerasa se desplaza sobre la hebra de ADN, ley&eacute;ndolo y agregando&nbsp;ribonucle&oacute;tidos complementarios a la cadena de ARN que est&aacute;&nbsp;formando:&nbsp;si hay una citosina en el ADN, pone una guanina en el ARN, si hay adenina, pone uracilo, etc.</span></span></li>
</ul>

<ul>
	<li><span style="font-size:20px"><span style="font-family:verdana,geneva,sans-serif"><strong>Terminaci&oacute;n</strong>: es la finalizaci&oacute;n de la transcripci&oacute;n. Se da cuando&nbsp;<span style="font-size:20px"><span style="font-family:verdana,geneva,sans-serif">la ARN polimerasa identifica la <strong>secuencia de terminaci&oacute;n</strong>, un grupo de nucle&oacute;tidos&nbsp;en el ADN que indica que el proceso de&nbsp;transcripci&oacute;n debe detenerse. En ese momento las prote&iacute;nas de la transcripci&oacute;n se&nbsp;</span></span><span style="font-family:verdana,geneva,sans-serif; font-size:20px">separan, </span></span></span><span style="font-family:verdana,geneva,sans-serif; font-size:20px">y el ARN generado se independiza&nbsp;del ADN.</span></li>
</ul>
]]></pantalla1>
<pantalla2><![CDATA[<p style="text-align:center"><span style="font-size:20px"><strong>Vocabulario</strong></span></p>

<p><span style="font-size:20px"><strong>ARN polimerasa</strong>: prote&iacute;na que produce el ARN a partir del ADN. Une&nbsp;ribonucle&oacute;tidos a la cadena en formaci&oacute;n.&nbsp;</span></p>

<p><span style="font-size:20px"><strong>Factores&nbsp;de transcripci&oacute;n</strong>: prote&iacute;nas&nbsp;que coordinan&nbsp;la expresi&oacute;n de un gen. Act&uacute;an uni&eacute;ndose a sitios definidos del ADN, a la ARN polimerasa, o a otros factores de transcripci&oacute;n.&nbsp;</span></p>

<p><span style="font-size:20px"><strong>Promotor</strong>: zona espec&iacute;fica del&nbsp;ADN que marca el&nbsp;inicio de la transcripci&oacute;n.&nbsp;</span></p>

<p><span style="font-size:20px"><strong>Helicasa</strong>: prote&iacute;na&nbsp;que separa&nbsp;la doble h&eacute;lice del ADN.&nbsp;</span></p>

<p><span style="font-size:20px"><strong>Secuencia de terminaci&oacute;n</strong>: secuencia&nbsp;del ADN&nbsp;que determina la finalizaci&oacute;n de la transcripci&oacute;n. Se ubica&nbsp;en el extremo del gen.&nbsp;</span></p>

<p>&nbsp;</p>
]]></pantalla2>
</masinfo>
</engine>