﻿<?xml version="1.0" encoding="utf-8"?><motor tipo="11" clase="a" aprid="m11a">
  <plataforma>
    <grado><![CDATA[1]]></grado>
    <titulo>Conoce la importancia de las reacciones químicas</titulo>
    <area>0</area>
    <nivel>2</nivel>
    <referencia/>
    <idreg><![CDATA[0]]></idreg>
    <motor><![CDATA[M11A]]></motor>
    <lang>es</lang>
  </plataforma>
  <enunciado><![CDATA[Resuelve el crucigrama.]]></enunciado>
  <masinfo inicio="0"><![CDATA[]]></masinfo>
  <calc><![CDATA[0]]></calc>
  <crucigrama>
    <central etiqueta="productos"><![CDATA[Una reacción química es el proceso por el cual dos o más sustancias, llamadas reactivos, se transforman en otras distintas, denominadas:]]></central>
    <cruzadas>
      <palabra etiqueta="proporciones" cortePropio="4"><![CDATA[La de Proust o ley de las____ definidas.]]></palabra>
      <palabra etiqueta="transformación" cortePropio="8"><![CDATA[Un cambio químico es una _____ en la que varía la naturaleza de la materia.]]></palabra>
      <palabra etiqueta="reacciones químicas" cortePropio="7"><![CDATA[Gracias a la investigación sobre las ____ se han logrado varios avances científicos.]]></palabra>
      <palabra etiqueta="alrededor" cortePropio="5"><![CDATA[Las reacciones químicas son cambios que se producen en la materia y son comunes en nuestro___ ]]></palabra>
      <palabra etiqueta="químico" cortePropio="2"><![CDATA[La reacción entre una base y un ácido es un cambio___]]></palabra>
      <palabra etiqueta="ecuación" cortePropio="5"><![CDATA[Toda ____  química debe ser ajustada, de modo que el número de átomos de cada elemento sea igual en cada miembro de la misma.]]></palabra>
      <palabra etiqueta="materia" cortePropio="3"><![CDATA[Aunque no percibamos las reacciones químicas, suceden a nuestro alrededor como producto de la transformación de la____ .]]></palabra>
      <palabra etiqueta="combustión" cortePropio="2"><![CDATA[Durante la ____  del gas propano en una estufa, el propano reacciona con el oxígeno del aire y se forma vapor de agua y dióxido de carbono.]]></palabra>
      <palabra etiqueta="físico" cortePropio="3"><![CDATA[Un cambio ____ es una transformación en la que no varía la naturaleza de la materia.]]></palabra>
    </cruzadas>
  </crucigrama>
</motor>