﻿<?xml version="1.0" encoding="utf-8"?><engine copy="Editorial Planeta" version="1" aprid="f7"><main layout="1">
<title>¿Cuáles son las leyes que rigen las reacciones químicas?</title>
<footer>Selecciona una imagen</footer>
</main>
<sections>
<section i="0" star="false" hasSubsections="false">
<menuImage path="" border="0">
<title><![CDATA[La ley de conservación de la masa]]></title>
</menuImage>
<pages>
<page i="0" visible="true" color="">
<title>La ley de conservación de la materia</title>
<description><![CDATA[<p><span style="font-size:21px;"><span style="font-family:verdana,geneva,sans-serif;">En las reacciones qu&iacute;micas&nbsp;se parte de la base de que la materia ni se crea ni se destruye, seg&uacute;n lo establece la ley de conservaci&oacute;n de la masa.&nbsp;</span></span></p>

<p><span style="font-size:21px;"><span style="font-family:verdana,geneva,sans-serif;">Esto implica que en cualquier reacci&oacute;n qu&iacute;mica la masa de los reactivos es igual a la masa de los productos de la reacci&oacute;n.</span></span></p>

<p><span style="font-size: 21px; font-family: verdana, geneva, sans-serif;">El cient&iacute;fico franc&eacute;s Antoine de Lavoisier enunci&oacute; esta ley, destacando la importancia&nbsp;del uso de&nbsp;la <strong>balanza</strong></span><font face="Arial, sans-serif"><span style="font-size: 16px;"><b>&nbsp;</b></span></font><font face="verdana, geneva, sans-serif"><span style="font-size: 21px;">como instrumento de medici&oacute;n en el laboratorio.&nbsp;</span></font></p>

<p><strong><span style="font-size:21px;"><span style="font-family:verdana,geneva,sans-serif;">Ejemplo:</span></span></strong></p>

<p><span style="font-size:21px;"><span style="font-family:verdana,geneva,sans-serif;">4CH<sub>3</sub>&nbsp; &nbsp;+&nbsp; 7O<sub>2</sub>&nbsp; <span style="font-size:26px;">&nbsp; &nbsp; </span></span></span><span style="font-size:30px;">&rarr;</span><span style="font-size:21px;"><span style="font-family:verdana,geneva,sans-serif;">&nbsp; &nbsp; &nbsp;4CO<sub>2</sub>&nbsp; + &nbsp;6H<sub>2</sub>O</span></span></p>

<p><span style="font-size:21px;"><span style="font-family:verdana,geneva,sans-serif;">(60 g) + &nbsp;(224 g) &nbsp; = &nbsp; &nbsp;(176 g) + (108 g)</span></span></p>

<p><span style="font-size:21px;"><span style="font-family:verdana,geneva,sans-serif;">&nbsp; &nbsp; &nbsp; &nbsp;(284 g) &nbsp; &nbsp; &nbsp; &nbsp; &nbsp;= &nbsp; &nbsp; &nbsp; &nbsp; &nbsp;(284 g)</span></span></p>

<p></p>
]]></description>
</page>
</pages>
</section><section i="0" star="false" hasSubsections="false">
<menuImage path="" border="0">
<title><![CDATA[La ley de las proporciones definidas]]></title>
</menuImage>
<pages>
<page i="0" visible="true" color="">
<title>La ley de las proporciones definidas</title>
<description><![CDATA[<p><span style="font-size:21px;"><span style="font-family:verdana,geneva,sans-serif;">La ley de las proporciones definidas menciona que las cantidades relativas de los elementos constitutivos de un compuesto permanecen constantes, independientemente del origen de ese compuesto.</span></span></p>

<p><span style="font-size:21px;"><span style="font-family:verdana,geneva,sans-serif;"><strong>Ejemplo:</strong></span></span></p>

<p><span style="font-size:21px;"><span style="font-family:verdana,geneva,sans-serif;">CaCO<sub>3</sub> + calor </span></span><span style="font-family:verdana,geneva,sans-serif;"><span style="font-size:24px;">&rarr;</span></span><span style="font-size:21px;"><span style="font-family:verdana,geneva,sans-serif;"><span style="font-size:24px;">&nbsp;</span><strong>CO<sub>2</sub></strong> + CaO</span></span></p>

<p><span style="font-size:21px;"><span style="font-family:verdana,geneva,sans-serif;">&nbsp; &nbsp; &nbsp; &nbsp;&nbsp; &nbsp; &nbsp; &nbsp; &nbsp; &nbsp; &nbsp; &nbsp; &nbsp;Relaci&oacute;n <strong>C</strong>/<strong>O</strong> = 12 /32</span></span></p>

<p><span style="font-size:21px;"><span style="font-family:verdana,geneva,sans-serif;">C<sub>2</sub>H<sub>4</sub> &nbsp;+&nbsp; 3O<sub>2</sub> </span></span><span style="font-family:verdana,geneva,sans-serif;"><span style="font-size: 24px;">&rarr;</span></span><span style="font-size:21px;"><span style="font-family:verdana,geneva,sans-serif;"> <strong>2CO<sub>2</sub></strong> + 2H<sub>2</sub>O</span></span></p>

<p><span style="font-size:21px;"><span style="font-family:verdana,geneva,sans-serif;">&nbsp; &nbsp; &nbsp; &nbsp; &nbsp; &nbsp; &nbsp; &nbsp; &nbsp; &nbsp; &nbsp; &nbsp; Relaci&oacute;n <strong>C</strong>/<strong>O</strong> = 12 /32</span></span></p>

<p><span style="font-size:21px;"><span style="font-family:verdana,geneva,sans-serif;">A principios del siglo XIX,&nbsp;Joseph Proust realiz&oacute; una serie de experimentos que lo llevaron a plantear la conocida&nbsp;ley de las proporciones definidas, tambi&eacute;n conocida como&nbsp;ley&nbsp;de Proust. En el ejemplo se produce di&oacute;xido de carbono a partir de dos fuentes diferentes; pero la reaci&oacute;n entre el carbono y el ox&iacute;geno es igual.</span></span></p>
]]></description>
<images>
<image path="" border = "0" pathbig="">
<title><![CDATA[Se observa que a partir de dos fuentes diferentes se obtiene sulfato de bario en la cual la proporción en masa es la que se indica. Es necesario señalar que en estas reacciones el sulfato de bario no es el único producto.]]></title>
</image>
</images>
</page>
</pages>
</section><section i="0" star="false" hasSubsections="false">
<menuImage path="" border="0">
<title><![CDATA[La ley de las proporciones múltiples]]></title>
</menuImage>
<pages>
<page i="0" visible="true" color="">
<title>La ley de las proporciones múltiples</title>
<description><![CDATA[<p><span style="font-size:21px;"><span style="font-family:verdana,geneva,sans-serif;">El qu&iacute;mico ingl&eacute;s John Dalton estudi&oacute; un fen&oacute;meno del que Joseph Proust no se hab&iacute;a percatado. Observ&oacute; que cuando algunos elementos se combinan en distintas proporciones, la masas variables de cada uno de ellos que se combinan con igual masa del otro,&nbsp;guardan entre s&iacute; una relaci&oacute;n de <strong>n&uacute;meros enteros sencillos</strong>.</span></span></p>

<p><span style="font-size:21px;"><span style="font-family:verdana,geneva,sans-serif;">Ejemplo</span></span></p>

<table border="1" cellpadding="0" cellspacing="0">
	<tbody>
		<tr>
			<td style="width:57px;">
			<p></p>
			</td>
			<td style="width:94px;">
			<p align="center"><span style="font-size:21px;"><span style="font-family:verdana,geneva,sans-serif;">Masa de O (g) combinada</span></span></p>
			</td>
			<td style="width:76px;">
			<p><span style="font-size:21px;"><span style="font-family:verdana,geneva,sans-serif;">Masa de O combinada con un Fe</span></span></p>
			</td>
			<td style="width:94px;">
			<p align="center"><span style="font-size:21px;"><span style="font-family:verdana,geneva,sans-serif;">Relaci&oacute;n de masas de O</span></span></p>
			</td>
		</tr>
		<tr>
			<td style="width:57px;">
			<p><span style="font-size:21px;"><span style="font-family:verdana,geneva,sans-serif;">FeO</span></span></p>
			</td>
			<td style="width:94px;">
			<p align="center"><span style="font-size:21px;"><span style="font-family:verdana,geneva,sans-serif;">16</span></span></p>
			</td>
			<td style="width:76px;">
			<p align="center"><span style="font-size:21px;"><span style="font-family:verdana,geneva,sans-serif;">16</span></span></p>
			</td>
			<td rowspan="2" style="width:94px;">
			<p align="center"><span style="font-size:21px;"><span style="font-family:verdana,geneva,sans-serif;">16/24 = 2/3</span></span></p>
			</td>
		</tr>
		<tr>
			<td style="width:57px;">
			<p><span style="font-size:21px;"><span style="font-family:verdana,geneva,sans-serif;">Fe<sub>2</sub>O<sub>3</sub></span></span></p>
			</td>
			<td style="width:94px;">
			<p align="center"><span style="font-size:21px;"><span style="font-family:verdana,geneva,sans-serif;">48</span></span></p>
			</td>
			<td style="width:76px;">
			<p align="center"><span style="font-size:21px;"><span style="font-family:verdana,geneva,sans-serif;">24</span></span></p>
			</td>
		</tr>
	</tbody>
</table>

<p></p>
]]></description>
</page>
</pages>
</section></sections>
</engine>