<?xml version='1.0' encoding='UTF-8'?><engine copy="Editorial Planeta" version="1" aprid="f13" title="Pirámide poblacional en países desarrollados y en vía de desarrollo" >
<section title="Presentación" path="imagen_dummy.jpg" pathAmp="imagen_dummy.jpg" image1Text="&lt;p&gt;Estudio&amp;nbsp;demogr&amp;aacute;fico&lt;/p&gt; " zoom1="true" zoom2a="false" zoom2b="false" layout="0" >
<![CDATA[<p>Los estudios demogr&aacute;ficos&nbsp;nos permiten conocer caracter&iacute;sticas y din&aacute;micas poblacionales de un pa&iacute;s utilizando las gr&aacute;ficas de&nbsp;pir&aacute;mides poblacionales.</p>

<p>Estos estudios nos ayudan a entender un poco m&aacute;s los comportamientos poblacionales y comparar el desarrollo de distintos pa&iacute;ses.</p>

<p>Dentro de un estudio demogr&aacute;fico, se deben tener en cuenta tambi&eacute;n factores biol&oacute;gicos, ambientales, sociales, econ&oacute;micos, y hasta factores pol&iacute;ticos y religiosos que influyen en el desarrollo de un pa&iacute;s.</p>

<p><strong>El objetivo de &eacute;sta actividad es comparar las caracter&iacute;sticas poblacionales de los pa&iacute;ses desarrollados y los pa&iacute;ses en v&iacute;a de desarrollo.</strong></p>

<p>Antes de realizar la tarea,&nbsp;responde</p>

<ul>
	<li>&iquest;Qu&eacute; son los pa&iacute;ses desarrolladados&nbsp;y los&nbsp;pa&iacute;ses en v&iacute;a de desarrollo?</li>
	<li>Identifica las principales diferencias entre estos dos.</li>
	<li>&iquest;Qu&eacute; son las pir&aacute;mides poblacionales?</li>
	<li>&iquest;Para qu&eacute; sirven los estudios demogr&aacute;ficos?</li>
</ul>
]]></section>
<section title="Tarea" path2a="icono_imagen_dummy.jpg" path2b="icono_imagen_dummy.jpg" path2aAmp="imagen_dummy.jpg" path2bAmp="imagen_dummy.jpg" image2aText="&lt;p&gt;Pir&amp;aacute;mide poblacional de Alemania&lt;/p&gt; " image2bText="&lt;p&gt;Pir&amp;aacute;mide poblacional de India&lt;/p&gt; " zoom1="true" zoom2a="true" zoom2b="true" layout="4" >
<![CDATA[<p><span style="font-size:18px"><span style="font-family:verdana,geneva,sans-serif">Para realizar esta actividad, sigue los pasos del procedimiento.</span></span></p>

<p><strong><span style="font-size:18px"><span style="font-family:verdana,geneva,sans-serif">Procedimiento.</span></span></strong></p>

<p><span style="font-size:18px"><span style="font-family:verdana,geneva,sans-serif">1.&ordm; A la derecha&nbsp;encuentras&nbsp;dos im&aacute;genes, una&nbsp;corresponde a la pir&aacute;mide poblacional de un pa&iacute;s desarrollado (Alemania), y la otra&nbsp;de un pa&iacute;s&nbsp;en v&iacute;a de desarrollo (India).</span></span></p>

<p><span style="font-size:18px"><span style="font-family:verdana,geneva,sans-serif">2.&ordm; Realiza un cuadro comparativo identificando las semejanzas y diferencias que encuentras en estas pir&aacute;mides, f&iacute;jate en la forma que poseen.</span></span></p>

<p><span style="font-size:18px"><span style="font-family:verdana,geneva,sans-serif">3.&ordm; &iquest;Qu&eacute; crees que pasa con las tasas de natalidad y mortalidad en cada caso?</span></span></p>

<p><span style="font-size:18px"><span style="font-family:verdana,geneva,sans-serif">4.&ordm; Describe los factores que consideras son los causantes de las diferencias entre los dos tipos de pir&aacute;mides poblacionales.</span></span></p>
]]></section>
</engine>