﻿<?xml version="1.0" encoding="UTF-8"?><engine copy="Editorial Planeta" version="1" aprid="F12"><main mode="f12" title="La energía cinética y la energía potencial"><tf /><audio /><video>AN001193_LO.mp4</video><audio2 path="" /></main><understanding visible="true" title="" buttons="false" investiga="false" title2=""><definition><title /><def><![CDATA[<TextFlow><p><span color="#ff6600" fontSize="24">Comprensión</span></p><p><span fontSize="20"></span></p><p paragraphStartIndent="20" styleName="bullet"><span fontSize="20">¿Por qué la energía mecánica es constante en ausencia de rozamiento?</span></p><p><span fontSize="20"></span></p><p paragraphStartIndent="20" styleName="bullet"><span fontSize="20">¿Por qué aumenta la velocidad de un cuerpo al caer?</span></p><p><span fontSize="20"></span></p><p paragraphStartIndent="20" styleName="bullet"><span fontSize="20">¿En qué casos la energía mecánica no es constante? Citad algún ejemplo.</span></p><p><span fontSize="20"></span></p></TextFlow>]]></def></definition><definition><title /><def><![CDATA[<TextFlow><p><span color="#ff6600" fontSize="24">Comprensión</span></p><p><span fontSize="20"></span></p><p paragraphStartIndent="20" styleName="bullet"><span fontSize="20">Un cuerpo que se encuentre en el espacio ¿poseerá energía potencial gravitatoria? </span></p><p><span color="#ffffff" fontSize="20">--</span><span fontSize="20">¿Por qué?</span></p></TextFlow>]]></def></definition><definition><title /><def><![CDATA[<TextFlow><p><span color="#ff6600" fontSize="24">Comprensión</span></p><p><span fontSize="20"></span></p><p><span fontSize="20">Considerad un individuo que se desplaza en bicicleta. Indicad qué tipo de energía poseerá y en qué proporción:</span></p><p><span fontSize="20"></span></p><p paragraphStartIndent="20" styleName="bullet"><span fontSize="20">Al subir una cuesta.</span></p><p paragraphStartIndent="20" styleName="bullet"><span fontSize="20">Al llegar a la cima.</span></p><p paragraphStartIndent="20" styleName="bullet"><span fontSize="20">Al bajar la cuesta.</span></p></TextFlow>]]></def></definition><definition><title /><def /></definition><definition><title /><def /></definition></understanding><reaserch visible="true" title="" buttons="false" investiga="false" title2="Investiga"><definition><title /><def><![CDATA[<TextFlow><p><span color="#ff6600" fontSize="24">Investiga</span></p><p><span fontSize="16"></span></p><p><span fontSize="16">Buscad información sobre el origen de la gravedad. ¿Qué consecuencias genera su existencia?</span></p></TextFlow>]]></def></definition><definition><title /><def /></definition><definition><title /><def /></definition><definition><title /><def /></definition><definition><title /><def /></definition></reaserch><definitions visible="true" title="" title2=""><definition><title>Energía cinética</title><def><![CDATA[<TextFlow><p><span fontSize="18" fontWeight="bold">Energía cinética:</span></p><p><span fontSize="18">energía que presenta un cuerpo en movimiento.</span></p></TextFlow>]]></def></definition><definition><title>Energía pot. grav.</title><def><![CDATA[<TextFlow><p><span fontSize="18" fontWeight="bold">Energía potencial gravitatoria:</span></p><p><span fontSize="18">energía que posee un cuerpo en función de la altura a la que se encuentra en presencia de un campo gravitatorio.</span></p></TextFlow>]]></def></definition><definition><title>Energía mecánica</title><def><![CDATA[<TextFlow><p><span fontSize="18" fontWeight="bold">Energía mecánica:</span></p><p><span fontSize="18">energía que posee un cuerpo en función de su posición y su velocidad.</span></p></TextFlow>]]></def></definition><definition><title>C. gravitatorio</title><def><![CDATA[<TextFlow><p><span fontSize="18" fontWeight="bold">Campo gravitatorio:</span></p><p><span fontSize="18">alteración de las propiedades del espacio alrededor de los cuerpos que se mide por medio de la intensidad de campo, definida como la fuerza que experimenta la unidad de masa en un punto del campo.</span></p></TextFlow>]]></def></definition><definition><title /><def /></definition><definition><title /><def /></definition><definition><title>Energía</title><def><![CDATA[<TextFlow><p><span fontSize="18" fontWeight="bold">Energía:</span></p><p><span fontSize="18">capacidad de un sistema físico para realizar un trabajo.</span></p></TextFlow>]]></def></definition><definition><title>Rozamiento</title><def><![CDATA[<TextFlow><p><span fontSize="18" fontWeight="bold">Rozamiento:</span></p><p><span fontSize="18">acción entre dos cuerpos que se encuentran en contacto, que se opone al movimiento de uno respecto al otro.</span></p><p><span fontSize="18"></span></p></TextFlow>]]></def></definition><definition><title>Velocidad</title><def><![CDATA[<TextFlow><p><span fontSize="18" fontWeight="bold">Velocidad:</span></p><p><span fontSize="18">distancia que recorre un cuerpo por unidad de tiempo.</span></p></TextFlow>]]></def></definition><definition><title>Masa</title><def><![CDATA[<TextFlow><p><span fontSize="18" fontWeight="bold">Masa:</span></p><p><span fontSize="18">cantidad de materia que presenta un cuerpo.</span></p></TextFlow>]]></def></definition><definition><title /><def /></definition><definition><title /><def /></definition></definitions><activity visible="false" title2="" /></engine>