﻿<?xml version="1.0" encoding="UTF-8"?>
<?xml-stylesheet href="cuadernoestudio/dtd/libro.xslt" type="text/xsl"?>
<!--Arbortext, Inc., 1988-2015, v.4002-->
<!DOCTYPE libro SYSTEM "cuadernoestudio/dtd/libro.dtd">
<libro id="CN_11_16_CO">
<libroTitulo>Los ácidos nucleicos, las hormonas y las vitaminas</libroTitulo>
<seccion1 id="S1_CN_11_16_CO_442499447635408D9CAFC4CDEE7BF2E0">
<seccion1Titulo>Los ácidos nucleicos</seccion1Titulo>
<seccion1Texto>
<p>Los ácidos nucleicos son las biomoléculas encargadas de almacenar
toda la información genética de los individuos y de regular la síntesis
de proteínas. Los ácidos nucleicos son dos: <negrita>el ácido desoxirribonucleico
(ADN) y el ácido ribonucleico (ARN)</negrita>. </p>
<imagen src="CN_11_16_CO_IMG01_small.jpg">
<p>El ADN, a diferencia del ARN, está conformado por una doble hélice.</p>
</imagen>
<destacado><destacadoTitulo>Los ácidos nucleicos y su descubrimiento</destacadoTitulo>
<destacadoTexto>
<p>Los ácidos nucleicos fueron descubiertos en el año 1869 por Friedrich <negrita
>Miescher</negrita>, pero solo hasta 1953 se pudo elucidar su estructura
totalmente, trabajo realizado por el físico británico Francis <negrita
>Crick</negrita>, el biólogo estadounidense James <negrita>Watson</negrita
> y el físico neozelandés Maurice Wilkins. Por este descubrimiento
les fue otorgado el Premio Nobel de Fisiología y Medicina en 1962.</p>
</destacadoTexto></destacado>
<p>Los <negrita>ácidos nucleicos</negrita> están conformados básicamente
por una <negrita>pentosa</negrita> (desoxirribosa en el ADN y ribosa
en el ARN), un <negrita>grupo fosfato </negrita>y unas bases nitrogenadas
que se clasifican en púricas (adenina y guanina) y pirimídicas (citosina,
uracilo y timina).</p>
<imagen src="CN_11_16_CO_IMG02_small.jpg">
<p>La diferencia entre los dos azúcares se da en el grupo OH del carbono
2, que está presente en la ribosa y ausente en la desoxirribosa.</p>
</imagen>
<recuerda><recuerdaTexto>
<p>Las pentosas son azucares formados por cinco átomos de carbono.
Pueden ser aldopentosas (con la función aldehído) o cetopentosas (con
la función cetona). La ribosa y la desoxirribosa hacen parte del grupo
de aldopentosas.</p>
</recuerdaTexto></recuerda>
<imagen src="CN_11_16_CO_IMG03_small.jpg">
<p>El grupo fosfato es derivado del ácido fosfórico, es fundamental
en la conformación de ADN y ARN debido a la función que desempeñan
en estos dos ácidos.</p>
</imagen>
<imagen src="CN_11_16_CO_IMG04_small.jpg">
<p>Las bases púricas (adenina y guanina) están conformadas por dos
anillos, mientras que las pirimídicas (timina, citosina y uracilo)
están formadas por un solo anillo. </p>
</imagen>
<profundiza>
<enlace
destino="/LoIdRedirect.aspx?LoId=CN_11_16_CO_Recurso010&amp;IdRecurso=RES-DC378BECD68843629557AEABB2493EA1"
>Ácidos nucleicos: fundamentos</enlace>
</profundiza><seccion2
id="S2_CN_11_16_CO_AB8B92324C4A4D65AA73DEE603814B28"><?Pub Dtl?>
<seccion2Titulo>Los nucleótidos</seccion2Titulo>
<seccion2Texto>
<p>Así como en las proteínas los bloques constituyentes son los aminoácidos
y en los carbohidratos son los monosacáridos, en los<negrita> ácidos
nucleicos</negrita> las unidades básicas de constitución se denominan <negrita
>nucleótidos</negrita>.  </p>
<p>Los nucleótidos están conformados en su estructura por tres partes
fundamentales: un <negrita>azúcar</negrita>, que puede ser ribosa
en el ARN o desoxirribosa en el ADN, un <negrita>grupo fosfato</negrita
> y una <negrita>base nitrogenada</negrita>. Tanto el grupo fosfato
como la base nitrogenada se unen al azúcar mediante enlace covalente.</p>
<imagen src="CN_11_16_CO_IMG05_small.jpg">
<p>Esquema de una cadena de nucleótidos.</p>
</imagen>
<imagen src="CN_11_16_CO_IMG06_small.jpg">
<p>Los nucleótidos de ADN y ARN, se conocen como desoxirribonucleótidos
y ribonucleótidos, respectivamente.</p>
</imagen>
<p>El orden de la secuencia de los nucleótidos en los ácidos nucleicos
es lo que da la especificidad en la información genética almacenada
en ellos. Un cambio en el orden de la secuencia de un gen origina
una mutación en el individuo.</p>
<recuerda><recuerdaTexto>
<p>Los <negrita>genes</negrita> son segmentos de ADN que guardan tanto
la información básica que se transmitirá de generación en generación
en un ser vivo (herencia), así como la información que codifica para
la elaboración de las diversas proteínas.</p>
</recuerdaTexto></recuerda>
<imagen src="CN_11_16_CO_IMG07_small.jpg">
<p>El albinismo es causada por una mutación genética. Esta mutación
afecta varios genes e impide parcial o totalmente la producción de
melanina. Como resultado, el cuerpo del animal o de la planta es totalmente
blanco.</p>
</imagen>
</seccion2Texto></seccion2><seccion2
id="S2_CN_11_16_CO_AC7ACD2B31F34E8C87C726F92DC40E80"><?Pub Dtl?>
<seccion2Titulo>Los nucleósidos</seccion2Titulo>
<seccion2Texto>
<p>Los <negrita>nucleósidos</negrita> son otras unidades estructurales
de los ácidos nucleicos. Se encuentran constituidos por una <negrita
>base nitrogenada</negrita> y un <negrita>azúcar</negrita> (ribosa
o desoxirribosa), unidos a través de un <negrita>enlace glicosídico</negrita
>. A diferencia de los nucleótidos, no poseen grupos fosfato anexos
a ellos. Cuando se unen a residuos del ácido fosfórico mediante enlaces
fosfodiéster, los nucleósidos forman nucleótidos.</p>
<imagen src="CN_11_16_CO_IMG08_small.jpg">
<p>Los nucleósidos del ADN y ARN se conocen como desoxinucleósidos
y ribonucleósidos, respectivamente.</p>
</imagen>
</seccion2Texto></seccion2><seccion2
id="S2_CN_11_16_CO_F91C9CC8F8104B6D8F4182B91EC5661A"><?Pub Dtl?>
<seccion2Titulo>El ADN</seccion2Titulo>
<seccion2Texto>
<p>El<negrita> ácido desoxirribonucleico (ADN) </negrita>está conformado
por dos hebras que dan forma a una doble hélice. Estas hebras corren
en sentido contrario una de la otra, es decir, son antiparalelas.
La doble hélice corresponde a la <negrita>estructura secundaria </negrita
>del ADN.   </p>
<p>La <negrita>estructura primaria</negrita> se da en la secuencia
de los desoxirribonucleótidos en cada una de las cadenas, unidos unos
a otros mediante enlaces fosfodiéster. Cada base nitrogenada es complementaria
con otra, con una altísima especificidad, de modo que la adenina se
complementa con la timina y la citosina con la guanina. </p>
<imagen src="CN_11_16_CO_IMG09_small.jpg">
<p>Las bases nitrogenadas se unen mediante puentes de hidrógeno con
una alta especificidad. Cuando se altera este orden, se dice que ha
ocurrido una mutación. </p>
</imagen>
<destacado><destacadoTitulo>Mutaciones</destacadoTitulo><destacadoTexto>
<p>Las mutaciones afectan a todos los seres en el mundo, pero hay
unas con efectos más notorios que otras, y en muchos casos son benéficas,
ya que han dado paso a las adaptaciones de los individuos al medio
y el surgimiento de nuevas especies. En el ejemplo planteado por Darwin,
los pinzones (aves) modificaron con el tiempo las formas de sus picos
dependiendo de la fuente de alimentación. En otros casos, las mutaciones
han generado enfermedades muy difíciles de sobrellevar, como pasa
con el síndrome de Proteus: el famoso caso del hombre elefante.</p>
</destacadoTexto></destacado>
<p>En el <negrita>ADN</negrita>, en promedio, una vuelta completa
de la doble hélice abarca 10 pares de bases. Al darse cada vuelta,
se generan dos surcos: uno grande (mayor) y uno pequeño (menor). Estos
surcos pueden ser sitios de anclaje de fármacos. A pH corporal, los
grupos fosfato poseen carga negativa, lo que les permite unirse a
iones positivos como el del sodio (Na+) o el del magnesio (Mg2+).
Estos grupos fosfato con carga negativa permiten que las <negrita
>histonas</negrita> (proteínas cargada positivamente) se puedan adherir
a la doble hélice.</p>
<imagen src="CN_11_16_CO_IMG10_small.jpg">
<p>La distancia promedio entre cada par de bases es de 0,34 nm, el
diámetro interior de la doble hélice mide 1,1 nm y el diámetro exterior
mide 2,0 nm.</p>
</imagen>
<destacado><destacadoTitulo>Histonas</destacadoTitulo><destacadoTexto>
<p>Las histonas son proteínas que se encargan del empaquetamiento
(enrollamiento) del ADN y comprenden un grupo de cinco proteínas,
denominadas H1, H2A, H2B, H3 y H4.</p>
</destacadoTexto></destacado>
<imagen src="CN_11_16_CO_IMG11_small.jpg">
<p>Las histonas contienen gran cantidad de lisina y arginina, que
son aminoácidos cargados de forma positiva y que forman enlaces con
los grupos fosfatos cargados negativamente. En la ilustración, las
hebras de ADN se enrollan alrededor de las histonas, plegamiento que
corresponde a la estructura terciaria del ADN.</p>
</imagen>
<practica>
<enlace
destino="/LoIdRedirect.aspx?LoId=CN_11_16_CO_Recurso040&amp;IdRecurso=RES-6CB1958F300C494DA1F663E03F7A1A4B"
>¿Qué sabes del ADN?</enlace>
</practica></seccion2Texto></seccion2><seccion2
id="S2_CN_11_16_CO_67435587C30C4BCE847F7B549926D8A5"><?Pub Dtl?>
<seccion2Titulo>El ARN</seccion2Titulo>
<seccion2Texto>
<p>El <negrita>ácido ribonucleico</negrita> o <negrita>ARN</negrita
> es el segundo tipo de ácido nucleico presente en las células de
los seres vivos. A diferencia del ADN, el ARN contiene una sola cadena
y cambia la base nitrogenada timina por uracilo. Existen cuatro tipos
de ARN:</p>
<table cellpadding="5" cellspacing="0"><caption>Los tipos de ARN y
su función</caption><colgroup><col/><col/></colgroup>
<tbody>
<tr>
<td><negrita>Tipo de ARN</negrita></td>
<td><negrita>Función</negrita></td>
</tr>
<tr>
<td>ARN de transferencia (ARNt)</td>
<td>Transporta los aminoácidos al sitio de la síntesis proteica.</td>
</tr>
<tr>
<td>ARN ribosómico (ARNr)</td>
<td>En asocio con algunas proteínas, forma los ribosomas, que son
las estructuras encargadas de la síntesis proteica.</td>
</tr>
<tr>
<td>ARN mensajero (ARNm)</td>
<td>Dirige la secuencia de aminoácidos en las proteínas.</td>
</tr>
<tr>
<td>ARN nuclear (ARNn)</td>
<td>Procesa el ARNm en las células eucariotas (maduración).</td>
</tr>
</tbody>
</table>
<p>La secuencia de las bases del ADN determina la secuencia de los
diversos tipos de ARN. La función del ARN en la célula es copiar la
información presente en el ADN para su correspondiente transformación
en proteínas en el proceso de <negrita>transcripción</negrita>.   </p>
<p>En el proceso de <negrita>traducción</negrita> (de ADN a ARN),
la secuencia del ARNm codifica la disposición de los aminoácidos en
la proteína, de modo que el orden de esta secuencia refleja la cadena
de bases en el ADN. Los aminoácidos unidos por enlaces covalentes
al ARNt son llevados al ribosoma y están formados por ARNr asociado
a proteínas.</p>
<listaNumerada>
<listaElemento>Una secuencia de tres bases del ARNm se denomina <negrita
>codón</negrita> y determina la entrada de un aminoácido específico
en la cadena proteica en construcción. Los ARNn solo se encuentran
en el núcleo y participan en el proceso de trascripción y maduración
del ARNm, lo que permite conducirlo al citoplasma celular para el
proceso de maduración.</listaElemento>
</listaNumerada>
<imagen src="CN_11_16_CO_IMG12_small.jpg">
<p>Los ribosomas son los organelos encargados de la síntesis de proteínas.
Constan de dos subunidades (una mayor y una menor) y están hechos
de proteínas asociadas a ARNr.</p>
</imagen>
<p>El ARNt es el más pequeño de los tres tipos extranucleares de ARN.
Como un ARNt se une al menos con un aminoácido diferente, hay distintos
tipos de ARNt. Este es un polinucleótido de una sola cadena. En sitios
específicos se une mediante puentes de hidrógeno a las bases nitrogenadas,
formando los pares A-U y C-G.</p>
<imagen src="CN_11_16_CO_IMG13_small.jpg">
<p>Durante la síntesis de proteínas, el ARNm y el ARNt se unen al
ribosoma en una secuencia precisa, lo cual garantiza que los aminoácidos
estén en el orden correcto en la proteína.</p>
</imagen>
<recuerda><recuerdaTexto>
<p>Las bases nitrogenadas en el ADN son: citosina (C), que se une
a la guanina (G) y la adenina (A) con la timina (T), pero en el ARN
la timina cambia por uracilo (U).</p>
</recuerdaTexto></recuerda><practica>
<enlace
destino="/LoIdRedirect.aspx?LoId=CN_11_16_CO_Recurso060&amp;IdRecurso=RES-C9DBAF20A8A04EBB9A84EFBCEFC407A5"
>Conoce la síntesis del ARNm</enlace>
</practica></seccion2Texto></seccion2><seccion2
id="S2_CN_11_16_CO_A6CF41748A7644DF9D4679FDC58C7FC1"><?Pub Dtl?>
<seccion2Titulo>El proceso de replicación</seccion2Titulo>
<seccion2Texto>
<p>El proceso de replicación del ADN consiste básicamente en la <negrita
>duplicación</negrita> del ADN para producir una molécula “hija” con
la misma secuencia de la original. Esto depende de tres sucesos clave:
el <negrita>desenrollamiento</negrita> de la cadena, la <negrita>síntesis</negrita
> de las dos cadenas antiparalelas (en dirección 5’ a 3’ y en dirección
3’ a 5’) y, por último, que no haya errores en la <negrita>replicación</negrita
>.</p>
<p>Cuando se aprecia la estructura química del ADN, se observa que
en una de las hebras el grupo fosfato ubicado en el carbono 3 de la
desoxirribosa se enlaza con un hidroxilo que se encuentra en el carbono
5 de la siguiente molécula de desoxirribosa; en la otra hebra, esta
unión se da entre el grupo fosfato ubicado en el carbono 5 de la desoxirribosa
con el hidroxilo del carbono 3 de este azúcar. Las dos hebras corren
en dirección opuesta. Así, en una hebra queda libre el extremo denominado
3’ y en la otra el extremo 5’.</p>
<imagen src="CN_11_16_CO_IMG14_small.jpg">
<p>En la hebra de la izquierda, el extremo superior se denomina 5’
y el inferior 3’. En la hebra de la derecha, el extremo superior es
el extremo 3’, mientras que el extremo inferior es el 5’. Nótese que
una hebra corre en dirección opuesta a la otra (antiparalelas).</p>
</imagen>
<imagen src="CN_11_16_CO_IMG15_small.jpg">
<p>En 1957, Matthew Meselson y Franklin Stahl demostraron que la replicación
del ADN es semi-conservativa, es decir, que la molécula de ADN nueva
está formada por una hebra “madre” y una hebra “hija”.</p>
</imagen>
<p>La síntesis o replicación del ADN se hace en dos direcciones (de
5’ a 3’ y de 3’ a 5’) a partir de un punto conocido como el origen
de replicación. En la nueva cadena formada, la síntesis se da en el
sentido 5’ a 3’. Una cadena, denominada cadena líder, se forma de
manera continua, mientras que la otra, llamada cadena rezagada, se
forma por segmentos conocidos como <negrita>fragmentos de Okazaki</negrita
>, los cuales se unen posteriormente y dan origen a las dos hebras
hijas.</p>
<imagen src="CN_11_16_CO_IMG16_small.jpg">
<p>Las enzimas que participan en el proceso de replicación son: la
polimerasa, la toposiomerasa y la primasa. La primera se encarga de
la síntesis de cadenas nuevas y de la reparación de errores que se
den en el proceso; la segunda ayuda a desenrollar la cadena de ADN
para su copia; y la tercera sintetiza un cebador de ARN, que se utiliza
para la síntesis inicial del ADN. </p>
</imagen>
</seccion2Texto></seccion2><seccion2
id="S2_CN_11_16_CO_11A3071A2599433F9F468BA7A45595C3"><?Pub Dtl?>
<seccion2Titulo>La síntesis de proteínas</seccion2Titulo>
<seccion2Texto>
<p>La síntesis de proteínas hace parte de lo que se conoce como el
“dogma de la biología molecular”, el cual no es más que el paso final
en la traducción del mensaje genético de ADN a ARN y su expresión
en proteínas, que se lleva a cabo en el ribosoma celular.</p>
<p>Después de que el <negrita>ADN</negrita> ha sido transcrito a <negrita
>ARN</negrita> en el núcleo, se hace necesario que este pueda reflejarse
en la construcción de una proteína. Para ello, el ARNm es conducido
hasta el ribosoma para su lectura y posterior traducción. Esto lo
lleva a cabo el ARNt, que es único para cada tipo de aminoácido.</p>
<p>Una vez en el ribosoma, los aminoácidos son enlazados para formar
la cadena proteica. Esta secuencia la determina el ADN haciendo uso
de las cuatro bases del ARN: guanina (G), citosina (C), adenina (A)
y uracilo (U) en un triplete (tres bases). En total, son 64 tripletes
posibles, que en conjunto se denominan <negrita>código genético</negrita
>. Cada triplete o codón codifica para una “palabra del código” o
aminoácido, en donde hay 3 señales de terminación, 1 de inicio y 61
que codifican para los 20 aminoácidos esenciales.</p>
<imagen src="CN_11_16_CO_IMG17_small.jpg">
<p>El código genético es universal para todos los seres vivos, es
decir, que un mismo triplete codifica para el mismo aminoácido en
diferentes especies.</p>
</imagen>
<p>En la secuencia de ADN, TAC TAT CAT CAA ATC, hay cinco codones
diferentes. Ellos se transcriben a una secuencia de ARNm teniendo
en cuenta la complementariedad entre bases y que en el ARN el uracilo
reemplaza la adenina, así, la secuencia de ARN queda de la siguiente
manera: AUG AUA GUA GUU UAG.   </p>
<p>Para el primer triplete y su transcripción, la secuencia del ADN
es <negrita>TAC</negrita>, por tanto, al hacerse la transcripción
a ARNm, la timina (T) se complementa con la adenina (A) y la adenina
se complementa con la timina (T), pero en el ARN esta base cambia
por el uracilo (U) y la citosina se complementa con la guanina (G).
Así, el primer triplete queda transcrito en ARN como <negrita>AUG</negrita
>, proceso que es similar en los demás tripletes.  </p>
<p>Para traducir esta información en los aminoácidos que conforman
una proteína, se utiliza el código genético. La lectura de las bases
se realiza desde el interior hacia el exterior. En la ilustración,
en el centro se representan las cuatro bases del ARN: A, C, U y G.
Se toma como referencia la primera base del triplete <negrita>AUG</negrita
>, que es la A, y posteriormente se ubica hacia afuera la segunda
base, que es U, para la tercera base se observan las cuatro bases
más externas, tres de las cuales (U, C y A) codifican para el aminoácido
isoleucina (Ile), y la cuarta, la base G, codifica para el aminoácido
metionina (Met), el cual es una señal de inicio para la transcripción
de una proteína.  </p>
<p>El segundo triplete <negrita>AUA</negrita>, codifica para el aminoácido
isoleucina (<negrita>Ile</negrita>); el tercer triplete <negrita>GUA</negrita
> codifica para el aminoácido valina (<negrita>Val</negrita>); el
cuarto triplete <negrita>GUU</negrita> se expresa en el aminoácido <negrita
>Val</negrita>, al igual que el anterior; y el quinto triplete <negrita
>UAG</negrita> codifica para la terminación de la proteína.</p>
<recuerda><recuerdaTexto>
<p>Las proteínas, junto con los carbohidratos, los lípidos y los ácidos
nucleicos, conforman un grupo importante, denominado biomoléculas.
Las proteínas tienen diversas funciones en el organismo, como: ayudar
a dar estructura a la membrana y la pared celular, ser constituyentes
de los músculos, servir como mensajeros bioquímicos (hormonas), entre
otras. Están constituidas por aminoácidos que se acoplan en el ribosoma
de las células según el orden determinado por el ADN en el código
genético.</p>
</recuerdaTexto></recuerda><practica>
<enlace
destino="/LoIdRedirect.aspx?LoId=CN_11_16_CO_Recurso080&amp;IdRecurso=RES-A77B85E73E6E4794AD67336FB8608079"
>Conoce la biosíntesis de las proteínas</enlace>
</practica></seccion2Texto></seccion2><seccion2
id="S2_CN_11_16_CO_11A3071A2599433F9F468BA7A4559933">
<seccion2Titulo>Consolidación</seccion2Titulo>
<seccion2Texto>
<p>Actividades para consolidar lo que has aprendido en esta sección.</p>
<practica>
<enlace
destino="/LoIdRedirect.aspx?LoId=CN_11_16_CO_Recurso110&amp;IdRecurso=RES-F24D26A0877641B6B86E9E5ECEDBB116"
>Refuerza tu aprendizaje: Los ácidos nucleicos</enlace>
</practica></seccion2Texto></seccion2></seccion1Texto></seccion1>
<seccion1 id="S1_CN_11_16_CO_189F7C1831D344FC933C2F2139C6ADD0">
<seccion1Titulo>Las hormonas</seccion1Titulo>
<seccion1Texto>
<p>Las <negrita>hormonas</negrita> son sustancias que se comportan
como mensajeros químicos intercelulares, viajan por el torrente sanguíneo
a los diferentes órganos y son producidas a nivel celular en el sistema
endocrino. Estas moléculas sirven de catalizadores que actúan sobre
la matriz celular. </p>
<imagen src="CN_11_16_CO_IMG18_small.jpg">
<p>La testosterona es una hormona de tipo sexual predominante en los
hombres. Cuando en las mujeres se incrementa la concentración de esta
hormona, se dan cambios como la aparición de acné, aumento en la grasa
facial y calvicie. </p>
</imagen>
<destacado><destacadoTitulo>Homeostasis</destacadoTitulo>
<destacadoTexto>
<p>Las hormonas ayudan a soportar el equilibrio de las actividades
biológicas en el organismo, encaminadas a la estabilización en los
procesos fisiológicos, lo que se denomina <negrita>homeostasis</negrita
>.</p>
</destacadoTexto></destacado>
<p> Se pueden distinguir los siguientes tipos de hormonas: las procedentes
de aminoácidos y de proteínas y las esteroideas (sexuales y suprarrenales).</p>
<imagen src="CN_11_16_CO_IMG19_small.jpg">
<p>Las hormonas se clasifican principalmente a partir de su origen
químico, lo cual se ve reflejado en su estructura.</p>
</imagen>
<profundiza>
<enlace
destino="/LoIdRedirect.aspx?LoId=CN_11_16_CO_Recurso120&amp;IdRecurso=RES-060CEBA8BD3A43D98F6CE720DE443634"
>Las hormonas y sus funciones</enlace>
</profundiza><seccion2
id="S2_CN_11_16_CO_29415BDAEDD4404185B2FC0694A0C6CA"><?Pub Dtl?>
<seccion2Titulo>Las funciones de las hormonas</seccion2Titulo>
<seccion2Texto>
<p>Las hormonas son <negrita>mensajeras químicas</negrita> que cumplen
distintas funciones: de regulación del metabolismo, la reproducción
y la diferenciación sexual, de tipo bioquímico y fisiológico, de mantenimiento
de la homeostasis, en el crecimiento y el desarrollo; y ayudan a mantener
el equilibrio entre las actividades biológicas del cuerpo. Algunas
de las funciones relevantes de estas sustancias son: el control del
metabolismo celular, la regulación del crecimiento del cuerpo y el
desarrollo de los caracteres sexuales secundarios. </p>
</seccion2Texto></seccion2><seccion2
id="S2_CN_11_16_CO_34B4CFDFFCE94600AB7B65B2CC09F187"><?Pub Dtl?>
<seccion2Titulo>Las glándulas endocrinas y las hormonas</seccion2Titulo>
<seccion2Texto>
<p>Las glándulas endocrinas segregan hormonas que son transportadas
por la sangre a los diversos órganos y tejidos del cuerpo para estimular
otras glándulas en la producción de hormonas o ayudar a regular y
balancear los diferentes procesos que ocurren en el metabolismo del
cuerpo de forma directa. </p>
<imagen src="CN_11_16_CO_IMG20_small.jpg">
<p>Principales glándulas endocrinas del cuerpo humano.</p>
</imagen>
<p>A continuación se describen en detalle las principales hormonas
y las glándulas que las producen en el cuerpo humano:</p>
<listaSinNumerar>
<listaElemento>La <negrita>glándula pituitaria</negrita> es tal vez
la más importante del cuerpo, ya que produce hormonas de acción directa
y algunas que ayudan a la estimulación de otras glándulas del sistema
endocrino. Por ello es también llamada la “glándula del control maestro”.
Se encuentra ubicada en la base del cerebro, en lo que se conoce como
“silla turca”, por debajo del hipotálamo, el cual regula la actividad
de esta glándula a través de impulsos eléctricos o a través de otras
hormonas.  Las principales hormonas producidas por la glándula pituitaria
en respuesta a los mensajes químicos del hipotálamo, tiene funciones
en el crecimiento, en el metabolismo y en el desarrollo sexual. </listaElemento>
</listaSinNumerar>
<destacado><destacadoTitulo>El hipotálamo y la glándula pituitaria</destacadoTitulo>
<destacadoTexto>
<p>El hipotálamo estimula con señales eléctricas la glándula pituitaria
para que produzca dos hormonas específicas: la antidiurética (HAD),
que hace que los riñones reabsorban más agua y así se produzca menos
orina, y la oxitocina, que hace que el útero se contraiga y dé inicio
al parto, además de facilitar la secreción de leche materna. </p>
</destacadoTexto></destacado>
<listaSinNumerar>
<listaElemento>La <negrita>glándula tiroides</negrita>, ubicada en
el cuello debajo de la nuez de Adán y delante de la tráquea, en la
parte inferior del cuello, tiene forma de mariposa y produce dos hormonas:
la <negrita>T4</negrita> (tiroxina) y la <negrita>T3</negrita> (triyodotironina).
Estas dos hormonas regulan el metabolismo corporal, la función de
los órganos, el crecimiento normal y el desarrollo celular, así como
la producción de energía y calor.</listaElemento>
<listaElemento>En el <negrita>páncreas</negrita>, específicamente
en unas células denominadas <negrita>islotes de Langerhans</negrita
> se producen la insulina y el glucagón. Estas dos hormonas regulan
los niveles de glucosa en la sangre. La <negrita>insulina</negrita
> baja los niveles y hace que el cuerpo metabolice este carbohidrato
o lo acumule como tejido adiposo. Cuando los niveles de <negrita>glucosa</negrita
> en la sangre están muy bajos, se libera el <negrita>glucagón</negrita
>, el cual viaja hasta el hígado y hace que este empiece a liberar <negrita
>glucógeno</negrita> y, al hidrolizarse, se genere glucosa, lo que
lleva a que los niveles de este azúcar aumenten en el torrente sanguíneo.</listaElemento>
<listaElemento>Las <negrita>glándulas suprarrenales</negrita> se sitúan
encima de los riñones. Son de tamaño similar a la falange superior
del dedo pulgar. Su funcionalidad es la producción de hormonas esteroideas,
como el <negrita>cortisol</negrita>, que ayuda en la regulación de
azúcar en el cuerpo; la aldosterona, que regula el equilibrio de sodio
y potasio en el cuerpo; y hormonas sexuales como los andrógenos (hombres)
y los estrógenos (mujeres). Además de estas, las suprarrenales producen
otras dos hormonas muy importantes en el control de los sistemas de
respuesta del cuerpo, como la <negrita>epinefrina</negrita> y <negrita
>norepinefrina</negrita>, también conocidas como <negrita>adrenalina</negrita
> y <negrita>noradrenalina</negrita>, respectivamente.  <p>La adrenalina
está implicada en el control de la dilatación de los vasos sanguíneos
y el aumento de la respiración en momentos de estrés. Actúa como un
neurotransmisor del sistema nervioso central (SNC) y participa en
la termorregulación corporal. La noradrenalina afecta regiones cerebrales
involucradas en las acciones de atención y respuesta, lo que aumenta
la frecuencia cardiaca, libera glucosa e incrementa el flujo sanguíneo
hacia el tejido muscular.</p></listaElemento>
<listaElemento>Los <negrita>ovarios</negrita> son dos glándulas encargadas
de producir en las mujeres dos hormonas: los estrógenos y la progesterona.
Estas empiezan a ejercer su acción desde la pubertad. Los <negrita
>estrógenos</negrita> actúan en el útero haciendo que este se engrose
cada mes y lo preparan para un posible embarazo, y la <negrita>progesterona</negrita
> prepara el endometrio para recibir al óvulo fecundado en caso de
embarazo. Pero estas dos hormonas no solo cumplen estas funciones.
Por ejemplo, los estrógenos influyen en: la distribución de la grasa
corporal alrededor de las caderas y de las glándulas mamarias; la
pigmentación de la piel en especial alrededor del pezón y la región
púbica, en la retención de calcio por el hueso, y el aumento del deseo
sexual (líbido).  <p>La <negrita>progesterona</negrita> también produce
un aumento en las glándulas mamarias en los días previos a la menstruación
y hace que el riñón retenga agua y sal, lo que genera un incremento
pequeño del peso corporal y que se acumulen líquidos en el abdomen
y las glándulas mamarias. Debido a su acción sobre el cerebro y el
sistema nervioso central, esta hormona puede incidir igualmente en
la temperatura corporal.</p></listaElemento>
<listaElemento>Los <negrita>testículos</negrita> son dos glándulas
en forma de huevo ubicadas dentro de una membrana o bolsa de piel
ubicada detrás del pene, denominada escroto. Están presentes en los
hombres y machos de mamíferos y vertebrados. Su función principal
es producir los espermatozoides y la hormona testosterona. Esta hormona
también la tienen las mujeres, pero su concentración es muy inferior
en comparación con los hombres.   <p>Una de las funciones de la testosterona
es el desarrollo de caracteres sexuales secundarios, como el engrosamiento
de la voz, la aparición de vello púbico y el aumento de masa muscular,
además de incidir en el deseo sexual.</p> </listaElemento>
</listaSinNumerar>
<practica>
<enlace
destino="/LoIdRedirect.aspx?LoId=CN_11_16_CO_Recurso140&amp;IdRecurso=RES-52C160B908A747CD83878D036AE65CFB"
>¿Cuál es su función?</enlace>
</practica></seccion2Texto></seccion2><seccion2
id="S2_CN_11_16_CO_34B4CFDFFCE94600AB7B65B2CC091177">
<seccion2Titulo>Consolidación</seccion2Titulo>
<seccion2Texto>
<p>Actividades para consolidar lo que has aprendido en esta sección.</p>
<practica>
<enlace
destino="/LoIdRedirect.aspx?LoId=CN_11_16_CO_Recurso150&amp;IdRecurso=RES-753BEC425F31414AAA00531EA6DA4ECC"
>¿Cuál es su función?</enlace>
</practica></seccion2Texto></seccion2></seccion1Texto></seccion1>
<seccion1 id="S1_CN_11_16_CO_DBBBDA16755748249D184C4F51FD2FCE">
<seccion1Titulo>Las vitaminas</seccion1Titulo>
<seccion1Texto>
<p>Muchos de los procesos que ocurren en el interior de los seres
vivos necesitan de ciertas sustancias de origen no proteínico, las
cuales actúan como <negrita>cofactores</negrita> en las reacciones
para que estas se puedan llevar a cabo. Otros compuestos (coenzimas)
también ayudan a llevar a cabo algunos procesos en los seres vivos.
Entre estos compuestos están las <negrita>vitaminas</negrita> y otros
relacionados directamente con ellas.</p>
<imagen src="CN_11_16_CO_IMG21_small.jpg">
<p>El cuerpo es incapaz de producir las vitaminas. Por eso debe consumirlas
de alimentos de origen animal o vegetal. El aguacate es una excelente
fuente de vitamina A y E, así como de las vitaminas que conforman
el complejo B.</p>
</imagen>
<profundiza>
<enlace
destino="/LoIdRedirect.aspx?LoId=CN_11_16_CO_Recurso160&amp;IdRecurso=RES-0B8B259681EA4919B02B1DFE4FEC5E60"
>Las vitaminas hidrosolubles y liposolubles</enlace>
</profundiza><seccion2
id="S2_CN_11_16_CO_72C894AB6F94401F871F66E9D9D477AA"><?Pub Dtl?>
<seccion2Titulo>Las funciones de las vitaminas</seccion2Titulo>
<seccion2Texto>
<p>Las funciones de las vitaminas son diversas y dependen específicamente
del tipo de vitamina:</p>
<listaSinNumerar>
<listaElemento>La <negrita>vitamina A</negrita> es esencial para el
funcionamiento de la retina (mejora la visión, especialmente la nocturna),
para el crecimiento de los huesos y para el crecimiento y desarrollo
embrionario, además que ayuda en los procesos de diferenciación celular,
aumenta la protección contra enfermedades infecciosas y parasitarias
y participa en la producción de anticuerpos. La principal fuente de
vitamina A son los vegetales amarillos, como la zanahoria y la ahuyama,
así como la yema de huevo, los aceites de pescado y el hígado.</listaElemento>
<listaElemento>La <negrita>vitamina E</negrita>, también llamada <negrita
>tocoferol</negrita>, ayuda en el proceso de respiración celular,
protege la vitamina A, sirve en el funcionamiento del sistema inmune,
participa en el metabolismo hormonal y evita el ataque de los peróxidos
a los ácidos grasos. Su deficiencia puede causar degeneración muscular,
problemas de fertilidad y daño hepático. Sus fuentes principales son
el maíz, el aceite de girasol, los granos de trigo y la cebada.</listaElemento>
<listaElemento>La <negrita>vitamina D</negrita> ayuda a fijar el calcio
y el fósforo en los huesos y a regular su eliminación en los riñones.
Cuando hay deficiencia de esta vitamina se produce descalcificación
y deformación en los huesos y articulaciones. Son pocos los alimentos
que contienen este tipo de vitamina, por eso la gran mayoría son enriquecidos
con ella. Dentro de las fuentes naturales se destacan pescados como
el atún y el salmón.</listaElemento>
<listaElemento>La <negrita>vitamina C</negrita> es indispensable como
antioxidante en el organismo. De hecho, se utiliza industrialmente
como antioxidante de alimentos. Es importante en la formación de colágeno
y en la absorción de hierro, además participa en la síntesis de algunas
hormonas y aumenta la resistencia del cuerpo al estrés.</listaElemento>
<listaElemento>La <negrita>vitamina K</negrita> es térmicamente inestable,
pues se degrada fácilmente con la exposición directa a la luz solar.
Es indispensable en los factores de coagulación de la sangre (formación
de la proteína protombina). Se encuentra en las verduras de hojas
verdes y en el brócoli.</listaElemento>
<listaElemento>La <negrita>vitamina B<subindice>1</subindice></negrita
> o <negrita>tiamina</negrita> es importante en la síntesis de aminoácidos
de estructura ramificada, participa en la transmisión del impulso
nervioso, regula el metabolismo de carbohidratos y ayuda en la absorción
de las grasas. Se encuentra en alimentos como frijoles, cereales y
carne. Tiene aplicaciones en el tratamiento del SIDA mediante el fortalecimiento
del sistema inmunológico, contra el estrés y en enfermedades como
el Alzheimer</listaElemento>
<listaElemento>La <negrita>vitamina B<subindice>2</subindice></negrita
> o <negrita>riboflavina</negrita> está presente en alimentos como
verduras, leche, carne y huevos. Se utiliza en el tratamiento del
cáncer cervical, la migraña y el síndrome del túnel carpiano. La deficiencia
de esta vitamina puede causar diarrea, anemia y la aparición de cataratas
y cierto tipo de dermatitis.</listaElemento>
<listaElemento>La <negrita>vitamina B<subindice>3</subindice></negrita
> o <negrita>niacina</negrita> posibilita la liberación de energía
por parte de los carbohidratos y lípidos y también permite un óptimo
flujo sanguíneo por todo el cuerpo. La harina de soya y el hígado
son fuentes importantes de esta vitamina.</listaElemento>
<listaElemento>La <negrita>vitamina B<subindice>5</subindice></negrita
> o <negrita>ácido pantoténico</negrita> es importante para la síntesis
del colesterol y el metabolismo de ácidos grasos. Esta vitamina se
tiene que consumir diariamente o, de lo contrario, su deficiencia
puede causar retardo en el crecimiento, pérdida del cabello y diarrea,
entre otros males. Una fuente importante de vitamina B5 son alimentos
como el aguacate, los champiñones, las legumbres, la leche y vegetales
como el repollo.</listaElemento>
<listaElemento>La <negrita>vitamina B<subindice>6</subindice></negrita
> o <negrita>piridoxina</negrita> es esencial en el desarrollo del
cuerpo y en la función de las enzimas, así como en el embarazo y en
la primera edad. Participa en el desarrollo del cerebro y del sistema
inmune, así como en la producción de hemoglobina, proteína indispensable
en la sangre para el transporte de oxígeno, y en la regulación de
los niveles de azúcar en la sangre. Las principales fuentes naturales
de vitamina B6 son: el aguacate, el banano, el pescado, las aves,
las nueces, el maíz y cereales fortificados.</listaElemento>
<listaElemento>La <negrita>vitamina B<subindice>7</subindice></negrita
> (biotina, vitamina H o vitamina B8) participa en la conversión a
glucosa a partir de los alimentos, en la producción de ácidos grasos
y aminoácidos, en el funcionamiento normal del sistema nervioso y
en el mantenimiento de la piel y cabello.</listaElemento>
<listaElemento>La <negrita>vitamina B<subindice>12</subindice> </negrita
>ayuda a la producción de ADN en el cuerpo y contribuye a mantener
sanas las neuronas y los glóbulos rojos. Esta vitamina es de origen
animal y no está presente en alimentos de origen vegetal, a no ser
que sean fortificados con ella. Se encuentra en alimentos como hígado,
pescado, carnes, huevos, leche y sus derivados. La deficiencia de
vitamina B12 causa una grave enfermedad conocida como anemia megaloblástica
en donde los glóbulos rojos crecen sin dividirse, es decir, no se
presenta la mitosis.</listaElemento>
<listaElemento>La<negrita> vitamina B<subindice>9</subindice></negrita
> o <negrita>ácido fólico</negrita>, junto con las vitaminas C y B12,
ayuda en el metabolismo de las proteínas en el cuerpo y además es
esencial en el embarazo, ya que su consumo ayuda a evitar malformaciones
congénitas y previene posibles abortos. Las principales fuentes de
vitamina B9 son las frutas, especialmente las cítricas, y las legumbres
y hortalizas. La deficiencia de esta vitamina en el cuerpo puede causar
enfermedades como diarrea, úlceras bucales y pépticas (estomacales),
además de retrasos en el crecimiento.</listaElemento>
</listaSinNumerar>
</seccion2Texto></seccion2><seccion2
id="S2_CN_11_16_CO_E848642F66B44B38BF3DEA99E0AF2384"><?Pub Dtl?>
<seccion2Titulo>Las vitaminas hidrosolubles</seccion2Titulo>
<seccion2Texto>
<p>Las vitaminas hidrosolubles son aquellas que, por su estructura
química, son solubles en agua, debido a la presencia de grupos hidrofílicos
(que pueden formar puentes de hidrógeno con el agua, como el grupo
OH-). Estas vitaminas son fácilmente eliminadas en la orina, razón
por la cual no se acumulan en el cuerpo.  </p>
<p>A este grupo pertenecen las vitaminas del complejo B (B1, B2, B3,
B5, B12, etc.) y la vitamina C. La deficiencia de estas vitaminas
puede causar graves enfermedades, como el <negrita>escorbuto</negrita
>, caracterizada por la deficiencia en la síntesis del aminoácido
hidroxiprolina, esencial en la síntesis de colágeno. Los individuos
con esta enfermedad tienen una debilidad ósea, acompañada de fragilidad
vascular, inflamación de las encías y aflojamiento de los dientes.</p>
<imagen src="CN_11_16_CO_IMG22_small.jpg">
<p>El escorbuto fue diagnosticado por primera vez por el médico ingles
James Lind. Una de sus características es el sangrado de las encías.</p>
</imagen>
</seccion2Texto></seccion2><seccion2
id="S2_CN_11_16_CO_09597AAF7873430B84300465D487A5FE"><?Pub Dtl?>
<seccion2Titulo>Las vitaminas liposolubles</seccion2Titulo>
<seccion2Texto>
<p>Las vitaminas liposolubles son aquellas que presentan grupos hidrofóbicos,
es decir, que repelen el agua. A este grupo pertenecen las vitaminas <negrita
>A</negrita>, <negrita>D</negrita>, <negrita>E</negrita> y <negrita
>K</negrita>. Estas vitaminas son solubles solo en lípidos y, por
tanto, son fácilmente asimiladas por el organismo, si el metabolismo
de los lípidos es normal.   </p>
<p>A diferencia de las vitaminas hidrosolubles, estas no se eliminan
fácilmente y se acumulan en el hígado, causando en algunos casos intoxicación
por exceso de ellas en el organismo. Estas vitaminas son fácilmente
oxidables, debido a la presencia de dobles enlaces y, en algunos casos,
de anillos fenólicos.</p>
<imagen src="CN_11_16_CO_IMG23_small.jpg">
<p>El exceso de vitamina D puede causar en el organismo hipercalcemia
e hipercalciuria, que provoca acumulación en diversos tejidos y la
aparición de pequeñas piedras en el riñón e hígado, denominadas cálculos.</p><?Pub
Caret -2?>
</imagen>
<practica>
<enlace
destino="/LoIdRedirect.aspx?LoId=CN_11_16_CO_Recurso180&amp;IdRecurso=RES-0B8B259681EA4919B02B1DFE4FEC1143"
>¿Qué clase de vitamina es?</enlace>
</practica></seccion2Texto></seccion2><seccion2
id="S2_CN_11_16_CO_09597AAF7873430B84300465D4875533">
<seccion2Titulo>Consolidación</seccion2Titulo>
<seccion2Texto>
<p>Actividades para consolidar lo que has aprendido en esta sección.</p>
<practica>
<enlace
destino="/LoIdRedirect.aspx?LoId=CN_11_16_CO_Recurso190&amp;IdRecurso=RES-0B8B259681EA4919B02B1DFE4FEC1144"
>Refuerza tu aprendizaje: Las vitaminas</enlace>
</practica></seccion2Texto></seccion2></seccion1Texto></seccion1>
<seccion1 id="S1_CN_11_16_CO_5C30EA3A014F4D33AFC92DB377D9BC0A"><?Pub Dtl?>
<seccion1Titulo>Competencias</seccion1Titulo>
<seccion1Texto>
<p>Pon a prueba tus capacidades y aplica lo aprendido con estos recursos.</p>
<practica>
<enlace
destino="/LoIdRedirect.aspx?LoId=CN_11_16_CO_Recurso200&amp;IdRecurso=RES-0B8B259681EA4919B02B1DFE4FEC1145"
>Competencias: identificación de vitamina C</enlace>
</practica></seccion1Texto></seccion1><masinformacion
id="MI_CN_11_16_CO_DFFD5F20EDCC431E8F74B05B06BB08F2"><mapaconceptual>
<enlace
destino="/LoIdRedirect.aspx?LoId=CN_11_16_CO_Recurso160&amp;IdRecurso=RES-0B8B259681EA4919B02B1DFE4FEC5E60"
>Mapa Conceptual</enlace></mapaconceptual><autoevaluate><enlace
destino="/LoIdRedirect.aspx?LoId=CN_11_16_CO_Recurso170&amp;IdRecurso=RES-91E87DB9051E49968FE7A8173C29AE6E"
>Evaluación</enlace></autoevaluate><enlacesreferencia>
<enlace
destino="http://didactalia.net/comunidad/materialeducativo/recurso/los-acidos-nucleicos/36f1d400-ec54-4ddf-83c2-4642678f1a88"
>Los ácidos nucleicos.</enlace>
<enlace
destino="http://www.juntadeandalucia.es/averroes/~29701428/salud/endocri.htm"
>Las hormonas.</enlace>
<enlace
destino="http://www.juntadeandalucia.es/averroes/~29701428/salud/alivit.htm"
>Las vitaminas.</enlace>
</enlacesreferencia></masinformacion></libro>
