<mapa>
  <copyright>(c) Editorial Planeta</copyright>
  <version>1.0</version>
  <objeto>
    <ref>00</ref>
    <texto>LA MEDICINA</texto>
    <hijos>11,10</hijos>
    <padre/>
    <siz>0</siz>
    <negcur>00000000000</negcur>
    <cen>1</cen>
    <img/>
  </objeto>
  <objeto>
    <ref>10</ref>
    <texto>se apoya en</texto>
    <hijos>20</hijos>
    <padre>00</padre>
    <siz>14</siz>
    <negcur>00000000000</negcur>
    <cen>1</cen>
    <img/>
  </objeto>
  <objeto>
    <ref>20</ref>
    <texto>las Ciencias Naturales</texto>
    <hijos>31</hijos>
    <padre>10</padre>
    <siz>0</siz>
    <negcur>0000000000000000000000</negcur>
    <cen>1</cen>
    <img/>
  </objeto>
  <objeto>
    <ref>11</ref>
    <texto>se ocupa de</texto>
    <hijos>21</hijos>
    <padre>00</padre>
    <siz>14</siz>
    <negcur>00000000000</negcur>
    <cen>1</cen>
    <img/>
  </objeto>
  <objeto>
    <ref>21</ref>
    <texto>el cuidado de la salud</texto>
    <hijos>30</hijos>
    <padre>11</padre>
    <siz>0</siz>
    <negcur>0000000000000000000000</negcur>
    <cen>1</cen>
    <img/>
  </objeto>
  <objeto>
    <ref>30</ref>
    <texto>haciendo</texto>
    <hijos>40</hijos>
    <padre>21</padre>
    <siz>14</siz>
    <negcur>00000000</negcur>
    <cen>1</cen>
    <img/>
  </objeto>
  <objeto>
    <ref>40</ref>
    <texto>- Diagnóstico- Prevención- Tratamiento</texto>
    <hijos/>
    <padre>30</padre>
    <siz>0</siz>
    <negcur>0000000000000000000000000000000000000000</negcur>
    <cen>1</cen>
    <img/>
  </objeto>
  <objeto>
    <ref>31</ref>
    <texto>que son</texto>
    <hijos>45,44,43,42,41</hijos>
    <padre>20</padre>
    <siz>0</siz>
    <negcur>0000000</negcur>
    <cen>1</cen>
    <img/>
  </objeto>
  <objeto>
    <ref>41</ref>
    <texto>Biología</texto>
    <hijos>50</hijos>
    <padre>31</padre>
    <siz>0</siz>
    <negcur>00000000</negcur>
    <cen>1</cen>
    <img/>
  </objeto>
  <objeto>
    <ref>42</ref>
    <texto>Química</texto>
    <hijos>51</hijos>
    <padre>31</padre>
    <siz>0</siz>
    <negcur>0000000</negcur>
    <cen>1</cen>
    <img/>
  </objeto>
  <objeto>
    <ref>43</ref>
    <texto>Física</texto>
    <hijos>52</hijos>
    <padre>31</padre>
    <siz>0</siz>
    <negcur>000000</negcur>
    <cen>1</cen>
    <img/>
  </objeto>
  <objeto>
    <ref>44</ref>
    <texto>Gelogía</texto>
    <hijos>53</hijos>
    <padre>31</padre>
    <siz>0</siz>
    <negcur>0000000</negcur>
    <cen>1</cen>
    <img/>
  </objeto>
  <objeto>
    <ref>45</ref>
    <texto>Astronomía</texto>
    <hijos>54</hijos>
    <padre>31</padre>
    <siz>0</siz>
    <negcur>0000000000</negcur>
    <cen>1</cen>
    <img/>
  </objeto>
  <objeto>
    <ref>50</ref>
    <texto>que aporta</texto>
    <hijos>62,61,60</hijos>
    <padre>41</padre>
    <siz>0</siz>
    <negcur>0000000000</negcur>
    <cen>1</cen>
    <img/>
  </objeto>
  <objeto>
    <ref>60</ref>
    <texto>Fundamentos teóricos</texto>
    <hijos>70</hijos>
    <padre>50</padre>
    <siz>0</siz>
    <negcur>00000000000000000000</negcur>
    <cen>1</cen>
    <img/>
  </objeto>
  <objeto>
    <ref>61</ref>
    <texto>Tecnología</texto>
    <hijos>71</hijos>
    <padre>50</padre>
    <siz>0</siz>
    <negcur>0000000000</negcur>
    <cen>1</cen>
    <img/>
  </objeto>
  <objeto>
    <ref>62</ref>
    <texto>Información</texto>
    <hijos>72</hijos>
    <padre>50</padre>
    <siz>0</siz>
    <negcur>00000000000</negcur>
    <cen>1</cen>
    <img/>
  </objeto>
  <objeto>
    <ref>70</ref>
    <texto>como</texto>
    <hijos>81,80</hijos>
    <padre>60</padre>
    <siz>0</siz>
    <negcur>0000</negcur>
    <cen>1</cen>
    <img/>
  </objeto>
  <objeto>
    <ref>80</ref>
    <texto>Mecanismos de herencia de caracteres</texto>
    <hijos/>
    <padre>70</padre>
    <siz>0</siz>
    <negcur>000000000000000000000000000000000000</negcur>
    <cen>1</cen>
    <img/>
  </objeto>
  <objeto>
    <ref>81</ref>
    <texto>Teoría microbiana de la enfermedad</texto>
    <hijos/>
    <padre>70</padre>
    <siz>0</siz>
    <negcur>0000000000000000000000000000000000</negcur>
    <cen>1</cen>
    <img/>
  </objeto>
  <objeto>
    <ref>71</ref>
    <texto>como</texto>
    <hijos>82</hijos>
    <padre>61</padre>
    <siz>0</siz>
    <negcur>0000</negcur>
    <cen>1</cen>
    <img/>
  </objeto>
  <objeto>
    <ref>82</ref>
    <texto>Técnicas de manipulación genética</texto>
    <hijos/>
    <padre>71</padre>
    <siz>0</siz>
    <negcur>000000000000000000000000000000000</negcur>
    <cen>1</cen>
    <img/>
  </objeto>
  <objeto>
    <ref>72</ref>
    <texto>como</texto>
    <hijos>84,83</hijos>
    <padre>62</padre>
    <siz>0</siz>
    <negcur>0000</negcur>
    <cen>1</cen>
    <img/>
  </objeto>
  <objeto>
    <ref>83</ref>
    <texto>Descripción de plantas medicinales</texto>
    <hijos/>
    <padre>72</padre>
    <siz>0</siz>
    <negcur>0000000000000000000000000000000000</negcur>
    <cen>1</cen>
    <img/>
  </objeto>
  <objeto>
    <ref>84</ref>
    <texto>Descripción de los órganos del cuerpo humano</texto>
    <hijos/>
    <padre>72</padre>
    <siz>0</siz>
    <negcur>00000000000000000000000000000000000000000000</negcur>
    <cen>1</cen>
    <img/>
  </objeto>
  <objeto>
    <ref>51</ref>
    <texto>aporta</texto>
    <hijos>65,64,63</hijos>
    <padre>42</padre>
    <siz>0</siz>
    <negcur>000000</negcur>
    <cen>1</cen>
    <img/>
  </objeto>
  <objeto>
    <ref>63</ref>
    <texto>Fundamentos teóricos</texto>
    <hijos>73</hijos>
    <padre>51</padre>
    <siz>0</siz>
    <negcur>00000000000000000000</negcur>
    <cen>1</cen>
    <img/>
  </objeto>
  <objeto>
    <ref>64</ref>
    <texto>Tecnologías</texto>
    <hijos>74</hijos>
    <padre>51</padre>
    <siz>0</siz>
    <negcur>00000000000</negcur>
    <cen>1</cen>
    <img/>
  </objeto>
  <objeto>
    <ref>65</ref>
    <texto>Información</texto>
    <hijos>75</hijos>
    <padre>51</padre>
    <siz>0</siz>
    <negcur>00000000000</negcur>
    <cen>1</cen>
    <img/>
  </objeto>
  <objeto>
    <ref>73</ref>
    <texto>como</texto>
    <hijos>85</hijos>
    <padre>63</padre>
    <siz>0</siz>
    <negcur>0000</negcur>
    <cen>1</cen>
    <img/>
  </objeto>
  <objeto>
    <ref>85</ref>
    <texto>Teoría atómica</texto>
    <hijos/>
    <padre>73</padre>
    <siz>0</siz>
    <negcur>00000000000000</negcur>
    <cen>1</cen>
    <img/>
  </objeto>
  <objeto>
    <ref>74</ref>
    <texto>como</texto>
    <hijos>86</hijos>
    <padre>64</padre>
    <siz>0</siz>
    <negcur>0000</negcur>
    <cen>1</cen>
    <img/>
  </objeto>
  <objeto>
    <ref>86</ref>
    <texto>- Test químicos- Caracterización y fabricación de medicamentos- Desinfectantes- Suplementos nutricionales- Vacunas</texto>
    <hijos/>
    <padre>74</padre>
    <siz>0</siz>
    <negcur>0000000000000000000000000000000000000000000000000000000000000000000000000000000000000000000000000000000000000000000000</negcur>
    <cen>1</cen>
    <img/>
  </objeto>
  <objeto>
    <ref>75</ref>
    <texto>como</texto>
    <hijos>87</hijos>
    <padre>65</padre>
    <siz>0</siz>
    <negcur>0000</negcur>
    <cen>1</cen>
    <img/>
  </objeto>
  <objeto>
    <ref>87</ref>
    <texto>Caracterización de sustancias químicas</texto>
    <hijos/>
    <padre>75</padre>
    <siz>0</siz>
    <negcur>00000000000000000000000000000000000000</negcur>
    <cen>1</cen>
    <img/>
  </objeto>
  <objeto>
    <ref>52</ref>
    <texto>aporta</texto>
    <hijos>68,67,66</hijos>
    <padre>43</padre>
    <siz>0</siz>
    <negcur>000000</negcur>
    <cen>1</cen>
    <img/>
  </objeto>
  <objeto>
    <ref>66</ref>
    <texto>Fundamentos teóricos</texto>
    <hijos>76</hijos>
    <padre>52</padre>
    <siz>0</siz>
    <negcur>00000000000000000000</negcur>
    <cen>1</cen>
    <img/>
  </objeto>
  <objeto>
    <ref>67</ref>
    <texto>Tecnología</texto>
    <hijos>77</hijos>
    <padre>52</padre>
    <siz>0</siz>
    <negcur>0000000000</negcur>
    <cen>1</cen>
    <img/>
  </objeto>
  <objeto>
    <ref>68</ref>
    <texto>Información</texto>
    <hijos>78</hijos>
    <padre>52</padre>
    <siz>0</siz>
    <negcur>00000000000</negcur>
    <cen>1</cen>
    <img/>
  </objeto>
  <objeto>
    <ref>76</ref>
    <texto>como</texto>
    <hijos>88</hijos>
    <padre>66</padre>
    <siz>0</siz>
    <negcur>0000</negcur>
    <cen>1</cen>
    <img/>
  </objeto>
  <objeto>
    <ref>88</ref>
    <texto>- Teoría electromagnética- Óptica- Acústica</texto>
    <hijos/>
    <padre>76</padre>
    <siz>0</siz>
    <negcur>000000000000000000000000000000000000000000000</negcur>
    <cen>1</cen>
    <img/>
  </objeto>
  <objeto>
    <ref>77</ref>
    <texto>como</texto>
    <hijos>89</hijos>
    <padre>67</padre>
    <siz>0</siz>
    <negcur>0000</negcur>
    <cen>1</cen>
    <img/>
  </objeto>
  <objeto>
    <ref>89</ref>
    <texto>- Radiografías- Ultrasonografías- Desfibriladores- Láser- Estetoscopio- Filtros UV- Irradiación de alimentos</texto>
    <hijos/>
    <padre>77</padre>
    <siz>0</siz>
    <negcur>000000000000000000000000000000000000000000000000000000000000000000000000000000000000000000000000000000000000000000</negcur>
    <cen>0</cen>
    <img/>
  </objeto>
  <objeto>
    <ref>78</ref>
    <texto>como</texto>
    <hijos>8A</hijos>
    <padre>68</padre>
    <siz>0</siz>
    <negcur>0000</negcur>
    <cen>1</cen>
    <img/>
  </objeto>
  <objeto>
    <ref>8A</ref>
    <texto>Frecuencias seguras y peligrosas del espectro electromagnético</texto>
    <hijos/>
    <padre>78</padre>
    <siz>0</siz>
    <negcur>00000000000000000000000000000000000000000000000000000000000000</negcur>
    <cen>1</cen>
    <img/>
  </objeto>
  <objeto>
    <ref>53</ref>
    <texto>aporta</texto>
    <hijos>69</hijos>
    <padre>44</padre>
    <siz>0</siz>
    <negcur>000000</negcur>
    <cen>1</cen>
    <img/>
  </objeto>
  <objeto>
    <ref>69</ref>
    <texto>Información</texto>
    <hijos>79</hijos>
    <padre>53</padre>
    <siz>0</siz>
    <negcur>00000000000</negcur>
    <cen>1</cen>
    <img/>
  </objeto>
  <objeto>
    <ref>79</ref>
    <texto>como</texto>
    <hijos>8C,8B</hijos>
    <padre>69</padre>
    <siz>0</siz>
    <negcur>0000</negcur>
    <cen>1</cen>
    <img/>
  </objeto>
  <objeto>
    <ref>8B</ref>
    <texto>Distribución geográfica de minerales de importancia médica</texto>
    <hijos/>
    <padre>79</padre>
    <siz>0</siz>
    <negcur>00000000000000000000000000000000000000000000000000000000000</negcur>
    <cen>1</cen>
    <img/>
  </objeto>
  <objeto>
    <ref>8C</ref>
    <texto>Patrones de movimiento de sustancias tóxicas provenientes de volcanes</texto>
    <hijos/>
    <padre>79</padre>
    <siz>0</siz>
    <negcur>0000000000000000000000000000000000000000000000000000000000000000000000</negcur>
    <cen>1</cen>
    <img/>
  </objeto>
  <objeto>
    <ref>54</ref>
    <texto>aporta</texto>
    <hijos>6A</hijos>
    <padre>45</padre>
    <siz>0</siz>
    <negcur>000000</negcur>
    <cen>1</cen>
    <img/>
  </objeto>
  <objeto>
    <ref>6A</ref>
    <texto>Tecnologías</texto>
    <hijos>7A</hijos>
    <padre>54</padre>
    <siz>0</siz>
    <negcur>00000000000</negcur>
    <cen>1</cen>
    <img/>
  </objeto>
  <objeto>
    <ref>7A</ref>
    <texto>como</texto>
    <hijos>8D</hijos>
    <padre>6A</padre>
    <siz>0</siz>
    <negcur>0000</negcur>
    <cen>1</cen>
    <img/>
  </objeto>
  <objeto>
    <ref>8D</ref>
    <texto>Herramientas de análisis de datos para grandes volúmenes de imágenes</texto>
    <hijos/>
    <padre>7A</padre>
    <siz>0</siz>
    <negcur>00000000000000000000000000000000000000000000000000000000000000000000</negcur>
    <cen>1</cen>
    <img/>
  </objeto>
</mapa>