<?xml version='1.0' encoding='UTF-8'?><engine copy="Editorial Planeta" version="1" aprid="f13" title="Observación de varias técnicas para separar mezclas" >
<section title="Presentación" path="section0.jpg" pathAmp="" image1Text="" zoom1="false" zoom2a="false" zoom2b="false" layout="1" >
<![CDATA[<p>En la naturaleza, la materia se presenta generalmente en forma de mezclas. Por ejemplo, el agua del mar es una mezcla, ya que est&aacute; constituida por diferentes sustancias que se pueden separar mediante procesos f&iacute;sicos.</p>

<p>Existen diversos tipos de mezclas y, para estudiarlas, se recurre a distintas t&eacute;cnicas de separaci&oacute;n. Es importante conocer las propiedades de cada sustancia que integra la mezcla para emplear el proceso de separaci&oacute;n adecuado.</p>

<p><strong>El objetivo de esta actividad es que aprendas a separar diferentes tipos de mezclas mediante el m&eacute;todo correspondiente.</strong></p>

<p>Para poder desarrollar correctamente la actividad, contesta primero a las siguientes preguntas:</p>

<ul>
	<li>&iquest;Qu&eacute; es una mezcla homog&eacute;nea?. Da&nbsp;un ejemplo.</li>
</ul>

<ul>
	<li>&iquest;Qu&eacute; es una mezcla heterog&eacute;nea?. Da&nbsp;un ejemplo.</li>
</ul>

<ul>
	<li>&iquest;Qu&eacute; m&eacute;todos de separaci&oacute;n de mezclas conoces?</li>
</ul>
]]></section>
<section title="Tarea" path="" pathAmp="" image1Text="" zoom1="false" zoom2a="false" zoom2b="false" layout="2" >
<![CDATA[<p>Para realizar esta tarea consigue el material que te indicamos y sigue los pasos del procedimiento.</p>

<p><strong>Materiales:</strong></p>

<ul>
	<li>Un im&aacute;n.</li>
</ul>

<ul>
	<li>Papel de filtro.</li>
</ul>

<ul>
	<li>Sal.</li>
</ul>

<ul>
	<li>Arroz.</li>
</ul>

<ul>
	<li>Un vaso de precipitados.</li>
</ul>

<ul>
	<li>Mezcla 1: arena y limaduras de hierro.</li>
</ul>

<ul>
	<li>Mezcla 2: agua y sal com&uacute;n disuelta.</li>
</ul>

<ul>
	<li>Mezcla 3: agua y arena.</li>
</ul>

<ul>
	<li>Mezcla 4: agua y aceite.</li>
</ul>

<p><strong>Procedimiento:</strong></p>

<p>1.&nbsp;Observa las mezclas e identifica de qu&eacute; tipo son.</p>

<p>2.&nbsp;Piensa qu&eacute; m&eacute;todo de separaci&oacute;n ser&iacute;a el mejor para cada una de ellas.</p>

<p>3.&nbsp;Elige de las siguientes opciones el m&eacute;todo m&aacute;s adecuado de separaci&oacute;n para cada mezcla:</p>

<ul>
	<li>Filtraci&oacute;n</li>
</ul>

<ul>
	<li>Separaci&oacute;n magn&eacute;tica</li>
</ul>

<ul>
	<li>Decantaci&oacute;n</li>
</ul>

<ul>
	<li>Evaporaci&oacute;n</li>
</ul>

<p>4.&nbsp;Observa los materiales que tienes y util&iacute;zalos para llevar a cabo la separaci&oacute;n de los componentes de cada una de las mezclas.</p>

<p>Realiza las separaciones de cada mezcla. Despu&eacute;s, aplica lo que has aprendido y prop&oacute;n nuevas mezclas, reales o hipot&eacute;ticas, y las t&eacute;cnicas que utilizar&iacute;as para separarlas. &iquest;Qu&eacute; ocurrir&iacute;a, por ejemplo, si mezclas las limaduras de hierro, el arroz y el agua?, &iquest;qu&eacute; pasos tendr&iacute;as que seguir para separarlos?.</p>
]]></section>
</engine>