﻿<?xml version="1.0" encoding="utf-8"?><motor tipo="101" clase="a" aprid="m101a">
  <plataforma>
    <grado>2</grado>
    <titulo>Refuerza tu aprendizaje: Las ondas</titulo>
    <volumen/>
    <nivel><![CDATA[1]]></nivel>
    <referencia/>
    <motor/>
    <lang>es</lang>
  </plataforma>
  <enunciado><![CDATA[Realiza la siguiente actividad. Cuando termines, envíala dando clic. Si es necesario, entrega tus respuestas por escrito.]]></enunciado>
  <masinfo inicio="0"/>
  <calc><![CDATA[0]]></calc>
  <preguntas cantidad="7">
    <pregunta>
      <enunciado><![CDATA[Si se sabe que tanto la amplitud de onda como la longitud de onda se miden en metros, ¿en qué se diferencian estas dos características de las ondas?]]></enunciado>
      <explicacion/>
      <nivel><![CDATA[2]]></nivel>
      <tipo><![CDATA[L]]></tipo>
      <imagen/>
      <ampliacion/>
      <texto/>
    </pregunta>
    <pregunta>
      <enunciado><![CDATA[Al tomar un vaso de agua hasta la mitad y colocarle una cuerda como en un valde, cuando lo gires ¿el agua se saldrá del vaso? Consulta y esbribe tu respuesta.]]></enunciado>
      <explicacion/>
      <nivel><![CDATA[2]]></nivel>
      <tipo><![CDATA[M]]></tipo>
      <imagen/>
      <ampliacion/>
      <texto/>
    </pregunta>
    <pregunta>
      <enunciado><![CDATA[¿Por qué en la disciplina de lanzamiento de bala, el deportista realiza una serie de giros antes de lanzar la bala?]]></enunciado>
      <explicacion/>
      <nivel><![CDATA[3]]></nivel>
      <tipo><![CDATA[L]]></tipo>
      <imagen/>
      <ampliacion/>
      <texto/>
    </pregunta>
    <pregunta>
      <enunciado><![CDATA[Si se adhiere una luz fluorescente a la llanta de un automóvil en el sector donde está uno de los tornillos y otra donde se encuentra la marca del neumático, cuando la llanta gire ¿cuál de las luces tendrá mayor frecuencia y cuál mayor periodo? ]]></enunciado>
      <explicacion/>
      <nivel><![CDATA[3]]></nivel>
      <tipo><![CDATA[L]]></tipo>
      <imagen/>
      <ampliacion/>
      <texto/>
    </pregunta>
    <pregunta>
      <enunciado><![CDATA[Analiza un lanzamiento en el juego de softball; el pitcher debe tener su brazo en cierta posición, ¿por qué la posición del brazo no puede ser otra?]]></enunciado>
      <explicacion/>
      <nivel><![CDATA[3]]></nivel>
      <tipo><![CDATA[M]]></tipo>
      <imagen/>
      <ampliacion/>
      <texto/>
    </pregunta>
    <pregunta>
      <enunciado><![CDATA[Cuando estás en un automóvil en carretera se alcanzan velocidades altas, ¿por qué cuando hay una curva sientes una fuerza que te saca del auto? ]]></enunciado>
      <explicacion/>
      <nivel><![CDATA[3]]></nivel>
      <tipo><![CDATA[L]]></tipo>
      <imagen/>
      <ampliacion/>
      <texto/>
    </pregunta>
    <pregunta>
      <enunciado><![CDATA[Describe cómo funciona el proceso de centrifugado en una lavadora.]]></enunciado>
      <explicacion/>
      <nivel><![CDATA[2]]></nivel>
      <tipo/>
      <imagen/>
      <ampliacion/>
      <texto/>
    </pregunta>
  </preguntas>
</motor>