﻿<?xml version="1.0" encoding="utf-8"?><motor tipo="101" clase="a" aprid="M101a">
  <plataforma>
    <grado><![CDATA[2]]></grado>
    <titulo>Refuerza tu aprendizaje: Las ondas</titulo>
    <area>6</area>
    <nivel>2</nivel>
    <referencia><![CDATA[FQ_10_09]]></referencia>
    <idreg><![CDATA[3490]]></idreg>
    <motor><![CDATA[M101A]]></motor>
    <lang>es</lang>
  </plataforma>
  <enunciado><![CDATA[Realiza la siguiente actividad. Cuando termines, envíala dando clic. Si es necesario, entrega tus respuestas por escrito.]]></enunciado>
  <masinfo inicio="0"/>
  <calc><![CDATA[0]]></calc>
  <preguntas cantidad="5">
    <pregunta>
      <enunciado><![CDATA[Determina si en los siguientes casos las ondas son longitudinales o transversales y justifica tu respuesta: a) Sonido.      b) Radiación solar.       c) Terremoto.       d) Radio.]]></enunciado>
      <explicacion/>
      <nivel><![CDATA[1]]></nivel>
      <tipo/>
      <imagen/>
      <ampliacion/>
      <texto/>
    </pregunta>
    <pregunta>
      <enunciado><![CDATA[En una hoja aparte dibuja una onda e indica la amplitud, frecuencia, dirección de propagación y longitud de onda.]]></enunciado>
      <explicacion/>
      <nivel><![CDATA[1]]></nivel>
      <tipo/>
      <imagen/>
      <ampliacion/>
      <texto/>
    </pregunta>
    <pregunta>
      <enunciado><![CDATA[Explica por qué la intensidad de una onda sísmica disminuye a medida que se aleja del epicentro mientras que la de un rayo láser no.]]></enunciado>
      <explicacion/>
      <nivel><![CDATA[2]]></nivel>
      <tipo/>
      <imagen/>
      <ampliacion/>
      <texto/>
    </pregunta>
    <pregunta>
      <enunciado><![CDATA[Busca información sobre los terremotos. Redacta un texto en el que intentes responder las siguientes preguntas: ¿cómo se generan? ¿Cómo se llama el punto de origen de un terremoto? ¿Qué es el epicentro? ¿Cómo se mide la intensidad de un terremoto?]]></enunciado>
      <explicacion/>
      <nivel><![CDATA[1]]></nivel>
      <tipo/>
      <imagen/>
      <ampliacion/>
      <texto/>
    </pregunta>
    <pregunta>
      <enunciado><![CDATA[¿Qué características son únicas de una onda electromagnética? Escribe mínimo tres.]]></enunciado>
      <explicacion/>
      <nivel><![CDATA[1]]></nivel>
      <tipo/>
      <imagen/>
      <ampliacion/>
      <texto/>
    </pregunta>
  </preguntas>
</motor>