<?xml version='1.0' encoding='UTF-8'?><motor tipo="101" clase="a" aprid="m101a">
  <plataforma>
    <grado>2</grado>
    <titulo>Las poblaciones de homínidos y la evolución humana</titulo>
    <volumen/>
    <nivel><![CDATA[1]]></nivel>
    <referencia/>
    <motor/>
    <lang>es</lang>
  </plataforma>
  <enunciado><![CDATA[Realiza la siguiente actividad. Cuando termines haz clic en enviar. Si es necesario,entrega las respuestas a mano o por email a tu profesor para que pueda validarlas.]]></enunciado>
  <masinfo inicio="0"/>
  <calc><![CDATA[0]]></calc>
  <preguntas cantidad="6">
    <pregunta>
      <enunciado><![CDATA[¿Qué especies del género Homo se diferenciaron y desplazaron hacia Europa? Escribe por lo menos tres.]]></enunciado>
      <explicacion/>
      <nivel><![CDATA[2]]></nivel>
      <tipo/>
      <imagen><![CDATA[imagendummy_motorm.png]]></imagen>
      <ampliacion/>
      <texto/>
    </pregunta>
    <pregunta>
      <enunciado><![CDATA[¿Cuáles fueron las etapas de expansión humana y dónde sucedió cada una?]]></enunciado>
      <explicacion/>
      <nivel><![CDATA[1]]></nivel>
      <tipo/>
      <imagen/>
      <ampliacion/>
      <texto/>
    </pregunta>
    <pregunta>
      <enunciado><![CDATA[Describe con tus propias palabras cómo fue el proceso de hominización hasta el Homo sapiens.]]></enunciado>
      <explicacion/>
      <nivel><![CDATA[3]]></nivel>
      <tipo/>
      <imagen><![CDATA[imagendummy_motorm.png]]></imagen>
      <ampliacion/>
      <texto/>
    </pregunta>
    <pregunta>
      <enunciado><![CDATA[¿Por qué se dice que el ser humano desciende de antepasados africanos? ¿qué evidencias pueden comprobar esta teoría?]]></enunciado>
      <explicacion/>
      <nivel><![CDATA[2]]></nivel>
      <tipo/>
      <imagen/>
      <ampliacion/>
      <texto/>
    </pregunta>
    <pregunta>
      <enunciado><![CDATA[Menciona dos aspectos que permiten conocer el tipo de dieta que diferencia cada especie de homínidos según los paleontólogos.]]></enunciado>
      <explicacion/>
      <nivel><![CDATA[3]]></nivel>
      <tipo/>
      <imagen><![CDATA[imagendummy_motorm.png]]></imagen>
      <ampliacion/>
      <texto/>
    </pregunta>
    <pregunta>
      <enunciado><![CDATA[¿Qué avances evolutivos le permitieron al Homo sapiens una mejor adaptación frente a otras especies del género Homo?]]></enunciado>
      <explicacion/>
      <nivel><![CDATA[3]]></nivel>
      <tipo/>
      <imagen/>
      <ampliacion/>
      <texto/>
    </pregunta>
  </preguntas>
  <temps>20</temps>
</motor>