<mapa>
  <copyright>(c) Editorial Planeta</copyright>
  <version>1.0</version>
  <objeto>
    <ref>00</ref>
    <texto>LA REPRODUCCIÓN EN LOS SERES VIVOS</texto>
    <hijos>11,13</hijos>
    <padre/>
    <siz>0</siz>
    <negcur>0000000000000000000000000000000000</negcur>
    <cen>1</cen>
    <img/>
  </objeto>
  <objeto>
    <ref>11</ref>
    <texto>permite</texto>
    <hijos>21</hijos>
    <padre>00</padre>
    <siz>14</siz>
    <negcur>0000000</negcur>
    <cen>1</cen>
    <img/>
  </objeto>
  <objeto>
    <ref>21</ref>
    <texto>-La supervivencia de la especie-La generación de las nuevas formas de vida</texto>
    <hijos>35,36</hijos>
    <padre>11</padre>
    <siz>0</siz>
    <negcur>000000000000000000000000000000000000000000000000000000000000000000000000000</negcur>
    <cen>0</cen>
    <img/>
  </objeto>
  <objeto>
    <ref>13</ref>
    <texto>puede ser</texto>
    <hijos>23,20</hijos>
    <padre>00</padre>
    <siz>14</siz>
    <negcur>000000000</negcur>
    <cen>1</cen>
    <img/>
  </objeto>
  <objeto>
    <ref>23</ref>
    <texto>Sexual</texto>
    <hijos>34</hijos>
    <padre>13</padre>
    <siz>0</siz>
    <negcur>000000</negcur>
    <cen>1</cen>
    <img/>
  </objeto>
  <objeto>
    <ref>24</ref>
    <texto>Hongos</texto>
    <hijos>32</hijos>
    <padre>10</padre>
    <siz>0</siz>
    <negcur>000000</negcur>
    <cen>1</cen>
    <img/>
  </objeto>
  <objeto>
    <ref>26</ref>
    <texto>Animales</texto>
    <hijos>30</hijos>
    <padre>10</padre>
    <siz>0</siz>
    <negcur>00000000</negcur>
    <cen>1</cen>
    <img/>
  </objeto>
  <objeto>
    <ref>30</ref>
    <texto>puede ser</texto>
    <hijos>40,41</hijos>
    <padre>26</padre>
    <siz>14</siz>
    <negcur>000000000</negcur>
    <cen>1</cen>
    <img/>
  </objeto>
  <objeto>
    <ref>40</ref>
    <texto>Asexual</texto>
    <hijos>50</hijos>
    <padre>30</padre>
    <siz>0</siz>
    <negcur>0000000</negcur>
    <cen>1</cen>
    <img/>
  </objeto>
  <objeto>
    <ref>41</ref>
    <texto>Sexual</texto>
    <hijos>51,52</hijos>
    <padre>30</padre>
    <siz>0</siz>
    <negcur>000000</negcur>
    <cen>1</cen>
    <img/>
  </objeto>
  <objeto>
    <ref>50</ref>
    <texto>por</texto>
    <hijos>60,61,62</hijos>
    <padre>40</padre>
    <siz>14</siz>
    <negcur>000</negcur>
    <cen>1</cen>
    <img/>
  </objeto>
  <objeto>
    <ref>60</ref>
    <texto>Gemación</texto>
    <hijos/>
    <padre>50</padre>
    <siz>0</siz>
    <negcur>00000000</negcur>
    <cen>1</cen>
    <img/>
  </objeto>
  <objeto>
    <ref>61</ref>
    <texto>Fragmentación</texto>
    <hijos/>
    <padre>50</padre>
    <siz>0</siz>
    <negcur>0000000000000</negcur>
    <cen>1</cen>
    <img/>
  </objeto>
  <objeto>
    <ref>62</ref>
    <texto>Partenogénesis</texto>
    <hijos/>
    <padre>50</padre>
    <siz>0</siz>
    <negcur>00000000000000</negcur>
    <cen>1</cen>
    <img/>
  </objeto>
  <objeto>
    <ref>51</ref>
    <texto>con</texto>
    <hijos>63,64</hijos>
    <padre>41</padre>
    <siz>14</siz>
    <negcur>000</negcur>
    <cen>1</cen>
    <img/>
  </objeto>
  <objeto>
    <ref>63</ref>
    <texto>Fecundación interna</texto>
    <hijos/>
    <padre>51</padre>
    <siz>0</siz>
    <negcur>0000000000000000000</negcur>
    <cen>1</cen>
    <img/>
  </objeto>
  <objeto>
    <ref>64</ref>
    <texto>Fecundación externa</texto>
    <hijos/>
    <padre>51</padre>
    <siz>0</siz>
    <negcur>0000000000000000000</negcur>
    <cen>1</cen>
    <img/>
  </objeto>
  <objeto>
    <ref>52</ref>
    <texto>generando</texto>
    <hijos>65</hijos>
    <padre>41</padre>
    <siz>14</siz>
    <negcur>000000000</negcur>
    <cen>1</cen>
    <img/>
  </objeto>
  <objeto>
    <ref>65</ref>
    <texto>Embriones</texto>
    <hijos>70</hijos>
    <padre>52</padre>
    <siz>0</siz>
    <negcur>000000000</negcur>
    <cen>1</cen>
    <img/>
  </objeto>
  <objeto>
    <ref>70</ref>
    <texto>de tipo</texto>
    <hijos>80,81,82</hijos>
    <padre>65</padre>
    <siz>14</siz>
    <negcur>0000000</negcur>
    <cen>1</cen>
    <img/>
  </objeto>
  <objeto>
    <ref>80</ref>
    <texto>Ovíparos</texto>
    <hijos/>
    <padre>70</padre>
    <siz>0</siz>
    <negcur>00000000</negcur>
    <cen>1</cen>
    <img/>
  </objeto>
  <objeto>
    <ref>81</ref>
    <texto>Vivíparos</texto>
    <hijos/>
    <padre>70</padre>
    <siz>0</siz>
    <negcur>000000000</negcur>
    <cen>1</cen>
    <img/>
  </objeto>
  <objeto>
    <ref>82</ref>
    <texto>Ovoviviparos</texto>
    <hijos/>
    <padre>70</padre>
    <siz>0</siz>
    <negcur>000000000000</negcur>
    <cen>1</cen>
    <img/>
  </objeto>
  <objeto>
    <ref>43</ref>
    <texto>Fragmentación</texto>
    <hijos/>
    <padre>31</padre>
    <siz>0</siz>
    <negcur>0000000000000</negcur>
    <cen>1</cen>
    <img/>
  </objeto>
  <objeto>
    <ref>67</ref>
    <texto>Fase gametofítica</texto>
    <hijos/>
    <padre>53</padre>
    <siz>0</siz>
    <negcur>00000000000000000</negcur>
    <cen>1</cen>
    <img/>
  </objeto>
  <objeto>
    <ref>32</ref>
    <texto>mediante</texto>
    <hijos>45,46</hijos>
    <padre>24</padre>
    <siz>14</siz>
    <negcur>00000000</negcur>
    <cen>1</cen>
    <img/>
  </objeto>
  <objeto>
    <ref>45</ref>
    <texto>Esporulación</texto>
    <hijos>54</hijos>
    <padre>32</padre>
    <siz>0</siz>
    <negcur>000000000000</negcur>
    <cen>1</cen>
    <img/>
  </objeto>
  <objeto>
    <ref>46</ref>
    <texto>Gemación</texto>
    <hijos/>
    <padre>32</padre>
    <siz>0</siz>
    <negcur>00000000</negcur>
    <cen>1</cen>
    <img/>
  </objeto>
  <objeto>
    <ref>54</ref>
    <texto>usando</texto>
    <hijos>68,69</hijos>
    <padre>45</padre>
    <siz>14</siz>
    <negcur>000000</negcur>
    <cen>1</cen>
    <img/>
  </objeto>
  <objeto>
    <ref>68</ref>
    <texto>Esporas Asexuales</texto>
    <hijos>71</hijos>
    <padre>54</padre>
    <siz>0</siz>
    <negcur>00000000000000000</negcur>
    <cen>1</cen>
    <img/>
  </objeto>
  <objeto>
    <ref>71</ref>
    <texto/>
    <hijos>83</hijos>
    <padre>68</padre>
    <siz>14</siz>
    <negcur/>
    <cen>1</cen>
    <img/>
  </objeto>
  <objeto>
    <ref>83</ref>
    <texto/>
    <hijos/>
    <padre>71</padre>
    <siz>0</siz>
    <negcur/>
    <cen>1</cen>
    <img/>
  </objeto>
  <objeto>
    <ref>69</ref>
    <texto>Esporas sexuales</texto>
    <hijos/>
    <padre>54</padre>
    <siz>0</siz>
    <negcur>0000000000000000</negcur>
    <cen>1</cen>
    <img/>
  </objeto>
  <objeto>
    <ref>20</ref>
    <texto>Asexual</texto>
    <hijos>31,33</hijos>
    <padre>13</padre>
    <siz>0</siz>
    <negcur>0000000</negcur>
    <cen>1</cen>
    <img/>
  </objeto>
  <objeto>
    <ref>31</ref>
    <texto>se caracteriza por</texto>
    <hijos>42</hijos>
    <padre>20</padre>
    <siz>14</siz>
    <negcur>000000000000000000</negcur>
    <cen>1</cen>
    <img/>
  </objeto>
  <objeto>
    <ref>42</ref>
    <texto>- Tener un solo progenitor- Generar clones- Ser rápida y sencilla</texto>
    <hijos>53</hijos>
    <padre>31</padre>
    <siz>0</siz>
    <negcur>0000000000000000000000000000000000000000000000000000000000000000000</negcur>
    <cen>0</cen>
    <img/>
  </objeto>
  <objeto>
    <ref>33</ref>
    <texto>sus tipos son</texto>
    <hijos>44</hijos>
    <padre>20</padre>
    <siz>14</siz>
    <negcur>0000000000000</negcur>
    <cen>1</cen>
    <img/>
  </objeto>
  <objeto>
    <ref>44</ref>
    <texto>- Bipartición- Gemación- Esporulación- Escisión- Regeneración- Partenogénesis</texto>
    <hijos/>
    <padre>33</padre>
    <siz>0</siz>
    <negcur>0000000000000000000000000000000000000000000000000000000000000000000000000000000000</negcur>
    <cen>0</cen>
    <img/>
  </objeto>
  <objeto>
    <ref>53</ref>
    <texto>con la participación de</texto>
    <hijos>66</hijos>
    <padre>42</padre>
    <siz>14</siz>
    <negcur>00000000000000000000000</negcur>
    <cen>1</cen>
    <img/>
  </objeto>
  <objeto>
    <ref>66</ref>
    <texto>- Fragmentos del organismo- Generar clones- Ser rápida y sencilla</texto>
    <hijos/>
    <padre>53</padre>
    <siz>0</siz>
    <negcur>0000000000000000000000000000000000000000000000000000000000000000000</negcur>
    <cen>0</cen>
    <img/>
  </objeto>
  <objeto>
    <ref>34</ref>
    <texto>se caracteriza por</texto>
    <hijos>47</hijos>
    <padre>23</padre>
    <siz>14</siz>
    <negcur>000000000000000000</negcur>
    <cen>1</cen>
    <img/>
  </objeto>
  <objeto>
    <ref>47</ref>
    <texto>- Tener dos progenitores- Generar variabilidad- Ser lenta y compleja</texto>
    <hijos>55</hijos>
    <padre>34</padre>
    <siz>0</siz>
    <negcur>0000000000000000000000000000000000000000000000000000000000000000000000</negcur>
    <cen>0</cen>
    <img/>
  </objeto>
  <objeto>
    <ref>55</ref>
    <texto>con la participación de</texto>
    <hijos>6A</hijos>
    <padre>47</padre>
    <siz>14</siz>
    <negcur>00000000000000000000000</negcur>
    <cen>1</cen>
    <img/>
  </objeto>
  <objeto>
    <ref>6A</ref>
    <texto>Gametos</texto>
    <hijos>72,73</hijos>
    <padre>55</padre>
    <siz>0</siz>
    <negcur>0000000</negcur>
    <cen>1</cen>
    <img/>
  </objeto>
  <objeto>
    <ref>72</ref>
    <texto>pueden ser</texto>
    <hijos>84</hijos>
    <padre>6A</padre>
    <siz>14</siz>
    <negcur>0000000000</negcur>
    <cen>1</cen>
    <img/>
  </objeto>
  <objeto>
    <ref>84</ref>
    <texto>- Isogámicos- Anisogámicos- Oogámicos</texto>
    <hijos/>
    <padre>72</padre>
    <siz>0</siz>
    <negcur>000000000000000000000000000000000000000</negcur>
    <cen>0</cen>
    <img/>
  </objeto>
  <objeto>
    <ref>73</ref>
    <texto>implicando</texto>
    <hijos>85</hijos>
    <padre>6A</padre>
    <siz>14</siz>
    <negcur>0000000000</negcur>
    <cen>1</cen>
    <img/>
  </objeto>
  <objeto>
    <ref>85</ref>
    <texto>Fecundación</texto>
    <hijos>90</hijos>
    <padre>73</padre>
    <siz>0</siz>
    <negcur>00000000000</negcur>
    <cen>1</cen>
    <img/>
  </objeto>
  <objeto>
    <ref>90</ref>
    <texto>puede ser</texto>
    <hijos>a0</hijos>
    <padre>85</padre>
    <siz>14</siz>
    <negcur>000000000</negcur>
    <cen>1</cen>
    <img/>
  </objeto>
  <objeto>
    <ref>a0</ref>
    <texto>- Interna- Externa- Cruzada- Autofecundación</texto>
    <hijos/>
    <padre>90</padre>
    <siz>0</siz>
    <negcur>00000000000000000000000000000000000000000000000</negcur>
    <cen>0</cen>
    <img/>
  </objeto>
  <objeto>
    <ref>35</ref>
    <texto>incluyendo</texto>
    <hijos>48,4A</hijos>
    <padre>21</padre>
    <siz>14</siz>
    <negcur>0000000000</negcur>
    <cen>1</cen>
    <img/>
  </objeto>
  <objeto>
    <ref>48</ref>
    <texto>Organismos macroscópicos</texto>
    <hijos>58</hijos>
    <padre>35</padre>
    <siz>0</siz>
    <negcur>000000000000000000000000</negcur>
    <cen>1</cen>
    <img/>
  </objeto>
  <objeto>
    <ref>36</ref>
    <texto>invloucra</texto>
    <hijos>49</hijos>
    <padre>21</padre>
    <siz>14</siz>
    <negcur>000000000</negcur>
    <cen>1</cen>
    <img/>
  </objeto>
  <objeto>
    <ref>49</ref>
    <texto>Estrategias reproductivas</texto>
    <hijos>56</hijos>
    <padre>36</padre>
    <siz>0</siz>
    <negcur>0000000000000000000000000</negcur>
    <cen>1</cen>
    <img/>
  </objeto>
  <objeto>
    <ref>56</ref>
    <texto>que son</texto>
    <hijos>6B,6C</hijos>
    <padre>49</padre>
    <siz>14</siz>
    <negcur>0000000</negcur>
    <cen>1</cen>
    <img/>
  </objeto>
  <objeto>
    <ref>6B</ref>
    <texto>Estrategia r</texto>
    <hijos>75</hijos>
    <padre>56</padre>
    <siz>0</siz>
    <negcur>000000000000</negcur>
    <cen>1</cen>
    <img/>
  </objeto>
  <objeto>
    <ref>6C</ref>
    <texto>Estrategia K</texto>
    <hijos>74</hijos>
    <padre>56</padre>
    <siz>0</siz>
    <negcur>000000000000</negcur>
    <cen>1</cen>
    <img/>
  </objeto>
  <objeto>
    <ref>74</ref>
    <texto>presenta</texto>
    <hijos>86</hijos>
    <padre>6C</padre>
    <siz>14</siz>
    <negcur>00000000</negcur>
    <cen>1</cen>
    <img/>
  </objeto>
  <objeto>
    <ref>86</ref>
    <texto>- Baja tasa reproductiva- Pocos descendientes- Menor opción de colonizar</texto>
    <hijos/>
    <padre>74</padre>
    <siz>0</siz>
    <negcur>00000000000000000000000000000000000000000000000000000000000000000000000000</negcur>
    <cen>0</cen>
    <img/>
  </objeto>
  <objeto>
    <ref>75</ref>
    <texto>presenta</texto>
    <hijos>87</hijos>
    <padre>6B</padre>
    <siz>14</siz>
    <negcur>00000000</negcur>
    <cen>1</cen>
    <img/>
  </objeto>
  <objeto>
    <ref>87</ref>
    <texto>- Alta tasa reproductiva- Muchos descendientes- Mayor opción de colonizar</texto>
    <hijos/>
    <padre>75</padre>
    <siz>0</siz>
    <negcur>000000000000000000000000000000000000000000000000000000000000000000000000000</negcur>
    <cen>0</cen>
    <img/>
  </objeto>
  <objeto>
    <ref>4A</ref>
    <texto>Microorganismos</texto>
    <hijos>57</hijos>
    <padre>35</padre>
    <siz>0</siz>
    <negcur>000000000000000</negcur>
    <cen>1</cen>
    <img/>
  </objeto>
  <objeto>
    <ref>57</ref>
    <texto>que pueden ser</texto>
    <hijos>6D,6E</hijos>
    <padre>4A</padre>
    <siz>14</siz>
    <negcur>00000000000000</negcur>
    <cen>1</cen>
    <img/>
  </objeto>
  <objeto>
    <ref>6D</ref>
    <texto>Protozoos</texto>
    <hijos>77</hijos>
    <padre>57</padre>
    <siz>0</siz>
    <negcur>000000000</negcur>
    <cen>1</cen>
    <img/>
  </objeto>
  <objeto>
    <ref>6E</ref>
    <texto>-Bacterias-Archaeas</texto>
    <hijos>76</hijos>
    <padre>57</padre>
    <siz>0</siz>
    <negcur>00000000000000000000</negcur>
    <cen>1</cen>
    <img/>
  </objeto>
  <objeto>
    <ref>76</ref>
    <texto>se reproducen</texto>
    <hijos>88</hijos>
    <padre>6E</padre>
    <siz>14</siz>
    <negcur>0000000000000</negcur>
    <cen>1</cen>
    <img/>
  </objeto>
  <objeto>
    <ref>88</ref>
    <texto>Asexualmente</texto>
    <hijos>91</hijos>
    <padre>76</padre>
    <siz>0</siz>
    <negcur>000000000000</negcur>
    <cen>1</cen>
    <img/>
  </objeto>
  <objeto>
    <ref>91</ref>
    <texto/>
    <hijos>a1</hijos>
    <padre>88</padre>
    <siz>14</siz>
    <negcur/>
    <cen>1</cen>
    <img/>
  </objeto>
  <objeto>
    <ref>a1</ref>
    <texto>- Gemación- Fragmentación- Bipartición- Fusión binaria- Esporulación</texto>
    <hijos/>
    <padre>91</padre>
    <siz>0</siz>
    <negcur>000000000000000000000000000000000000000000000000000000000000000000000000</negcur>
    <cen>0</cen>
    <img/>
  </objeto>
  <objeto>
    <ref>77</ref>
    <texto>se reproducen</texto>
    <hijos>89</hijos>
    <padre>6D</padre>
    <siz>14</siz>
    <negcur>0000000000000</negcur>
    <cen>1</cen>
    <img/>
  </objeto>
  <objeto>
    <ref>89</ref>
    <texto>Sexual y asexualmente</texto>
    <hijos>92</hijos>
    <padre>77</padre>
    <siz>0</siz>
    <negcur>000000000000000000000</negcur>
    <cen>1</cen>
    <img/>
  </objeto>
  <objeto>
    <ref>92</ref>
    <texto/>
    <hijos>a2</hijos>
    <padre>89</padre>
    <siz>14</siz>
    <negcur/>
    <cen>1</cen>
    <img/>
  </objeto>
  <objeto>
    <ref>a2</ref>
    <texto>- Gemación- Bipartición- Esporulación- Producción de gametos- Alternancia de generaciones</texto>
    <hijos/>
    <padre>92</padre>
    <siz>0</siz>
    <negcur>000000000000000000000000000000000000000000000000000000000000000000000000000000000000000000000</negcur>
    <cen>0</cen>
    <img/>
  </objeto>
  <objeto>
    <ref>58</ref>
    <texto>que pueden ser</texto>
    <hijos>6F,6G,6H</hijos>
    <padre>48</padre>
    <siz>14</siz>
    <negcur>00000000000000</negcur>
    <cen>1</cen>
    <img/>
  </objeto>
  <objeto>
    <ref>6F</ref>
    <texto>Hongos</texto>
    <hijos>7A</hijos>
    <padre>58</padre>
    <siz>0</siz>
    <negcur>000000</negcur>
    <cen>1</cen>
    <img/>
  </objeto>
  <objeto>
    <ref>6G</ref>
    <texto>Plantas</texto>
    <hijos>79</hijos>
    <padre>58</padre>
    <siz>0</siz>
    <negcur>0000000</negcur>
    <cen>1</cen>
    <img/>
  </objeto>
  <objeto>
    <ref>6H</ref>
    <texto>Animales</texto>
    <hijos>78</hijos>
    <padre>58</padre>
    <siz>0</siz>
    <negcur>00000000</negcur>
    <cen>1</cen>
    <img/>
  </objeto>
  <objeto>
    <ref>78</ref>
    <texto>que se reproducen</texto>
    <hijos>8A,8B</hijos>
    <padre>6H</padre>
    <siz>14</siz>
    <negcur>00000000000000000</negcur>
    <cen>1</cen>
    <img/>
  </objeto>
  <objeto>
    <ref>8A</ref>
    <texto>Asexualmente</texto>
    <hijos>94</hijos>
    <padre>78</padre>
    <siz>0</siz>
    <negcur>000000000000</negcur>
    <cen>1</cen>
    <img/>
  </objeto>
  <objeto>
    <ref>8B</ref>
    <texto>Sexualmente</texto>
    <hijos>93</hijos>
    <padre>78</padre>
    <siz>0</siz>
    <negcur>00000000000</negcur>
    <cen>1</cen>
    <img/>
  </objeto>
  <objeto>
    <ref>93</ref>
    <texto>de forma</texto>
    <hijos>a3</hijos>
    <padre>8B</padre>
    <siz>14</siz>
    <negcur>00000000</negcur>
    <cen>1</cen>
    <img/>
  </objeto>
  <objeto>
    <ref>a3</ref>
    <texto>- Ovípara- Vivípara- Ovovivípara</texto>
    <hijos/>
    <padre>93</padre>
    <siz>0</siz>
    <negcur>0000000000000000000000000000000000</negcur>
    <cen>0</cen>
    <img/>
  </objeto>
  <objeto>
    <ref>94</ref>
    <texto>por</texto>
    <hijos>a4</hijos>
    <padre>8A</padre>
    <siz>14</siz>
    <negcur>000</negcur>
    <cen>1</cen>
    <img/>
  </objeto>
  <objeto>
    <ref>a4</ref>
    <texto>- Gemación- Fragmentación- Partenogénesis</texto>
    <hijos/>
    <padre>94</padre>
    <siz>0</siz>
    <negcur>0000000000000000000000000000000000000000000</negcur>
    <cen>0</cen>
    <img/>
  </objeto>
  <objeto>
    <ref>79</ref>
    <texto>que se reproducen</texto>
    <hijos>8C,8D</hijos>
    <padre>6G</padre>
    <siz>14</siz>
    <negcur>00000000000000000</negcur>
    <cen>1</cen>
    <img/>
  </objeto>
  <objeto>
    <ref>8C</ref>
    <texto>Asexualmente</texto>
    <hijos>96</hijos>
    <padre>79</padre>
    <siz>0</siz>
    <negcur>000000000000</negcur>
    <cen>1</cen>
    <img/>
  </objeto>
  <objeto>
    <ref>8D</ref>
    <texto>Sexual y asexualmente</texto>
    <hijos>95</hijos>
    <padre>79</padre>
    <siz>0</siz>
    <negcur>000000000000000000000</negcur>
    <cen>1</cen>
    <img/>
  </objeto>
  <objeto>
    <ref>95</ref>
    <texto>a traves de</texto>
    <hijos>a5</hijos>
    <padre>8D</padre>
    <siz>14</siz>
    <negcur>000000000000</negcur>
    <cen>1</cen>
    <img/>
  </objeto>
  <objeto>
    <ref>a5</ref>
    <texto>La alternancia de generaciones</texto>
    <hijos/>
    <padre>95</padre>
    <siz>0</siz>
    <negcur>000000000000000000000000000000</negcur>
    <cen>1</cen>
    <img/>
  </objeto>
  <objeto>
    <ref>96</ref>
    <texto>por</texto>
    <hijos>a6</hijos>
    <padre>8C</padre>
    <siz>14</siz>
    <negcur>000</negcur>
    <cen>1</cen>
    <img/>
  </objeto>
  <objeto>
    <ref>a6</ref>
    <texto>- Gemación- Fragmentación- Partenogénesis</texto>
    <hijos/>
    <padre>96</padre>
    <siz>0</siz>
    <negcur>0000000000000000000000000000000000000000000</negcur>
    <cen>0</cen>
    <img/>
  </objeto>
  <objeto>
    <ref>7A</ref>
    <texto>que se reproducen</texto>
    <hijos>8E,8F</hijos>
    <padre>6F</padre>
    <siz>14</siz>
    <negcur>00000000000000000</negcur>
    <cen>1</cen>
    <img/>
  </objeto>
  <objeto>
    <ref>8E</ref>
    <texto>Asexualmente</texto>
    <hijos>97</hijos>
    <padre>7A</padre>
    <siz>0</siz>
    <negcur>000000000000</negcur>
    <cen>1</cen>
    <img/>
  </objeto>
  <objeto>
    <ref>8F</ref>
    <texto>Sexual y asexualmente</texto>
    <hijos>98</hijos>
    <padre>7A</padre>
    <siz>0</siz>
    <negcur>000000000000000000000</negcur>
    <cen>1</cen>
    <img/>
  </objeto>
  <objeto>
    <ref>97</ref>
    <texto>por</texto>
    <hijos>a7</hijos>
    <padre>8E</padre>
    <siz>14</siz>
    <negcur>000</negcur>
    <cen>1</cen>
    <img/>
  </objeto>
  <objeto>
    <ref>a7</ref>
    <texto>Gemación</texto>
    <hijos/>
    <padre>97</padre>
    <siz>0</siz>
    <negcur>00000000</negcur>
    <cen>1</cen>
    <img/>
  </objeto>
  <objeto>
    <ref>98</ref>
    <texto>por</texto>
    <hijos>a8</hijos>
    <padre>8F</padre>
    <siz>14</siz>
    <negcur>000</negcur>
    <cen>1</cen>
    <img/>
  </objeto>
  <objeto>
    <ref>a8</ref>
    <texto>Esporulación</texto>
    <hijos/>
    <padre>98</padre>
    <siz>0</siz>
    <negcur>000000000000</negcur>
    <cen>1</cen>
    <img/>
  </objeto>
</mapa>