﻿<?xml version="1.0" encoding="utf-8"?>
<motor tipo="1" clase="a" aprid="m1a">
  <plataforma>
    <grado><![CDATA[2]]></grado>
    <titulo>Halla la masa de un equivalente-gramo</titulo>
    <area>0</area>
    <nivel>2</nivel>
    <referencia />
    <idreg><![CDATA[0]]></idreg>
    <motor><![CDATA[M1A]]></motor>
    <lang>es</lang>
  </plataforma>
  <enunciado><![CDATA[Determina la masa de un equivalente-gramo de las siguientes sustancias.]]></enunciado>
  <masinfo inicio="0"><![CDATA[Masas atómicas: Al = 27 uma O = 16 umaH = 1 umaB =  10,8 umaAg = 107,9 umaC = 12 uma Cl = 35,5 uma Be = 9 uma Pb = 207,2 uma Ca = 40,1 umaP = 31 uma]]></masinfo>
  <sinaleatoriedad><![CDATA[0]]></sinaleatoriedad>
  <calc><![CDATA[1]]></calc>
  <textoatexto cantidad="8">
    <cuestion>
      <pregunta><![CDATA[Al(OH){{sub}}3{{normal}}]]></pregunta>
      <respuesta><![CDATA[26 g]]></respuesta>
    </cuestion>
    <cuestion>
      <pregunta><![CDATA[H{{sub}}3{{normal}}BO{{sub}}3{{normal}}]]></pregunta>
      <respuesta><![CDATA[20,6 g]]></respuesta>
    </cuestion>
    <cuestion>
      <pregunta><![CDATA[Ag{{sub}}2{{normal}}CO{{sub}}3{{normal}}]]></pregunta>
      <respuesta><![CDATA[137,9 g]]></respuesta>
    </cuestion>
    <cuestion>
      <pregunta><![CDATA[HClO]]></pregunta>
      <respuesta><![CDATA[52,5 g]]></respuesta>
    </cuestion>
    <cuestion>
      <pregunta><![CDATA[Be(OH){{sub}}2{{normal}}]]></pregunta>
      <respuesta><![CDATA[21,5 g]]></respuesta>
    </cuestion>
    <cuestion>
      <pregunta><![CDATA[PbCl{{sub}}2{{normal}}]]></pregunta>
      <respuesta><![CDATA[139,1 g]]></respuesta>
    </cuestion>
    <cuestion>
      <pregunta><![CDATA[Ca{{sub}}3{{normal}}(PO{{sub}}4{{normal}}){{sub}}2{{normal}}]]></pregunta>
      <respuesta><![CDATA[51,72 g]]></respuesta>
    </cuestion>
    <cuestion>
      <pregunta><![CDATA[H{{sub}}2{{normal}}CO{{sub}}3{{normal}}]]></pregunta>
      <respuesta><![CDATA[31 g]]></respuesta>
    </cuestion>
  </textoatexto>
  <textofalso cantidad="0" />
</motor>