<?xml version="1.0" encoding="UTF-8"?>
<engine title="Descripción de un ser vivo" copy="Editorial Planeta" version="1" aprid="F13">
  <section title="Presentación" path="medias/section0.jpg" image1Text="&lt;TextFlow&gt;&lt;p&gt;&lt;span&gt;Mariquita.&lt;/span&gt;&lt;/p&gt;&lt;/TextFlow&gt;" zoom1="true" zoom2a="false" zoom2b="false" layout="1"><![CDATA[<TextFlow><p><span fontSize="12">Cuando los científicos descubren un nuevo ser vivo deben describir sus características para así clasificar el organismo en un reino y, dentro de este, en subgrupos como la familia.</span></p><p><span fontSize="12"></span></p><p><span fontSize="12">Las características en las que se fijan para poder describir el nuevo organismo son físicas, como las extremidades, el color o la forma, y también relacionadas con el comportamiento.</span></p><p><span fontSize="12"></span></p><p><span fontSize="12" fontWeight="bold">El objetivo de esta actividad es que aprendas a describir las características de un ser vivo, de manera que otra persona pueda reconocerlo.</span></p><p><span fontSize="12"></span></p><p><span fontSize="12">Antes de realizar esta actividad, repasa los siguientes conceptos:</span></p><p><span fontSize="12"></span></p><p><span fontSize="12">Los reinos de la naturaleza:</span></p><p><span fontSize="12"></span></p><p paragraphStartIndent="20" styleName="bullet"><span fontSize="12">Móneras</span></p><p paragraphStartIndent="20" styleName="bullet"><span fontSize="12">Protoctistas</span></p><p paragraphStartIndent="20" styleName="bullet"><span fontSize="12">Hongos</span></p><p paragraphStartIndent="20" styleName="bullet"><span fontSize="12">Plantas</span></p><p paragraphStartIndent="20" styleName="bullet"><span fontSize="12">Animales</span></p><p><span fontSize="12"></span></p><p><span fontSize="12">Las funciones vitales:</span></p><p><span fontSize="12"></span></p><p paragraphStartIndent="20" styleName="bullet"><span fontSize="12">Nutrición</span></p><p paragraphStartIndent="20" styleName="bullet"><span fontSize="12">Reproducción</span></p><p paragraphStartIndent="20" styleName="bullet"><span fontSize="12">Relación</span></p><p><span fontSize="12"></span></p></TextFlow>]]></section>
  <section title="Tarea" path="medias/section1.jpg" image1Text="&lt;TextFlow&gt;&lt;p&gt;&lt;span&gt;Cangrejo.&lt;/span&gt;&lt;/p&gt;&lt;/TextFlow&gt;" zoom1="true" zoom2a="false" zoom2b="false" layout="1"><![CDATA[<TextFlow><p><span fontSize="12">Para realizar esta tarea sigue los pasos del procedimiento.</span></p><p><span fontSize="12"></span></p><p><span fontSize="12" fontWeight="bold">Procedimiento:</span></p><p><span fontSize="12"></span></p><p><span fontSize="12">1.º Escoge un ser vivo. Por ejemplo, el cangrejo que ilustra esta actividad. </span></p><p><span fontSize="12"></span></p><p><span fontSize="12">2.º Explica el número de células que lo forman. En este caso, es pluricelular.</span></p><p><span fontSize="12"></span></p><p><span fontSize="12">3.º Indica el reino al que pertenece. En el ejemplo, reino animal.</span></p><p><span fontSize="12"></span></p><p><span fontSize="12">4.º Nombra si conoces el grupo de organismos al que pertenece. En el caso del cangrejo: animal invertebrado crustáceo.</span></p><p><span fontSize="12"></span></p><p><span fontSize="12">5.º</span><span fontSize="12" fontWeight="bold"> </span><span fontSize="12">Anota el tipo de nutrición. En nuestro ejemplo, heterótrofo.</span></p><p><span fontSize="12"></span></p><p><span fontSize="12">6.º</span><span fontSize="12" fontWeight="bold"> </span><span fontSize="12">Identifica su forma de reproducción. En el cangrejo, reproducción sexual con fecundación externa.</span></p><p><span fontSize="12"></span></p><p><span fontSize="12">7.º</span><span fontSize="12" fontWeight="bold"> </span><span fontSize="12">Describe su apariencia externa. En el caso del cangrejo: cuerpo rojizo del que salen ocho patas y dos grandes pinzas; se observan dos ojos.</span></p><p><span fontSize="12"></span></p><p><span fontSize="12">8.º Comenta su forma de desplazamiento si la tiene. El cangrejo, por ejemplo, se desplaza mediante el movimiento de sus patas.</span></p><p><span fontSize="12"></span></p><p><span fontSize="12">9.º Realiza un resumen que incluya toda la información citada en los anteriores pasos. Ejemplo: El cangrejo es un animal invertebrado crustáceo pluricelular que se nutre de forma heterótrofa y tiene una reproducción sexual con fecundación externa. Su aspecto exterior muestra un cuerpo rojizo del que salen ocho patas y dos grandes pinzas. En la parte anterior del cuerpo se observan dos ojos. Es capaz de desplazarse usando las patas.</span></p><p><span fontSize="12"></span></p><p><span fontSize="12">Repite el procedimiento con otros seres vivos que elijas, recuerda que puede pertenecer a cualquier reino. Utiliza tu descripción para intentar que, sin decir el nombre, un compañero adivine a qué ser vivo te refieres.</span></p><p><span fontSize="12"></span></p></TextFlow>]]></section>
</engine>
