<?xml version="1.0" encoding="UTF-8"?>
<engine title="Estudio de las fuentes de energía" copy="Editorial Planeta" version="1" aprid="F13">
  <section title="Presentación" path="medias/section0.jpg" image1Text="" zoom1="true" zoom2a="false" zoom2b="false" layout="0"><![CDATA[<TextFlow><p><span>Las </span><span fontSize="12" fontWeight="bold">fuentes de energía</span><span> son recursos naturales a partir de los cuales podemos obtener energía para satisfacer nuestras necesidades. </span></p><p><span></span></p><p><span>Un recurso natural </span><span fontSize="12" fontWeight="bold">renovable</span><span> se regenera a mayor velocidad de la que se consume y, por tanto, se puede considerar virtualmente inagotable. El viento, el agua o la radiación solar son recursos renovables. En cambio, un recurso que no se regenera a corto plazo y que se encuentra en cantidades limitadas se dice que es </span><span fontSize="12" fontWeight="bold">no renovable</span><span>. Los combustibles fósiles y los nucleares se consideran recursos de este tipo.</span></p><p><span></span></p><p><span>El uso de combustibles fósiles como fuente de energía genera un gran </span><span fontSize="12" fontWeight="bold">impacto ambiental</span><span>. Su combustión da lugar a los denominados gases de efecto invernadero, los cuales están vinculados al proceso de calentamiento global de la Tierra. A su vez, el uso de combustibles nucleares genera residuos radiactivos que pueden durar años o siglos y que resultan altamente nocivos para los seres vivos.</span></p><p><span></span></p><p><span fontSize="12" fontWeight="bold">El objetivo de esta actividad es que conozcas las principales características de las diferentes fuentes de energía.</span></p><p><span></span></p><p><span>Antes de iniciar la actividad, responde las siguientes preguntas:</span></p><p><span></span></p><p paragraphStartIndent="20" styleName="bullet"><span>¿Para qué sueles utilizar la energía diariamente?</span></p><p paragraphStartIndent="20" styleName="bullet"><span>¿Cómo crees que podemos ahorrar energía?</span></p><p paragraphStartIndent="20" styleName="bullet"><span>Si el uso de combustibles fósiles es tan nocivo, ¿por qué no utilizamos otras fuentes de energía?</span></p><p><span></span></p><p><span></span></p></TextFlow>]]></section>
  <section title="Tarea" path="medias/section1.jpg" image1Text="" zoom1="true" zoom2a="false" zoom2b="false" layout="0"><![CDATA[<TextFlow><p><span fontSize="12" fontWeight="bold">Material: </span></p><p><span></span></p><p paragraphStartIndent="20" styleName="bullet"><span>Papel de grandes dimensiones</span></p><p paragraphStartIndent="20" styleName="bullet"><span>Barra de pegamento</span></p><p paragraphStartIndent="20" styleName="bullet"><span>Tijeras</span></p><p><span></span></p><p><span fontSize="12" fontWeight="bold">Procedimiento:</span></p><p><span></span></p><p><span>1.º Únete a tres compañeros más para formar el equipo de trabajo. </span></p><p><span></span></p><p><span>2.º Escoged una de las siguientes fuentes de energía:</span></p><p><span></span></p><p paragraphStartIndent="20" styleName="bullet"><span>Carbón</span></p><p paragraphStartIndent="20" styleName="bullet"><span>Petróleo</span></p><p paragraphStartIndent="20" styleName="bullet"><span>Gas natural</span></p><p paragraphStartIndent="20" styleName="bullet"><span>Fusión nuclear</span></p><p paragraphStartIndent="20" styleName="bullet"><span>Fisión nuclear</span></p><p paragraphStartIndent="20" styleName="bullet"><span>Energía solar</span></p><p paragraphStartIndent="20" styleName="bullet"><span>Energía eólica</span></p><p paragraphStartIndent="20" styleName="bullet"><span>Energía geotérmica</span></p><p paragraphStartIndent="20" styleName="bullet"><span>Energía hidráulica</span></p><p paragraphStartIndent="20" styleName="bullet"><span>Biomasa</span></p><p><span></span></p><p><span>3.º Investigad sobre la fuente de energía elegida. Buscad imágenes sobre su proceso de formación en la naturaleza, así como sus aplicaciones. Recortad las imágenes y pegadlas en el mural de papel con la barra de pegamento. Alternativamente, podéis elaborar un </span><a href="http://edu.glogster.com/" target="_blank"><span>mural digital</span></a><span>.</span></p><p><span></span></p><p><span>4.º Exponed el mural al resto de compañeros. Explicad en qué consiste la fuente de energía elegida, la reacción química que se lleva a cabo a la hora de obtener energía, en qué casos se puede utilizar, etc.</span></p><p><span></span></p><p><span>5.º Al finalizar la exposición, podéis invitar al resto de la clase a resolver las dudas que puedan haber surgido durante la explicación del mural.</span></p><p><span></span></p><p><span></span></p></TextFlow>]]></section>
</engine>
