﻿<?xml version="1.0" encoding="utf-8"?><engine copy="Editorial Planeta" version="1" aprid="f7"><main layout="2">
<title>Conoce las pruebas de diagnóstico genético</title>
<footer>Selecciona una imagen</footer>
</main>
<sections>
<section i="0" star="false" hasSubsections="false">
<menuImage path="CN_08_07_REC220_img01.jpg" border="0">
<title><![CDATA[¿Qué son y para qué sirven?]]></title>
</menuImage>
<pages>
<page i="0" visible="true" color="">
<title>¿Qué son y para qué sirven?</title>
<description><![CDATA[<ul>
	<li><span style="font-size:22px;"><span style="font-family:verdana,geneva,sans-serif;">Son&nbsp;<strong>ex&aacute;menes</strong>&nbsp;de sangre y otros tejidos, que permiten descubrir&nbsp;<strong>alteraciones gen&eacute;ticas&nbsp;</strong>involucradas en&nbsp;una&nbsp;<strong>enfermedad</strong>.</span></span></li>
</ul>

<ul>
	<li><span style="font-size:22px;"><span style="font-family:verdana,geneva,sans-serif;">Sirven para:</span></span>

	<ul>
		<li><span style="font-size:22px;"><span style="font-family:verdana,geneva,sans-serif;">Descartar o confirmar&nbsp;trastornos gen&eacute;ticos&nbsp;en un individuo.</span></span></li>
		<li><span style="font-size:22px;"><span style="font-family:verdana,geneva,sans-serif;">Corroborar&nbsp;la existencia de mutaciones heredables.</span></span></li>
		<li><span style="font-size:22px;"><span style="font-family:verdana,geneva,sans-serif;">Tener en cuenta&nbsp;medidas&nbsp;de prevenci&oacute;n y control de la enfermedad.</span></span></li>
		<li><span style="font-size:22px;"><span style="font-family:verdana,geneva,sans-serif;">Facilitar la toma de decisiones&nbsp;relacionadas con el&nbsp;<strong>tratamiento&nbsp;</strong>y&nbsp;el tipo de <strong>medicamento</strong>&nbsp;que se debe&nbsp;usar.</span></span></li>
	</ul>
	</li>
</ul>
]]></description>
<images>
<image path="CN_08_07_REC220_img02n.jpg" border = "0" pathbig="CN_08_07_REC220_img02a.jpg">
<title><![CDATA[]]></title>
</image>
</images>
</page>
</pages>
</section><section i="0" star="false" hasSubsections="false">
<menuImage path="CN_08_07_REC220_img03.jpg" border="0">
<title><![CDATA[Los dermatoglifos]]></title>
</menuImage>
<pages>
<page i="0" visible="true" color="">
<title>Los dermatoglifos</title>
<description><![CDATA[<ul>
	<li><span style="font-size:22px;"><span style="font-family:verdana,geneva,sans-serif;">Los&nbsp;<strong>dermatoglifos</strong>&nbsp;son las crestas presentes en las&nbsp;palmas&nbsp;de las manos y en las plantas de los pies, conocidas tambi&eacute;n como&nbsp;<strong>huellas dactilares</strong>.</span></span></li>
</ul>

<ul>
	<li><span style="font-size:22px;"><span style="font-family:verdana,geneva,sans-serif;">En humanos existen ciertos patrones en las huellas, que se ven alterados en individuos con s&iacute;ndromes gen&eacute;ticos como:</span></span>

	<ul>
		<li><span style="font-size:22px;"><span style="font-family:verdana,geneva,sans-serif;">S&iacute;ndrome de Down o trisom&iacute;a 21.</span></span></li>
		<li><span style="font-size:22px;"><span style="font-family:verdana,geneva,sans-serif;">S&iacute;ndrome de Edwars o trisom&iacute;a 18.</span></span></li>
		<li><span style="font-size:22px;"><span style="font-family:verdana,geneva,sans-serif;">S&iacute;ndrome de Patau o trisom&iacute;a 13.</span></span></li>
	</ul>
	</li>
</ul>

<ul>
	<li><span style="font-size:22px;"><span style="font-family:verdana,geneva,sans-serif;">Este&nbsp;examen&nbsp;puede indicar&nbsp;la presencia de enfermedades gen&eacute;ticas, y se puede hacer mediante observaci&oacute;n directa o con una impresi&oacute;n de la huella en una hoja.</span></span></li>
</ul>
]]></description>
<images>
<image path="CN_08_07_REC220_img04n.jpg" border = "0" pathbig="CN_08_07_REC220_img04a.jpg">
<title><![CDATA[]]></title>
</image>
</images>
</page>
</pages>
</section><section i="0" star="false" hasSubsections="false">
<menuImage path="CN_08_07_REC220_img05.jpg" border="0">
<title><![CDATA[Análisis de cariotipo]]></title>
</menuImage>
<pages>
<page i="0" visible="true" color="">
<title>Análisis de cariotipo</title>
<description><![CDATA[<ul>
	<li><span style="font-size:22px;"><span style="font-family:verdana,geneva,sans-serif;">El cariotipo es el conjunto organizado de todos los <strong>cromosomas</strong>&nbsp;del individuo.</span></span></li>
</ul>

<ul>
	<li><span style="font-size:22px;"><span style="font-family:verdana,geneva,sans-serif;">El an&aacute;lisis del&nbsp;<strong>cariotipo&nbsp;</strong>se denomina <strong>cariotipado</strong>, una <strong>prueba gen&eacute;tica</strong>&nbsp;que permite examinar el&nbsp;n&uacute;mero total, la disposici&oacute;n y la&nbsp;<strong>estructura</strong>&nbsp;de los cromosomas.</span></span></li>
</ul>

<ul>
	<li><span style="font-size:22px;"><span style="font-family:verdana,geneva,sans-serif;">Se realiza a partir de una muestra de c&eacute;lulas en mitosis, pues los cromosomas son visibles durante la metafase.</span></span></li>
</ul>

<ul>
	<li><span style="font-size:22px;"><span style="font-family:verdana,geneva,sans-serif;">Los cromosomas se ti&ntilde;en y fotograf&iacute;an, y las im&aacute;genes se organizan por forma y tama&ntilde;o para buscar aberraciones cromos&oacute;micas.</span></span></li>
</ul>
]]></description>
<images>
<image path="CN_08_07_REC220_img06n.jpg" border = "0" pathbig="CN_08_07_REC220_img06a.jpg">
<title><![CDATA[]]></title>
</image>
</images>
</page>
</pages>
</section><section i="0" star="false" hasSubsections="false">
<menuImage path="CN_08_07_REC220_img07.jpg" border="0">
<title><![CDATA[Pruebas complementarias: el diagnóstico prenatal]]></title>
</menuImage>
<pages>
<page i="0" visible="true" color="">
<title>El diagnóstico prenatal</title>
<description><![CDATA[<ul>
	<li><span style="font-size:22px;"><span style="font-family:verdana,geneva,sans-serif;">Las pruebas de&nbsp;<strong>diagn&oacute;stico prenatal </strong>son aquellas que se realizan antes de que el beb&eacute;&nbsp;nazca.</span></span></li>
</ul>

<ul>
	<li><span style="font-size:22px;"><span style="font-family:verdana,geneva,sans-serif;">Hay <strong>m&eacute;todos</strong> <strong>no invasivos</strong>, en donde ning&uacute;n instrumento ingresa en el cuerpo de la madre.</span></span></li>
</ul>

<ul>
	<li><span style="font-size:22px;"><span style="font-family:verdana,geneva,sans-serif;">La ecograf&iacute;a es una prueba no invasiva, que permite reconocer malformaciones anat&oacute;micas, algunas de las cuales son de origen gen&eacute;tico.</span></span></li>
</ul>

<ul>
	<li><span style="font-size:22px;"><span style="font-family:verdana,geneva,sans-serif;">Los <strong>m&eacute;todos invasivos </strong>implican perforar el abdomen de la mujer embarazada para obtener una muestra de l&iacute;quido amni&oacute;tico, el cual rodea al feto dentro del &uacute;tero.</span></span></li>
</ul>

<ul>
	<li><span style="font-size:22px;"><span style="font-family:verdana,geneva,sans-serif;">En el l&iacute;quido amni&oacute;tico hay c&eacute;lulas del beb&eacute;; cuando son extra&iacute;das se pueden usar para realizar pruebas de diagn&oacute;stico gen&eacute;tico como el cariotipado.</span></span></li>
</ul>
]]></description>
<images>
<image path="CN_08_07_REC220_img08n.jpg" border = "0" pathbig="CN_08_07_REC220_img08a.jpg">
<title><![CDATA[]]></title>
</image>
</images>
</page>
</pages>
</section></sections>
</engine>