﻿<?xml version="1.0" encoding="utf-8"?><motor tipo="1" clase="b" aprid="m1b">
  <plataforma>
    <grado><![CDATA[2]]></grado>
    <titulo>Los tipos de herencia</titulo>
    <area>0</area>
    <nivel>1</nivel>
    <referencia/>
    <idreg><![CDATA[0]]></idreg>
    <motor><![CDATA[M1B]]></motor>
    <lang>es</lang>
  </plataforma>
  <enunciado><![CDATA[Relaciona los términos de los diferentes tipos de herencia y las interacciones genéticas con su descripción correspondiente.]]></enunciado>
  <masinfo inicio="0"/>
  <sinaleatoriedad><![CDATA[0]]></sinaleatoriedad>
  <calc><![CDATA[0]]></calc>
  <textoatexto cantidad="5">
    <cuestion>
      <pregunta><![CDATA[Herencia materna]]></pregunta>
      <respuesta><![CDATA[Los genes heredados se encuentran en los organelos citoplasmáticos: mitocondrias y cloroplastos.]]></respuesta>
    </cuestion>
    <cuestion>
      <pregunta><![CDATA[Herencia poligénica]]></pregunta>
      <respuesta><![CDATA[Resulta de la interacción de varios genes. Da lugar a variaciones fenotípicas con muchas posibilidades intermedias.]]></respuesta>
    </cuestion>
    <cuestion>
      <pregunta><![CDATA[Herencia polialélica]]></pregunta>
      <respuesta><![CDATA[Es propia de los genes que tienen más de dos alelos, los cuales dan origen a múltiples fenotipos en una población.]]></respuesta>
    </cuestion>
    <cuestion>
      <pregunta><![CDATA[Herencia autosómica]]></pregunta>
      <respuesta><![CDATA[Los genes heredados de este modo se encuentran en los autosomas; su herencia puede ser dominante o recesiva.]]></respuesta>
    </cuestion>
    <cuestion>
      <pregunta><![CDATA[Herencia ligada al sexo]]></pregunta>
      <respuesta><![CDATA[En este tipo de herencia los genes están en los cromosomas sexuales. Su transmisión puede ser dominante o recesiva.]]></respuesta>
    </cuestion>
  </textoatexto>
  <textofalso cantidad="0"/>
</motor>