<?xml version="1.0" encoding="UTF-8"?>
<engine title="Construcción de los distintos modelos celulares" copy="Editorial Planeta" version="1" aprid="F13">
  <section title="Presentación" path="medias/section0.jpg" image1Text="&lt;TextFlow&gt;&lt;p&gt;&lt;span&gt;Célula vegetal.&lt;/span&gt;&lt;/p&gt;&lt;/TextFlow&gt;" zoom1="true" zoom2a="false" zoom2b="false" layout="1"><![CDATA[<TextFlow><p><span fontSize="12">El interior de la célula está compuesto por diferentes orgánulos que realizan las funciones que la célula necesita para vivir. Cara uno de estos orgánulos cumple con su trabajo, ya sea aportar energía, sintetizar componentes o almacenar sustancias.</span></p><p><span></span></p><p><span fontSize="12" fontWeight="bold">El objetivo de esta actividad es que construyas un modelo de una célula animal y otro de una célula vegetal para que aprendas a diferenciar sus distintas estructuras y orgánulos.</span></p><p><span></span></p><p><span>Para realizar la actividad debes tener presente los diferentes orgánulos que podemos encontrar en las células vegetales y animales. Para preparar la práctica, te recomendamos que respondas a las siguientes preguntas:</span></p><p><span></span></p><p paragraphStartIndent="20" styleName="bullet"><span>¿Cómo es una célula vegetal?</span></p><p paragraphStartIndent="20" styleName="bullet"><span>¿Cómo es una célula animal?</span></p><p paragraphStartIndent="20" styleName="bullet"><span>¿Qué orgánulos y estructuras celulares tienen cada una?</span></p><p paragraphStartIndent="20" styleName="bullet"><span fontSize="12">¿Cuál es la función de estos orgánulos y estructuras?</span></p><p><span fontSize="12"></span></p></TextFlow>]]></section>
  <section title="Tarea" zoom1="false" zoom2a="false" zoom2b="false" layout="2"><![CDATA[<TextFlow><p><span fontSize="12">Para realizar esta tarea consigue el material que te indicamos y sigue los pasos del procedimiento.</span></p><p><span fontSize="12"></span></p><p><span fontSize="12" fontWeight="bold">Material:</span></p><p><span fontSize="12" fontWeight="bold"></span></p><p paragraphStartIndent="20" styleName="bullet"><span>Cartulinas de colores (blancas, verdes, rojas, amarillas, azules, negras, etc.).</span></p><p paragraphStartIndent="20" styleName="bullet"><span>Unas tijeras.</span></p><p paragraphStartIndent="20" styleName="bullet"><span>Rotuladores.</span></p><p paragraphStartIndent="20" styleName="bullet"><span>Pegamento de barra.</span></p><p><span></span></p><p><span fontSize="12" fontWeight="bold">Procedimiento:</span></p><p><span fontSize="12" fontWeight="bold"></span></p><p><span>1.º Recorta el contorno de la célula vegetal. Puedes utilizar como ejemplo la célula vegetal que ilustra la presentación de la actividad.</span></p><p><span></span></p><p><span>2.º Dibuja en el contorno de la célula las cubiertas celulares.</span></p><p><span></span></p><p><span>3.º Recorta el núcleo de la célula en una cartulina blanca.</span></p><p><span></span></p><p><span>4.º Dibuja y recorta en una cartulina verde unos cuantos cloroplastos.</span></p><p><span></span></p><p><span>8.º Distribuye y pega en el citoplasma el núcleo y los orgánulos.</span></p><p><span></span></p><p><span>9.º Marca con el rotulador el nombre de los orgánulos.</span></p><p><span></span></p><p><span>Repite el mismo procedimiento para representar la célula animal. Recuerda las diferencias con la célula vegetal para no equivocarte en la forma, cubiertas y orgánulos que debes recortar.</span></p><p><span></span></p></TextFlow>]]></section>
</engine>
