﻿<?xml version="1.0" encoding="utf-8"?><engine copy="Editorial Planeta" version="1" aprid="f4">
<main title="Las células gliales" path="CN_08_01_REC120_IMG01.jpg" buttonsHeight="73">
</main>
<questions respCorrecta="Respuesta correcta." respIncorrecta="Respuesta incorrecta.">
<question title="¿Qué células forman el sistema nervioso?" path="CN_08_01_REC120_IMG02.jpg">
<answers>
<answer correct="0">
<text><![CDATA[Neuronas y células musculares]]></text>
<explanation width="394"><![CDATA[<p><font face="verdana, geneva, sans-serif"><span style="font-size:22px">Los m&uacute;sculos trabajan junto con el sistema nervioso, pero no hacen parte de &eacute;l.</span></font></p>
]]></explanation>
</answer>
<answer correct="0">
<text><![CDATA[Neuronas y glándulas]]></text>
<explanation width="394"><![CDATA[<p><span style="font-family:verdana,geneva,sans-serif; font-size:22px">Las gl&aacute;ndulas&nbsp;trabajan junto con el sistema nervioso, pero no hacen parte de &eacute;l.</span></p>
]]></explanation>
</answer>
<answer correct="1">
<text><![CDATA[Neuronas y células gliales]]></text>
<explanation width="394"><![CDATA[<p><span style="font-size:22px"><span style="font-family:verdana,geneva,sans-serif">Adem&aacute;s de las neuronas, el sistema nervioso tiene las llamadas c&eacute;lulas gliales.</span></span></p>
]]></explanation>
</answer>
<answer correct="0">
<text><![CDATA[]]></text>
<explanation width="394"><![CDATA[]]></explanation>
</answer>
<answer correct="0">
<text><![CDATA[]]></text>
<explanation width="394"><![CDATA[]]></explanation>
</answer>
<answer correct="0">
<text><![CDATA[]]></text>
<explanation width="394"><![CDATA[]]></explanation>
</answer>
<answer correct="0">
<text><![CDATA[]]></text>
<explanation width="394"><![CDATA[]]></explanation>
</answer>
<answer correct="0">
<text><![CDATA[]]></text>
<explanation width="394"><![CDATA[]]></explanation>
</answer>
</answers>
<info path="CN_08_01_REC120_IMG03.jpg">
<text><![CDATA[<p>&nbsp;</p>

<p>&nbsp;</p>

<ul>
	<li><span style="font-size:22px"><span style="font-family:verdana,geneva,sans-serif">Las neuronas no son las &uacute;nicas c&eacute;lulas presentes en el sistema nervioso.</span></span></li>
</ul>

<ul>
	<li><span style="font-size:22px"><span style="font-family:verdana,geneva,sans-serif">Hay otro tipo de c&eacute;lulas que cumplen funciones de sost&eacute;n y protecci&oacute;n de las neuronas; estas son las <strong>c&eacute;lulas gliales</strong>.</span></span></li>
</ul>

<ul>
	<li><span style="font-size:22px"><span style="font-family:verdana,geneva,sans-serif">Las c&eacute;lulas gliales son m&aacute;s abundantes y m&aacute;s peque&ntilde;as que las neuronas.</span></span></li>
</ul>
]]></text>
</info>
</question>
<question title="¿Qué funciones cumplen las células gliales?" path="CN_08_01_REC120_IMG04.jpg">
<answers>
<answer correct="1">
<text><![CDATA[Sostén, protección y aislamiento]]></text>
<explanation width="394"><![CDATA[<p><span style="font-size:22px"><span style="font-family:verdana,geneva,sans-serif">La funci&oacute;n de las c&eacute;lulas gliales es apoyar y cuidar a las neuronas.</span></span></p>
]]></explanation>
</answer>
<answer correct="0">
<text><![CDATA[Conducción alterna de impulsos]]></text>
<explanation width="394"><![CDATA[<p><span style="font-size:22px"><span style="font-family:verdana,geneva,sans-serif">Solo las neuronas conducen los impulsos.</span></span></p>
]]></explanation>
</answer>
<answer correct="0">
<text><![CDATA[Unir el sistema nervioso con el muscular]]></text>
<explanation width="394"><![CDATA[<p><span style="font-family:verdana,geneva,sans-serif"><span style="font-size:22px">Las neuronas tienen conexiones directas con las fibras musculares.</span></span></p>
]]></explanation>
</answer>
<answer correct="0">
<text><![CDATA[]]></text>
<explanation width="394"><![CDATA[]]></explanation>
</answer>
<answer correct="0">
<text><![CDATA[]]></text>
<explanation width="394"><![CDATA[]]></explanation>
</answer>
<answer correct="0">
<text><![CDATA[]]></text>
<explanation width="394"><![CDATA[]]></explanation>
</answer>
<answer correct="0">
<text><![CDATA[]]></text>
<explanation width="394"><![CDATA[]]></explanation>
</answer>
<answer correct="0">
<text><![CDATA[]]></text>
<explanation width="394"><![CDATA[]]></explanation>
</answer>
</answers>
<info path="CN_08_01_REC120_IMG05.jpg">
<text><![CDATA[<p><span style="font-size:22px"><span style="font-family:verdana,geneva,sans-serif">Las funciones de las c&eacute;lulas gliales son:&nbsp;</span></span></p>

<ul>
	<li><span style="font-size:22px"><span style="font-family:verdana,geneva,sans-serif">Formar&nbsp;una red que mantiene a las neuronas en su posici&oacute;n.</span></span></li>
</ul>

<ul>
	<li><span style="font-size:22px"><span style="font-family:verdana,geneva,sans-serif">Aislar&nbsp;el&eacute;ctricamente a las neuronas para evitar interferencias en el potencial de acci&oacute;n.</span></span></li>
</ul>

<ul>
	<li><span style="font-size:22px"><span style="font-family:verdana,geneva,sans-serif">Regular&nbsp;el paso de nutrientes y de posibles sustancias nocivas.</span></span></li>
</ul>

<ul>
	<li><span style="font-size:22px"><span style="font-family:verdana,geneva,sans-serif">Estimular&nbsp;la recuperaci&oacute;n de las conexiones neuronales cuando se presentan da&ntilde;os.</span></span></li>
</ul>
]]></text>
</info>
</question>
<question title="¿En qué forma aíslan las células gliales a las neuronas?" path="CN_08_01_REC120_IMG06.jpg">
<answers>
<answer correct="0">
<text><![CDATA[Evitan la creación de potenciales de acción]]></text>
<explanation width="394"><![CDATA[<p><span style="font-family:verdana,geneva,sans-serif"><span style="font-size:22px">Las neuronas necesitan ser capaces de generar potenciales de acci&oacute;n para funcionar.</span></span></p>
]]></explanation>
</answer>
<answer correct="1">
<text><![CDATA[Producen una sustancia aislante]]></text>
<explanation width="394"><![CDATA[<p><span style="font-size:22px"><span style="font-family:verdana,geneva,sans-serif">La sustancia que producen las c&eacute;lulas gliales y recubre a las neuronas, las a&iacute;sla el&eacute;ctricamente.</span></span></p>
]]></explanation>
</answer>
<answer correct="0">
<text><![CDATA[Separan y aíslan las neuronas entre sí]]></text>
<explanation width="394"><![CDATA[<p><span style="font-size:22px"><span style="font-family:verdana,geneva,sans-serif">Las neuronas deben poder comunicarse&nbsp;para transmitir la informaci&oacute;n.</span></span></p>
]]></explanation>
</answer>
<answer correct="0">
<text><![CDATA[]]></text>
<explanation width="394"><![CDATA[]]></explanation>
</answer>
<answer correct="0">
<text><![CDATA[]]></text>
<explanation width="394"><![CDATA[]]></explanation>
</answer>
<answer correct="0">
<text><![CDATA[]]></text>
<explanation width="394"><![CDATA[]]></explanation>
</answer>
<answer correct="0">
<text><![CDATA[]]></text>
<explanation width="394"><![CDATA[]]></explanation>
</answer>
<answer correct="0">
<text><![CDATA[]]></text>
<explanation width="394"><![CDATA[]]></explanation>
</answer>
</answers>
<info path="CN_08_01_REC120_IMG07.jpg">
<text><![CDATA[<p>&nbsp;</p>

<p>&nbsp;</p>

<p>&nbsp;</p>

<ul>
	<li><span style="font-size:22px"><span style="font-family:verdana,geneva,sans-serif">Algunas c&eacute;lulas gliales, adem&aacute;s de aportar en la funci&oacute;n de sost&eacute;n, forman <strong>vainas de mielina</strong>.</span></span></li>
</ul>

<ul>
	<li><span style="font-size:22px"><span style="font-family:verdana,geneva,sans-serif">La mielina sirve para el </span></span><span style="font-family:verdana,geneva,sans-serif; font-size:22px"><strong>aislamiento el&eacute;ctrico</strong> de los axones.</span></li>
</ul>

<ul>
	<li><span style="font-size:22px"><span style="font-family:verdana,geneva,sans-serif">Estas vainas se encuentran a lo largo de nervios envolviendo los axones.</span></span></li>
</ul>
]]></text>
</info>
</question>
<question title="El aislamiento eléctrico que la mielina provee a las neuronas sirve para..." path="CN_08_01_REC120_IMG08.jpg">
<answers>
<answer correct="0">
<text><![CDATA[Evitar que el organismo muera electrocutado]]></text>
<explanation width="394"><![CDATA[<p><span style="font-family:verdana,geneva,sans-serif"><span style="font-size:22px">La electricidad producida por las neuronas&nbsp;no tiene la intensidad necesaria&nbsp;para electrocutar&nbsp;al animal que las posee.</span></span></p>
]]></explanation>
</answer>
<answer correct="1">
<text><![CDATA[Aumentar la velocidad del impulso nervioso]]></text>
<explanation width="394"><![CDATA[<p><span style="font-size:22px"><span style="font-family:verdana,geneva,sans-serif">El aislamiento el&eacute;ctrico disminuye la interferencia, lo que aumenta la velocidad de transmisi&oacute;n.</span></span></p>
]]></explanation>
</answer>
<answer correct="0">
<text><![CDATA[Restaurar el potencial de reposo]]></text>
<explanation width="394"><![CDATA[<p><span style="font-size:22px"><span style="font-family:verdana,geneva,sans-serif">La restauraci&oacute;n del potencial de reposo es llevada a cabo por las mismas neuronas.</span></span></p>
]]></explanation>
</answer>
<answer correct="0">
<text><![CDATA[]]></text>
<explanation width="394"><![CDATA[]]></explanation>
</answer>
<answer correct="0">
<text><![CDATA[]]></text>
<explanation width="394"><![CDATA[]]></explanation>
</answer>
<answer correct="0">
<text><![CDATA[]]></text>
<explanation width="394"><![CDATA[]]></explanation>
</answer>
<answer correct="0">
<text><![CDATA[]]></text>
<explanation width="394"><![CDATA[]]></explanation>
</answer>
<answer correct="0">
<text><![CDATA[]]></text>
<explanation width="394"><![CDATA[]]></explanation>
</answer>
</answers>
<info path="CN_08_01_REC120_IMG09.jpg">
<text><![CDATA[<ul>
	<li><span style="font-size:22px"><span style="font-family:verdana,geneva,sans-serif">El <strong>aislamiento el&eacute;ctrico</strong> que produce la mielina permite que el impulso el&eacute;ctrico viaje m&aacute;s r&aacute;pido.</span></span></li>
</ul>

<ul>
	<li><span style="font-size:22px"><span style="font-family:verdana,geneva,sans-serif">Una neurona recubierta con mielina transmite los potenciales de acci&oacute;n unas 100 veces m&aacute;s r&aacute;pido que aquellas que no est&aacute;n recubiertas.</span></span></li>
</ul>

<ul>
	<li><span style="font-size:22px"><span style="font-family:verdana,geneva,sans-serif">Gracias a las c&eacute;lulas gliales, la transmisi&oacute;n de impulsos, y por tanto el funcionamiento del organismo, es m&aacute;s eficaz.</span></span></li>
</ul>
]]></text>
</info>
</question>
<question title="¿Las células gliales cubren con mielina todas las neuronas y en todas partes?" path="CN_08_01_REC120_IMG10.jpg">
<answers>
<answer correct="0">
<text><![CDATA[Cubren todas las partes de algunas neuronas]]></text>
<explanation width="394"><![CDATA[<p><span style="font-size:22px"><span style="font-family:verdana,geneva,sans-serif">La mielina no cubre toda la neurona.</span></span></p>
]]></explanation>
</answer>
<answer correct="0">
<text><![CDATA[Cubren todas las neuronas, solo en una parte de ellas]]></text>
<explanation width="394"><![CDATA[<p><span style="font-size:22px"><span style="font-family:verdana,geneva,sans-serif">No todas las neuronas est&aacute;n mielinizadas.</span></span></p>
]]></explanation>
</answer>
<answer correct="0">
<text><![CDATA[Cubren una parte de la mayoría de neuronas]]></text>
<explanation width="394"><![CDATA[<p><span style="font-size:22px"><span style="font-family:verdana,geneva,sans-serif">La mielina cubre una parte de las neuronas, particularmente el ax&oacute;n. Y existen algunas c&eacute;lulas que no est&aacute;n mielinizadas.</span></span></p>
]]></explanation>
</answer>
<answer correct="0">
<text><![CDATA[]]></text>
<explanation width="394"><![CDATA[]]></explanation>
</answer>
<answer correct="0">
<text><![CDATA[]]></text>
<explanation width="394"><![CDATA[]]></explanation>
</answer>
<answer correct="0">
<text><![CDATA[]]></text>
<explanation width="394"><![CDATA[]]></explanation>
</answer>
<answer correct="0">
<text><![CDATA[]]></text>
<explanation width="394"><![CDATA[]]></explanation>
</answer>
<answer correct="0">
<text><![CDATA[]]></text>
<explanation width="394"><![CDATA[]]></explanation>
</answer>
</answers>
<info path="CN_08_01_REC120_IMG11.jpg">
<text><![CDATA[<div>&nbsp;</div>

<div>&nbsp;</div>

<div>&nbsp;</div>

<div>&nbsp;</div>

<div>
<ul>
	<li><span style="font-size:22px"><span style="font-family:verdana,geneva,sans-serif">Algunas c&eacute;lulas no tienen cubierta de mielina.</span></span></li>
</ul>

<ul>
	<li><span style="font-size:22px"><span style="font-family:verdana,geneva,sans-serif">Entre las que s&iacute;&nbsp;tienen,&nbsp;solo los axones est&aacute;n cubiertos por&nbsp;c&eacute;lulas gliales.</span></span></li>
</ul>

<ul>
	<li><span style="font-size:22px"><span style="font-family:verdana,geneva,sans-serif">Entre cada vaina de mielina queda un espacio en donde ocurre la entrada y salida de iones.</span></span></li>
</ul>
</div>
]]></text>
</info>
</question>
</questions>
</engine>