﻿<?xml version="1.0" encoding="utf-8"?><engine copy="Editorial Planeta" version="1" aprid="f6"><main layout="0">
<title>El uso de los ácidos y bases </title>
<footer>Selecciona una imagen</footer>
</main>
<sections>
<section i="0" star="false" hasSubsections="false">
<menuImage path="CN_11_09_REC180_img02.jpg" border="0">
<title><![CDATA[Ácidos]]></title>
</menuImage>
<pages>
<page i="0" visible="true" color="#EFF5E3">
<title>El ácido sulfúrico y el ácido nítrico </title>
<description><![CDATA[<p style="margin-top:0cm"><span style="font-size:20px;"><span style="font-family:verdana,geneva,sans-serif;">Las precipitaciones de lluvia &aacute;cida contienen &aacute;cido&nbsp;sulf&uacute;rico (H<sub>2</sub>SO<sub>4</sub>) y &aacute;cido n&iacute;trico (HNO<sub>3</sub>).&nbsp;</span></span></p>

<p style="margin-top:0cm"><span style="font-size:20px;"><span style="font-family:verdana,geneva,sans-serif;">A nivel industrial se utilizan estos &aacute;cidos&nbsp;para elaborar fertilizantes y explosivos.</span></span><span style="font-size: 13.5pt; font-family: Verdana, sans-serif;"><o:p></o:p></span></p>

<p><span style="font-size: 13.5pt; font-family: Verdana, sans-serif;"><span style="font-size:20px;"><span style="font-family:verdana,geneva,sans-serif;">Las bater&iacute;as de autos contienen &aacute;cido sulf&uacute;rico como electrolito.</span></span><o:p></o:p></span></p>

<p></p>
]]></description>
<images>
<image path="CN_11_09_REC180_img03n.jpg" border = "0" pathbig="CN_11_09_REC180_img03a.jpg">
<title><![CDATA[]]></title>
</image>
</images>
</page>
<page i="0" visible="true" color="#EFF5E3">
<title>El ácido clorhídrico o muríatico</title>
<description><![CDATA[<p><span style="font-size:20px;"><span style="font-family:verdana,geneva,sans-serif;">El &aacute;cido clorh&iacute;drico (HCl) se encuentra en el jugo g&aacute;strico. Es el ingrediente activo de las sustancias usadas para destapar&nbsp;las&nbsp;ca&ntilde;er&iacute;as. </span></span></p>

<p><span style="font-size:20px;"><span style="font-family:verdana,geneva,sans-serif;">En la industria metal&uacute;rgica se utiliza para eliminar &oacute;xidos e impurezas en metales y aleaciones.</span></span></p>

<p><span style="font-size:20px;"><span style="font-family:verdana,geneva,sans-serif;">En la industria de alimentos se utiliza para el tratamiento de los huesos de las reses para la obtener material gelatinoso y producir gelatinas.&nbsp;</span></span></p>
]]></description>
<images>
<image path="CN_11_09_REC180_img04n.jpg" border = "0" pathbig="CN_11_09_REC180_img04a.jpg">
<title><![CDATA[]]></title>
</image>
</images>
</page>
<page i="0" visible="true" color="#EFF5E3">
<title>El ácido fosfórico</title>
<description><![CDATA[<p><span style="font-size:20px;"><span style="font-family:verdana,geneva,sans-serif;">El &aacute;cido fosf&oacute;rico (H<sub>3</sub>PO<sub>4</sub>) se utiliza en la fabricaci&oacute;n de fertilizantes y detergentes. </span></span></p>

<p><span style="font-size:20px;"><span style="font-family:verdana,geneva,sans-serif;">En la industria de alimentos se usa como acidificante en cervezas y bebidas gaseosas, especialmente la de sabor a cola.&nbsp;</span></span></p>
]]></description>
<images>
<image path="CN_11_09_REC180_img05n.jpg" border = "0" pathbig="CN_11_09_REC180_img05a.jpg">
<title><![CDATA[]]></title>
</image>
</images>
</page>
<page i="0" visible="true" color="#EFF5E3">
<title>El ácido cítrico y ascórbico</title>
<description><![CDATA[<p><span style="font-size:20px;"><span style="font-family:verdana,geneva,sans-serif;">El &aacute;cido c&iacute;trico y asc&oacute;rbico se utilizan como conservantes, acidulantes y antioxidantes en alimentos.</span></span></p>

<p><span style="font-size:20px;"><span style="font-family:verdana,geneva,sans-serif;">El <strong>&aacute;cido c&iacute;trico</strong> es acidulante de&nbsp;las bebidas gaseosas, muchos dulces y conservas. El <strong>&aacute;cido asc&oacute;rbico</strong> se utiliza&nbsp;en embutidos c&aacute;rnicos para evitar la formaci&oacute;n de nitrosaminas.&nbsp;</span></span></p>
]]></description>
<images>
<image path="CN_11_09_REC180_img06n.jpg" border = "0" pathbig="CN_11_09_REC180_img06a.jpg">
<title><![CDATA[]]></title>
</image>
</images>
</page>
</pages>
</section><section i="0" star="false" hasSubsections="false">
<menuImage path="CN_11_09_REC180_img01.jpg" border="0">
<title><![CDATA[Bases]]></title>
</menuImage>
<pages>
<page i="0" visible="true" color="#EFF5E3">
<title>Hidróxido de aluminio e hidróxido de magnesio</title>
<description><![CDATA[<p><span style="font-size:20px;"><span style="font-family:verdana,geneva,sans-serif;">En conjunto, se utilizan como anti&aacute;cidos para tratar la acidez estomacal.</span></span></p>

<p><span style="font-size:20px;"><span style="font-family:verdana,geneva,sans-serif;">El <strong>hidr&oacute;xido de magnesio </strong>Mg(OH)<sub>2</sub> se emplea&nbsp;como laxante.</span></span></p>

<p><span style="font-size:20px;"><span style="font-family:verdana,geneva,sans-serif;">El <strong>hidr&oacute;xido de aluminio</strong> Al(OH)<sub>3</sub>&nbsp;se utiliza en el tratamiento de pacientes con enfermedades renales, para reducir la concentraci&oacute;n de&nbsp;fosfatos en la sangre.</span></span></p>
]]></description>
<images>
<image path="CN_11_09_REC180_img07n.jpg" border = "0" pathbig="CN_11_09_REC180_img07a.jpg">
<title><![CDATA[]]></title>
</image>
</images>
</page>
<page i="0" visible="true" color="#EFF5E3">
<title>El hidróxido de sodio</title>
<description><![CDATA[<p><span style="font-size:20px;"><span style="font-family:verdana,geneva,sans-serif;">El hidr&oacute;xido de sodio (NaOH) se utiliza:</span></span></p>

<ul>
	<li><span style="font-size:20px;"><span style="font-family:verdana,geneva,sans-serif;">Para fabricar productos de limpieza como desengrasantes y limpiadores de tuber&iacute;as.</span></span><br />
	&nbsp;</li>
	<li><span style="font-size:20px;"><span style="font-family:verdana,geneva,sans-serif;">En la industria del papel se usa en el proceso de blanqueamiento de la pasta de papel.</span></span><br />
	&nbsp;</li>
	<li><span style="font-size:20px;"><span style="font-family:verdana,geneva,sans-serif;">En la industria textil se emplea para lavar y darle brillo a fibras de algod&oacute;n y telas.</span></span><br />
	&nbsp;</li>
	<li><span style="font-size:20px;"><span style="font-family:verdana,geneva,sans-serif;">En la industria alimentaria se usa para pelar papas.&nbsp;</span></span></li>
</ul>
]]></description>
<images>
<image path="CN_11_09_REC180_img08n.jpg" border = "0" pathbig="CN_11_09_REC180_img08a.jpg">
<title><![CDATA[]]></title>
</image>
</images>
</page>
<page i="0" visible="true" color="#EFF5E3">
<title>Disolución de amoniaco</title>
<description><![CDATA[<span style="font-size:20px;"><span style="font-family:verdana,geneva,sans-serif;">La disoluci&oacute;n de amoniaco (NH<sub>3</sub>) se usa como fertilizante en los cultivos de trigo y ma&iacute;z. Tambi&eacute;n se utiliza para fabricar productos de limpieza, como desengrasantes y quita manchas.</span></span>]]></description>
<images>
<image path="CN_11_09_REC180_img09n.jpg" border = "0" pathbig="CN_11_09_REC180_img09a.jpg">
<title><![CDATA[]]></title>
</image>
</images>
</page>
<page i="0" visible="true" color="#EFF5E3">
<title>Hidróxido de calcio</title>
<description><![CDATA[<p><span style="font-size:20px;"><span style="font-family:verdana,geneva,sans-serif;">El hidr&oacute;xido de calcio Ca(OH)<sub>2</sub> se utiliza:</span></span></p>

<ul>
	<li><span style="font-size:20px;"><span style="font-family:verdana,geneva,sans-serif;">En odontolog&iacute;a, como antinflamatorio y sustancia antimicrobiana.</span></span><br />
	&nbsp;</li>
	<li><span style="font-size:20px;"><span style="font-family:verdana,geneva,sans-serif;">En la industria de alimentos, como estabilizante en margarinas, mermeladas y productos de pasteler&iacute;a.</span></span><br />
	&nbsp;</li>
	<li><span style="font-size:20px;"><span style="font-family:verdana,geneva,sans-serif;">En el proceso de elaboraci&oacute;n de tortillas, para&nbsp;la cocci&oacute;n del ma&iacute;z, porque suaviza&nbsp;los granos y facilita&nbsp;la eliminaci&oacute;n de las cut&iacute;culas de las semillas.&nbsp; &nbsp; &nbsp; &nbsp; &nbsp; </span></span>&nbsp; &nbsp;</li>
</ul>
]]></description>
<images>
<image path="CN_11_09_REC180_img10n.jpg" border = "0" pathbig="CN_11_09_REC180_img10a.jpg">
<title><![CDATA[]]></title>
</image>
</images>
</page>
</pages>
</section></sections>
</engine>