﻿<?xml version="1.0" encoding="UTF-8"?>
<?xml-stylesheet href="cuadernoestudio/dtd/libro.xslt" type="text/xsl"?>
<!--Arbortext, Inc., 1988-2013, v.4002-->
<!DOCTYPE libro SYSTEM "cuadernoestudio/dtd/libro.dtd">
<libro id="CN_07_10_CO">
<libroTitulo>El enlace químico</libroTitulo>
<seccion1 id="S1_CN_07_10_CO_25EE81D0F3A94E0CA63F8E503161E655">
<seccion1Titulo>El enlace químico</seccion1Titulo>
<seccion1Texto>
<p>El enlace químico es la interacción entre los átomos para formar
compuestos, y una de sus características es la fuerza, la cual mantiene
unidos los átomos de las sustancias. La tendencia a unirse depende
de las configuraciones electrónicas, en particular, las del último
nivel. La posición de los elementos en la tabla periódica da una idea
del tipo de enlace que pueden formar.  </p>
<p>Los átomos se unen entre sí para formar las distintas sustancias
químicas que conocemos. Sin embargo, éstas uniones dependen de las
características de cada elemento. En general, los no metales tienen
afinidad por los metales y tienden a formar compuestos con ellos.
El oxígeno, en particular, tiende a unirse con los metales y también
con otros no metales para formar óxidos. Por el contrario, los gases
nobles tienen muy poca tendencia a unirse con otros y suelen hallarse
en la naturaleza como elementos aislados.  </p>
<p>Existen tres tipos de <negrita>enlaces químicos</negrita>: iónico,
covalente y metálico, estos enlaces determinan en gran medida las
propiedades de las sustancias y permiten clasificarlas en iónicas,
moleculares y metales. Las propiedades de las sustancias dependen
del tipo de enlace entre los átomos que las forman. </p>
<imagen src="CN_07_10_CO_img_01_small.jpg">
<p>Los enlaces químicos permiten la formación de compuestos químicos.
La molécula de ácido sulfúrico (H<subindice>2</subindice>SO<subindice
>4</subindice>) está constituida mediante enlaces químicos entre el
átomo de azufre (amarillo) con cuatro átomos de oxígeno (rojo) y dos
átomos de hidrógeno (blanco) unidos a dos átomos de oxígeno. </p>
</imagen>
<profundiza>
<enlace
destino="/LoIdRedirect.aspx?LoId=CN_07_10_CO_Recurso010&amp;IdRecurso=RES-6FB6AD7937C2420DB6D2DE2EC4BE9B4B"
>El enlace químico</enlace>
</profundiza><practica>
<enlace
destino="/LoIdRedirect.aspx?LoId=CN_07_10_CO_Recurso020&amp;IdRecurso=RES-BDE188E0E50347789824F22EF567D023"
>Aprende sobre los enlaces químicos</enlace>
</practica><seccion2
id="S2_CN_07_10_CO_C280C20291A24FC98674408233EB81B7">
<seccion2Titulo>El enlace iónico</seccion2Titulo>
<seccion2Texto>
<p>El enlace iónico se produce por <negrita>transferencia de electrones</negrita
> de un átomo a otro, siempre entre átomos diferentes. El que los
cede se convierte en un <negrita>catión</negrita>, y el que los recibe
se transforma en un <negrita>anión</negrita>. La fuerza de atracción
entre <negrita>iones</negrita> de signos opuestos los mantiene unidos.</p>
<imagen src="CN_07_10_CO_img_02_small.jpg">
<p>Cuando dos elementos se unen mediante un enlace iónico forman un <negrita
>compuesto iónico</negrita>. Los cationes y los aniones se distribuyen
en el espacio formando una estructura tridimensional ordenada llamada <negrita
>red cristalina</negrita>.</p>
</imagen>
<p>¿Entre qué elementos puede darse un enlace iónico? Entre aquellos
que tienden a <negrita>ceder electrones</negrita> y aquellos que tienden
a <negrita>captarlos</negrita>. Con este fin debemos conocer la configuración
electrónica del último nivel de cada uno. Por ejemplo, los elementos
del grupo 1 (metales alcalinos) de la tabla periódica tienen un solo
electrón en el último nivel; al cederlo se transforman en cationes
con 8 electrones en el nivel más externo, logrando una configuración
estable: </p>
<p>Configuración electrónica del átomo de sodio (Na): 1s<superindice
>2</superindice>2s<superindice>2</superindice>2p<superindice>6</superindice
>3s<superindice>1</superindice></p>
<p>Configuración electrónica del catión sodio (Na<superindice>+</superindice
>): 1s<superindice>2</superindice>2s<superindice>2</superindice>2p<superindice
>6</superindice></p>
<p>Por otra parte, los elementos del grupo 17 (halógenos) necesitan
captar un electrón para completar 8 en el último nivel:</p>
<p>Configuración electrónica del átomo de cloro (Cl): 1s<superindice
>2</superindice>2s<superindice>2</superindice>2p<superindice>6</superindice
>3s<superindice>2</superindice>3p<superindice>5</superindice></p>
<p>Configuración electrónica del anión cloruro (Cl<superindice>-</superindice
>): 1s<superindice>2</superindice>2s<superindice>2</superindice>2p<superindice
>6</superindice>3s<superindice>2</superindice>3p<superindice>6</superindice
></p><?Pub Caret -1?>
<recuerda><recuerdaTexto>
<p>La <negrita>electronegatividad</negrita> se manifiesta cuando los
átomos están unidos o forman enlaces. Se puede definir como la medida
de la capacidad relativa de un átomo de atraer y retener los <negrita
>electrones</negrita> de otro átomo o átomos de un compuesto. A esta
propiedad periódica se le asignaron valores entre cero y cuatro, donde
el cero es el elemento menos electronegativo y el cuatro el más electronegativo.
 </p>
<p>La tendencia de un átomo a unirse con otro depende de cuántos electrones
tenga cada uno en su último nivel de energía y de la electronegatividad.</p>
</recuerdaTexto></recuerda><destacado><destacadoTitulo>Las características
del enlace iónico </destacadoTitulo><destacadoTexto>
<p>El enlace iónico se produce entre átomos de elementos ubicados
en extremos opuestos de la tabla periódica, es decir, entre metales
y no metales. El metal <negrita>cede electrones</negrita> al no metal.
El primero se transforma en un ion con carga positiva o catión, mientras
que el no metal se transforma en un ion con carga negativa. Los <negrita
>iones</negrita> de cargas opuestas se atraen, quedan fuertemente
unidos y se disponen en el espacio de manera ordenada formando redes
cristalinas.   </p>
<p>La diferencia de <negrita>electronegatividad</negrita> entre dos
átomos que tengan enlace iónico es mayor a 1,7 (diferencia que es
una guía para determinar el tipo de enlace). Por ejemplo, el sodio
con electronegatividad de 0,9 y el cloro con electronegatividad de
3,1 se unen mediante un enlace iónico para formar cloruro de sodio
(NaCl); la diferencia de electronegatividad entre estos dos elementos
es 2,2. </p>
</destacadoTexto></destacado><profundiza>
<enlace
destino="/LoIdRedirect.aspx?LoId=CN_07_10_CO_Recurso030&amp;IdRecurso=RES-11B4056753E84D148ECF2E01257EC158"
>Los iones y los compuestos iónicos</enlace>
</profundiza></seccion2Texto></seccion2><seccion2
id="S2_CN_07_10_CO_1DD4BF92CF9749C38A675B084B8CE76A">
<seccion2Titulo>El enlace covalente</seccion2Titulo>
<seccion2Texto>
<p>Cuando los átomos no tienen posibilidad de perder o ganar electrones,
los <negrita>comparten</negrita>. Cada par de electrones (uno de cada
átomo) compartido forma un enlace. En este caso, se constituyen sustancias <negrita
>moleculares</negrita>, que pueden estar formadas por átomos iguales
o diferentes.  </p>
<p>Por ejemplo, dos átomos de cloro comparten un electrón de su último
nivel, de modo que ambos logran tener 8 electrones (7 propios y 1
compartido) y forman una molécula de cloro. </p>
<p>Dos átomos pueden compartir 2, 4 o 6 electrones, lo que da lugar
a un enlace covalente <negrita>simple</negrita>, <negrita>doble</negrita
> o <negrita>triple</negrita>, respectivamente.</p>
<imagen src="CN_07_10_CO_img_03_small.jpg">
<p>En este compuesto los dos átomos de carbono consiguen los 8 electrones
compartiendo 3 enlaces (covalente triple) con el otro átomo de carbono,
y 2 enlaces (covalente simple) con los átomos de hidrógeno, para completar
su última capa.</p>
</imagen>
<destacado><destacadoTitulo>La regla del octeto</destacadoTitulo>
<destacadoTexto>
<p>La regla del octeto plantea que los átomos de los elementos se
unen solo si ambos consiguen completar ocho electrones en su última
capa o nivel. Esto se conoce como <negrita>regla del octeto</negrita
>. Se considera que los átomos de cualquier otro elemento forman enlaces
para conseguir 8 electrones en su último nivel y aumentar su <negrita
>estabilidad</negrita>, asemejándose a la estructura de los gases
nobles. </p>
<p>El hidrógeno, en cambio, consigue estabilidad con solo 2 electrones,
ya que de esta manera se asemeja al gas noble helio. Por ejemplo,
un átomo de sodio se une con un átomo de cloro y de esta forma ambos
consiguen tener 8 electrones en la última capa.</p>
</destacadoTexto></destacado>
<p> La diferencia de <negrita>electronegatividad</negrita> entre dos
átomos que tengan enlace covalente es menor a 1,7. Por ejemplo, el
carbono con electronegatividad de 2,6 y el oxígeno con electronegatividad
de 3,5 se unen mediante un enlace covalente para formar dióxido de
carbono (CO<subindice>2</subindice>); la diferencia de electronegatividad
entre estos dos elementos es 0,9). </p>
<practica>
<enlace
destino="/LoIdRedirect.aspx?LoId=CN_07_10_CO_Recurso040&amp;IdRecurso=RES-2B3B5C43DDAC44B9AF99A61A0577FB71"
>El enlace covalente </enlace>
</practica></seccion2Texto></seccion2><seccion2
id="S2_CN_07_10_CO_82659E754E9B4051BF401131A3664A6D">
<seccion2Titulo>El enlace metálico</seccion2Titulo>
<seccion2Texto>
<p>En el <negrita>enlace metálico</negrita> los átomos de los <negrita
>metales</negrita> poseen pocos electrones en su último nivel, pero
también una escasa tendencia a atraer otros. En este tipo de enlace
hay unión entre los <negrita>núcleos atómicos</negrita> y los <negrita
>electrones de valencia</negrita> (última capa) que se juntan alrededor
como una nube. La fuerza de atracción entre las cargas opuestas los
mantiene unidos. Los núcleos se acomodan formando una red tridimensional
compacta. Los electrones no pertenecen a ningún átomo en particular
y tienen una gran movilidad. </p>
<imagen src="CN_07_10_CO_img_04_small.jpg">
<p>En el enlace metálico, los electrones se encuentran deslocalizados,
y los núcleos forman redes iónicas positivas. </p>
</imagen>
<practica>
<enlace
destino="/LoIdRedirect.aspx?LoId=CN_07_10_CO_Recurso050&amp;IdRecurso=RES-DA318DB9742442549D5DD5CE72672C4F"
>¿Qué sabes sobre los enlaces químicos?</enlace>
<enlace
destino="/LoIdRedirect.aspx?LoId=CN_07_10_CO_Recurso060&amp;IdRecurso=RES-96CD04BF7EF942C8A5F0F7C81C8C62AC"
>Identifica el enlace químico de los compuestos</enlace>
</practica></seccion2Texto></seccion2><seccion2
id="S2_CN_07_10_CO_75BD56FF578B47F8A472C9229B9F54A4">
<seccion2Titulo>Consolidación</seccion2Titulo>
<seccion2Texto>
<p>Actividad para consolidar lo que has aprendido en esta sección.</p>
<practica>
<enlace
destino="/LoIdRedirect.aspx?LoId=CN_07_10_CO_Recurso080&amp;IdRecurso=RES-1F489ACB33AA43BFBF3987B9AC64B013"
>Refuerza tu aprendizaje: Los enlaces químicos</enlace>
</practica></seccion2Texto></seccion2></seccion1Texto></seccion1>
<seccion1 id="S1_CN_07_10_CO_059A1F4AC6DA47B1BD9C669B8741566C">
<seccion1Titulo>Los compuestos químicos y su representación</seccion1Titulo>
<seccion1Texto>
<p>A medida que se fueron descubriendo y sintetizando en diferentes
lugares nuevos compuestos, se hizo necesario el empleo de reglas que
permitieran de manera universal unificar la representación de las
sustancias para evitar confusiones. <negrita>Los compuestos químicos</negrita
> se representan mediante <negrita>fórmulas químicas</negrita> que
deben cumplir unas reglas específicas. </p>
<p>La International Union of Pure and Applied Chemistry <negrita>(IUPAC)</negrita
> (Unión Internacional de Química Pura y Aplicada), es la encargada
de generar las reglas universales para la escritura, nomenclatura,
simbología, transporte y estandarización de sustancias, entre otras. </p>
<p>Una <negrita>fórmula</negrita> es una representación simbólica
en la que se indica la relación entre los átomos que hacen parte de
un compuesto.</p>
<p>Para representar una fórmula se utilizan letras, que son los <negrita
>símbolos</negrita> de los elementos, y números, que indican la <negrita
>proporción de átomos</negrita> de cada uno y siempre se escriben
como <negrita>subíndices</negrita>, a la derecha de los símbolos de
los elementos.</p>
<imagen src="CN_07_10_CO_img_05_small.jpg">
<p>Este <negrita>compuesto</negrita> está formado por <negrita>tres
elementos</negrita>: sodio (Na), azufre (S) y oxígeno (O). Los <negrita
>subíndices</negrita> a la derecha de cada uno de ellos indican el <negrita
>número de átomos</negrita> de cada elemento que constituye la molécula.
Observa que hay un átomo de azufre, pero el número 1 no se escribe
pues se sobrentiende que el símbolo representa un átomo del elemento.</p>
</imagen>
<profundiza>
<enlace
destino="/LoIdRedirect.aspx?LoId=CN_07_10_CO_Recurso090&amp;IdRecurso=RES-FBC7FDC28FF1450988299CF2CC83252D"
>Importancia de la formulación química en la vida cotidiana</enlace>
</profundiza><seccion2
id="S2_CN_07_10_CO_9666981D4E2C4B82BC8FE2732282FC67">
<seccion2Titulo>La fórmula molecular</seccion2Titulo>
<seccion2Texto>
<p>Una <negrita>fórmula molecular</negrita> expresa la proporción
en que se encuentran los elementos en la molécula de un compuesto. </p>
<p>En cambio, en una <negrita>fórmula desarrollada</negrita>, además
de representar los símbolos de los elementos y su número, se utilizan
líneas para mostrar los <negrita>enlaces</negrita>.</p>
<imagen src="CN_07_10_CO_img_06_small.jpg">
<p>La fórmula desarrollada de la molécula de agua no solo muestra
el número de átomos de hidrógeno y oxígeno que la componen, sino también
los enlaces entre ellos.</p>
</imagen>
</seccion2Texto></seccion2><seccion2
id="S2_CN_07_10_CO_9666981D4E2C4B82BC8FE2732282FC78">
<seccion2Titulo>La fórmula empírica</seccion2Titulo>
<seccion2Texto>
<p>Una <negrita>fórmula empírica</negrita> representa la mínima proporción
de átomos presentes en un compuesto. En muchos casos coincide con
la fórmula molecular, pero en otros no. Por ejemplo, la fórmula molecular
del benceno es C<subindice>6</subindice>H<subindice>6</subindice> pero
la empírica es CH. La primera indica la molécula real que tiene 6
átomos de carbono y 6 de hidrógeno; mientras que la segunda indica
que los átomos se encuentran en la proporción 1:1. </p>
<practica>
<enlace
destino="/LoIdRedirect.aspx?LoId=CN_07_10_CO_Recurso110&amp;IdRecurso=RES-E76026454CF74BCAA2726A3A3640E7C0"
>Diferencia entre fórmulas moleculares y empíricas</enlace>
<enlace
destino="/LoIdRedirect.aspx?LoId=CN_07_10_CO_Recurso120&amp;IdRecurso=RES-8F94D5047EA94D83976A9AC4C244C178"
>Clasifica las fórmulas químicas</enlace>
</practica></seccion2Texto></seccion2><seccion2
id="S2_CN_07_10_CO_9666981D4E2C4B82BC8FE2732282FC89">
<seccion2Titulo>Consolidación</seccion2Titulo>
<seccion2Texto>
<p>Actividad para consolidar lo que has aprendido en esta sección.</p>
<practica>
<enlace
destino="/LoIdRedirect.aspx?LoId=CN_07_10_CO_Recurso130&amp;IdRecurso=RES-61D6E7E2099647E48B5D2EB1FD55E776"
>Refuerza tu aprendizaje: Las fórmulas químicas</enlace>
</practica></seccion2Texto></seccion2></seccion1Texto></seccion1>
<seccion1 id="S1_CN_07_10_CO_67FEB6FD50BA4BA9953A59C91A0E1B0B">
<seccion1Titulo>Los compuestos binarios</seccion1Titulo>
<seccion1Texto>
<p>Además de su fórmula, cada sustancia tiene un nombre específico;
conociéndolo se puede deducir su fórmula y asimismo, si conocemos
esta última podemos deducir su nombre específico. </p>
<p>Aprenderemos a nombrar <negrita>compuestos binarios</negrita>,
es decir, aquellos que están formados por dos elementos diferentes.
En la siguiente tabla puedes conocer algunos ejemplos, entre ellos:
óxidos, hidruros y sales binarias.</p>
<table border="1"><caption>Los compuestos binarios</caption><colgroup>
<col/><col/><col/></colgroup>
<tbody>
<tr>
<td><negrita>Tipo de compuesto</negrita></td>
<td><negrita>Elemento A</negrita></td>
<td><negrita>Elemento B</negrita></td>
</tr>
<tr>
<td>Óxido metálico</td>
<td>Oxígeno</td>
<td>Metal</td>
</tr>
<tr>
<td>Óxido no metálico</td>
<td>Oxígeno</td>
<td>No metal</td>
</tr>
<tr>
<td>Hidruro metálico</td>
<td>Hidrógeno</td>
<td>Metal</td>
</tr>
<tr>
<td>Hidrácido</td>
<td>Hidrógeno</td>
<td>Halógeno</td>
</tr>
<tr>
<td>Sal binaria</td>
<td>Metal</td>
<td>No metal</td>
</tr>
</tbody>
</table>
<profundiza>
<enlace
destino="/LoIdRedirect.aspx?LoId=CN_07_10_CO_Recurso140&amp;IdRecurso=RES-039BF02A0ED9492C88AEC97B34BF01C7"
>La formación de compuestos binarios entre el oxígeno y los metales</enlace>
</profundiza><destacado><destacadoTitulo>El estado de oxidación</destacadoTitulo>
<destacadoTexto>
<p>Indica la capacidad de un elemento para <negrita>combinarse con
otro</negrita>. Es la carga eléctrica aparente que un átomo tendría
al unirse con otro elemento. Va precedido de un signo positivo o negativo
que señala la carga del elemento. Es indicador del grado de oxidación
de un átomo (la oxidación se presenta cuando se pierden electrones).
 Los estados de oxidación figuran en el cuadro correspondiente a cada
elemento en la tabla periódica. Por ejemplo, el cloro presenta cuatro
números de oxidación: <negrita>+/-1,+3,+5,+7</negrita> y el oxígeno
en los óxidos es <negrita>-2</negrita>: </p>
</destacadoTexto></destacado><practica>
<enlace
destino="/LoIdRedirect.aspx?LoId=CN_07_10_CO_Recurso150&amp;IdRecurso=RES-9BCC27D6176E40219CA49CAD48C29C49"
>Conoce los compuestos binarios</enlace>
</practica><seccion2
id="S2_CN_07_10_CO_0CB57C54FC4544609F62EA7A28E4F080">
<seccion2Titulo>Nomenclatura tradicional de compuestos binarios</seccion2Titulo>
<seccion2Texto>
<p>En la actualidad, la IUPAC reconoce que existen tres sistemas de
nomenclatura: la sistemática, la de Stock y la tradicional. </p>
<p>En la <negrita>nomenclatura tradicional</negrita> los compuestos
formados por oxígeno y otro elemento se nombran con la palabra <negrita
>óxido</negrita>.  </p>
<p>En esta nomenclatura se emplea el sufijo -<negritacursiva>oso</negritacursiva
> para indicar el estado de oxidación menor, e -<negritacursiva>ico</negritacursiva
> para el mayor. Si el elemento tiene un único estado de oxidación,
no se añade ningún sufijo. Por ejemplo: Fe <superindice>+2</superindice
><cursiva>O</cursiva><superindice>-2</superindice> , es óxido ferroso,
porque tiene el número menor de oxidación (el hierro presenta dos
números de oxidación: +2 y +3). </p>
<listaSinNumerar>
<listaElemento>En la nomenclatura tradicional, algunos elementos se
nombran usando las raíces latinas de sus nombres por ejemplo: <p>Hierro: <cursiva
>ferrum</cursiva>, es decir se nombra como ferroso / férrico.  </p
><p>Azufre: <cursiva>sulfur</cursiva>, es decir se nombra como sulfuroso / sulfúrico. </p
><p>Cobre = <cursiva>curum</cursiva>, es decir se nombra como cuproso / cúprico. </p
><p>Oro = <cursiva>aurum</cursiva>, es decir se nombra como auroso / áurico. </p
></listaElemento>
<listaElemento>Para los elementos que tienen tres números de oxidación
el número menor tiene como prefijo -<negritacursiva>hipo</negritacursiva
> y sufijo –<negritacursiva>oso</negritacursiva>; para el intermedio
tiene como sufijo -oso y para el mayor el sufijo es –<negritacursiva
>ico</negritacursiva>. Por ejemplo: el S<superindice>+6</superindice
> <cursiva>O</cursiva><subindice>3</subindice><superindice>-2</superindice
>) se nombra como óxido sulfúrico (el azufre está presente con el
número de oxidación +6 que es el mayor). </listaElemento>
<listaElemento>Algunos elementos como los <negrita>halógenos</negrita
> son un caso especial ya que presentan <negrita>4 estados de oxidación</negrita
> diferentes en sus combinaciones con el oxígeno. En este caso, se
añaden prefijos, además de los sufijos mencionados:<p>Para el menor: <negrita
>hipo...oso</negrita>. </p><p>Para el intermedio menor: <negrita>...oso</negrita
>. </p><p>Para el intermedio mayor: <negrita>...ico</negrita>. </p
><p>Para el mayor: per… <negrita>ico</negrita>.</p><p>Por ejemplo,
el cloro que presenta los números de oxidación: <negrita>+1, -1,+3,+5,+7</negrita
>, forma el óxido cloroso Cl<subindice>–2</subindice><superindice
>+3</superindice> <cursiva>O</cursiva><subindice>3</subindice><superindice
>-2</superindice> que es el número de oxidación intermedio menor. </p
></listaElemento>
<listaElemento>Para nombrar los <negrita>haluros</negrita> se añade
la terminación <negritacursiva>–uro</negritacursiva> en la raíz del
nombre del no metal. Por ejemplo, el HCl es el cloruro de hidrógeno.
También se pueden nombrar anteponiendo la palabra <negritacursiva
>ácido</negritacursiva> y el sufijo <negritacursiva>hídrico</negritacursiva
> en la raíz del no metal, es decir, el HCl se puede nombrar como
ácido clorhídrico (si se encuentra en solución acuosa).</listaElemento>
<listaElemento>Para nombrar las <negrita>sales binarias</negrita> se
utiliza el nombre del no metal terminado en <negritacursiva>uro</negritacursiva
>, seguido del nombre del metal. Ejemplo: NaCl, cloruro de sodio.
Para el caso del HCI es cloruro de hidrógeno) (se menciona como ácido
cuando está en solución acuosa). </listaElemento>
<listaElemento>Algunos compuestos no metálicos reciben nombres especiales
como NH<subindice>3</subindice>, que se conoce como <negrita>amoniaco</negrita
>. </listaElemento>
</listaSinNumerar>
<imagen src="CN_07_10_CO_img_07_small.jpg">
<p>La sal de cocina o cloruro de sodio es un compuesto binario formado
por cloro y sodio. Cristales de cloruro de sodio.</p>
</imagen>
<practica>
<enlace
destino="/LoIdRedirect.aspx?LoId=CN_07_10_CO_Recurso160&amp;IdRecurso=RES-B3F631A275C74A43B1E87638D341ADCA"
>Conoce los puntos de fusión y ebullición de las sustancias</enlace>
<enlace
destino="/LoIdRedirect.aspx?LoId=CN_07_10_CO_Recurso170&amp;IdRecurso=RES-BFD8C125CDCE4287972AA31B211ED5BA"
>Nomenclatura tradicional de compuestos binarios </enlace>
</practica></seccion2Texto></seccion2><seccion2
id="S2_CN_07_10_CO_3C8933217A044B3CAF4C035BEBE3F3F9">
<seccion2Titulo>La nomenclatura Stock de compuestos binarios</seccion2Titulo>
<seccion2Texto>
<p>En esta nomenclatura, el nombre se compone de la palabra óxido
seguida del nombre del metal y, a continuación, su número de oxidación
entre paréntesis. </p>
<p>Por ejemplo: <cursiva>Fe</cursiva><subindice> 2</subindice><superindice
>+3</superindice> <cursiva>O</cursiva><subindice>3</subindice> <superindice
>-2</superindice> es el óxido de hierro (III).</p>
<imagen src="CN_07_10_CO_img_08_small.jpg">
<p>El cobre puede formar el óxido de cobre (I) (Cu<subindice>2</subindice
><superindice>+1</superindice><cursiva>O</cursiva><superindice>-2</superindice
> ) y el óxido de cobre (II) (<cursiva>Cu</cursiva><superindice>+2</superindice
>O<superindice>-2</superindice> ) , ambas sustancias con múltiples
aplicaciones a nivel industrial.</p>
</imagen>
<practica>
<enlace
destino="/LoIdRedirect.aspx?LoId=CN_07_10_CO_Recurso180&amp;IdRecurso=RES-086622BF074845519FB7D16F375FB0A6"
>Nomenclatura Stock de compuestos binarios </enlace>
</practica></seccion2Texto></seccion2><seccion2
id="S2_CN_07_10_CO_E2C608B9303B40B3B69445A13F790774">
<seccion2Titulo>Nomenclatura sistemática de compuestos binarios</seccion2Titulo>
<seccion2Texto>
<p>En la nomenclatura sistemática se emplean prefijos para indicar
el número de átomos de cada elemento.</p>
<listaSinNumerar>
<listaElemento>Los <negrita>prefijos</negrita> para indicar el <negrita
>número de átomos</negrita> en la <negrita>nomenclatura sistemática</negrita
> son: <cursiva>di</cursiva>- (2), <cursiva>tri</cursiva>- (3), <cursiva
>tetra</cursiva>- (4), <cursiva>penta</cursiva>- (5), <cursiva>hexa</cursiva
>- (6) y <cursiva>hepta</cursiva>- (7). Por ejemplo, Cl<subindice
>2</subindice>O<subindice>5</subindice> en la nomenclatura sistemática
es el pentaóxido de dicloro. En las siguientes tablas encontrarás
la nomenclatura sistemática de los óxidos, hidruros y sales binarias:</listaElemento>
</listaSinNumerar>
<table border="1"><caption>La nomenclatura de los óxidos</caption>
<colgroup><col/><col/><col/></colgroup>
<tbody>
<tr>
<td><negrita>Nomenclatura</negrita></td>
<td><negrita>Nombre</negrita></td>
<td><negrita>Ejemplos</negrita></td>
</tr>
<tr>
<td rowspan="2"><negrita>Sistemática</negrita></td>
<td rowspan="2">Prefijo-óxido + de + prefijo-nombre del elemento</td>
<td>Dióxido de carbono (CO<subindice>2</subindice>) </td>
</tr>
<tr>
<td>Trióxido de dialuminio (Al<subindice>2</subindice>O<subindice
>3</subindice>)</td>
</tr>
<tr>
<td rowspan="2"><negrita>Stock</negrita></td>
<td rowspan="2">Óxido + de + nombre del elemento + (estado de oxidación)</td>
<td>Óxido de carbono (IV) (CO<subindice>2</subindice>)</td>
</tr>
<tr>
<td>Óxido de aluminio (III) (Al<subindice>2</subindice>O<subindice
>3</subindice>)</td>
</tr>
<tr>
<td rowspan="4"><negrita>Tradicional</negrita></td>
<td rowspan="2">Óxido + nombre del metal-sufijo</td>
<td>Óxido cuproso (Cu<subindice>2</subindice>O)</td>
</tr>
<tr>
<td>Óxido cúprico (CuO)</td>
</tr>
<tr>
<td rowspan="2">óxido + nombre del no metal-sufijo</td>
<td>Óxido sulfuroso (SO<subindice>2</subindice>)</td>
</tr>
<tr>
<td>Óxido carbónico (CO<subindice>2</subindice>)</td>
</tr>
</tbody>
</table>
<table border="1"><caption>La nomenclatura de los hidruros</caption>
<colgroup><col/><col/><col/></colgroup>
<tbody>
<tr>
<td><negrita>Nomenclatura</negrita></td>
<td><negrita>Nombre</negrita></td>
<td><negrita>Ejemplos</negrita></td>
</tr>
<tr>
<td rowspan="2">Sistemática</td>
<td>Prefijo-hidruro + de + nombre del metal</td>
<td>Dihidruro de calcio (CaH<subindice>2</subindice>)</td>
</tr>
<tr>
<td>Nombre del no metal-uro + de + prefijo-hidrógeno</td>
<td>Sulfuro de dihidrógeno (H<subindice>2</subindice>S)</td>
</tr>
<tr>
<td>Stock</td>
<td>Hidruro + de + nombre del elemento + (estado de oxidación)</td>
<td>Hidruro de calcio (II) (CaH<subindice>2</subindice>)</td>
</tr>
<tr>
<td rowspan="2">Tradicional</td>
<td>Hidruro + nombre del metal</td>
<td>Hidruro de calcio (CaH<subindice>2</subindice>)</td>
</tr>
<tr>
<td>Ácido + nombre del no metal-hídrico</td>
<td>Ácido sulfhídrico (H<subindice>2</subindice>S) </td>
</tr>
</tbody>
</table>
<table border="1"><caption>La nomenclatura de las sales binarias</caption>
<colgroup><col/><col/><col/></colgroup>
<tbody>
<tr>
<td><negrita>Nomenclatura</negrita></td>
<td><negrita>Nombre</negrita></td>
<td><negrita>Ejemplos</negrita></td>
</tr>
<tr>
<td>Sistemática</td>
<td rowspan="2">Prefijo-nombre del no metal-uro + de + prefijo-nombre
del metal</td>
<td>Tricloruro de hierro (FeCl<subindice>3</subindice>)</td>
</tr>
<tr>
<td></td>
<td>Sulfuro de magnesio (MgS)</td>
</tr>
<tr>
<td>Stock</td>
<td rowspan="2">Prefijo-nombre del no metal-uro + de + nombre del
metal + (estado de oxidación)</td>
<td>Cloruro de hierro (III) (FeCl<subindice>3</subindice>)</td>
</tr>
<tr>
<td></td>
<td>Sulfuro cuproso (Cu<subindice>2</subindice>S)</td>
</tr>
<tr>
<td>Tradicional</td>
<td>Nombre del no metal-uro + de + nombre del metal-sufijo</td>
<td>Cloruro férrico (FeCl<subindice>3</subindice>)</td>
</tr>
</tbody>
</table>
</seccion2Texto></seccion2><seccion2
id="S2_CN_07_10_CO_E2C608B9303B40B3B69445A13F790885">
<seccion2Titulo>Consolidación</seccion2Titulo>
<seccion2Texto>
<p>Actividad para consolidar lo que has aprendido en esta sección.</p>
<practica>
<enlace
destino="/LoIdRedirect.aspx?LoId=CN_07_10_CO_Recurso200&amp;IdRecurso=RES-876A515E291D4E009203F6742186C021"
>Refuerza tu aprendizaje: Los nombres de las sustancias</enlace>
</practica></seccion2Texto></seccion2></seccion1Texto></seccion1>
<seccion1 id="S1_CN_07_10_CO_5E4074920B904680A9B35FAE7C4ABE3E">
<seccion1Titulo>La química en nuestra vida</seccion1Titulo>
<seccion1Texto>
<p>La química está presente en la sociedad en campos tan diversos
como la medicina, la alimentación, el transporte y en infinidad de
productos de uso diario que contribuyen a mejorar nuestra <negrita
>calidad de vida</negrita>. </p>
<p>Para fabricar los productos se necesitan <negrita>materias primas</negrita
>, que se transforman en otras sustancias mediante procesos químicos,
y <negrita>fuentes de energía</negrita>, para que esos procesos se
puedan llevar a cabo. </p>
<p>Las materias primas se obtienen de los <negrita>recursos naturales</negrita
>, ya sean minerales, animales o vegetales, pero en todos los casos
son <negrita>agotables</negrita>. </p>
<p>Las fuentes de energía pueden ser <negrita>renovables</negrita
> o <negrita>no renovables</negrita>. A partir de la Revolución Industrial,
el consumo de fuentes de energía no renovables (petróleo, carbón y
gas natural) ha ido en aumento y su uso indiscriminado ha provocado
graves problemas de contaminación ambiental. El conocimiento de las
características de los combustibles y la combustión ayuda a hacer
un uso racional de estos recursos. </p>
<imagen src="CN_07_10_CO_img_09_small.jpg">
<p>Los <negrita>productos químicos</negrita> se emplean en múltiples
situaciones de la vida cotidiana. El asfalto de las carreteras, el
gas para cocinar los alimentos, los medicamentos y los fuegos artificiales
son solo algunas de sus aplicaciones.</p>
</imagen>
<p>Por otra parte, ante la posibilidad del agotamiento de las fuentes
de energía no renovables, se están desarrollando tecnologías para
aprovechar nuevas fuentes de energía renovables como la hidráulica,
la solar, la eólica, la geotérmica y la mareomotriz, que además tienen
un impacto mucho menor sobre el medio ambiente.</p>
<profundiza>
<enlace
destino="/LoIdRedirect.aspx?LoId=CN_07_10_CO_Recurso210&amp;IdRecurso=RES-B46EB1035D5E4FA09A5738FDAF21D22F"
>El futuro de la química</enlace>
</profundiza><practica>
<enlace
destino="/LoIdRedirect.aspx?LoId=CN_07_10_CO_Recurso220&amp;IdRecurso=RES-D2F9F725F865439A83B710CDF9CFA73F"
>Importancia de la química     </enlace>
</practica><seccion2
id="S2_CN_07_10_CO_E4BE3B57CDBE454199361739A73BB127">
<seccion2Titulo>Las fuentes de materias primas</seccion2Titulo>
<seccion2Texto>
<p>A pesar de la enorme variedad de productos que elabora la industria
química, sus <negrita>materias primas</negrita> son relativamente
pocas. Todas proceden de <negrita>recursos naturales</negrita>: el
aire, el agua, algunos minerales o rocas, además de vegetales o animales.
Algunas materias primas importantes son: </p>
<p>El <negrita>carbonato de sodio</negrita>: se obtiene de los yacimientos
de caliza y se usa en las industrias del vidrio, los detergentes y
la industria química en general. </p>
<p>Los <negrita>fosfatos</negrita>: se obtienen de rocas fosfatadas,
como el apatito, y se destinan a la fabricación de detergentes, fertilizantes
y alimentos. </p>
<p>El <negrita>gas de síntesis</negrita>, <negrita>etileno</negrita
>, <negrita>propileno</negrita>, <negrita>butadieno</negrita> y <negrita
>benceno</negrita>: se obtienen del petróleo y dan origen a una gran
variedad de productos usados en la fabricación de fertilizantes, caucho
artificial, fibras sintéticas, plásticos, detergentes, etc. </p>
<p>Los <negrita>compuestos sintéticos</negrita>: se obtienen por síntesis
a partir del carbón y el petróleo, y se usan para fabricar perfumes,
colorantes, disolventes, pinturas, medicamentos, explosivos, fertilizantes
nitrogenados, plásticos, fibras sintéticas, etc. </p>
<p>La química contribuye al bienestar de la sociedad, no solo por
los productos que fábrica la industria química, sino también porque
es una ciencia multidisciplinaria y sus investigaciones se encuentran
relacionadas con variedad de ramas del conocimiento, como la biología,
la física, la medicina y la ecología, entre otras. </p>
<p>Como se señaló, en el futuro las fuentes de energía renovables
serán de uso común. Puede que la química, junto con otras ciencias,
encuentre otras fuentes de energía de este tipo que no conocemos en
la actualidad. También es probable que la química sostenible cobre
una mayor importancia y consiga crear nuevas tecnologías respetuosas
con el medio ambiente.  </p>
<p>Los químicos ya investigan, por ejemplo, la obtención de nuevos
carburantes más ecológicos y eficientes, como las <negrita>pilas de
combustible</negrita>, que transforman hidrógeno y aire en energía
eléctrica y vapor de agua. Estas y otras investigaciones tendrán un
importante papel en el futuro para reducir las emisiones en todo el
planeta. </p>
<imagen src="CN_07_10_CO_img_10_small.jpg">
<p>Uno de los objetivos fundamentales de la investigación en química
es la obtención de <negrita>nuevos compuestos</negrita> sintéticos.</p>
</imagen>
<practica>
<enlace
destino="/LoIdRedirect.aspx?LoId=CN_07_10_CO_Recurso230&amp;IdRecurso=RES-856B57FDBED14E7B955EED4474D1848D"
>La obtención de materias primas </enlace>
</practica></seccion2Texto></seccion2><seccion2
id="S2_CN_07_10_CO_F075447AB8184A7B8C496CCB2A90CB3C">
<seccion2Titulo>Los materiales de la industria química</seccion2Titulo>
<seccion2Texto>
<p>Existen varios tipos de industrias químicas que elaboran productos
tan diversos como papel, porcelana, vidrio, todo tipo de plásticos,
medicamentos y fibras textiles, entre otros. </p>
<p>La industria <negrita>metalúrgica</negrita> se ocupa de los procesos
de obtención de metales a partir de sus minerales y de la fabricación
de <negrita>aleaciones</negrita> como el bronce o el acero.</p>
<p>La <negrita>industria agroalimentaria</negrita> fabrica materiales
que luego se emplean para producir y conservar alimentos, como los <negrita
>fertilizantes</negrita> (favorecen el crecimiento vegetal), los <negrita
>pesticidas</negrita> (evitan el crecimiento de plagas en los cultivos),
los <negrita>conservantes</negrita> y <negrita>aditivos alimentarios</negrita
> (evitan el deterioro causado por bacterias, levaduras y mohos) y
los <negrita>biocarburantes</negrita> (mezclas de hidrocarburos combustibles). </p>
<p>La industria <negrita>farmacéutica</negrita> sintetiza todo tipo
de <negrita>fármacos</negrita> (por ejemplo, el ácido acetilsalicílico
o el paracetamol), <negrita>suplementos alimenticios</negrita> (proteínas,
vitaminas, minerales, etc.) y <negrita>reactivos para el diagnóstico</negrita
> y <negrita>tratamiento</negrita> del cáncer y otras enfermedades,
a partir de elementos radiactivos. </p>
<p>La industria <negrita>petroquímica</negrita> produce derivados
del petróleo que se usan como materias primas en la industria textil,
en la fabricación de pigmentos y pinturas, y en la obtención de plásticos.
Algunos de estos materiales son: <negrita>etileno</negrita> (fabricación
de plásticos como el polietileno o PE), <negrita>compuestos aromáticos</negrita
> como el benceno (fabricación de detergentes), <negrita>lubricantes</negrita
> (para la industria del automóvil), <negrita>nailon</negrita> y <negrita
>poliéster</negrita> (fabricación de fibras textiles sintéticas) y <negrita
>disolventes</negrita> y <negrita>pigmentos</negrita> (fabricación
de pinturas).</p>
<imagen src="CN_07_10_CO_img_11_small.jpg">
<p>A partir del benceno se obtienen numerosos compuestos, entre los
que cabe destacar las anilinas, empleadas como colorantes, el trinitrotolueno,
potente explosivo, y una gran variedad de polímeros utilizados en
la <negrita>industria de los plásticos</negrita>.</p>
</imagen>
<practica>
<enlace
destino="/LoIdRedirect.aspx?LoId=CN_07_10_CO_Recurso240&amp;IdRecurso=RES-237FE41AD43F4A6BA0EB56D4DEEA807E"
>Conoce qué materiales de uso diario proporciona la química</enlace>
</practica></seccion2Texto></seccion2><seccion2
id="S2_CN_07_10_CO_F075447AB8184A7B8C507CCB2A90CB3C">
<seccion2Titulo>Consolidación</seccion2Titulo>
<seccion2Texto>
<p>Actividad para consolidar lo que has aprendido en esta sección.</p>
<practica>
<enlace
destino="/LoIdRedirect.aspx?LoId=CN_07_10_CO_Recurso250&amp;IdRecurso=RES-06A92E227AAB4696802B29E9C9A8F00B"
>Refuerza tu aprendizaje: La química en nuestra vida</enlace>
</practica></seccion2Texto></seccion2></seccion1Texto></seccion1>
<seccion1 id="S1_CN_07_10_CO_02AE1D2F7BD441DA8A1C1F6439C26EF0">
<seccion1Titulo>Competencias</seccion1Titulo>
<seccion1Texto>
<p>Pon a prueba tus capacidades y aplica lo aprendido con estos recursos.</p>
<practica>
<enlace
destino="/LoIdRedirect.aspx?LoId=CN_07_10_CO_Recurso260&amp;IdRecurso=RES-6C9347CF95CE4D318CB49A6052F965D0"
>Competencias: reconocimiento de los enlaces químicos</enlace>
<enlace
destino="/LoIdRedirect.aspx?LoId=CN_07_10_CO_Recurso270&amp;IdRecurso=RES-7357CF99FFD644068F84F744C7447E45"
>Competencias: propiedades de los enlaces químicos</enlace>
</practica></seccion1Texto></seccion1><masinformacion
id="MI_CN_07_10_CO_A71C37F09C0C4BFCA7181EFF1B104A17"><mapaconceptual>
<enlace
destino="/LoIdRedirect.aspx?LoId=CN_07_10_CO_Recurso290&amp;IdRecurso=RES-AFCC4F520E554FFBA62800D0EFE7C5AE"
>Mapa Conceptual</enlace></mapaconceptual><autoevaluate><enlace
destino="/LoIdRedirect.aspx?LoId=CN_07_10_CO_Recurso300&amp;IdRecurso=RES-2503E5115A124625847DBDE1EA80F143"
>Evaluación</enlace></autoevaluate><enlacesreferencia>
<enlace
destino="http://concurso.cnice.mec.es/cnice2005/93_iniciacion_interactiva_materia/curso/materiales/enlaces/activfinal.htm"
>Puedes practicar ejercicios sobre los enlaces químicos en la página
del Instituto Nacional de Tecnologías Educativas y de Formación del
Profesorado (INTEF), del Ministerio de Educación, Cultura y Deporte.</enlace>
<enlace
destino="http://www.edu.xunta.es/centros/iesvirxedomar/system/files/ActividadesENLACE.pdf"
>Puedes realizar actividades sobre enlaces químicos y comprobar tus
respuestas en la página de la Conselleria de Cultura, Educación e
Ordenación Universitaria de la Xunta de Galicia.</enlace>
<enlace destino="http://www.colegiolaconcepcion.org/aformular/">Puedes
ampliar información sobre formulación y nomenclatura de compuestos
binarios en el aplicativo del colegio La Concepción, de Ontinyent
(Valencia), del Ministerio de Educación, Cultura y Deporte.</enlace>
<enlace
destino="http://www.juanjoeldefisica.com/FYQ/ejercicioshidruros/hidrurosI.htm"
>Puedes practicar ejercicios sobre formulación y nomenclatura de óxidos
en el blog Física y Química de Juanjo Florido.</enlace>
</enlacesreferencia></masinformacion></libro>
