﻿<?xml version="1.0" encoding="utf-8"?><motor tipo="1" clase="a" aprid="M1a">
  <plataforma>
    <grado><![CDATA[2]]></grado>
    <titulo>Conoce los puntos de fusión y ebullición de las sustancias</titulo>
    <area>6</area>
    <nivel><![CDATA[2]]></nivel>
    <referencia><![CDATA[FQ_09_03_15]]></referencia>
    <idreg><![CDATA[1532]]></idreg>
    <motor><![CDATA[M1A]]></motor>
    <lang>es</lang>
  </plataforma>
  <enunciado><![CDATA[Relaciona cada una de las siguientes sustancias con el punto de fusión o ebullición correcto.]]></enunciado>
  <masinfo inicio="0"/>
  <sinaleatoriedad><![CDATA[0]]></sinaleatoriedad>
  <calc><![CDATA[0]]></calc>
  <textoatexto cantidad="6">
    <cuestion>
      <pregunta><![CDATA[Agua]]></pregunta>
      <respuesta><![CDATA[p{{sub}}f{{normal}} = 0 ºC]]></respuesta>
    </cuestion>
    <cuestion>
      <pregunta><![CDATA[Alcohol etílico]]></pregunta>
      <respuesta><![CDATA[p{{sub}}e{{normal}} = 78 ºC]]></respuesta>
    </cuestion>
    <cuestion>
      <pregunta><![CDATA[Cloruro de sodio]]></pregunta>
      <respuesta><![CDATA[p{{sub}}f{{normal}} = 801 ºC]]></respuesta>
    </cuestion>
    <cuestion>
      <pregunta><![CDATA[Oxígeno]]></pregunta>
      <respuesta><![CDATA[p{{sub}}e{{normal}} = -183 ºC]]></respuesta>
    </cuestion>
    <cuestion>
      <pregunta><![CDATA[Hierro]]></pregunta>
      <respuesta><![CDATA[p{{sub}}f{{normal}} = 1535 ºC]]></respuesta>
    </cuestion>
    <cuestion>
      <pregunta><![CDATA[Amoniaco]]></pregunta>
      <respuesta><![CDATA[p{{sub}}e{{normal}} = -33 ºC]]></respuesta>
    </cuestion>
  </textoatexto>
  <textofalso cantidad="0"/>
</motor>