﻿<?xml version="1.0" encoding="UTF-8"?>
<?xml-stylesheet href="cuadernoestudio/dtd/libro.xslt" type="text/xsl"?>
<!--Arbortext, Inc., 1988-2013, v.4002-->
<!DOCTYPE libro SYSTEM "cuadernoestudio/dtd/libro.dtd">
<?Pub Inc?>
<libro id="CN_11_13_CO">
<libroTitulo>Los derivados de ácidos carboxílicos y las funciones
nitrogenadas</libroTitulo>
<seccion1 id="S1_CN_11_13_CO_A3DF38BC3EB140C6918DCE8C4FCAF589">
<seccion1Titulo>Los ésteres</seccion1Titulo>
<seccion1Texto>
<p>Los <negrita>ésteres</negrita> son compuestos derivados de ácidos
carboxílicos cuya particularidad estructural está dada por la sustitución
del -OH del grupo carboxilo por un <negrita>grupo alcoxilo</negrita
> (-OR).</p><?Pub Caret 174?>
<formula alineacion="centrada" src="CN_11_13_CO_formula_01.gif">
</formula>
<destacado><destacadoTitulo>Los derivados de ácidos carboxílicos</destacadoTitulo>
<destacadoTexto>
<p>Los derivados de ácidos carboxílicos son compuestos que tienen
sustituido el grupo <negrita>-OH</negrita> del <negrita>grupo carboxilo</negrita
> (R-COOH) por otros átomos o grupos atómicos. Dentro de este grupo
se pueden distinguir los <negrita>ésteres</negrita> (RCOOR’), los <negrita
>anhídridos de ácido </negrita>(RCOOCOR), las <negrita>amidas</negrita
> (RCONH<subindice>2</subindice>) y los <negrita>haluros de ácido</negrita
> (RCOX).</p>
</destacadoTexto></destacado><profundiza>
<enlace
destino="/LoIdRedirect.aspx?LoId=CN_11_13_CO_Recurso010&amp;IdRecurso=RES-7E22FD858410463B8561EE92EC8A0E56"
>La función éster</enlace>
</profundiza><seccion2
id="S2_CN_11_13_CO_8A7E2128B1144A4FB4314C39E4FF653C">
<seccion2Titulo>La nomenclatura de los ésteres</seccion2Titulo>
<seccion2Texto>
<p>Para nombrar los ésteres hay que tener en cuenta que ellos son
producto de la unión de un <negrita>ácido</negrita> y un <negrita
>alcohol</negrita>; por tanto, hay que basarse en estos dos compuestos.
Similar a como se nombran una sal, se empieza a partir del compuesto
ácido, se elimina la palabra “ácido” y se cambia la terminación “-<negrita
>oico</negrita>” por “-<negrita>oato</negrita>”, seguido de la preposición
“de” y el nombre del alcano del que proviene el alcohol, sustituyendo
la terminación “-<negrita>ano</negrita>” por “-<negrita>ilo</negrita
>”.</p>
<imagen src="CN_11_13_CO_img_01_small.jpg">
<p>El compuesto es un derivado del ácido etanoico y del etanol; por
tanto, se cambia la terminación “-oico” del ácido por “-oato” (etanoato)
se añade la preposición “de” seguida del alcano correspondiente, del
cual deriva el alcohol (etano-etanol), cuya terminación “-ano” se
cambia por “-ilo” (etilo).</p>
</imagen>
<imagen src="CN_11_13_CO_img_02_small.jpg">
<p>El éster benzoato de etilo es un derivado del ácido benzoico y
del etanol.</p>
</imagen>
<p>En caso de que el éster presente ramificaciones, se debe tener
en cuenta:</p>
<listaSinNumerar>
<listaElemento>Para la parte que deriva del ácido: seleccionar la
cadena más larga que contenga el carbono carbonílico (C=O), el cual
ocupará la posición 1. </listaElemento>
<listaElemento>Para la parte que deriva del alcohol: identificar la
cadena más larga que incluya el carbono unido al oxígeno, el cual
debe tener la posición más baja posible.</listaElemento>
</listaSinNumerar>
<p> Las ramificaciones se relacionan en orden alfabético, considerando
la posición.</p>
<p>Por <negrita>ejemplo</negrita>:</p>
<formula alineacion="centrada" src="CN_11_13_CO_formula_02.gif">
</formula>
<destacado><destacadoTitulo>Sales de ácidos carboxílicos</destacadoTitulo>
<destacadoTexto>
<p>Las sales de los ácidos carboxílicos resultan de la reacción de
neutralización de un <negrita>ácido carboxílico</negrita> con una <negrita
>base</negrita>, como el hidróxido de sodio (NaOH) o el hidróxido
de potasio (KOH). La sal es el resultado de la unión del catión aportado
por la base y del anión aportado por el ácido carboxílico. Las sales
de ácidos carboxílicos se nombran igual que las sales inorgánicas:
cambiando la terminación “-<negrita>oico</negrita>” por “-<negrita
>oato</negrita>”, seguida de la preposición “de” y del catión. Por
ejemplo, etanoato de potasio, benzoato de sodio, etc.</p>
</destacadoTexto></destacado><practica>
<enlace
destino="/LoIdRedirect.aspx?LoId=CN_11_13_CO_Recurso020&amp;IdRecurso=RES-B95D88A92A39425CACA10E74BC4AF1BE"
>Practica la nomenclatura de los ésteres</enlace>
</practica></seccion2Texto></seccion2><seccion2
id="S2_CN_11_13_CO_7804FDCC9E0448EFAB8F6543FD2A6902">
<seccion2Titulo>Las propiedades físicas de los ésteres</seccion2Titulo>
<seccion2Texto>
<p>Los ésteres presentan una <negrita>baja polaridad</negrita>, razón
por la cual sus puntos de fusión y ebullición son también bajos, si
se les compara con compuestos que forman puentes de hidrógeno, como
los alcoholes y los ácidos carboxílicos.  </p>
<p>En los ésteres decrece la polaridad a medida que aumenta la cadena
carbonada, por lo cual son <negrita>insolubles en agua</negrita> y
solubles en disolventes orgánicos, y solo se presentan en estados
sólido y líquido. Las densidades de este tipo de compuestos son ligeramente
menores que la del agua.   </p>
<p>Los ésteres más volátiles tienen la característica de ser líquidos
con aromas frutales y florales, y por ello se utilizan en la fabricación
de <negrita>esencias</negrita>, perfumes y condimentos.</p>
<formula alineacion="centrada" src="CN_11_13_CO_formula_03.gif">
</formula>
</seccion2Texto></seccion2><seccion2
id="S2_CN_11_13_CO_1C12D513010C4F93BD477A6CC54C09C1">
<seccion2Titulo>Los usos y las aplicaciones de los ésteres</seccion2Titulo>
<seccion2Texto>
<p>Los alcoholes forman ésteres al unirse con ácidos grasos. Las <negrita
>ceras naturales</negrita> son mezclas de diversos ésteres, como el
palmitato de cetilo, el palmitato de miricilo y el cerotato de miricilo.
Los ácidos grasos que forman los ésteres en las ceras son saturados
y poseen entre 16 y 36 átomos de carbono. En las plantas, por ejemplo,
estas ceras forman una capa impermeable sobre las hojas que hace que
el agua resbale por ellas.</p>
<formula alineacion="centrada" src="CN_11_13_CO_formula_04.gif">
</formula>
<p>El palmitato de cetilo (<cursiva>cera espermaceti</cursiva>) se
utiliza en la elaboración de <negrita>cosméticos</negrita>, el palmitato
de miricilo (cera de abejas) se usa en la elaboración de betunes y <negrita
>velas</negrita> para oficios religiosos y el cerotato de miricilo
(cera carnauba) se implementa en la fabricación de cosméticos y de <negrita
>ceras</negrita> para pisos y autos.</p>
<p> Algunos ésteres se usan como aditivos en alimentos y cosméticos;
por ejemplo, el olor de la piña lo da el butanoato de etilo, el olor
del banano lo da el etanoato de 3-metilbutilo y el olor del ron lo
da el metanoato de metilo. En los últimos años la industria de <negrita
>saborizantes para alimentos</negrita> se fundamenta en la síntesis
de diversos ésteres.</p>
<imagen src="CN_11_13_CO_img_03_small.jpg">
<p>Los ésteres son compuestos de aromas agradables, muchos de ellos
presentes en los olores característicos de las frutas.</p>
</imagen>
<p>Los ésteres de baja masa molar se usan como <negrita>disolventes
industriales</negrita> y otros se utilizan en la fabricación de <negrita
>repelentes</negrita> para insectos. Para uso farmacéutico, por ejemplo,
se utilizan ésteres etílicos en la producción del ácido <negrita>omega
3</negrita>, formulado a personas que desean bajar de peso y disminuir
los triglicéridos en la sangre.</p>
<destacado><destacadoTitulo>Los triglicéridos</destacadoTitulo>
<destacadoTexto>
<p>Los <negrita>triglicéridos</negrita> se forman en el cuerpo por
la esterificación de ácidos grasos, que provienen de los alimentos,
aunque el cuerpo también los produce en menor proporción. Constituyen
una reserva energética en el organismo, pero cuando sus niveles se
incrementan son perjudiciales para la salud, al taponar vías arteriales
(riesgo cardiovascular), o pueden inflamar el páncreas de forma aguda
(pancreatitis).</p>
</destacadoTexto></destacado>
<imagen src="CN_11_13_CO_img_04_small.jpg">
<p>Los triglicéridos se incrementan con el consumo de grasa de origen
animal y vegetal. Se considera que un valor normal en la sangre debe
estar por debajo de 150 mg/dl.</p>
</imagen>
<practica>
<enlace
destino="/LoIdRedirect.aspx?LoId=CN_11_13_CO_Recurso040&amp;IdRecurso=RES-8D6FAEF5F00E4BD0ADECA1D2C2ABE02F"
>Aprende sobre las aplicaciones de los ésteres</enlace>
</practica></seccion2Texto></seccion2><seccion2
id="S2_CN_11_13_CO_8D3990D32BEA4367B2F111CED1D0782E">
<seccion2Titulo>Consolidación</seccion2Titulo>
<seccion2Texto>
<p>Actividades para consolidar lo que has aprendido en esta sección.</p>
<practica>
<enlace
destino="/LoIdRedirect.aspx?LoId=CN_11_13_CO_Recurso050&amp;IdRecurso=RES-A6D4EEE28D8C4F688100680C9EA398DD"
>Refuerza tu aprendizaje: Los ésteres</enlace>
</practica></seccion2Texto></seccion2></seccion1Texto></seccion1>
<seccion1 id="S1_CN_11_13_CO_E1D36D8E75944EA49F1EF40B70AD00B8">
<seccion1Titulo>Los anhídridos de ácido</seccion1Titulo>
<seccion1Texto>
<p>Los <negrita>anhídridos de ácido</negrita> resultan de la condensación
de dos moléculas de ácido carboxílico, con la correspondiente pérdida
de una molécula de agua (de ahí el nombre de anhídrido). Cuando las
moléculas condensadas de ácido son iguales, se forman anhídridos simétricos;
por el contrario, si las dos moléculas son diferentes, se forma un
anhídrido asimétrico o mixto.</p>
<formula alineacion="centrada" src="CN_11_13_CO_formula_05.gif">
</formula>
<recuerda><recuerdaTexto>
<p>En una reacción de condensación, dos moléculas se unen mediante
un enlace para formar un nuevo compuesto, reacción en la que se produce,
además, una molécula de agua. La condensación también puede ser intramolecular,
o sea, que en la misma molécula están presentes los dos grupos que
se unen.</p>
</recuerdaTexto></recuerda>
<imagen src="CN_11_13_CO_img_05_small.jpg">
<p>En la reacción de condensación de dos ácidos carboxílicos se forma
una molécula de anhídrido más una molécula de agua.</p>
</imagen>
<profundiza>
<enlace
destino="/LoIdRedirect.aspx?LoId=CN_11_13_CO_Recurso070&amp;IdRecurso=RES-85CD17F15BB146BCA5413BD9843C55B6"
>Los anhídridos carboxílicos </enlace>
</profundiza><seccion2
id="S2_CN_11_13_CO_36A36403F58440B1B67D70370487BEEB">
<seccion2Titulo>La nomenclatura de los anhídridos de ácido</seccion2Titulo>
<seccion2Texto>
<p>Cuando los anhídridos son <negrita>simétricos</negrita> (ácidos
iguales), se nombran cambiando la palabra “<negrita>ácido</negrita
>” por “<negrita>anhídrido</negrita>”.</p>
<p>Por <negrita>ejemplo</negrita>:</p>
<formula alineacion="centrada" src="CN_11_13_CO_formula_06.gif">
</formula>
<imagen ampliable="no" src="CN_11_13_CO_img_06_small.jpg">
<p>El anhídrido etanoico o acético es el anhídrido alifático de mayor
aplicación industrial.</p>
</imagen>
<destacado><destacadoTitulo>Anhídrido etanoico o acético</destacadoTitulo>
<destacadoTexto>
<p>El <negrita>anhídrido etanoico</negrita> se prepara a partir del
acetileno y el ácido etanoico, en presencia de óxido de mercurio,
como catalizador. Anualmente, se producen cerca de un millón de toneladas,
las cuales se utilizan en la preparación de <negrita>aspirina</negrita
> y de <negrita>rayón</negrita> (fibra textil).</p>
</destacadoTexto></destacado>
<p>Para anhídridos <negrita>asimétricos</negrita> (mixtos), se antepone
la palabra “<negrita>anhídrido</negrita>” en vez de “ácido” y se nombran
por orden alfabético los ácidos que lo conforman.</p>
<p>Por <negrita>ejemplo</negrita>:</p>
<formula alineacion="centrada" src="CN_11_13_CO_formula_07.gif">
</formula>
<p>Cuando hay condensación en la misma molécula (intramolecular),
como en los ácidos dicarboxílicos, se forman anhídridos cíclicos,
que se nombran, al igual que los simétricos y asimétricos, cambiando
la palabra “ácido” por “anhídrido” y terminando con el sufijo “-<negrita
>dioico</negrita>”.</p>
<formula alineacion="centrada" src="CN_11_13_CO_formula_08.gif">
</formula>
<practica>
<enlace
destino="/LoIdRedirect.aspx?LoId=CN_11_13_CO_Recurso060&amp;IdRecurso=RES-1475028DD0E64DD4BD7B81782A153642"
>Practica la nomenclatura de los anhídridos de ácido</enlace>
</practica></seccion2Texto></seccion2><seccion2
id="S2_CN_11_13_CO_76EAAE0BDC284DF3AC25AFF9B7CC1F70">
<seccion2Titulo>Las propiedades físicas de los anhídridos de ácido</seccion2Titulo>
<seccion2Texto>
<p>Los <negrita>anhídridos de ácido</negrita> presentan puntos de
ebullición comparables a los de las cetonas de masa molar similar.
Los dos primeros son solubles en agua. Sus moléculas, a diferencia
de los ácidos carboxílicos, no forman puentes de hidrógeno. Son insolubles
en agua fría, pero su solubilidad mejora un poco aumentando la temperatura
del agua.  </p>
<p>No son buenos disolventes, debido a su inestabilidad química, pero
se usan como medio o vehículo en reacciones de las que ellos hacen
parte. Presentan un olor irritante y picante, similar a los ácidos
carboxílicos. Los primeros miembros de la serie son líquidos (anhídridos
simétricos) y los que poseen de doce carbonos en adelante son sólidos.</p>
<formula alineacion="centrada" src="CN_11_13_CO_formula_09.gif">
</formula>
</seccion2Texto></seccion2><seccion2
id="S2_CN_11_13_CO_997031B0DC1E4F7FB7CC002DC91BEA6A">
<seccion2Titulo>Los usos y las aplicaciones de los anhídridos de ácido</seccion2Titulo>
<seccion2Texto>
<p> El anhídrido acético se usa como materia prima para la producción
de acetato de celulosa, compuesto usado en la fabricación de <negrita
>plásticos</negrita> y <negrita>fibras textiles sintéticas</negrita
>, en la síntesis de ácido acetilsalicílico (<negrita>aspirina</negrita
>) y en la preparación de <negrita>detergentes</negrita>.</p>
<imagen ampliable="no" src="CN_11_13_CO_img_07_small.jpg">
<p>La aspirina (ácido acetilsalicílico), uno de los fármacos más reconocidos,
se produce a partir del anhídrido acético.</p>
</imagen>
<p>El anhídrido maleico (derivado del ácido cis-butenodioico) se emplea
en la fabricación de poliéster, como aditivo en lubricantes y en la
síntesis de varios plaguicidas.</p>
<imagen src="CN_11_13_CO_img_08_small.jpg">
<p>El malation es un insecticida de amplio uso en agricultura y jardinería.
Se fabrica a partir del anhídrido maleico.</p>
</imagen>
<p>El anhídrido ftálico se usa como plastificante en la fabricación
del cloruro de vinilo y en las síntesis de ácido benzoico, colorantes,
esencias y perfumes. También se utiliza en la producción de resinas
para elaborar lacas y pinturas.</p>
</seccion2Texto></seccion2><seccion2
id="S2_CN_11_13_CO_997031B0DC1E4F7FB7CC112DC91BEA6A">
<seccion2Titulo>Consolidación</seccion2Titulo>
<seccion2Texto>
<p>Actividades para consolidar lo que has aprendido en esta sección. </p>
<practica>
<enlace
destino="/LoIdRedirect.aspx?LoId=CN_11_13_CO_Recurso080&amp;IdRecurso=RES-AAACD306C0B24D5FB9E0E45DE1234B0E"
>Refuerza tu aprendizaje: Los anhídridos de ácido</enlace>
</practica></seccion2Texto></seccion2></seccion1Texto></seccion1>
<seccion1 id="S1_CN_11_13_CO_DAE5366DC2474629BAD3B0195392E393">
<seccion1Titulo>Las amidas</seccion1Titulo>
<seccion1Texto>
<p>Las <negrita>amidas</negrita> son compuestos orgánicos derivados
de ácidos carboxílicos, producto de la sustitución del grupo hidroxilo
-OH por el grupo amino <negrita>-NH<subindice>2</subindice></negrita
>. En ocasiones, a las amidas se las considera derivados del amoniaco
(NH<subindice>3</subindice>), al sustituir un hidrógeno por un grupo
acilo.</p>
<formula alineacion="centrada" src="CN_11_13_CO_formula_10.gif">
</formula>
<profundiza>
<enlace
destino="/LoIdRedirect.aspx?LoId=CN_11_13_CO_Recurso120&amp;IdRecurso=RES-36F1F299647D4DC6852A8F1D25C1B558"
>La función amida</enlace>
</profundiza><seccion2
id="S2_CN_11_13_CO_1AFD48A4DB0F45ADA6A890EF0C836EEB">
<seccion2Titulo>Los tipos de amidas</seccion2Titulo>
<seccion2Texto>
<p>Las amidas se pueden clasificar en primarias, secundarias y terciarias,
de acuerdo con el número de sustituyentes que se unen al nitrógeno.</p>
<formula alineacion="centrada" src="CN_11_13_CO_formula_11.gif">
</formula>
</seccion2Texto></seccion2><seccion2
id="S2_CN_11_13_CO_5AC1B5BC9CDD42F6AA42711A5C71C5DC">
<seccion2Titulo>La nomenclatura de las amidas</seccion2Titulo>
<seccion2Texto>
<p>Las amidas se nombran como derivados de los ácidos carboxílicos,
cambiando la terminación “-oico” del ácido del que proviene por la
terminación “-<negrita>amida</negrita>”.</p>
<p>Por <negrita>ejemplo</negrita>:</p>
<formula alineacion="centrada" src="CN_11_13_CO_formula_12.gif">
</formula>
<p>Para amidas secundarias y terciarias, los sustituyentes se deben
nombrar anteponiendo la letra <negritacursiva>N</negritacursiva>-
por cada sustituyente, seguida de los nombres, en orden alfabético.
Cuando se repitan los sustituyentes, se utilizan los prefijos multiplicativos.</p>
<p>Por <negrita>ejemplo</negrita>:</p>
<formula alineacion="centrada" src="CN_11_13_CO_formula_13.gif">
</formula>
<p>Las amidas, tienen prioridad sobre grupos como cetonas, alcoholes,
aldehídos, aminas y nitrilos, por tanto, se nombran como sustituyentes.</p>
<p>Por <negrita>ejemplo</negrita>:</p>
<formula alineacion="centrada" src="CN_11_13_CO_formula_14.gif">
</formula>
<practica>
<enlace
destino="/LoIdRedirect.aspx?LoId=CN_11_13_CO_Recurso090&amp;IdRecurso=RES-D49F84AB1F134F6A94364BC3079A3290"
>Practica la nomenclatura de las amidas</enlace>
<enlace
destino="/LoIdRedirect.aspx?LoId=CN_11_13_CO_Recurso110&amp;IdRecurso=RES-43EF3812AAED485299ED9FAFD62CAEEF"
>Clasifica las amidas</enlace>
</practica></seccion2Texto></seccion2><seccion2
id="S2_CN_11_13_CO_16B1A77D34644051B5D3A62FB07D5FA0">
<seccion2Titulo>Las propiedades físicas de las amidas</seccion2Titulo>
<seccion2Texto>
<p>Las propiedades físicas de los derivados de los ácidos carboxílicos
se fundamentan en la estructura y configuración del <negrita>grupo
carboxilo</negrita>. En cuanto al parámetro de solubilidad, las amidas
más simples son solubles en agua, porque su polaridad es alta y por
la formación de <negrita>puentes de hidrógeno</negrita>. Además, presentan
puntos de fusión y de ebullición altos, esto se debe a la capacidad
que tienen las amidas de formar puentes de hidrógeno y presentar interacciones
tipo dipolo-dipolo, por la resonancia de los electrones. </p>
<formula alineacion="centrada" src="CN_11_13_CO_formula_15.gif">
</formula>
</seccion2Texto></seccion2><seccion2
id="S2_CN_11_13_CO_1637C3438C204BAFAF5D6CDAED9FBB3E">
<seccion2Titulo>Los usos y las aplicaciones de las amidas</seccion2Titulo>
<seccion2Texto>
<p>Algunos derivados nitrogenados de las amidas se usan como anestésicos;
por ejemplo, la <negrita>lidocaína</negrita> que se implementa como
anestésico local, especialmente en odontología.</p>
<imagen src="CN_11_13_CO_img_09_small.jpg">
<p>La lidocaína (amino-amida) está contraindicada para pacientes con
hipersensibilidad a anestésicos que contengan amidas.</p>
</imagen>
<p>La sulfanilamida (derivada del ácido <cursiva>p</cursiva>-aminobenzoico)
es un <negrita>antibiótico</negrita> de la familia de las sulfas que
frecuentemente se utiliza para tratar infecciones ocasionadas por
protozoos como el <cursiva>plasmodium</cursiva>.</p>
<destacado><destacadoTitulo>Los antibióticos</destacadoTitulo>
<destacadoTexto>
<p>Los antibióticos son medicamentos especializados para combatir
infecciones producidas por bacterias. Si no se hace completo el tratamiento
prescrito, las bacterias generan resistencia al antibiótico, como
mecanismo de defensa contra el medicamento.</p>
</destacadoTexto></destacado>
<p>La benzamida sirve como base en la síntesis de anilina, ácido benzoico
y <negrita>benzoato de sodio</negrita>, los cuales hacen parte de
la producción de otros compuestos.   La etanamida (acetamida) se usa
como plastificante y aditivo en la elaboración de papel. La <cursiva
>N,N</cursiva>-dimetilmetanamida se usa como disolvente en la fabricación
de <negrita>fibras acrílicas</negrita> y como vehículo en la fabricación
de <negrita>pesticidas</negrita> y <negrita>productos farmacéuticos</negrita
>.</p>
<imagen src="CN_11_13_CO_img_10_small.jpg">
<p>La acrilamida es una amida que se forma en los alimentos que se
cocinan a temperaturas mayores a 120 °C y puede causar cáncer.</p>
</imagen>
</seccion2Texto></seccion2><seccion2
id="S2_CN_11_13_CO_1637C3438C204BAFAF5D6CDAED1FBB4E">
<seccion2Titulo>Consolidación</seccion2Titulo>
<seccion2Texto>
<p>Actividades para consolidar lo que has aprendido en esta sección.</p>
<practica>
<enlace
destino="/LoIdRedirect.aspx?LoId=CN_11_13_CO_Recurso130&amp;IdRecurso=RES-B1B844C8855B46FDA9D15C970140D8F8"
>Refuerza tu aprendizaje: Las amidas</enlace>
</practica></seccion2Texto></seccion2></seccion1Texto></seccion1>
<seccion1 id="S1_CN_11_13_CO_78850D9D4E4240B9BE289B5DAE94EC49">
<seccion1Titulo>Los haluros de ácido</seccion1Titulo>
<seccion1Texto>
<p>Los <negrita>haluros de ácido</negrita> son compuestos derivados
de los ácidos carboxílicos en donde se sustituye el grupo hidroxilo
-OH por un halógeno, generalmente bromo y cloro (X = Br, Cl). </p>
<formula alineacion="centrada" src="CN_11_13_CO_formula_16.gif">
</formula>
<recuerda><recuerdaTexto>
<p>El carbono del grupo acilo presenta hibridación <negrita><cursiva
>sp</cursiva><superindice>2</superindice></negrita> y una geometría
trigonal plana con ángulos de enlace de 120°.</p>
</recuerdaTexto></recuerda><profundiza>
<enlace
destino="/LoIdRedirect.aspx?LoId=CN_11_13_CO_Recurso150&amp;IdRecurso=RES-00E9556F76714A848677CFF441AC988E"
>Las características de los haluros de ácido</enlace>
</profundiza><seccion2
id="S2_CN_11_13_CO_84EAD5D499C34700BEBB5225085FD355">
<seccion2Titulo>La nomenclatura de los haluros de ácido</seccion2Titulo>
<seccion2Texto>
<p>Los haluros de ácido se nombran anteponiendo el halógeno terminado
en “-<negrita>uro</negrita>”, seguido de la preposición “de” y reemplazando
la terminación “-oico” del ácido correspondiente por “-<negrita>oilo</negrita
>”.</p>
<p>Por <negrita>ejemplo</negrita>:</p>
<formula alineacion="centrada" src="CN_11_13_CO_formula_17.gif">
</formula>
<p>La cadena principal es la de mayor longitud de átomos de carbono
que contenga el grupo funcional y la prioridad en la numeración la
tiene el carbono que contenga el átomo del halógeno. Si existe algún
radical o grupo sustituyente, se numera teniendo en cuenta que al
carbono que contenga el halógeno se le asigna el número 1.</p>
<p>Por <negrita>ejemplo</negrita>:</p>
<formula alineacion="centrada" src="CN_11_13_CO_formula_18.gif">
</formula>
<p>Los haluros de ácido tienen prioridad en el nombre, frente a otros
grupos funcionales, como alcoholes, aldehídos, cetonas, nitrilos,
amidas y aminas, que deben nombrarse como sustituyentes.</p>
<p>Por <negrita>ejemplo</negrita>:</p>
<formula alineacion="centrada" src="CN_11_13_CO_formula_19.gif">
</formula>
<p>Solo los ácidos carboxílicos, los anhídridos y los ésteres tienen
prioridad sobre los haluros. En este caso, este grupo se nombra como
sustituyente como halocarbonil.</p>
<p>Por <negrita>ejemplo</negrita>:</p>
<formula alineacion="centrada" src="CN_11_13_CO_formula_20.gif">
</formula>
<practica>
<enlace
destino="/LoIdRedirect.aspx?LoId=CN_11_13_CO_Recurso140&amp;IdRecurso=RES-037EBEBE21A944F69D6896FCB00D008D"
>Identifica el nombre de los haluros de ácido</enlace>
</practica></seccion2Texto></seccion2><seccion2
id="S2_CN_11_13_CO_62D7F92DAA0C45E092EDB20B8C02696C">
<seccion2Titulo>Las propiedades físicas de los haluros de ácido</seccion2Titulo>
<seccion2Texto>
<p>Los haluros de ácido son compuestos incoloros y presentan puntos
de fusión y ebullición relativamente bajos, porque sus moléculas no
forman puentes de hidrógeno, aunque son un poco más altos que los
de alcanos de masa molar similar.  </p>
<p>Los haluros de ácido de hasta trece carbonos se encuentran en estado
líquido y de ahí en adelante son sólidos. Los primeros cuatro haluros
son solubles en agua y los de cinco y más carbonos generalmente son
insolubles en agua, pero solubles en disolventes orgánicos.</p>
<formula alineacion="centrada" src="CN_11_13_CO_formula_21.gif">
</formula>
</seccion2Texto></seccion2><seccion2
id="S2_CN_11_13_CO_65AFC773514641FB82FD8F0DEC1936E0">
<seccion2Titulo>Los usos y las aplicaciones de los haluros de ácido</seccion2Titulo>
<seccion2Texto>
<p>La gran mayoría de usos y aplicaciones de los haluros de ácido
están en la síntesis de otros compuestos. El cloruro de benzoilo se
usa en la síntesis de benzamidas, ácido benzoico y alcohol bencílico,
entre otros, y también se utiliza en la fabricación de <negrita>perfumes</negrita
> y en la síntesis del peróxido de benzoilo, componente de <negrita
>medicamentos tópicos</negrita> (cremas). </p>
<imagen src="CN_11_13_CO_img_11_small.jpg">
<p>El peróxido de benzoilo (derivado del cloruro de bezoilo) se implementa
en el tratamiento de acné leve y moderado.</p>
</imagen>
<p>El cloruro de etanoilo se usa en la fabricación de <negrita>insecticidas</negrita
>, como el Dicloro Difenil Tricloroetano, conocido como <negrita>DDT</negrita
>. </p>
<imagen src="CN_11_13_CO_img_12_small.jpg">
<p>El DDT es un insecticida fundamental para combatir el mosquito
que transmite la malaria.</p>
</imagen>
</seccion2Texto></seccion2><seccion2
id="S2_CN_11_13_CO_65AFC773514641FB82FD8F0DEC1947E0">
<seccion2Titulo>Consolidación</seccion2Titulo>
<seccion2Texto>
<p>Actividades para consolidar lo que has aprendido en esta sección.</p>
<practica>
<enlace
destino="/LoIdRedirect.aspx?LoId=CN_11_13_CO_Recurso160&amp;IdRecurso=RES-E9160B3912E74B9188A325D02662B9B3"
>Refuerza tu aprendizaje: Los haluros de ácido</enlace>
</practica></seccion2Texto></seccion2></seccion1Texto></seccion1>
<seccion1 id="S1_CN_11_13_CO_5926AA3F6EFF4BAA9F5BDB6F71B49EEC">
<seccion1Titulo>Las funciones nitrogenadas</seccion1Titulo>
<seccion1Texto>
<p>Las <negrita>funciones nitrogenadas</negrita> comprenden compuestos
orgánicos que se caracterizan por presentar en su estructura átomos
de nitrógeno. Dentro de este grupo de compuestos se encuentran las <negrita
>aminas</negrita> y los <negrita>nitrilos</negrita>.</p>
<profundiza>
<enlace
destino="/LoIdRedirect.aspx?LoId=CN_11_13_CO_Recurso210&amp;IdRecurso=RES-F20BD0391E8A41C7A73178E36E0036D2"
>Los compuestos nitrogenados </enlace>
</profundiza><seccion2
id="S2_CN_11_13_CO_492E028DDC5942A89D17778D3CDD5264">
<seccion2Titulo>Las aminas</seccion2Titulo>
<seccion2Texto>
<p>Las <negrita>aminas</negrita> son compuestos nitrogenados cuya
particularidad viene del enlace covalente entre el carbono y el nitrógeno.
Dado que el nitrógeno tiene un par de electrones disponibles para
reaccionar, se enlaza de forma covalente con el hidrógeno o grupos
alquilo. Las <negrita>aminas</negrita> juegan un papel primordial
en los sistemas bioquímicos y se encuentran en forma de <negrita>aminoácidos</negrita
>, <negrita>proteínas</negrita> y <negrita>vitaminas</negrita>. </p>
<formula alineacion="centrada" src="CN_11_13_CO_formula_22.gif">
</formula>
<seccion3 id="S3_CN_11_13_CO_DD44100823C7494B96087EC4E7A32B67">
<seccion3Titulo>Los tipos de aminas</seccion3Titulo>
<seccion3Texto>
<p>Las aminas se clasifican en tres tipos: con un carbono enlazado
a un nitrógeno es <negrita>primaria</negrita> (R-NH<subindice>2</subindice
>), con dos carbonos enlazados al nitrógeno es secundaria (R<subindice
>2</subindice>-NH) y con tres carbonos unidos al nitrógeno es <negrita
>terciaria</negrita> (R<subindice>3</subindice>-N). Los grupos enlazados
al nitrógeno pueden ser una combinación de <negrita>grupos alquilo</negrita
> o arilo.</p>
<formula alineacion="centrada" src="CN_11_13_CO_formula_23.gif">
</formula>
</seccion3Texto></seccion3><seccion3
id="S3_CN_11_13_CO_ACAE85D6C4464D1BB9454CFD8CCE9844">
<seccion3Titulo>La nomenclatura de las aminas</seccion3Titulo>
<seccion3Texto>
<p>Las aminas se nombran ubicando primero la cadena carbonada más
larga que contenga el carbono enlazado al grupo amino -NH<subindice
>2</subindice> y se remplaza la terminación “-o” del alcano correspondiente
por “-<negrita>amina</negrita>”. El carbono unido al nitrógeno debe
tener la numeración más baja posible. En caso de haber ramificaciones,
estas se deben relacionar en orden alfabético y la ubicación. </p>
<p>Por <negrita>ejemplo</negrita>:</p>
<formula alineacion="centrada" src="CN_11_13_CO_formula_24.gif">
</formula>
<p>Cuando las aminas son sustituidas (secundarias y terciarias), se
debe identificar el sustituyente con cadena más larga, el cual tendrá
la terminación “-amina”. Los otros sustituyentes se relacionan en
orden alfabético, anteponiendo la letra <negritacursiva>N</negritacursiva
>- a cada sustituyente. Cuando se repiten los sustituyentes, se utilizan
los prefijos multiplicativos.</p>
<p> Por <negrita>ejemplo</negrita>:</p>
<formula alineacion="centrada" src="CN_11_13_CO_formula_25.gif">
</formula>
<p>Cuando el grupo funcional no es el prioritario, este se nombra
como sustituyente con la palabra amino.</p>
<p> Por <negrita>ejemplo</negrita>:</p>
<formula alineacion="centrada" src="CN_11_13_CO_formula_26.gif">
</formula>
<practica>
<enlace
destino="/LoIdRedirect.aspx?LoId=CN_11_13_CO_Recurso170&amp;IdRecurso=RES-5137058DA830400D926995A7F1EED873"
>Practica la nomenclatura de las aminas</enlace>
</practica></seccion3Texto></seccion3><seccion3
id="S3_CN_11_13_CO_26D0161357B949678C12CC31136B033B">
<seccion3Titulo>Las propiedades físicas de las aminas</seccion3Titulo>
<seccion3Texto>
<p>El punto de ebullición de las aminas incrementa con el aumento
de la masa molar. En comparación con las primarias y secundarias,
las aminas terciarias presentan menores puntos de ebullición, porque
no pueden formar puentes de hidrógeno entre las mismas moléculas.
 </p>
<p>Las aminas con masa molar baja son solubles en agua, porque pueden
formar puentes de hidrógeno con ella. Las aminas primarias presentan
mayor solubilidad en agua, si se las compara con las secundarias,
debido a que presentan en su estructura dos hidrógenos que intervienen
en la formación de puentes de hidrógeno, mientras que las secundarias
solo presentan un hidrógeno. Las aminas terciarias son poco solubles
en agua, ya que no pueden establecer puentes de hidrógeno. </p>
<formula alineacion="centrada" src="CN_11_13_CO_formula_27.gif">
</formula>
</seccion3Texto></seccion3><seccion3
id="S3_CN_11_13_CO_AFB78051BE694BD8BA5D9E9DBDB9E1AE">
<seccion3Titulo>Los usos y las aplicaciones de las aminas</seccion3Titulo>
<seccion3Texto>
<p>Son muchas las aplicaciones industriales de las aminas. Por ejemplo,
las aromáticas, como la <negrita>anilina</negrita> (aminobenceno o
fenilamina), se usan en la fabricación de <negrita>colorantes</negrita
> o de <negrita>fibras sintéticas</negrita>.</p>
<imagen src="CN_11_13_CO_img_13_small.jpg">
<p>La anilina es la amina aromática más sencilla. Es muy tóxica en
contacto con la piel o al ingerirla.</p>
</imagen>
<p>El grupo amino forma parte de la estructura de los aminoácidos
y, por ende, de todas las proteínas.</p>
<imagen src="CN_11_13_CO_img_14_small.jpg">
<p>La arginina es un aminoácido esencial presente en productos de
mar, como pescado y mariscos. Participa en la síntesis de la hormona
del crecimiento.</p>
</imagen>
<recuerda><recuerdaTexto>
<p>Las <negrita>proteínas</negrita> son compuestos formados a partir
de aminoácidos. Estos se caracterizan por tener en su estructura un
grupo carboxilo (ácido) y un grupo amino. Las proteínas son muy importantes
para los seres vivos, pues hacen parte de la estructura celular y
son fundamentales para el <negrita>crecimiento</negrita> y la <negrita
>reparación de tejidos</negrita>. En animales superiores, funcionan
como <negrita>hormonas</negrita>, <negrita>anticuerpos</negrita> y <negrita
>enzimas</negrita> y representan cerca del 70% del peso seco del cuerpo.</p>
</recuerdaTexto></recuerda>
<p>Las aminas hacen parte de los <negrita>alcaloides</negrita>, como
la morfina, la nicotina, la cicutina (presente en la cicuta), la atropina
(en la raíz de la belladona), la cafeína (en los frutos del café),
la bufonina (en la piel de algunos sapos).</p>
<imagen src="CN_11_13_CO_img_15_small.jpg">
<p>La morfina, junto con otros alcaloides, como la papaverina y la
codeína, se extrae de la amapola (<cursiva>papaver somniferum</cursiva
>).</p>
</imagen>
<destacado><destacadoTitulo>Los alcaloides</destacadoTitulo>
<destacadoTexto>
<p>Los <negrita>alcaloides</negrita> son compuestos de origen orgánico,
generalmente vegetal, cuyas estructuras poseen grupos amino. En el
cuerpo, tienen efectos fuertes en el sistema nervioso central y algunos
de ellos se usan de forma <negrita>terapéutica</negrita> en el tratamiento
de diversas enfermedades. Desde hace muchos años, el uso y comercialización
de diversos alcaloides (cocaína, heroína) se ha convertido en un problema
social y político, debido a la fuerte <negrita>dependencia</negrita
> que generan en el cuerpo de quien los consume y a los ingresos ilegales
de quienes los comercializan.</p>
</destacadoTexto></destacado>
<p>La cadaverina (1,5-pentanodiamina) y la putrescina (1,4-butanodiamina)
son dos sustancias de olor desagradable que se producen cuando se
descompone la carne de los animales.</p>
<imagen src="CN_11_13_CO_img_16_small.jpg">
<p>Al degradarse las proteínas en los animales, forman putrescina
y cadaverina, dos diaminas que son responsables del olor característico
de la carne en descomposición.</p>
</imagen>
<profundiza>
<enlace
destino="/LoIdRedirect.aspx?LoId=CN_11_13_CO_Recurso190&amp;IdRecurso=RES-A6632EFAFE954696A89EB114B194B750"
>Los alcaloides</enlace>
</profundiza></seccion3Texto></seccion3></seccion2Texto></seccion2>
<seccion2 id="S2_CN_11_13_CO_376B0CBED1DE42B0876D9D45FF5A4C25">
<seccion2Titulo>Los nitrilos</seccion2Titulo>
<seccion2Texto>
<p>En los nitrilos, el átomo de carbono tiene una hibridación <negritacursiva
>sp</negritacursiva> y está unido al átomo de nitrógeno mediante un
enlace covalente <negrita>σ</negrita> (sigma) y dos enlaces <negrita
>π</negrita> (pi) producto del solapamiento de dos orbitales <negritacursiva
>p</negritacursiva> “puros”.</p>
<formula alineacion="centrada" src="CN_11_13_CO_formula_28.gif">
</formula>
<seccion3 id="S3_CN_11_13_CO_6ED873163F9D430B8B23B328AD81AF92">
<seccion3Titulo>La nomenclatura de los nitrilos</seccion3Titulo>
<seccion3Texto>
<p>Los nitrilos se nombran añadiendo la terminación “-<negrita>nitrilo</negrita
>” al nombre del alcano correspondiente.</p>
<p>Por <negrita>ejemplo</negrita>:</p>
<formula alineacion="centrada" src="CN_11_13_CO_formula_29.gif">
</formula>
<p>Cuando el grupo nitrilo se encuentra como sustituyente dentro de
la cadena principal, este se nombra con el prefijo “<negrita>ciano</negrita
>-”.</p>
<p>Por <negrita>ejemplo</negrita>:</p>
<formula alineacion="centrada" src="CN_11_13_CO_formula_30.gif">
</formula>
<practica>
<enlace
destino="/LoIdRedirect.aspx?LoId=CN_11_13_CO_Recurso200&amp;IdRecurso=RES-C5523A38A56A4549B89BCD72577F10A4"
>Practica la nomenclatura de los nitrilos</enlace>
</practica></seccion3Texto></seccion3><seccion3
id="S3_CN_11_13_CO_78654C758E2A4D87BF73CD6C2ACFA6A6">
<seccion3Titulo>Las propiedades físicas de los nitrilos</seccion3Titulo>
<seccion3Texto>
<p>El triple enlace carbono-nitrógeno es más polar que el triple enlace
carbono-carbono, razón por la cual los nitrilos, a pesar de no estar
asociados mediante puentes de hidrógeno, presentan puntos de ebullición
similares a los de alcoholes de masa semejante.  </p>
<p>Los <negrita>nitrilos</negrita> son menos solubles que las aminas.
Los dos primeros nitrilos de la serie homóloga (metanonitrilo y etanonitrilo)
son muy solubles en agua, y la solubilidad decrece hasta el butanonitrilo;
en adelante, son prácticamente insolubles en agua.   </p>
<p>En general, los nitrilos son <negrita>tóxicos</negrita>, pero el
metanonitrilo (HCN) merece especial atención por su alta toxicidad
de modo que una pequeña cantidad produce la muerte de una persona,
al combinarse con la hemoglobina e impedir el proceso de transporte
de oxígeno. El HCN tiene un olor característico a almendras amargas
y los demás nitrilos poseen un olor suave, que puede ser desagradable,
si están contaminados con isonitrilos. </p>
<formula alineacion="centrada" src="CN_11_13_CO_formula_31.gif">
</formula>
</seccion3Texto></seccion3><seccion3
id="S3_CN_11_13_CO_DCBA4AC3B4F04F6F9C06AADE5A29A363">
<seccion3Titulo>Los usos y las aplicaciones de los nitrilos</seccion3Titulo>
<seccion3Texto>
<p>Los nitrilos son el punto de partida en la síntesis de otros compuestos,
como alcoholes terciarios, amidas, ácidos carboxílicos, aminas y aldehídos.
 </p>
<p>Algunas plantas, como las pertenecientes a la familia <cursiva
>Brassicaceae</cursiva>, cuando son atacadas por insectos herbívoros,
secretan nitrilos como medio de protección dada su alta toxicidad.
En animales superiores, estos nitrilos, al ser ingeridos, ocasionan
daños severos en los riñones y en el hígado.</p>
<imagen src="CN_11_13_CO_img_17_small.jpg">
<p>La mostaza pertenece a la familia Brassicaceae. En estado silvestre,
puede contener altas cantidades de nitrilos.</p>
</imagen>
<p>Los nitrilos se usan en la elaboración de elastómeros (compuestos
elásticos) resistentes a los aceites y combustibles que se encuentran
a temperaturas de -40 °C a 108 °C. Estos compuestos reciben el nombre
de cauchos nitrilo.</p>
<imagen src="CN_11_13_CO_img_18_small.jpg">
<p>Los guantes de caucho nitrilo son más resistentes a las perforaciones
que los guantes de caucho.</p>
</imagen>
<p>El cianuro de hidrógeno (HCN) durante la Segunda Guerra Mundial
se usó como arma química con el nombre de cyclon B.</p>
<imagen src="CN_11_13_CO_img_19_small.jpg">
<p>El <cursiva>cyclon</cursiva> B fue un pesticida hecho con cianuro
de hidrógeno usado en la Alemania nazi durante el intento de exterminio
del pueblo judío.</p>
</imagen>
</seccion3Texto></seccion3></seccion2Texto></seccion2><seccion2
id="S2_CN_11_13_CO_376B0CBED1DE42B0876D9D45FF5A4C36">
<seccion2Titulo>Consolidación</seccion2Titulo>
<seccion2Texto>
<p>Actividades para consolidar lo que has aprendido en esta sección.</p>
<practica>
<enlace
destino="/LoIdRedirect.aspx?LoId=CN_11_13_CO_Recurso220&amp;IdRecurso=RES-3932FCB4EF464513ADEF7179FD8F7839"
>Refuerza tu aprendizaje: Las funciones nitrogenadas</enlace>
</practica></seccion2Texto></seccion2></seccion1Texto></seccion1>
<seccion1 id="S1_CN_11_13_CO_6E8680FEACA7483993413889763384D5">
<seccion1Titulo>Competencias</seccion1Titulo>
<seccion1Texto>
<p>Pon a prueba tus capacidades y aplica lo aprendido con estos recursos.</p>
<practica>
<enlace
destino="/LoIdRedirect.aspx?LoId=CN_11_13_CO_Recurso230&amp;IdRecurso=RES-14B4A5FD031140BFB8C86AEDA73FB40E"
>Competencias: Solubilidad e identificación de aminas</enlace>
<enlace
destino="/LoIdRedirect.aspx?LoId=CN_11_13_CO_Recurso240&amp;IdRecurso=RES-A64683CF6C554A83B0F2C920B92A8BCC"
>Competencias: síntesis de aspirina</enlace>
</practica></seccion1Texto></seccion1><masinformacion
id="MI_CN_11_13_CO_93B73B39E9C443339E751B584408920A"><mapaconceptual>
<enlace
destino="/LoIdRedirect.aspx?LoId=CN_11_13_CO_Recurso280&amp;IdRecurso=RES-7F21B16F3C6D4D7299118B64ECEA57A7"
>Mapa Conceptual</enlace></mapaconceptual><autoevaluate><enlace
destino="/LoIdRedirect.aspx?LoId=CN_11_13_CO_Recurso290&amp;IdRecurso=RES-CC1D015788B54250A69DF4F0B927846E"
>Evaluación</enlace></autoevaluate><enlacesreferencia>
<enlace
destino="http://ocwus.us.es/quimica-organica/quimica-organica-i/temas/1_estructura_y_enlace_en_los_compuestos_de_carbono/leccion2_con_images/pagina_21.htm"
>Los derivados de ácidos carboxílicos.</enlace>
<enlace
destino="http://centros.edu.xunta.es/iesasardineira/web_CS/qo/nomenclatura/nomenorgan/nitrogenados/nitrogenados.php"
>Los compuestos nitrogenados. </enlace>
</enlacesreferencia></masinformacion></libro>
