<?xml version='1.0' encoding='UTF-8'?><engine copy="Editorial Planeta" version="1" aprid="f13" title="Nubes de langostas en África" >
<section title="Presentación" path2a="cn_08_08_co_rec200_img01n.jpg" path2b="cn_08_08_co_rec200_img02n.jpg" path2aAmp="cn_08_08_co_rec200_img01a.jpg" path2bAmp="cn_08_08_co_rec200_img02a.jpg" image2aText="&lt;p&gt;Langosta&lt;/p&gt; " image2bText="&lt;p&gt;Nube de langostas sobre un cultivo&lt;/p&gt; " zoom1="true" zoom2a="true" zoom2b="true" layout="4" >
<![CDATA[<p>Las langostas son insectos herb&iacute;voros&nbsp;parecidos a los saltamontes. Son&nbsp;originarias de &Aacute;frica y Asia.&nbsp;</p>

<p>En ocasiones, a&nbsp;estos insectos&nbsp;se les puede observar solitarios,&nbsp;pero cuando forman enjambres se convierten en&nbsp;una plaga que&nbsp;acaba&nbsp;f&aacute;cilmente con miles de hect&aacute;reas&nbsp;de cultivos, ya que en menos de 1 km<sup>2</sup>&nbsp;puede haber entre 60 y 80 millones de langostas que&nbsp;se extienden&nbsp;hasta por 1200 km<sup>2</sup>.</p>

<p><strong>El objetivo de esta actividad es que identifiques las caracter&iacute;sticas de las poblaciones&nbsp;de langostas en &Aacute;frica&nbsp;y determines&nbsp;cu&aacute;l es su impacto en el ambiente.</strong></p>

<p>Antes de realizar la actividad, repasa los siguientes conceptos:</p>

<ul>
	<li>Densidad poblacional.</li>
	<li>Distribuci&oacute;n de la poblaci&oacute;n.</li>
	<li>Curvas de crecimiento.</li>
	<li>Estrategias de vida.</li>
	<li>Migraci&oacute;n.</li>
</ul>
]]></section>
<section title="Tarea" path="cn_08_08_co_rec200_img03n.jpg" pathAmp="cn_08_08_co_rec200_img03a.jpg" image1Text="" zoom1="true" zoom2a="false" zoom2b="false" layout="1" >
<![CDATA[<p>Para realizar esta tarea&nbsp;sigue los pasos del procedimiento.</p>

<p><strong>Procedimiento</strong></p>

<p>1.&deg; Consulta videos e informaci&oacute;n sobre las plagas de langostas en &Aacute;frica. Puedes ingresar a la p&aacute;gina de la&nbsp;<em>National Geographic</em> y buscar la langosta en las fichas de animales.</p>

<p>2.&deg; Ahora responde:</p>

<ul>
	<li>&iquest;Qu&eacute; tipo de distribuci&oacute;n presentan las langostas del desierto?&nbsp;</li>
	<li>&iquest;C&oacute;mo&nbsp;es su &nbsp;densidad de poblaci&oacute;n?</li>
	<li>&iquest;Qu&eacute;&nbsp;tipo de estrategia de vida tienen estos insectos?</li>
	<li>&iquest;Qu&eacute;&nbsp;tipo de curva de crecimiento presenta esta poblaci&oacute;n cuando se comporta como una plaga?</li>
	<li>Con las caracter&iacute;sticas que poseen estas poblaciones,&nbsp;&iquest;c&oacute;mo impactan los lugares por donde se desplazan?</li>
</ul>
]]></section>
</engine>