﻿<?xml version="1.0" encoding="utf-8"?><engine copy="Editorial Planeta" version="1" aprid="f8">
<main title="Factores que determinan el crecimiento poblacional" bkColor="#FFFFFF" titleColor="#000000" theme="black" buttonsWidth="220" buttonsHeight="42" trans="fade">
<default>
<img path="cn_08_08_co_rec80_img01.jpg" x="300" y="100" width="" height=""/>
</default><buttons>
<button title="Capacidad reproductiva">
<img path="cn_08_08_co_rec80_img02.jpg" x="" y="" width="" height="" anim=""/>
</button>
<button title="Disponibilidad de recursos">
<img path="cn_08_08_co_rec80_img03.jpg" x="" y="" width="" height="" anim=""/>
</button>
<button title="Competencia por el espacio">
<img path="cn_08_08_co_rec80_img04.jpg" x="" y="" width="" height="" anim=""/>
</button>
<button title="Enfermedades">
<img path="cn_08_08_co_rec80_img05.jpg" x="" y="" width="" height="" anim=""/>
</button>
<button title="Depredadores">
<img path="cn_08_08_co_rec80_img06.jpg" x="" y="" width="" height="" anim=""/>
</button>
<button title="Desastres naturales">
<img path="cn_08_08_co_rec80_img07.jpg" x="" y="" width="" height="" anim=""/>
</button>
</buttons>
</main>
<masinfo>
<pantalla1><![CDATA[<p><span style="font-size:18px"><span style="font-family:verdana,geneva,sans-serif">El <strong>crecimiento de las poblaciones</strong> naturales depende de factores biol&oacute;gicos y ambientales.</span></span></p>

<div>
<p><span style="font-size:18px"><span style="font-family:verdana,geneva,sans-serif">La<strong> capacidad reproductiva</strong>&nbsp;es una caracter&iacute;stica de los organismos que depende de&nbsp;la frecuencia en los ciclos reproductivos de cada&nbsp;especie&nbsp;y de las din&aacute;micas poblacionales.</span></span></p>

<p><span style="font-size:18px"><span style="font-family:verdana,geneva,sans-serif">La&nbsp;<strong>disponibilidad de recursos</strong>&nbsp;se determina seg&uacute;n el acceso que se tenga a al alimento, al agua o&nbsp;al territorio.</span></span></p>

<p><span style="font-size:18px"><span style="font-family:verdana,geneva,sans-serif">Por una parte, cuando una poblaci&oacute;n sufre escasez de alimentos:</span></span></p>

<ul>
	<li><span style="font-size:18px"><span style="font-family:verdana,geneva,sans-serif">Los individuos migran en busca del recurso.</span></span></li>
	<li><span style="font-size:18px"><span style="font-family:verdana,geneva,sans-serif">Algunos individuos mueren a causa del hambre.</span></span></li>
	<li><span style="font-size:18px"><span style="font-family:verdana,geneva,sans-serif">Los ciclos reproductivos se alteran.</span></span></li>
</ul>
</div>

<p><span style="font-family:verdana,geneva,sans-serif">Por otro lado, si no hay suficiente espacio en el h&aacute;bitat:</span></p>

<ul>
	<li><span style="font-family:verdana,geneva,sans-serif">Se aumenta la&nbsp;<strong>competencia</strong>&nbsp;por ocupar el espacio disponible.</span></li>
	<li><span style="font-family:verdana,geneva,sans-serif">Hay mayores probabilidades de transmisi&oacute;n de&nbsp;<strong>enfermedades</strong>.</span></li>
</ul>
]]></pantalla1>
<pantalla2><![CDATA[<p>La <strong>competencia por el espacio</strong>&nbsp;es una forma de interacci&oacute;n dentro de la poblaci&oacute;n, ligada a la disponibilidad de recursos y a la densidad poblacional.</p>

<p>Las <strong>enfermedades</strong>&nbsp;<span style="font-family:verdana,geneva,sans-serif">son un mecanismo de control poblacional,&nbsp;</span><span style="font-family:verdana,geneva,sans-serif">especialmente cuando,</span><span style="font-family:verdana,geneva,sans-serif">&nbsp;debido a altas tasas de natalidad, crece la poblaci&oacute;n y hay un aumento&nbsp;de la densidad en un espacio reducido.</span></p>

<p><span style="font-family:verdana,geneva,sans-serif"><span style="font-size:18px"><span style="font-family:verdana,geneva,sans-serif">Los&nbsp;<strong>depredadores&nbsp;</strong>tambi&eacute;n funcionan como mecanismo de control poblacional,&nbsp;ya que&nbsp;limitan el crecimiento&nbsp;de la poblaci&oacute;n, al alimentarse de los individuos m&aacute;s d&eacute;biles.&nbsp;</span></span></span></p>

<p><span style="font-family:verdana,geneva,sans-serif"><span style="font-size:18px"><span style="font-family:verdana,geneva,sans-serif"><span style="font-size:18px"><span style="font-family:verdana,geneva,sans-serif"><span style="font-size:18px"><span style="font-family:verdana,geneva,sans-serif">Los<strong>&nbsp;</strong><strong>desastres naturales</strong>, como los incendios, los deslizamientos, las inundaciones y las sequ&iacute;as, ejercen un control poblacional dr&aacute;stico, al reducir la poblaci&oacute;n&nbsp;determinados momentos.</span></span></span></span></span></span></span></p>
]]></pantalla2>
</masinfo>
</engine>