﻿<?xml version="1.0" encoding="utf-8"?><engine copy="Editorial Planeta" version="1" aprid="f8">
<main title="La dispersión de la especie humana por el planeta" bkColor="#FFFFFF" titleColor="#000000" theme="black" buttonsWidth="220" buttonsHeight="42" trans="fade">
<default>
<img path="cn_08_08_co_rec120_img01.jpg" x="300" y="100" width="" height=""/>
</default><buttons>
<button title="Hace 150 000 años">
<img path="cn_08_08_co_rec120_img02.jpg" x="" y="" width="" height="" anim=""/>
</button>
<button title="Hace 90 000 años">
<img path="cn_08_08_co_rec120_img03.jpg" x="" y="" width="" height="" anim=""/>
</button>
<button title="Hace 40 000 años">
<img path="cn_08_08_co_rec120_img04.jpg" x="" y="" width="" height="" anim=""/>
</button>
<button title="Hace 35 000 años">
<img path="cn_08_08_co_rec120_img05.jpg" x="" y="" width="" height="" anim=""/>
</button>
<button title="Hace 10 000 años">
<img path="cn_08_08_co_rec120_img06.jpg" x="" y="" width="" height="" anim=""/>
</button>
</buttons>
</main>
<masinfo>
<pantalla1><![CDATA[<p><span style="font-size:18px"><span style="font-family:verdana,geneva,sans-serif">El uso de distintas tecnolog&iacute;as para cazar y elaborar <strong>herramientas </strong>permiti&oacute;&nbsp;que la poblaci&oacute;n humana fuera creciendo en <strong>&Aacute;frica</strong>.</span></span></p>

<p><span style="font-size:18px"><span style="font-family:verdana,geneva,sans-serif">Debido a su naturaleza de cazador, el hombre&nbsp;depend&iacute;a&nbsp;de los animales para sobrevivir, no solo por el alimento, sino tambi&eacute;n por las pieles.</span></span></p>

<p><span style="font-size:18px"><span style="font-family:verdana,geneva,sans-serif">Las grandes <strong>migraciones de mam&iacute;feros</strong> forzaron a los hom&iacute;nidos a desplazarse.</span></span></p>

<p><span style="font-size:18px"><span style="font-family:verdana,geneva,sans-serif">La capacidad del humano para <strong>adaptarse </strong>y <strong>modificar </strong>su entorno, as&iacute; como el continuo mejoramiento de sus herramientas,&nbsp;le permitieron ocupar cualquier ambiente.</span></span></p>

<p><span style="font-size:18px"><span style="font-family:verdana,geneva,sans-serif">Las &eacute;pocas de glaciaci&oacute;n pusieron un l&iacute;mite en la expansi&oacute;n inicial de los hom&iacute;nidos desplaz&aacute;ndolos nuevamente hacia zonas m&aacute;s c&aacute;lidas en el tr&oacute;pico.&nbsp;</span></span></p>

<div>
<p><span style="font-size:18px"><span style="font-family:verdana,geneva,sans-serif">El descubrimiento de la <strong>agricultura </strong>permiti&oacute; al&nbsp;<em>Homo sapiens</em>&nbsp;cambiar su estilo de vida y dejar de ser n&oacute;mada.</span></span></p>
</div>

<p>&nbsp;</p>
]]></pantalla1>
</masinfo>
</engine>